service_level,total_cost,scri_viol,VaR95,TVaR95,method,seed,episode,s,S
0.018975332068311195,5077.0,6,1283.8,1302.0,"sS(s=0,S=10)",42,0,0.0,10.0
0.018201674554058973,5171.0,0,1356.8,1368.0,"sS(s=0,S=10)",42,1,0.0,10.0
0.017391304347826087,5512.0,4,1536.0,1585.0,"sS(s=0,S=10)",42,2,0.0,10.0
0.018511662347278787,5119.0,0,1401.6,1428.0,"sS(s=0,S=10)",42,3,0.0,10.0
0.019201228878648235,4935.0,2,1398.8,1438.0,"sS(s=0,S=10)",42,4,0.0,10.0
0.016644474034620507,5755.0,6,1405.6,1414.0,"sS(s=0,S=10)",42,5,0.0,10.0
0.019440124416796267,4911.0,4,1344.0,1360.0,"sS(s=0,S=10)",42,6,0.0,10.0
0.01812250815512867,5250.0,1,1324.4,1352.0,"sS(s=0,S=10)",42,7,0.0,10.0
0.018288222384784197,5250.0,5,1597.8,1634.0,"sS(s=0,S=10)",42,8,0.0,10.0
0.01697792869269949,5587.0,0,1477.2,1496.0,"sS(s=0,S=10)",42,9,0.0,10.0
0.017946877243359655,5284.0,5,1312.2,1338.0,"sS(s=0,S=10)",42,10,0.0,10.0
0.0186219739292365,5067.0,0,1476.8,1522.0,"sS(s=0,S=10)",42,11,0.0,10.0
0.017537706068046298,5359.0,0,1593.2,1624.0,"sS(s=0,S=10)",42,12,0.0,10.0
0.01815541031227306,5300.0,4,1372.8,1388.0,"sS(s=0,S=10)",42,13,0.0,10.0
0.0191131498470948,5019.0,6,1373.6,1388.0,"sS(s=0,S=10)",42,14,0.0,10.0
0.017806267806267807,5348.0,4,1506.8,1529.0,"sS(s=0,S=10)",42,15,0.0,10.0
0.01868460388639761,5144.0,6,1493.0,1510.0,"sS(s=0,S=10)",42,16,0.0,10.0
0.017605633802816902,5447.0,4,1510.0,1553.0,"sS(s=0,S=10)",42,17,0.0,10.0
0.017959770114942528,5330.0,3,1411.3999999999999,1445.0,"sS(s=0,S=10)",42,18,0.0,10.0
0.019157088122605363,4932.0,5,1316.8,1358.0,"sS(s=0,S=10)",42,19,0.0,10.0
0.01789549033643522,5340.0,3,1514.6,1546.0,"sS(s=0,S=10)",42,20,0.0,10.0
0.02116763400477979,5586.2,5,1538.0,1560.0,"sS(s=0,S=10)",42,21,0.0,10.0
0.01584786053882726,6062.0,3,1663.8,1714.0,"sS(s=0,S=10)",42,22,0.0,10.0
0.017580872011251757,5505.0,5,1474.4,1482.0,"sS(s=0,S=10)",42,23,0.0,10.0
0.017869907076483203,5303.0,2,1396.4,1424.0,"sS(s=0,S=10)",42,24,0.0,10.0
0.01751927119831815,5385.0,0,1467.2,1512.0,"sS(s=0,S=10)",42,25,0.0,10.0
0.01868460388639761,5194.0,8,1389.6,1406.0,"sS(s=0,S=10)",42,26,0.0,10.0
0.016377333770062234,5913.0,7,1730.8,1754.0,"sS(s=0,S=10)",42,27,0.0,10.0
0.019425019425019424,4825.0,0,1409.6,1480.0,"sS(s=0,S=10)",42,28,0.0,10.0
0.018109380659181457,5159.0,0,1639.1999999999998,1778.0,"sS(s=0,S=10)",42,29,0.0,10.0
0.01781895937277263,5289.0,0,1360.8,1376.0,"sS(s=0,S=10)",42,30,0.0,10.0
0.016943409013893594,5619.0,0,1475.6,1498.0,"sS(s=0,S=10)",42,31,0.0,10.0
0.024572649572649572,5315.7,0,1338.4,1344.0,"sS(s=0,S=10)",42,32,0.0,10.0
0.01839587932303164,5155.9,2,1431.6,1456.0,"sS(s=0,S=10)",42,33,0.0,10.0
0.019592777564348827,5008.1,6,1514.0,1624.0,"sS(s=0,S=10)",42,34,0.0,10.0
0.019402405898331393,4851.0,0,1271.2,1300.0,"sS(s=0,S=10)",42,35,0.0,10.0
0.01701258931609391,5590.0,3,1491.6,1513.0,"sS(s=0,S=10)",42,36,0.0,10.0
0.017946877243359655,5329.0,5,1475.0,1479.0,"sS(s=0,S=10)",42,37,0.0,10.0
0.017397355601948505,5445.0,0,1602.8,1674.0,"sS(s=0,S=10)",42,38,0.0,10.0
0.020374898125509373,4690.0,4,1375.6,1392.0,"sS(s=0,S=10)",42,39,0.0,10.0
0.019171779141104295,4993.0,4,1418.8,1422.0,"sS(s=0,S=10)",42,40,0.0,10.0
0.017761989342806393,5307.0,0,1332.4,1348.0,"sS(s=0,S=10)",42,41,0.0,10.0
0.01701258931609391,5635.0,3,1644.0,1712.0,"sS(s=0,S=10)",42,42,0.0,10.0
0.02031694433157253,4694.0,2,1116.2,1122.0,"sS(s=0,S=10)",42,43,0.0,10.0
0.017513134851138354,5387.0,0,1336.0,1340.0,"sS(s=0,S=10)",42,44,0.0,10.0
0.018975332068311195,4967.0,0,1296.8,1314.0,"sS(s=0,S=10)",42,45,0.0,10.0
0.01656726308813784,5733.0,0,1674.8,1756.0,"sS(s=0,S=10)",42,46,0.0,10.0
0.01768033946251768,5438.0,2,1484.6,1502.0,"sS(s=0,S=10)",42,47,0.0,10.0
0.0196078431372549,4757.0,0,1189.6,1190.0,"sS(s=0,S=10)",42,48,0.0,10.0
0.017998560115190784,5488.0,12,1453.4,1457.0,"sS(s=0,S=10)",42,49,0.0,10.0
0.018975332068311195,4972.0,6,1250.8,1267.0,"sS(s=0,S=15)",42,0,0.0,15.0
0.018201674554058973,5056.0,0,1319.8,1333.0,"sS(s=0,S=15)",42,1,0.0,15.0
0.017391304347826087,5387.0,2,1517.0,1570.0,"sS(s=0,S=15)",42,2,0.0,15.0
0.018511662347278787,5024.0,0,1374.6,1403.0,"sS(s=0,S=15)",42,3,0.0,15.0
0.019201228878648235,4820.0,2,1365.8,1403.0,"sS(s=0,S=15)",42,4,0.0,15.0
0.016644474034620507,5620.0,5,1368.6,1379.0,"sS(s=0,S=15)",42,5,0.0,15.0
0.019440124416796267,4786.0,2,1307.0,1325.0,"sS(s=0,S=15)",42,6,0.0,15.0
0.01812250815512867,5155.0,1,1297.3999999999999,1327.0,"sS(s=0,S=15)",42,7,0.0,15.0
0.018288222384784197,5125.0,3,1554.8,1589.0,"sS(s=0,S=15)",42,8,0.0,15.0
0.01697792869269949,5482.0,0,1428.2,1441.0,"sS(s=0,S=15)",42,9,0.0,15.0
0.017946877243359655,5149.0,5,1276.2,1293.0,"sS(s=0,S=15)",42,10,0.0,15.0
0.0186219739292365,4962.0,0,1443.8,1487.0,"sS(s=0,S=15)",42,11,0.0,15.0
0.017537706068046298,5234.0,0,1572.2,1609.0,"sS(s=0,S=15)",42,12,0.0,15.0
0.01815541031227306,5195.0,3,1347.8,1363.0,"sS(s=0,S=15)",42,13,0.0,15.0
0.0191131498470948,4914.0,6,1334.6,1343.0,"sS(s=0,S=15)",42,14,0.0,15.0
0.017806267806267807,5223.0,4,1459.8,1474.0,"sS(s=0,S=15)",42,15,0.0,15.0
0.01868460388639761,4969.0,0,1446.0,1465.0,"sS(s=0,S=15)",42,16,0.0,15.0
0.017605633802816902,5332.0,3,1457.0,1498.0,"sS(s=0,S=15)",42,17,0.0,15.0
0.017959770114942528,5225.0,3,1390.3999999999999,1430.0,"sS(s=0,S=15)",42,18,0.0,15.0
0.019157088122605363,4797.0,5,1281.8,1323.0,"sS(s=0,S=15)",42,19,0.0,15.0
0.01789549033643522,5215.0,1,1489.6,1531.0,"sS(s=0,S=15)",42,20,0.0,15.0
0.026971662683509732,5472.9,5,1508.14,1525.0,"sS(s=0,S=15)",42,21,0.0,15.0
0.01584786053882726,5937.0,1,1642.8,1699.0,"sS(s=0,S=15)",42,22,0.0,15.0
0.017580872011251757,5400.0,3,1437.4,1447.0,"sS(s=0,S=15)",42,23,0.0,15.0
0.017869907076483203,5178.0,1,1351.4,1379.0,"sS(s=0,S=15)",42,24,0.0,15.0
0.01751927119831815,5270.0,0,1433.0,1477.0,"sS(s=0,S=15)",42,25,0.0,15.0
0.01868460388639761,5089.0,8,1354.6,1371.0,"sS(s=0,S=15)",42,26,0.0,15.0
0.016377333770062234,5788.0,6,1681.8,1699.0,"sS(s=0,S=15)",42,27,0.0,15.0
0.019425019425019424,4710.0,0,1366.6,1435.0,"sS(s=0,S=15)",42,28,0.0,15.0
0.018109380659181457,5024.0,0,1612.1999999999998,1753.0,"sS(s=0,S=15)",42,29,0.0,15.0
0.01781895937277263,5174.0,0,1325.8,1341.0,"sS(s=0,S=15)",42,30,0.0,15.0
0.016943409013893594,5524.0,0,1456.6,1483.0,"sS(s=0,S=15)",42,31,0.0,15.0
0.028133903133903133,5212.2,0,1295.4,1299.0,"sS(s=0,S=15)",42,32,0.0,15.0
0.018763796909492272,5051.0,2,1403.02,1431.0,"sS(s=0,S=15)",42,33,0.0,15.0
0.024971187091817133,4924.5,6,1484.0,1589.0,"sS(s=0,S=15)",42,34,0.0,15.0
0.019402405898331393,4746.0,0,1244.2,1275.0,"sS(s=0,S=15)",42,35,0.0,15.0
0.01701258931609391,5455.0,2,1456.6,1478.0,"sS(s=0,S=15)",42,36,0.0,15.0
0.017946877243359655,5204.0,4,1444.0,1454.0,"sS(s=0,S=15)",42,37,0.0,15.0
0.017397355601948505,5340.0,0,1559.8,1629.0,"sS(s=0,S=15)",42,38,0.0,15.0
0.020374898125509373,4585.0,3,1324.6,1337.0,"sS(s=0,S=15)",42,39,0.0,15.0
0.019171779141104295,4868.0,2,1377.8,1387.0,"sS(s=0,S=15)",42,40,0.0,15.0
0.017761989342806393,5192.0,0,1311.4,1333.0,"sS(s=0,S=15)",42,41,0.0,15.0
0.01701258931609391,5520.0,2,1593.0,1657.0,"sS(s=0,S=15)",42,42,0.0,15.0
0.02031694433157253,4589.0,1,1067.8,1068.0,"sS(s=0,S=15)",42,43,0.0,15.0
0.017513134851138354,5272.0,0,1307.0,1315.0,"sS(s=0,S=15)",42,44,0.0,15.0
0.018975332068311195,4862.0,0,1259.8,1279.0,"sS(s=0,S=15)",42,45,0.0,15.0
0.01656726308813784,5628.0,0,1653.8,1741.0,"sS(s=0,S=15)",42,46,0.0,15.0
0.01768033946251768,5343.0,1,1457.6,1477.0,"sS(s=0,S=15)",42,47,0.0,15.0
0.0196078431372549,4632.0,0,1144.6,1145.0,"sS(s=0,S=15)",42,48,0.0,15.0
0.017998560115190784,5353.0,9,1403.6,1404.0,"sS(s=0,S=15)",42,49,0.0,15.0
0.018975332068311195,4867.0,6,1217.8,1232.0,"sS(s=0,S=20)",42,0,0.0,20.0
0.018201674554058973,4941.0,0,1282.8,1298.0,"sS(s=0,S=20)",42,1,0.0,20.0
0.017391304347826087,5282.0,2,1498.0,1555.0,"sS(s=0,S=20)",42,2,0.0,20.0
0.018511662347278787,4929.0,0,1347.6,1378.0,"sS(s=0,S=20)",42,3,0.0,20.0
0.019201228878648235,4705.0,2,1332.8,1368.0,"sS(s=0,S=20)",42,4,0.0,20.0
0.016977363515312916,5515.1,5,1326.08,1334.1,"sS(s=0,S=20)",42,5,0.0,20.0
0.02177293934681182,4661.6,2,1270.0,1290.0,"sS(s=0,S=20)",42,6,0.0,20.0
0.01812250815512867,5060.0,1,1270.3999999999999,1302.0,"sS(s=0,S=20)",42,7,0.0,20.0
0.018288222384784197,5020.0,3,1515.8,1544.0,"sS(s=0,S=20)",42,8,0.0,20.0
0.01697792869269949,5377.0,0,1379.2,1386.0,"sS(s=0,S=20)",42,9,0.0,20.0
0.020459440057430008,5024.7,4,1240.2,1248.0,"sS(s=0,S=20)",42,10,0.0,20.0
0.0186219739292365,4857.0,0,1410.8,1452.0,"sS(s=0,S=20)",42,11,0.0,20.0
0.017537706068046298,5109.0,0,1551.2,1594.0,"sS(s=0,S=20)",42,12,0.0,20.0
0.01924473493100944,5080.3,3,1318.86,1338.0,"sS(s=0,S=20)",42,13,0.0,20.0
0.0191131498470948,4809.0,6,1287.6,1298.0,"sS(s=0,S=20)",42,14,0.0,20.0
0.017806267806267807,5088.0,3,1404.8,1409.0,"sS(s=0,S=20)",42,15,0.0,20.0
0.01868460388639761,4854.0,0,1419.0,1440.0,"sS(s=0,S=20)",42,16,0.0,20.0
0.017605633802816902,5227.0,3,1412.0,1453.0,"sS(s=0,S=20)",42,17,0.0,20.0
0.017959770114942528,5120.0,3,1369.3999999999999,1415.0,"sS(s=0,S=20)",42,18,0.0,20.0
0.021839080459770115,4662.7,3,1246.8,1288.0,"sS(s=0,S=20)",42,19,0.0,20.0
0.01789549033643522,5110.0,1,1468.6,1516.0,"sS(s=0,S=20)",42,20,0.0,20.0
0.035506998975759645,5350.4,5,1476.44,1490.0,"sS(s=0,S=20)",42,21,0.0,20.0
0.01584786053882726,5832.0,1,1623.8,1684.0,"sS(s=0,S=20)",42,22,0.0,20.0
0.02250351617440225,5346.4,2,1431.44,1448.0,"sS(s=0,S=20)",42,23,0.0,20.0
0.017869907076483203,5063.0,1,1306.4,1334.0,"sS(s=0,S=20)",42,24,0.0,20.0
0.01751927119831815,5155.0,0,1400.0,1442.0,"sS(s=0,S=20)",42,25,0.0,20.0
0.01868460388639761,4984.0,8,1319.6,1336.0,"sS(s=0,S=20)",42,26,0.0,20.0
0.02030789387487717,5674.2,4,1640.8,1644.0,"sS(s=0,S=20)",42,27,0.0,20.0
0.019425019425019424,4595.0,0,1323.6,1390.0,"sS(s=0,S=20)",42,28,0.0,20.0
0.018109380659181457,4889.0,0,1585.1999999999998,1728.0,"sS(s=0,S=20)",42,29,0.0,20.0
0.01781895937277263,5059.0,0,1290.8,1306.0,"sS(s=0,S=20)",42,30,0.0,20.0
0.016943409013893594,5429.0,0,1437.6,1468.0,"sS(s=0,S=20)",42,31,0.0,20.0
0.0316951566951567,5108.7,0,1252.4,1254.0,"sS(s=0,S=20)",42,32,0.0,20.0
0.02612214863870493,4938.0,2,1382.42,1406.0,"sS(s=0,S=20)",42,33,0.0,20.0
0.024971187091817133,4829.5,6,1454.0,1554.0,"sS(s=0,S=20)",42,34,0.0,20.0
0.019402405898331393,4641.0,0,1217.2,1250.0,"sS(s=0,S=20)",42,35,0.0,20.0
0.01701258931609391,5330.0,2,1429.6,1453.0,"sS(s=0,S=20)",42,36,0.0,20.0
0.02512562814070352,5101.0,3,1409.4,1429.0,"sS(s=0,S=20)",42,37,0.0,20.0
0.017397355601948505,5235.0,0,1516.8,1584.0,"sS(s=0,S=20)",42,38,0.0,20.0
0.027709861450692746,4491.8,3,1298.8799999999999,1313.6,"sS(s=0,S=20)",42,39,0.0,20.0
0.019938650306748466,4783.2,2,1340.8,1352.0,"sS(s=0,S=20)",42,40,0.0,20.0
0.017761989342806393,5077.0,0,1290.4,1318.0,"sS(s=0,S=20)",42,41,0.0,20.0
0.01701258931609391,5415.0,2,1550.0,1612.0,"sS(s=0,S=20)",42,42,0.0,20.0
0.021942299878098336,4514.4,1,1063.72,1066.4,"sS(s=0,S=20)",42,43,0.0,20.0
0.017513134851138354,5157.0,0,1278.0,1290.0,"sS(s=0,S=20)",42,44,0.0,20.0
0.018975332068311195,4757.0,0,1222.8,1244.0,"sS(s=0,S=20)",42,45,0.0,20.0
0.01656726308813784,5523.0,0,1632.8,1726.0,"sS(s=0,S=20)",42,46,0.0,20.0
0.01768033946251768,5258.0,1,1432.6,1452.0,"sS(s=0,S=20)",42,47,0.0,20.0
0.027058823529411764,4548.9,0,1126.6399999999999,1137.8,"sS(s=0,S=20)",42,48,0.0,20.0
0.017998560115190784,5248.0,9,1374.6,1379.0,"sS(s=0,S=20)",42,49,0.0,20.0
0.020113851992409868,4787.3,6,1189.86,1197.0,"sS(s=0,S=25)",42,0,0.0,25.0
0.02074990899162723,4851.7,0,1255.8,1263.0,"sS(s=0,S=25)",42,1,0.0,25.0
0.017391304347826087,5177.0,2,1479.0,1540.0,"sS(s=0,S=25)",42,2,0.0,25.0
0.018511662347278787,4834.0,0,1320.6,1353.0,"sS(s=0,S=25)",42,3,0.0,25.0
0.020353302611367127,4615.3,2,1299.8,1333.0,"sS(s=0,S=25)",42,4,0.0,25.0
0.02529960053262317,5397.6,5,1301.08,1306.6,"sS(s=0,S=25)",42,5,0.0,25.0
0.029937791601866253,4578.7,2,1238.22,1255.0,"sS(s=0,S=25)",42,6,0.0,25.0
0.01812250815512867,4965.0,1,1243.3999999999999,1277.0,"sS(s=0,S=25)",42,7,0.0,25.0
0.018288222384784197,4915.0,3,1476.8,1499.0,"sS(s=0,S=25)",42,8,0.0,25.0
0.019015280135823428,5297.6,0,1330.2,1331.0,"sS(s=0,S=25)",42,9,0.0,25.0
0.02763819095477387,4896.7,4,1207.8,1209.0,"sS(s=0,S=25)",42,10,0.0,25.0
0.0186219739292365,4752.0,0,1377.8,1417.0,"sS(s=0,S=25)",42,11,0.0,25.0
0.02279901788846019,5035.5,0,1574.2,1634.0,"sS(s=0,S=25)",42,12,0.0,25.0
0.021060275962236745,4980.8,3,1292.96,1313.0,"sS(s=0,S=25)",42,13,0.0,25.0
0.02217125382262997,4729.8,6,1260.04,1269.8,"sS(s=0,S=25)",42,14,0.0,25.0
0.017806267806267807,4963.0,3,1369.2,1373.0,"sS(s=0,S=25)",42,15,0.0,25.0
0.020179372197309416,4764.4,0,1432.0,1465.0,"sS(s=0,S=25)",42,16,0.0,25.0
0.017605633802816902,5122.0,3,1367.0,1408.0,"sS(s=0,S=25)",42,17,0.0,25.0
0.017959770114942528,5015.0,3,1348.3999999999999,1400.0,"sS(s=0,S=25)",42,18,0.0,25.0
0.027586206896551724,4534.2,3,1211.8,1253.0,"sS(s=0,S=25)",42,19,0.0,25.0
0.01789549033643522,5005.0,1,1447.6,1501.0,"sS(s=0,S=25)",42,20,0.0,25.0
0.04404233526800956,5227.9,5,1444.74,1455.0,"sS(s=0,S=25)",42,21,0.0,25.0
0.01584786053882726,5727.0,1,1604.8,1669.0,"sS(s=0,S=25)",42,22,0.0,25.0
0.03481012658227848,5274.9,2,1391.84,1408.0,"sS(s=0,S=25)",42,23,0.0,25.0
0.02108649035025018,4973.9,1,1271.4,1289.0,"sS(s=0,S=25)",42,24,0.0,25.0
0.020322354590049056,5065.8,0,1367.36,1407.0,"sS(s=0,S=25)",42,25,0.0,25.0
0.01868460388639761,4879.0,8,1284.6,1301.0,"sS(s=0,S=25)",42,26,0.0,25.0
0.026858827382902063,5566.2,4,1610.2,1613.0,"sS(s=0,S=25)",42,27,0.0,25.0
0.019425019425019424,4480.0,0,1280.6,1345.0,"sS(s=0,S=25)",42,28,0.0,25.0
0.018109380659181457,4754.0,0,1558.1999999999998,1703.0,"sS(s=0,S=25)",42,29,0.0,25.0
0.01781895937277263,4944.0,0,1255.8,1271.0,"sS(s=0,S=25)",42,30,0.0,25.0
0.016943409013893594,5334.0,0,1418.6,1453.0,"sS(s=0,S=25)",42,31,0.0,25.0
0.03774928774928775,5030.9,0,1205.74,1211.0,"sS(s=0,S=25)",42,32,0.0,25.0
0.03348050036791759,4825.0,2,1361.82,1381.0,"sS(s=0,S=25)",42,33,0.0,25.0
0.03073376872839032,4726.0,5,1424.0,1519.0,"sS(s=0,S=25)",42,34,0.0,25.0
0.020954598370197905,4561.4,0,1210.52,1250.4,"sS(s=0,S=25)",42,35,0.0,25.0
0.01701258931609391,5205.0,2,1402.6,1428.0,"sS(s=0,S=25)",42,36,0.0,25.0
0.03409906676238335,4993.5,3,1379.9,1404.0,"sS(s=0,S=25)",42,37,0.0,25.0
0.017397355601948505,5130.0,0,1473.8,1539.0,"sS(s=0,S=25)",42,38,0.0,25.0
0.03993480032599837,4389.8,2,1253.8799999999999,1266.1,"sS(s=0,S=25)",42,39,0.0,25.0
0.021855828220858894,4683.7,2,1303.8,1317.0,"sS(s=0,S=25)",42,40,0.0,25.0
0.020959147424511545,5012.9,0,1259.48,1278.1,"sS(s=0,S=25)",42,41,0.0,25.0
0.020074855392990813,5335.9,2,1507.0,1567.0,"sS(s=0,S=25)",42,42,0.0,25.0
0.023973994311255586,4424.9,1,1065.1200000000001,1071.9,"sS(s=0,S=25)",42,43,0.0,25.0
0.017513134851138354,5042.0,0,1250.2,1265.0,"sS(s=0,S=25)",42,44,0.0,25.0
0.018975332068311195,4652.0,0,1185.8,1209.0,"sS(s=0,S=25)",42,45,0.0,25.0
0.01656726308813784,5418.0,0,1611.8,1711.0,"sS(s=0,S=25)",42,46,0.0,25.0
0.01768033946251768,5173.0,1,1407.6,1427.0,"sS(s=0,S=25)",42,47,0.0,25.0
0.03882352941176471,4436.9,0,1108.24,1134.8,"sS(s=0,S=25)",42,48,0.0,25.0
0.017998560115190784,5143.0,9,1345.6,1354.0,"sS(s=0,S=25)",42,49,0.0,25.0
0.027703984819734344,4689.3,6,1158.26,1162.0,"sS(s=0,S=30)",42,0,0.0,30.0
0.024390243902439025,4742.7,0,1220.8,1228.0,"sS(s=0,S=30)",42,1,0.0,30.0
0.017391304347826087,5072.0,2,1460.0,1525.0,"sS(s=0,S=30)",42,2,0.0,30.0
0.018511662347278787,4739.0,0,1293.6,1328.0,"sS(s=0,S=30)",42,3,0.0,30.0
0.026113671274961597,4506.8,2,1266.8,1298.0,"sS(s=0,S=30)",42,4,0.0,30.0
0.03362183754993342,5270.1,4,1268.08,1269.1,"sS(s=0,S=30)",42,5,0.0,30.0
0.045489891135303266,4477.7,2,1244.7,1280.0,"sS(s=0,S=30)",42,6,0.0,30.0
0.01812250815512867,4870.0,1,1216.3999999999999,1252.0,"sS(s=0,S=30)",42,7,0.0,30.0
0.020848573518653987,4870.7,3,1442.2,1454.0,"sS(s=0,S=30)",42,8,0.0,30.0
0.024108658743633278,5199.1,0,1296.8,1302.0,"sS(s=0,S=30)",42,9,0.0,30.0
0.035175879396984924,4798.8,4,1198.8,1209.0,"sS(s=0,S=30)",42,10,0.0,30.0
0.0186219739292365,4647.0,0,1344.8,1382.0,"sS(s=0,S=30)",42,11,0.0,30.0
0.03858295334970186,4925.0,0,1517.2,1574.0,"sS(s=0,S=30)",42,12,0.0,30.0
0.02287581699346405,4881.3,3,1267.06,1288.0,"sS(s=0,S=30)",42,13,0.0,30.0
0.02790519877675841,4631.3,6,1236.6399999999999,1256.3,"sS(s=0,S=30)",42,14,0.0,30.0
0.017806267806267807,4838.0,3,1346.2,1358.0,"sS(s=0,S=30)",42,15,0.0,30.0
0.028026905829596414,4696.5,1,1445.8799999999999,1491.1,"sS(s=0,S=30)",42,16,0.0,30.0
0.019014084507042252,5047.4,3,1328.08,1363.0,"sS(s=0,S=30)",42,17,0.0,30.0
0.022988505747126436,4941.4,3,1310.52,1346.4,"sS(s=0,S=30)",42,18,0.0,30.0
0.03524904214559387,4436.2,3,1176.8,1218.0,"sS(s=0,S=30)",42,19,0.0,30.0
0.018611309949892626,4930.2,1,1438.6,1486.0,"sS(s=0,S=30)",42,20,0.0,30.0
0.05257767156025948,5095.4,4,1411.04,1420.0,"sS(s=0,S=30)",42,21,0.0,30.0
0.016164817749603804,5662.1,2,1592.2,1654.0,"sS(s=0,S=30)",42,22,0.0,30.0
0.047116736990154715,5203.4,2,1352.24,1368.0,"sS(s=0,S=30)",42,23,0.0,30.0
0.02466047176554682,4864.9,1,1228.4,1244.0,"sS(s=0,S=30)",42,24,0.0,30.0
0.0255781359495445,4957.3,0,1334.0,1372.0,"sS(s=0,S=30)",42,25,0.0,30.0
0.01868460388639761,4774.0,8,1249.6,1266.0,"sS(s=0,S=30)",42,26,0.0,30.0
0.033409760890926954,5458.2,4,1589.2,1598.0,"sS(s=0,S=30)",42,27,0.0,30.0
0.019425019425019424,4365.0,0,1237.6,1300.0,"sS(s=0,S=30)",42,28,0.0,30.0
0.0199203187250996,4649.5,0,1547.1999999999998,1698.0,"sS(s=0,S=30)",42,29,0.0,30.0
0.01781895937277263,4829.0,0,1220.8,1236.0,"sS(s=0,S=30)",42,30,0.0,30.0
0.016943409013893594,5239.0,0,1399.6,1438.0,"sS(s=0,S=30)",42,31,0.0,30.0
0.04665242165242165,4933.9,0,1168.04,1176.0,"sS(s=0,S=30)",42,32,0.0,30.0
0.04083885209713024,4712.0,2,1341.22,1356.0,"sS(s=0,S=30)",42,33,0.0,30.0
0.0364963503649635,4632.5,5,1394.0,1484.0,"sS(s=0,S=30)",42,34,0.0,30.0
0.027551416375630577,4493.1,0,1197.76,1236.9,"sS(s=0,S=30)",42,35,0.0,30.0
0.01701258931609391,5101.0,2,1375.6,1403.0,"sS(s=0,S=30)",42,36,0.0,30.0
0.049174443646805455,4917.7,3,1350.3999999999999,1379.0,"sS(s=0,S=30)",42,37,0.0,30.0
0.017397355601948505,5025.0,0,1430.8,1494.0,"sS(s=0,S=30)",42,38,0.0,30.0
0.05215973920130399,4297.8,2,1216.8799999999999,1228.6,"sS(s=0,S=30)",42,39,0.0,30.0
0.024539877300613498,4624.4,3,1274.84,1282.0,"sS(s=0,S=30)",42,40,0.0,30.0
0.034458259325044406,4941.7,0,1240.8799999999999,1263.6,"sS(s=0,S=30)",42,41,0.0,30.0
0.027560394692072134,5278.1,3,1496.96,1563.2,"sS(s=0,S=30)",42,42,0.0,30.0
0.02600568874441284,4335.4,1,1066.52,1077.4,"sS(s=0,S=30)",42,43,0.0,30.0
0.017513134851138354,4927.0,0,1223.2,1240.0,"sS(s=0,S=30)",42,44,0.0,30.0
0.027703984819734344,4609.3,0,1218.24,1264.3,"sS(s=0,S=30)",42,45,0.0,30.0
0.01656726308813784,5313.0,0,1590.8,1696.0,"sS(s=0,S=30)",42,46,0.0,30.0
0.020155586987270154,5118.7,1,1382.6,1402.0,"sS(s=0,S=30)",42,47,0.0,30.0
0.05529411764705883,4356.1,0,1104.06,1131.8,"sS(s=0,S=30)",42,48,0.0,30.0
0.017998560115190784,5038.0,9,1316.6,1329.0,"sS(s=0,S=30)",42,49,0.0,30.0
0.03529411764705882,4591.3,6,1126.66,1127.0,"sS(s=0,S=35)",42,0,0.0,35.0
0.028030578813250818,4633.7,0,1185.8,1193.0,"sS(s=0,S=35)",42,1,0.0,35.0
0.018782608695652174,5002.4,2,1462.6,1537.0,"sS(s=0,S=35)",42,2,0.0,35.0
0.018511662347278787,4644.0,0,1266.6,1303.0,"sS(s=0,S=35)",42,3,0.0,35.0
0.031874039938556066,4398.3,2,1233.8,1263.0,"sS(s=0,S=35)",42,4,0.0,35.0
0.041944074567243674,5152.6,4,1303.52,1319.0,"sS(s=0,S=35)",42,5,0.0,35.0
0.07076205287713841,4369.2,1,1216.5,1255.0,"sS(s=0,S=35)",42,6,0.0,35.0
0.020659659296846683,4810.7,1,1189.3999999999999,1227.0,"sS(s=0,S=35)",42,7,0.0,35.0
0.03182150694952451,4813.7,3,1428.6,1444.5,"sS(s=0,S=35)",42,8,0.0,35.0
0.03191850594227504,5136.4,0,1288.2,1291.0,"sS(s=0,S=35)",42,9,0.0,35.0
0.04953338119167265,4747.8,4,1189.8,1209.0,"sS(s=0,S=35)",42,10,0.0,35.0
0.02197392923649907,4577.9,0,1340.52,1382.9,"sS(s=0,S=35)",42,11,0.0,35.0
0.05857593826727464,4850.7,0,1453.44,1514.0,"sS(s=0,S=35)",42,12,0.0,35.0
0.024691358024691357,4746.9,3,1234.18,1263.0,"sS(s=0,S=35)",42,13,0.0,35.0
0.03784403669724771,4558.9,5,1219.06,1242.8,"sS(s=0,S=35)",42,14,0.0,35.0
0.019943019943019943,4748.6,3,1351.6799999999998,1378.6,"sS(s=0,S=35)",42,15,0.0,35.0
0.03998505231689088,4629.7,1,1439.2199999999998,1482.6,"sS(s=0,S=35)",42,16,0.0,35.0
0.01971830985915493,4947.6,3,1284.12,1318.0,"sS(s=0,S=35)",42,17,0.0,35.0
0.029813218390804596,4878.3,3,1288.72,1327.9,"sS(s=0,S=35)",42,18,0.0,35.0
0.044444444444444446,4348.6,3,1148.8799999999999,1183.0,"sS(s=0,S=35)",42,19,0.0,35.0
0.032569792412312094,4869.1,1,1433.6,1471.0,"sS(s=0,S=35)",42,20,0.0,35.0
0.06452714236940936,5008.9,4,1379.34,1385.0,"sS(s=0,S=35)",42,21,0.0,35.0
0.027258320126782885,5600.6,2,1580.2,1639.0,"sS(s=0,S=35)",42,22,0.0,35.0
0.04852320675105485,5163.8,2,1368.6399999999999,1398.0,"sS(s=0,S=35)",42,23,0.0,35.0
0.028234453180843458,4755.9,1,1185.4,1199.0,"sS(s=0,S=35)",42,24,0.0,35.0
0.030833917309039945,4848.8,0,1301.0,1337.0,"sS(s=0,S=35)",42,25,0.0,35.0
0.01868460388639761,4659.0,7,1206.6,1221.0,"sS(s=0,S=35)",42,26,0.0,35.0
0.03996069439895185,5385.6,4,1624.2,1653.0,"sS(s=0,S=35)",42,27,0.0,35.0
0.019425019425019424,4250.0,0,1194.6,1255.0,"sS(s=0,S=35)",42,28,0.0,35.0
0.02825063382832307,4556.8,0,1515.4599999999998,1658.0,"sS(s=0,S=35)",42,29,0.0,35.0
0.023877405559515324,4785.7,0,1207.98,1237.4,"sS(s=0,S=35)",42,30,0.0,35.0
0.01762114537444934,5179.2,0,1387.6399999999999,1423.0,"sS(s=0,S=35)",42,31,0.0,35.0
0.05911680911680912,4872.9,0,1159.14,1177.0,"sS(s=0,S=35)",42,32,0.0,35.0
0.056291390728476824,4671.2,2,1338.72,1349.1,"sS(s=0,S=35)",42,33,0.0,35.0
0.042258932001536686,4539.0,5,1364.0,1449.0,"sS(s=0,S=35)",42,34,0.0,35.0
0.037252619324796274,4400.6,0,1155.56,1182.4,"sS(s=0,S=35)",42,35,0.0,35.0
0.01701258931609391,5018.0,2,1348.6,1378.0,"sS(s=0,S=35)",42,36,0.0,35.0
0.06532663316582915,4853.0,3,1328.06,1354.0,"sS(s=0,S=35)",42,37,0.0,35.0
0.017397355601948505,4920.0,0,1387.8,1449.0,"sS(s=0,S=35)",42,38,0.0,35.0
0.06438467807660962,4205.8,2,1179.8799999999999,1191.1,"sS(s=0,S=35)",42,39,0.0,35.0
0.032208588957055216,4531.4,3,1239.14,1247.0,"sS(s=0,S=35)",42,40,0.0,35.0
0.055062166962699825,4882.5,0,1198.04,1220.1,"sS(s=0,S=35)",42,41,0.0,35.0
0.03980945899965975,5211.7,2,1458.3799999999999,1514.7,"sS(s=0,S=35)",42,42,0.0,35.0
0.03250711093051605,4282.0,1,1078.3200000000002,1095.9,"sS(s=0,S=35)",42,43,0.0,35.0
0.017513134851138354,4812.0,0,1196.2,1215.0,"sS(s=0,S=35)",42,44,0.0,35.0
0.04326375711574953,4553.4,0,1197.32,1244.4,"sS(s=0,S=35)",42,45,0.0,35.0
0.021206096752816435,5279.4,0,1576.9399999999998,1681.0,"sS(s=0,S=35)",42,46,0.0,35.0
0.025813295615275813,5075.3,1,1413.6,1447.0,"sS(s=0,S=35)",42,47,0.0,35.0
0.07490196078431373,4286.1,0,1076.26,1094.3,"sS(s=0,S=35)",42,48,0.0,35.0
0.017998560115190784,4933.0,9,1288.0,1304.0,"sS(s=0,S=35)",42,49,0.0,35.0
0.04971537001897533,4615.1,6,1119.78,1132.7,"sS(s=0,S=40)",42,0,0.0,40.0
0.03494721514379323,4565.6,0,1215.54,1238.0,"sS(s=0,S=40)",42,1,0.0,40.0
0.025043478260869566,4944.2,2,1439.76,1507.0,"sS(s=0,S=40)",42,2,0.0,40.0
0.018511662347278787,4549.0,0,1239.6,1278.0,"sS(s=0,S=40)",42,3,0.0,40.0
0.039938556067588324,4330.4,2,1233.28,1268.6,"sS(s=0,S=40)",42,4,0.0,40.0
0.05026631158455393,5077.3,4,1300.06,1310.0,"sS(s=0,S=40)",42,5,0.0,40.0
0.09603421461897356,4270.7,1,1188.3,1230.0,"sS(s=0,S=40)",42,6,0.0,40.0
0.02899601304820587,4763.0,1,1224.6,1282.0,"sS(s=0,S=40)",42,7,0.0,40.0
0.04754937820043892,4758.0,2,1445.56,1485.5,"sS(s=0,S=40)",42,8,0.0,40.0
0.04380305602716469,5044.9,0,1250.8,1252.0,"sS(s=0,S=40)",42,9,0.0,40.0
0.06389088298636038,4668.5,3,1180.8,1209.0,"sS(s=0,S=40)",42,10,0.0,40.0
0.0223463687150838,4478.0,0,1342.8,1392.0,"sS(s=0,S=40)",42,11,0.0,40.0
0.0796211855489302,4789.4,0,1429.9,1496.7,"sS(s=0,S=40)",42,12,0.0,40.0
0.029411764705882353,4683.7,3,1271.3799999999999,1318.0,"sS(s=0,S=40)",42,13,0.0,40.0
0.027140672782874617,4491.1,4,1168.0,1185.5,"sS(s=0,S=40)",42,14,0.0,40.0
0.018518518518518517,4628.2,3,1364.2,1408.0,"sS(s=0,S=40)",42,15,0.0,40.0
0.05493273542600897,4533.7,1,1426.7199999999998,1474.1,"sS(s=0,S=40)",42,16,0.0,40.0
0.02992957746478873,4930.5,3,1248.52,1273.0,"sS(s=0,S=40)",42,17,0.0,40.0
0.03879310344827586,4785.8,3,1266.92,1309.4,"sS(s=0,S=40)",42,18,0.0,40.0
0.061685823754789273,4273.1,3,1114.98,1148.0,"sS(s=0,S=40)",42,19,0.0,40.0
0.047244094488188976,4778.6,1,1416.6,1456.0,"sS(s=0,S=40)",42,20,0.0,40.0
0.0788665073403892,4933.1,4,1403.68,1430.0,"sS(s=0,S=40)",42,21,0.0,40.0
0.039619651347068144,5559.5,3,1568.2,1624.0,"sS(s=0,S=40)",42,22,0.0,40.0
0.06751054852320675,5059.2,2,1338.72,1368.0,"sS(s=0,S=40)",42,23,0.0,40.0
0.0318084345961401,4646.9,1,1142.4,1154.0,"sS(s=0,S=40)",42,24,0.0,40.0
0.036440084092501754,4780.4,0,1300.08,1342.1,"sS(s=0,S=40)",42,25,0.0,40.0
0.023542600896860985,4495.3,5,1187.04,1203.3,"sS(s=0,S=40)",42,26,0.0,40.0
0.046511627906976744,5274.6,3,1611.2,1648.0,"sS(s=0,S=40)",42,27,0.0,40.0
0.024475524475524476,4176.3,0,1159.74,1210.0,"sS(s=0,S=40)",42,28,0.0,40.0
0.0373053241579138,4434.3,0,1477.7599999999998,1618.0,"sS(s=0,S=40)",42,29,0.0,40.0
0.02851033499643621,4682.0,0,1161.78,1170.0,"sS(s=0,S=40)",42,30,0.0,40.0
0.02134869535750593,5130.3,0,1385.84,1408.0,"sS(s=0,S=40)",42,31,0.0,40.0
0.07158119658119658,4781.9,0,1126.24,1148.0,"sS(s=0,S=40)",42,32,0.0,40.0
0.076158940397351,4611.6,2,1394.84,1436.1,"sS(s=0,S=40)",42,33,0.0,40.0
0.0530157510564733,4466.8,3,1332.0,1414.0,"sS(s=0,S=40)",42,34,0.0,40.0
0.047729918509895226,4268.3,0,1113.3600000000001,1127.9,"sS(s=0,S=40)",42,35,0.0,40.0
0.01701258931609391,4935.0,2,1321.6,1353.0,"sS(s=0,S=40)",42,36,0.0,40.0
0.08147882268485283,4750.0,2,1298.06,1329.0,"sS(s=0,S=40)",42,37,0.0,40.0
0.022268615170494086,4896.4,0,1400.96,1484.0,"sS(s=0,S=40)",42,38,0.0,40.0
0.07660961695191525,4113.8,2,1142.8799999999999,1153.6,"sS(s=0,S=40)",42,39,0.0,40.0
0.04409509202453988,4399.5,3,1203.44,1212.0,"sS(s=0,S=40)",42,40,0.0,40.0
0.0763765541740675,4793.5,0,1162.54,1176.6,"sS(s=0,S=40)",42,41,0.0,40.0
0.05444028581150051,5182.8,2,1406.12,1436.5,"sS(s=0,S=40)",42,42,0.0,40.0
0.04185290532303942,4239.3,1,1059.72,1076.4,"sS(s=0,S=40)",42,43,0.0,40.0
0.01786339754816112,4737.1,0,1170.02,1190.0,"sS(s=0,S=40)",42,44,0.0,40.0
0.06793168880455408,4470.4,0,1177.52,1225.9,"sS(s=0,S=40)",42,45,0.0,40.0
0.027833001988071572,5186.4,0,1557.1399999999999,1666.0,"sS(s=0,S=40)",42,46,0.0,40.0
0.034653465346534656,5002.8,1,1396.6,1432.0,"sS(s=0,S=40)",42,47,0.0,40.0
0.0976470588235294,4187.1,0,1073.26,1087.8,"sS(s=0,S=40)",42,48,0.0,40.0
0.017998560115190784,4844.8,9,1263.0,1279.0,"sS(s=0,S=40)",42,49,0.0,40.0
0.07438330170777989,4536.6,6,1097.96,1103.7,"sS(s=0,S=45)",42,0,0.0,45.0
0.044048052420822714,4553.5,0,1202.42,1213.0,"sS(s=0,S=45)",42,1,0.0,45.0
0.025739130434782608,4849.4,2,1412.36,1480.0,"sS(s=0,S=45)",42,2,0.0,45.0
0.019622362088115512,4499.3,0,1275.6599999999999,1343.0,"sS(s=0,S=45)",42,3,0.0,45.0
0.05337941628264209,4273.9,2,1214.28,1239.6,"sS(s=0,S=45)",42,4,0.0,45.0
0.05858854860186418,4957.3,3,1278.24,1285.3,"sS(s=0,S=45)",42,5,0.0,45.0
0.12013996889580093,4272.7,2,1237.0,1295.0,"sS(s=0,S=45)",42,6,0.0,45.0
0.03189561435302646,4588.8,1,1113.78,1138.6,"sS(s=0,S=45)",42,7,0.0,45.0
0.06583760058522312,4678.0,2,1415.6599999999999,1456.5,"sS(s=0,S=45)",42,8,0.0,45.0
0.05466893039049236,4953.4,0,1221.8,1227.0,"sS(s=0,S=45)",42,9,0.0,45.0
0.06281407035175879,4556.5,3,1172.6399999999999,1209.0,"sS(s=0,S=45)",42,10,0.0,45.0
0.0260707635009311,4379.0,0,1317.8,1367.0,"sS(s=0,S=45)",42,11,0.0,45.0
0.1038232199228341,4649.3,0,1382.3799999999999,1444.7,"sS(s=0,S=45)",42,12,0.0,45.0
0.036673928830791576,4576.2,2,1252.58,1303.0,"sS(s=0,S=45)",42,13,0.0,45.0
0.04128440366972477,4504.8,5,1190.3999999999999,1212.1,"sS(s=0,S=45)",42,14,0.0,45.0
0.023504273504273504,4599.6,3,1358.22,1403.0,"sS(s=0,S=45)",42,15,0.0,45.0
0.07137518684603886,4409.9,1,1414.2199999999998,1465.6,"sS(s=0,S=45)",42,16,0.0,45.0
0.045774647887323945,4845.0,3,1207.68,1228.0,"sS(s=0,S=45)",42,17,0.0,45.0
0.051364942528735635,4784.3,3,1254.26,1290.9,"sS(s=0,S=45)",42,18,0.0,45.0
0.06743295019157088,4150.6,2,1088.6,1113.0,"sS(s=0,S=45)",42,19,0.0,45.0
0.03507516105941303,4724.8,1,1364.16,1396.7,"sS(s=0,S=45)",42,20,0.0,45.0
0.0897917377944691,4866.3,4,1378.48,1405.0,"sS(s=0,S=45)",42,21,0.0,45.0
0.060538827258320126,5511.1,2,1556.2,1609.0,"sS(s=0,S=45)",42,22,0.0,45.0
0.08790436005625879,5045.0,3,1353.4599999999998,1393.3,"sS(s=0,S=45)",42,23,0.0,45.0
0.03538241601143674,4537.9,1,1099.4,1109.0,"sS(s=0,S=45)",42,24,0.0,45.0
0.03258584442887176,4719.3,0,1276.34,1313.6,"sS(s=0,S=45)",42,25,0.0,45.0
0.02914798206278027,4386.8,5,1186.24,1199.8,"sS(s=0,S=45)",42,26,0.0,45.0
0.05306256141500164,5173.6,3,1598.2,1643.0,"sS(s=0,S=45)",42,27,0.0,45.0
0.037296037296037296,4204.6,0,1154.74,1211.0,"sS(s=0,S=45)",42,28,0.0,45.0
0.05432814197754437,4449.0,0,1444.1,1578.0,"sS(s=0,S=45)",42,29,0.0,45.0
0.03706343549536707,4624.4,0,1098.64,1100.7,"sS(s=0,S=45)",42,30,0.0,45.0
0.029481531684174857,5092.7,0,1370.04,1393.0,"sS(s=0,S=45)",42,31,0.0,45.0
0.06801994301994302,4732.9,0,1103.4,1119.0,"sS(s=0,S=45)",42,32,0.0,45.0
0.1144223693892568,4557.0,1,1402.2399999999998,1453.1,"sS(s=0,S=45)",42,33,0.0,45.0
0.06454091432961967,4379.8,3,1302.0,1379.0,"sS(s=0,S=45)",42,34,0.0,45.0
0.06713232440822663,4218.3,0,1055.64,1062.2,"sS(s=0,S=45)",42,35,0.0,45.0
0.01701258931609391,4852.0,2,1294.6,1328.0,"sS(s=0,S=45)",42,36,0.0,45.0
0.09763101220387653,4657.0,2,1270.06,1304.0,"sS(s=0,S=45)",42,37,0.0,45.0
0.031315240083507306,4849.0,0,1374.28,1449.0,"sS(s=0,S=45)",42,38,0.0,45.0
0.08883455582722087,4021.8,2,1105.8799999999999,1116.1,"sS(s=0,S=45)",42,39,0.0,45.0
0.06096625766871166,4348.9,3,1182.8600000000001,1195.9,"sS(s=0,S=45)",42,40,0.0,45.0
0.08419182948490231,4745.7,0,1127.04,1133.1,"sS(s=0,S=45)",42,41,0.0,45.0
0.07145287512759442,5123.8,2,1368.42,1394.0,"sS(s=0,S=45)",42,42,0.0,45.0
0.056074766355140186,4162.8,1,1041.1200000000001,1056.9,"sS(s=0,S=45)",42,43,0.0,45.0
0.02136602451838879,4628.1,0,1142.22,1165.0,"sS(s=0,S=45)",42,44,0.0,45.0
0.07324478178368121,4384.3,0,1227.24,1294.3,"sS(s=0,S=45)",42,45,0.0,45.0
0.03777335984095427,5139.4,0,1546.54,1651.0,"sS(s=0,S=45)",42,46,0.0,45.0
0.04526166902404526,4975.8,1,1416.0,1462.5,"sS(s=0,S=45)",42,47,0.0,45.0
0.11764705882352941,4133.2,0,1070.26,1081.3,"sS(s=0,S=45)",42,48,0.0,45.0
0.021958243340532757,4804.1,8,1238.62,1254.0,"sS(s=0,S=45)",42,49,0.0,45.0
0.09943074003795066,4499.0,5,1156.76,1174.7,"sS(s=0,S=50)",42,0,0.0,50.0
0.056789224608664,4463.0,0,1179.82,1188.0,"sS(s=0,S=50)",42,1,0.0,50.0
0.036521739130434785,4807.5,2,1414.56,1465.0,"sS(s=0,S=50)",42,2,0.0,50.0
0.019252128841169936,4459.2,0,1225.6,1228.0,"sS(s=0,S=50)",42,3,0.0,50.0
0.06682027649769585,4177.4,2,1187.28,1210.6,"sS(s=0,S=50)",42,4,0.0,50.0
0.07023968042609853,4940.1,2,1296.6,1310.3,"sS(s=0,S=50)",42,5,0.0,50.0
0.14307931570762053,4238.0,2,1189.24,1230.3,"sS(s=0,S=50)",42,6,0.0,50.0
0.0503805726712577,4548.9,1,1119.6799999999998,1141.1,"sS(s=0,S=50)",42,7,0.0,50.0
0.08412582297000731,4598.0,2,1385.76,1427.5,"sS(s=0,S=50)",42,8,0.0,50.0
0.061460101867572156,4861.9,0,1199.4,1202.0,"sS(s=0,S=50)",42,9,0.0,50.0
0.0936826992103374,4460.8,3,1176.22,1209.0,"sS(s=0,S=50)",42,10,0.0,50.0
0.03165735567970205,4380.5,0,1323.1399999999999,1392.4,"sS(s=0,S=50)",42,11,0.0,50.0
0.12662223781129428,4599.8,0,1315.68,1343.2,"sS(s=0,S=50)",42,12,0.0,50.0
0.048293391430646336,4598.8,2,1293.94,1338.2,"sS(s=0,S=50)",42,13,0.0,50.0
0.06574923547400612,4471.2,4,1169.6,1199.6,"sS(s=0,S=50)",42,14,0.0,50.0
0.03418803418803419,4492.6,3,1344.4199999999998,1398.0,"sS(s=0,S=50)",42,15,0.0,50.0
0.07212257100149477,4436.9,2,1424.9199999999998,1486.1,"sS(s=0,S=50)",42,16,0.0,50.0
0.06338028169014084,4810.0,3,1210.38,1233.5,"sS(s=0,S=50)",42,17,0.0,50.0
0.052083333333333336,4749.5,3,1269.82,1317.6,"sS(s=0,S=50)",42,18,0.0,50.0
0.08275862068965517,4151.1,3,1103.0,1128.5,"sS(s=0,S=50)",42,19,0.0,50.0
0.03185397279885469,4693.9,2,1336.1,1377.7,"sS(s=0,S=50)",42,20,0.0,50.0
0.10378968931375897,4760.4,4,1372.96,1396.2,"sS(s=0,S=50)",42,21,0.0,50.0
0.06275752773375594,5486.8,3,1544.2,1594.0,"sS(s=0,S=50)",42,22,0.0,50.0
0.11919831223628692,5033.9,3,1339.54,1369.8,"sS(s=0,S=50)",42,23,0.0,50.0
0.04110078627591136,4479.5,1,1096.8799999999999,1114.6,"sS(s=0,S=50)",42,24,0.0,50.0
0.06166783461807989,4677.6,0,1254.4999999999998,1285.1,"sS(s=0,S=50)",42,25,0.0,50.0
0.044095665171898356,4380.8,5,1185.44,1196.3,"sS(s=0,S=50)",42,26,0.0,50.0
0.05961349492302653,5072.6,3,1585.2,1638.0,"sS(s=0,S=50)",42,27,0.0,50.0
0.05672105672105672,4114.6,0,1118.1399999999999,1172.5,"sS(s=0,S=50)",42,28,0.0,50.0
0.07750814922129663,4395.4,0,1414.3,1538.0,"sS(s=0,S=50)",42,29,0.0,50.0
0.036707056307911615,4574.3,0,1092.68,1097.8,"sS(s=0,S=50)",42,30,0.0,50.0
0.04303625889528973,5016.7,0,1354.24,1378.0,"sS(s=0,S=50)",42,31,0.0,50.0
0.0787037037037037,4647.9,0,1082.2,1090.0,"sS(s=0,S=50)",42,32,0.0,50.0
0.15194996320824136,4524.0,1,1409.6399999999999,1470.1,"sS(s=0,S=50)",42,33,0.0,50.0
0.09296965040338072,4397.2,3,1432.0,1544.0,"sS(s=0,S=50)",42,34,0.0,50.0
0.07877376794722546,4127.6,0,1070.0,1070.2,"sS(s=0,S=50)",42,35,0.0,50.0
0.02824089826471589,4922.3,2,1359.6399999999999,1405.3,"sS(s=0,S=50)",42,36,0.0,50.0
0.12239770279971285,4468.7,2,1242.06,1279.0,"sS(s=0,S=50)",42,37,0.0,50.0
0.04314544189283229,4812.4,0,1419.6799999999998,1514.0,"sS(s=0,S=50)",42,38,0.0,50.0
0.10431947840260798,4030.9,2,1119.28,1128.9,"sS(s=0,S=50)",42,39,0.0,50.0
0.08588957055214724,4270.6,4,1163.96,1181.9,"sS(s=0,S=50)",42,40,0.0,50.0
0.09591474245115453,4709.0,0,1128.98,1136.4,"sS(s=0,S=50)",42,41,0.0,50.0
0.08846546444368833,5054.8,1,1322.72,1341.5,"sS(s=0,S=50)",42,42,0.0,50.0
0.07029662738724096,4086.3,1,1022.5200000000001,1037.4,"sS(s=0,S=50)",42,43,0.0,50.0
0.02066549912434326,4567.9,0,1195.2,1240.0,"sS(s=0,S=50)",42,44,0.0,50.0
0.10588235294117647,4406.5,0,1228.1200000000001,1288.9,"sS(s=0,S=50)",42,45,0.0,50.0
0.055666003976143144,5104.8,0,1528.2199999999998,1636.0,"sS(s=0,S=50)",42,46,0.0,50.0
0.06117397454031118,4960.3,1,1403.8,1453.5,"sS(s=0,S=50)",42,47,0.0,50.0
0.1411764705882353,4091.5,0,1067.26,1074.8,"sS(s=0,S=50)",42,48,0.0,50.0
0.03131749460043196,4821.7,9,1338.98,1389.2,"sS(s=0,S=50)",42,49,0.0,50.0
0.1222011385199241,4427.0,5,1143.56,1155.7,"sS(s=0,S=55)",42,0,0.0,55.0
0.06953039679650527,4372.5,0,1157.22,1163.0,"sS(s=0,S=55)",42,1,0.0,55.0
0.050782608695652175,4776.6,2,1443.2399999999998,1505.6,"sS(s=0,S=55)",42,2,0.0,55.0
0.029988893002591634,4542.1,0,1235.8400000000001,1258.2,"sS(s=0,S=55)",42,3,0.0,55.0
0.08525345622119816,4202.2,3,1171.3,1181.6,"sS(s=0,S=55)",42,4,0.0,55.0
0.08621837549933423,4899.9,2,1310.04,1335.3,"sS(s=0,S=55)",42,5,0.0,55.0
0.16640746500777606,4159.0,2,1178.04,1211.3,"sS(s=0,S=55)",42,6,0.0,55.0
0.06560347952156578,4518.1,1,1207.8799999999999,1253.6,"sS(s=0,S=55)",42,7,0.0,55.0
0.10241404535479151,4518.0,2,1355.86,1398.5,"sS(s=0,S=55)",42,8,0.0,55.0
0.06825127334465195,4770.4,0,1194.6,1199.0,"sS(s=0,S=55)",42,9,0.0,55.0
0.11342426417803302,4524.9,3,1188.74,1209.0,"sS(s=0,S=55)",42,10,0.0,55.0
0.04283054003724395,4293.5,0,1302.14,1373.4,"sS(s=0,S=55)",42,11,0.0,55.0
0.14942125569975448,4505.8,0,1267.38,1287.2,"sS(s=0,S=55)",42,12,0.0,55.0
0.06281771968046478,4534.3,2,1281.94,1329.2,"sS(s=0,S=55)",42,13,0.0,55.0
0.09441896024464831,4403.7,4,1153.8999999999999,1187.1,"sS(s=0,S=55)",42,14,0.0,55.0
0.047364672364672365,4441.3,3,1341.76,1393.0,"sS(s=0,S=55)",42,15,0.0,55.0
0.08557548579970105,4448.8,2,1389.1599999999999,1462.1,"sS(s=0,S=55)",42,16,0.0,55.0
0.09190140845070423,4833.1,2,1225.0,1240.1,"sS(s=0,S=55)",42,17,0.0,55.0
0.07183908045977011,4675.0,3,1253.62,1304.6,"sS(s=0,S=55)",42,18,0.0,55.0
0.10306513409961686,4107.9,3,1124.6,1153.0,"sS(s=0,S=55)",42,19,0.0,55.0
0.06943450250536864,4675.3,2,1411.84,1452.0,"sS(s=0,S=55)",42,20,0.0,55.0
0.0908159781495391,4756.7,4,1350.58,1355.0,"sS(s=0,S=55)",42,21,0.0,55.0
0.09381933438985737,5472.2,3,1532.2,1579.0,"sS(s=0,S=55)",42,22,0.0,55.0
0.15260196905766527,4978.4,3,1316.74,1346.3,"sS(s=0,S=55)",42,23,0.0,55.0
0.048248749106504646,4376.5,1,1063.48,1075.6,"sS(s=0,S=55)",42,24,0.0,55.0
0.08269096005606166,4588.6,0,1227.8999999999999,1256.6,"sS(s=0,S=55)",42,25,0.0,55.0
0.04633781763826607,4282.8,5,1184.6399999999999,1192.8,"sS(s=0,S=55)",42,26,0.0,55.0
0.06911234850966262,5027.5,3,1550.92,1578.9,"sS(s=0,S=55)",42,27,0.0,55.0
0.08391608391608392,4026.6,0,1166.74,1244.0,"sS(s=0,S=55)",42,28,0.0,55.0
0.10648315827598696,4298.4,0,1384.5,1498.0,"sS(s=0,S=55)",42,29,0.0,55.0
0.05274411974340699,4483.8,0,1060.58,1064.8,"sS(s=0,S=55)",42,30,0.0,55.0
0.039986445272788884,4935.8,0,1335.0,1363.0,"sS(s=0,S=55)",42,31,0.0,55.0
0.09366096866096867,4509.1,0,1061.0,1061.0,"sS(s=0,S=55)",42,32,0.0,55.0
0.1817512877115526,4446.5,1,1417.04,1487.1,"sS(s=0,S=55)",42,33,0.0,55.0
0.11563580484056857,4378.1,3,1462.72,1584.9,"sS(s=0,S=55)",42,34,0.0,55.0
0.09429569266589057,4038.6,0,1065.5,1076.2,"sS(s=0,S=55)",42,35,0.0,55.0
0.0421912215039129,4913.4,2,1344.6599999999999,1393.3,"sS(s=0,S=55)",42,36,0.0,55.0
0.14752333094041636,4370.7,2,1214.06,1254.0,"sS(s=0,S=55)",42,37,0.0,55.0
0.06332637439109255,4843.2,0,1448.36,1544.2,"sS(s=0,S=55)",42,38,0.0,55.0
0.12184189079054605,3997.7,1,1103.46,1107.1,"sS(s=0,S=55)",42,39,0.0,55.0
0.11503067484662577,4240.2,4,1156.28,1167.9,"sS(s=0,S=55)",42,40,0.0,55.0
0.12433392539964476,4632.0,0,1098.68,1099.4,"sS(s=0,S=55)",42,41,0.0,55.0
0.09731201088805716,5058.4,2,1381.3999999999999,1416.5,"sS(s=0,S=55)",42,42,0.0,55.0
0.08858187728565624,4074.2,1,1007.9399999999999,1017.9,"sS(s=0,S=55)",42,43,0.0,55.0
0.029422066549912435,4465.4,0,1177.0,1225.0,"sS(s=0,S=55)",42,44,0.0,55.0
0.1267552182163188,4337.5,0,1217.72,1280.4,"sS(s=0,S=55)",42,45,0.0,55.0
0.07554671968190854,5025.8,0,1512.1999999999998,1621.0,"sS(s=0,S=55)",42,46,0.0,55.0
0.07496463932107496,4899.2,1,1391.6,1444.5,"sS(s=0,S=55)",42,47,0.0,55.0
0.15764705882352942,4016.3,0,1064.26,1068.3,"sS(s=0,S=55)",42,48,0.0,55.0
0.0482361411087113,4686.4,9,1323.58,1379.7,"sS(s=0,S=55)",42,49,0.0,55.0
0.14724857685009488,4477.2,5,1122.3600000000001,1126.7,"sS(s=0,S=60)",42,0,0.0,60.0
0.0691663633054241,4168.9,0,1103.84,1121.1,"sS(s=0,S=60)",42,1,0.0,60.0
0.07026086956521739,4757.2,2,1491.26,1555.0,"sS(s=0,S=60)",42,2,0.0,60.0
0.04850055534987042,4477.1,0,1216.8400000000001,1239.2,"sS(s=0,S=60)",42,3,0.0,60.0
0.12096774193548387,4174.3,2,1242.64,1273.9,"sS(s=0,S=60)",42,4,0.0,60.0
0.08455392809587217,4852.4,2,1276.8,1278.3,"sS(s=0,S=60)",42,5,0.0,60.0
0.18973561430793157,4080.0,2,1166.84,1192.3,"sS(s=0,S=60)",42,6,0.0,60.0
0.09097499093874592,4440.1,1,1219.8799999999999,1266.1,"sS(s=0,S=60)",42,7,0.0,60.0
0.09875640087783467,4553.9,2,1338.18,1369.5,"sS(s=0,S=60)",42,8,0.0,60.0
0.07945670628183361,4861.8,0,1240.06,1247.0,"sS(s=0,S=60)",42,9,0.0,60.0
0.1349605168700646,4439.9,3,1191.34,1209.0,"sS(s=0,S=60)",42,10,0.0,60.0
0.055865921787709494,4267.0,0,1321.14,1404.4,"sS(s=0,S=60)",42,11,0.0,60.0
0.1634514205541915,4420.6,0,1291.8799999999999,1351.6,"sS(s=0,S=60)",42,12,0.0,60.0
0.07734204793028322,4469.8,2,1269.94,1320.2,"sS(s=0,S=60)",42,13,0.0,60.0
0.1628440366972477,4409.1,4,1197.3999999999999,1231.5,"sS(s=0,S=60)",42,14,0.0,60.0
0.06517094017094018,4341.3,3,1329.36,1388.0,"sS(s=0,S=60)",42,15,0.0,60.0
0.10799701046337817,4370.0,1,1365.1599999999999,1440.1,"sS(s=0,S=60)",42,16,0.0,60.0
0.12183098591549296,4766.6,2,1194.1999999999998,1207.1,"sS(s=0,S=60)",42,17,0.0,60.0
0.07183908045977011,4535.0,3,1288.46,1355.4,"sS(s=0,S=60)",42,18,0.0,60.0
0.11570881226053639,4132.7,3,1106.6,1128.0,"sS(s=0,S=60)",42,19,0.0,60.0
0.08947745168217609,4542.4,2,1384.1399999999999,1422.0,"sS(s=0,S=60)",42,20,0.0,60.0
0.11471491976783885,4664.7,4,1328.08,1330.0,"sS(s=0,S=60)",42,21,0.0,60.0
0.12297939778129953,5400.5,2,1604.34,1684.0,"sS(s=0,S=60)",42,22,0.0,60.0
0.1828410689170183,4984.3,3,1389.9399999999998,1442.8,"sS(s=0,S=60)",42,23,0.0,60.0
0.034310221586847746,4327.6,1,1034.28,1036.6,"sS(s=0,S=60)",42,24,0.0,60.0
0.10371408549404344,4499.6,0,1201.3,1228.1,"sS(s=0,S=60)",42,25,0.0,60.0
0.06576980568011959,4329.5,7,1240.0,1259.5,"sS(s=0,S=60)",42,26,0.0,60.0
0.06059613494923027,4980.9,3,1536.72,1569.9,"sS(s=0,S=60)",42,27,0.0,60.0
0.11305361305361306,3939.1,0,1145.84,1215.5,"sS(s=0,S=60)",42,28,0.0,60.0
0.08656283955088737,4188.6,0,1307.02,1398.4,"sS(s=0,S=60)",42,29,0.0,60.0
0.06878118317890235,4393.3,0,1028.48,1031.8,"sS(s=0,S=60)",42,30,0.0,60.0
0.062012876990850556,4922.3,0,1325.0,1348.0,"sS(s=0,S=60)",42,31,0.0,60.0
0.10968660968660969,4420.6,0,1063.2,1071.0,"sS(s=0,S=60)",42,32,0.0,60.0
0.21118469462840322,4491.8,1,1516.7399999999998,1634.1,"sS(s=0,S=60)",42,33,0.0,60.0
0.11717249327698809,4353.5,2,1453.52,1575.9,"sS(s=0,S=60)",42,34,0.0,60.0
0.11214590609235545,4064.9,0,1009.4,1017.9,"sS(s=0,S=60)",42,35,0.0,60.0
0.0421912215039129,4910.4,2,1374.8799999999999,1435.7,"sS(s=0,S=60)",42,36,0.0,60.0
0.16762383345297918,4333.4,2,1216.22,1229.0,"sS(s=0,S=60)",42,37,0.0,60.0
0.09464161447459986,4777.2,0,1428.1599999999999,1525.2,"sS(s=0,S=60)",42,38,0.0,60.0
0.14832925835370822,3986.7,1,1079.86,1085.1,"sS(s=0,S=60)",42,39,0.0,60.0
0.14762269938650308,4160.7,4,1138.78,1153.9,"sS(s=0,S=60)",42,40,0.0,60.0
0.13285968028419182,4549.4,0,1103.3799999999999,1122.6,"sS(s=0,S=60)",42,41,0.0,60.0
0.12112963593058863,4996.4,1,1349.4,1374.0,"sS(s=0,S=60)",42,42,0.0,60.0
0.10808614384396587,4085.3,1,996.64,998.4,"sS(s=0,S=60)",42,43,0.0,60.0
0.04133099824868652,4303.8,0,1165.0,1210.0,"sS(s=0,S=60)",42,44,0.0,60.0
0.13092979127134724,4372.1,0,1212.92,1271.9,"sS(s=0,S=60)",42,45,0.0,60.0
0.10337972166998012,5009.2,0,1502.1999999999998,1606.0,"sS(s=0,S=60)",42,46,0.0,60.0
0.09512022630834512,4899.9,1,1424.2,1491.5,"sS(s=0,S=60)",42,47,0.0,60.0
0.1568627450980392,4066.1,0,1152.46,1175.8,"sS(s=0,S=60)",42,48,0.0,60.0
0.07163426925845932,4592.9,8,1300.18,1360.2,"sS(s=0,S=60)",42,49,0.0,60.0
0.1555977229601518,4413.9,5,1216.92,1242.4,"sS(s=0,S=65)",42,0,0.0,65.0
0.08918820531488897,4080.9,0,1084.6399999999999,1108.1,"sS(s=0,S=65)",42,1,0.0,65.0
0.0657391304347826,4536.7,1,1407.6,1476.0,"sS(s=0,S=65)",42,2,0.0,65.0
0.06886338393187708,4477.6,0,1250.24,1285.7,"sS(s=0,S=65)",42,3,0.0,65.0
0.15360983102918588,4100.8,2,1225.34,1255.4,"sS(s=0,S=65)",42,4,0.0,65.0
0.10286284953395473,4771.1,2,1269.3999999999999,1277.3,"sS(s=0,S=65)",42,5,0.0,65.0
0.22317262830482115,4068.6,2,1177.48,1200.6,"sS(s=0,S=65)",42,6,0.0,65.0
0.11888365349764407,4362.8,1,1231.8799999999999,1278.6,"sS(s=0,S=65)",42,7,0.0,65.0
0.12143379663496708,4552.6,2,1362.54,1406.7,"sS(s=0,S=65)",42,8,0.0,65.0
0.09134125636672326,4788.8,0,1218.8,1219.0,"sS(s=0,S=65)",42,9,0.0,65.0
0.14501076812634603,4275.7,3,1136.08,1144.3,"sS(s=0,S=65)",42,10,0.0,65.0
0.06890130353817504,4185.5,0,1296.14,1380.4,"sS(s=0,S=65)",42,11,0.0,65.0
0.16555594528235706,4475.6,0,1261.58,1307.6,"sS(s=0,S=65)",42,12,0.0,65.0
0.09186637618010167,4405.3,2,1257.94,1311.2,"sS(s=0,S=65)",42,13,0.0,65.0
0.19533639143730888,4341.6,3,1185.7,1223.0,"sS(s=0,S=65)",42,14,0.0,65.0
0.07015669515669516,4367.7,3,1368.1999999999998,1448.1,"sS(s=0,S=65)",42,15,0.0,65.0
0.13228699551569506,4303.5,1,1351.9599999999998,1431.6,"sS(s=0,S=65)",42,16,0.0,65.0
0.15211267605633802,4765.2,2,1163.3999999999999,1174.1,"sS(s=0,S=65)",42,17,0.0,65.0
0.08872126436781609,4519.7,3,1289.0,1346.9,"sS(s=0,S=65)",42,18,0.0,65.0
0.13218390804597702,3973.5,2,1192.6,1233.0,"sS(s=0,S=65)",42,19,0.0,65.0
0.09234073013600573,4451.3,1,1366.4,1392.0,"sS(s=0,S=65)",42,20,0.0,65.0
0.1399795151928986,4638.1,4,1357.9,1370.4,"sS(s=0,S=65)",42,21,0.0,65.0
0.1445324881141046,5339.2,2,1599.54,1679.0,"sS(s=0,S=65)",42,22,0.0,65.0
0.2092123769338959,4935.8,3,1375.1399999999999,1429.3,"sS(s=0,S=65)",42,23,0.0,65.0
0.044674767691208005,4295.5,1,1027.52,1035.0,"sS(s=0,S=65)",42,24,0.0,65.0
0.12263489838822705,4479.4,0,1183.6,1199.6,"sS(s=0,S=65)",42,25,0.0,65.0
0.0930493273542601,4313.3,7,1348.0,1392.0,"sS(s=0,S=65)",42,26,0.0,65.0
0.07206026858827383,4890.9,3,1522.52,1560.9,"sS(s=0,S=65)",42,27,0.0,65.0
0.14219114219114218,3916.9,0,1125.58,1187.0,"sS(s=0,S=65)",42,28,0.0,65.0
0.10539659543643608,4090.6,0,1274.02,1354.4,"sS(s=0,S=65)",42,29,0.0,65.0
0.08695652173913043,4368.4,0,1000.56,1001.0,"sS(s=0,S=65)",42,30,0.0,65.0
0.06845137241613013,4914.2,0,1363.8,1394.0,"sS(s=0,S=65)",42,31,0.0,65.0
0.11502849002849003,4591.1,0,1078.56,1081.0,"sS(s=0,S=65)",42,32,0.0,65.0
0.23841059602649006,4429.8,1,1531.6399999999999,1661.1,"sS(s=0,S=65)",42,33,0.0,65.0
0.09834805993084902,4353.6,3,1342.84,1436.9,"sS(s=0,S=65)",42,34,0.0,65.0
0.11796662786185487,4047.2,0,1013.66,1020.4,"sS(s=0,S=65)",42,35,0.0,65.0
0.06056481796529432,4987.8,2,1416.86,1492.8,"sS(s=0,S=65)",42,36,0.0,65.0
0.17839195979899497,4366.5,3,1179.54,1189.6,"sS(s=0,S=65)",42,37,0.0,65.0
0.12595685455810718,4777.6,0,1513.56,1636.2,"sS(s=0,S=65)",42,38,0.0,65.0
0.15158924205378974,4048.5,2,1241.34,1285.9,"sS(s=0,S=65)",42,39,0.0,65.0
0.17446319018404907,4081.2,4,1125.52,1139.9,"sS(s=0,S=65)",42,40,0.0,65.0
0.13747779751332148,4530.7,0,1122.72,1148.9,"sS(s=0,S=65)",42,41,0.0,65.0
0.14698877169105137,5010.0,1,1325.4,1341.5,"sS(s=0,S=65)",42,42,0.0,65.0
0.11336854937017472,4188.5,3,1108.6999999999998,1133.1,"sS(s=0,S=65)",42,43,0.0,65.0
0.05499124343257443,4327.7,0,1203.3999999999999,1258.0,"sS(s=0,S=65)",42,44,0.0,65.0
0.1650853889943074,4315.6,0,1208.1200000000001,1263.4,"sS(s=0,S=65)",42,45,0.0,65.0
0.07952286282306163,4922.9,0,1451.2199999999998,1527.0,"sS(s=0,S=65)",42,46,0.0,65.0
0.11987270155586988,4846.9,1,1392.0,1457.5,"sS(s=0,S=65)",42,47,0.0,65.0
0.1784313725490196,4012.1,0,1157.06,1178.8,"sS(s=0,S=65)",42,48,0.0,65.0
0.07019438444924406,4632.5,8,1307.36,1350.7,"sS(s=0,S=65)",42,49,0.0,65.0
0.12903225806451613,4412.0,5,1211.3200000000002,1232.9,"sS(s=0,S=70)",42,0,0.0,70.0
0.10921004732435384,3992.9,0,1066.1799999999998,1095.1,"sS(s=0,S=70)",42,1,0.0,70.0
0.09182608695652174,4595.7,1,1275.08,1323.0,"sS(s=0,S=70)",42,2,0.0,70.0
0.09181784524250278,4488.8,0,1246.8400000000001,1272.2,"sS(s=0,S=70)",42,3,0.0,70.0
0.18625192012288785,4027.3,2,1208.04,1236.9,"sS(s=0,S=70)",42,4,0.0,70.0
0.10319573901464714,4792.2,2,1264.1,1276.3,"sS(s=0,S=70)",42,5,0.0,70.0
0.2581648522550544,4001.1,2,1191.48,1213.1,"sS(s=0,S=70)",42,6,0.0,70.0
0.12142080463936208,4349.3,1,1243.8799999999999,1291.1,"sS(s=0,S=70)",42,7,0.0,70.0
0.14520848573518655,4491.6,2,1339.14,1384.2,"sS(s=0,S=70)",42,8,0.0,70.0
0.10424448217317488,4786.1,0,1235.6399999999999,1237.3,"sS(s=0,S=70)",42,9,0.0,70.0
0.17013639626704954,4256.8,3,1145.42,1146.7,"sS(s=0,S=70)",42,10,0.0,70.0
0.07635009310986965,4102.5,0,1266.52,1316.4,"sS(s=0,S=70)",42,11,0.0,70.0
0.18133988074359875,4415.1,0,1231.28,1263.6,"sS(s=0,S=70)",42,12,0.0,70.0
0.08823529411764706,4336.4,2,1133.94,1162.2,"sS(s=0,S=70)",42,13,0.0,70.0
0.12308868501529052,4250.8,3,1114.96,1145.2,"sS(s=0,S=70)",42,14,0.0,70.0
0.08796296296296297,4337.9,2,1357.9999999999998,1448.6,"sS(s=0,S=70)",42,15,0.0,70.0
0.15657698056801195,4237.0,1,1338.7599999999998,1423.1,"sS(s=0,S=70)",42,16,0.0,70.0
0.13098591549295774,4761.1,2,1207.8999999999999,1224.6,"sS(s=0,S=70)",42,17,0.0,70.0
0.0966235632183908,4561.9,1,1217.36,1265.6,"sS(s=0,S=70)",42,18,0.0,70.0
0.17049808429118773,3904.7,2,1182.6,1218.0,"sS(s=0,S=70)",42,19,0.0,70.0
0.10987831066571224,4444.7,1,1395.72,1432.4,"sS(s=0,S=70)",42,20,0.0,70.0
0.16729259132809832,4542.1,3,1338.2,1351.4,"sS(s=0,S=70)",42,21,0.0,70.0
0.16671949286846277,5280.2,2,1594.74,1674.0,"sS(s=0,S=70)",42,22,0.0,70.0
0.23277074542897327,4887.3,3,1360.34,1415.8,"sS(s=0,S=70)",42,23,0.0,70.0
0.05539671193709793,4203.5,1,1027.72,1045.0,"sS(s=0,S=70)",42,24,0.0,70.0
0.11037140854940435,4394.1,0,1206.94,1215.9,"sS(s=0,S=70)",42,25,0.0,70.0
0.13415545590433484,4266.5,6,1240.0,1254.5,"sS(s=0,S=70)",42,26,0.0,70.0
0.08679986898132984,4881.9,4,1494.52,1551.9,"sS(s=0,S=70)",42,27,0.0,70.0
0.14296814296814297,3898.9,0,1108.78,1158.5,"sS(s=0,S=70)",42,28,0.0,70.0
0.14632379572618617,4067.5,0,1351.82,1448.9,"sS(s=0,S=70)",42,29,0.0,70.0
0.11903064861012116,4291.4,0,1209.72,1261.9,"sS(s=0,S=70)",42,30,0.0,70.0
0.08708912233141308,4920.2,0,1341.8,1364.0,"sS(s=0,S=70)",42,31,0.0,70.0
0.13425925925925927,4444.5,0,1082.06,1091.0,"sS(s=0,S=70)",42,32,0.0,70.0
0.2457689477557027,4363.7,1,1546.5399999999997,1688.1,"sS(s=0,S=70)",42,33,0.0,70.0
0.12524010756819054,4295.6,3,1329.84,1417.9,"sS(s=0,S=70)",42,34,0.0,70.0
0.14707023670935196,3976.2,0,1007.26,1022.9,"sS(s=0,S=70)",42,35,0.0,70.0
0.0826811840762164,4946.3,2,1411.1599999999999,1490.3,"sS(s=0,S=70)",42,36,0.0,70.0
0.19095477386934673,4334.5,3,1193.34,1214.1,"sS(s=0,S=70)",42,37,0.0,70.0
0.1590118302018093,4649.1,0,1506.36,1627.2,"sS(s=0,S=70)",42,38,0.0,70.0
0.18418907905460472,3993.5,2,1228.14,1274.9,"sS(s=0,S=70)",42,39,0.0,70.0
0.17714723926380369,4065.9,4,1116.6200000000001,1125.9,"sS(s=0,S=70)",42,40,0.0,70.0
0.138898756660746,4451.1,0,1130.6599999999999,1176.5,"sS(s=0,S=70)",42,41,0.0,70.0
0.15957808778496088,4889.7,1,1301.4,1309.0,"sS(s=0,S=70)",42,42,0.0,70.0
0.14262494920763918,4159.3,3,1057.56,1063.8,"sS(s=0,S=70)",42,43,0.0,70.0
0.07600700525394045,4233.7,0,1163.3999999999999,1208.0,"sS(s=0,S=70)",42,44,0.0,70.0
0.19924098671726756,4189.9,0,1147.96,1185.7,"sS(s=0,S=70)",42,45,0.0,70.0
0.09840954274353876,4990.6,0,1428.1999999999998,1508.5,"sS(s=0,S=70)",42,46,0.0,70.0
0.14674681753889673,4724.9,1,1346.0,1423.5,"sS(s=0,S=70)",42,47,0.0,70.0
0.2,3958.1,0,1161.6599999999999,1181.8,"sS(s=0,S=70)",42,48,0.0,70.0
0.08639308855291576,4557.0,8,1295.96,1341.2,"sS(s=0,S=70)",42,49,0.0,70.0
0.152561669829222,4445.2,6,1145.8799999999999,1148.6,"sS(s=0,S=75)",42,0,0.0,75.0
0.13396432471787403,4089.2,0,1090.42,1092.5,"sS(s=0,S=75)",42,1,0.0,75.0
0.10921739130434782,4597.2,1,1259.1,1295.5,"sS(s=0,S=75)",42,2,0.0,75.0
0.09922251018141429,4430.8,0,1250.1599999999999,1332.2,"sS(s=0,S=75)",42,3,0.0,75.0
0.19047619047619047,4098.1,2,1372.82,1446.0,"sS(s=0,S=75)",42,4,0.0,75.0
0.131491344873502,4743.5,2,1267.5,1275.3,"sS(s=0,S=75)",42,5,0.0,75.0
0.2931570762052877,3934.1,2,1205.48,1225.6,"sS(s=0,S=75)",42,6,0.0,75.0
0.14679231605654222,4277.3,1,1255.8799999999999,1303.6,"sS(s=0,S=75)",42,7,0.0,75.0
0.18141916605705927,4439.1,2,1361.6399999999999,1437.8,"sS(s=0,S=75)",42,8,0.0,75.0
0.09541595925297114,4697.2,0,1238.3,1239.0,"sS(s=0,S=75)",42,9,0.0,75.0
0.19669777458722182,4249.2,3,1169.22,1171.6,"sS(s=0,S=75)",42,10,0.0,75.0
0.07672253258845438,4092.6,0,1275.52,1332.4,"sS(s=0,S=75)",42,11,0.0,75.0
0.1971238162048404,4354.6,0,1200.98,1219.6,"sS(s=0,S=75)",42,12,0.0,75.0
0.10130718954248366,4348.0,2,1233.94,1293.2,"sS(s=0,S=75)",42,13,0.0,75.0
0.17851681957186544,4436.5,4,1148.54,1152.5,"sS(s=0,S=75)",42,14,0.0,75.0
0.13247863247863248,4421.4,3,1308.54,1374.5,"sS(s=0,S=75)",42,15,0.0,75.0
0.15396113602391628,4254.1,2,1286.7599999999998,1366.1,"sS(s=0,S=75)",42,16,0.0,75.0
0.1538732394366197,4706.1,2,1190.8999999999999,1211.6,"sS(s=0,S=75)",42,17,0.0,75.0
0.11997126436781609,4498.4,1,1202.36,1252.6,"sS(s=0,S=75)",42,18,0.0,75.0
0.2095785440613027,3892.0,3,1172.6,1203.0,"sS(s=0,S=75)",42,19,0.0,75.0
0.13385826771653545,4449.9,1,1391.0600000000002,1408.9,"sS(s=0,S=75)",42,20,0.0,75.0
0.19460566746329805,4456.1,3,1320.5,1332.4,"sS(s=0,S=75)",42,21,0.0,75.0
0.1889064976228209,5297.2,2,1589.94,1669.0,"sS(s=0,S=75)",42,22,0.0,75.0
0.25562587904360057,4764.1,3,1345.54,1402.3,"sS(s=0,S=75)",42,23,0.0,75.0
0.0696926375982845,4187.5,1,1072.92,1077.4,"sS(s=0,S=75)",42,24,0.0,75.0
0.13139453398738613,4320.6,0,1202.44,1217.4,"sS(s=0,S=75)",42,25,0.0,75.0
0.17152466367713004,4235.0,6,1244.0,1257.0,"sS(s=0,S=75)",42,26,0.0,75.0
0.10153946937438585,4797.9,4,1479.52,1542.9,"sS(s=0,S=75)",42,27,0.0,75.0
0.17016317016317017,3823.4,0,1083.1399999999999,1130.0,"sS(s=0,S=75)",42,28,0.0,75.0
0.1680550525172039,3989.6,0,1327.22,1415.4,"sS(s=0,S=75)",42,29,0.0,75.0
0.14397719173200285,4209.9,0,1220.1200000000001,1274.9,"sS(s=0,S=75)",42,30,0.0,75.0
0.10572687224669604,4862.7,0,1319.8,1334.0,"sS(s=0,S=75)",42,31,0.0,75.0
0.16274928774928774,4374.0,0,1085.56,1101.0,"sS(s=0,S=75)",42,32,0.0,75.0
0.26600441501103755,4303.7,1,1561.4399999999998,1715.1,"sS(s=0,S=75)",42,33,0.0,75.0
0.1790242028428736,4321.8,3,1461.6399999999999,1579.9,"sS(s=0,S=75)",42,34,0.0,75.0
0.17617384555684906,3905.2,0,1000.86,1025.4,"sS(s=0,S=75)",42,35,0.0,75.0
0.10479755018713849,4904.8,2,1405.4599999999998,1487.8,"sS(s=0,S=75)",42,36,0.0,75.0
0.20351758793969849,4302.5,3,1207.1399999999999,1238.6,"sS(s=0,S=75)",42,37,0.0,75.0
0.19206680584551147,4661.0,0,1552.76,1685.2,"sS(s=0,S=75)",42,38,0.0,75.0
0.21678891605541972,3864.0,2,1200.04,1263.9,"sS(s=0,S=75)",42,39,0.0,75.0
0.1598926380368098,4119.4,4,1081.2,1088.0,"sS(s=0,S=75)",42,40,0.0,75.0
0.16376554174067495,4453.1,0,1236.1599999999999,1313.0,"sS(s=0,S=75)",42,41,0.0,75.0
0.18679823069071114,4991.4,1,1338.3600000000001,1352.7,"sS(s=0,S=75)",42,42,0.0,75.0
0.17310036570499795,4115.8,3,1058.6599999999999,1059.8,"sS(s=0,S=75)",42,43,0.0,75.0
0.09912434325744308,4215.3,0,1123.3999999999999,1158.0,"sS(s=0,S=75)",42,44,0.0,75.0
0.2049335863377609,4184.6,0,1140.36,1173.7,"sS(s=0,S=75)",42,45,0.0,75.0
0.1265738899933731,4931.1,0,1415.3999999999999,1490.0,"sS(s=0,S=75)",42,46,0.0,75.0
0.16973125884016974,4667.9,1,1313.0,1389.5,"sS(s=0,S=75)",42,47,0.0,75.0
0.22156862745098038,3981.1,0,1166.26,1184.8,"sS(s=0,S=75)",42,48,0.0,75.0
0.10727141828653708,4554.1,7,1314.56,1331.7,"sS(s=0,S=75)",42,49,0.0,75.0
0.17571157495256168,4388.3,5,1259.32,1287.9,"sS(s=0,S=80)",42,0,0.0,80.0
0.16672733891518018,4009.2,0,1089.42,1094.5,"sS(s=0,S=80)",42,1,0.0,80.0
0.13356521739130434,4530.7,1,1230.3,1268.0,"sS(s=0,S=80)",42,2,0.0,80.0
0.12884116993706035,4378.8,0,1231.56,1323.2,"sS(s=0,S=80)",42,3,0.0,80.0
0.2196620583717358,4037.6,2,1367.52,1442.5,"sS(s=0,S=80)",42,4,0.0,80.0
0.14314247669773636,4780.2,2,1284.1,1290.8,"sS(s=0,S=80)",42,5,0.0,80.0
0.29704510108864696,4016.8,2,1219.48,1238.1,"sS(s=0,S=80)",42,6,0.0,80.0
0.15295396882928597,4362.0,1,1251.9799999999998,1316.1,"sS(s=0,S=80)",42,7,0.0,80.0
0.2121433796634967,4301.5,2,1342.9399999999998,1422.3,"sS(s=0,S=80)",42,8,0.0,80.0
0.11748726655348048,4632.2,0,1241.8,1249.0,"sS(s=0,S=80)",42,9,0.0,80.0
0.22541277817659727,4162.2,2,1173.82,1174.1,"sS(s=0,S=80)",42,10,0.0,80.0
0.09906890130353818,4018.6,0,1252.52,1308.4,"sS(s=0,S=80)",42,11,0.0,80.0
0.21290775166608208,4376.6,0,1236.6799999999998,1258.1,"sS(s=0,S=80)",42,12,0.0,80.0
0.11147421931735657,4289.0,2,1093.94,1124.2,"sS(s=0,S=80)",42,13,0.0,80.0
0.20718654434250763,4394.0,4,1141.64,1147.0,"sS(s=0,S=80)",42,14,0.0,80.0
0.16631054131054132,4351.9,3,1298.84,1371.0,"sS(s=0,S=80)",42,15,0.0,80.0
0.17825112107623317,4268.8,2,1283.9599999999998,1328.1,"sS(s=0,S=80)",42,16,0.0,80.0
0.18098591549295776,4732.3,2,1190.1399999999999,1198.6,"sS(s=0,S=80)",42,17,0.0,80.0
0.14331896551724138,4434.9,1,1189.08,1239.6,"sS(s=0,S=80)",42,18,0.0,80.0
0.19195402298850575,3860.6,2,1098.6799999999998,1108.1,"sS(s=0,S=80)",42,19,0.0,80.0
0.15891195418754475,4385.4,1,1370.46,1385.4,"sS(s=0,S=80)",42,20,0.0,80.0
0.22362581085694777,4450.8,3,1255.14,1260.4,"sS(s=0,S=80)",42,21,0.0,80.0
0.21109350237717908,5245.7,2,1585.1399999999999,1664.0,"sS(s=0,S=80)",42,22,0.0,80.0
0.2630098452883263,4946.5,3,1332.84,1388.8,"sS(s=0,S=80)",42,23,0.0,80.0
0.0954253037884203,4184.7,1,1049.16,1065.0,"sS(s=0,S=80)",42,24,0.0,80.0
0.15241765942536792,4294.8,0,1182.2,1218.9,"sS(s=0,S=80)",42,25,0.0,80.0
0.20889387144992527,4274.9,5,1248.0,1259.5,"sS(s=0,S=80)",42,26,0.0,80.0
0.09105797576154602,4778.2,4,1464.52,1533.9,"sS(s=0,S=80)",42,27,0.0,80.0
0.1519036519036519,3892.7,0,1112.2199999999998,1181.8,"sS(s=0,S=80)",42,28,0.0,80.0
0.19014849692140529,3966.6,0,1302.62,1381.9,"sS(s=0,S=80)",42,29,0.0,80.0
0.16892373485388454,4128.4,0,1230.52,1287.9,"sS(s=0,S=80)",42,30,0.0,80.0
0.124364622161979,4805.2,0,1297.8,1304.0,"sS(s=0,S=80)",42,31,0.0,80.0
0.16915954415954415,4376.6,0,1084.74,1111.0,"sS(s=0,S=80)",42,32,0.0,80.0
0.2862398822663723,4243.7,1,1576.3399999999997,1742.1,"sS(s=0,S=80)",42,33,0.0,80.0
0.20783711102573954,4270.3,3,1444.6399999999999,1555.9,"sS(s=0,S=80)",42,34,0.0,80.0
0.20372526193247964,3834.2,0,994.46,1027.9,"sS(s=0,S=80)",42,35,0.0,80.0
0.12691391629806056,4863.3,2,1399.7599999999998,1485.3,"sS(s=0,S=80)",42,36,0.0,80.0
0.2189519023689878,4239.3,3,1160.48,1167.4,"sS(s=0,S=80)",42,37,0.0,80.0
0.22512178148921363,4686.8,0,1517.56,1641.2,"sS(s=0,S=80)",42,38,0.0,80.0
0.20089649551752242,3796.8,3,1245.9999999999998,1327.6,"sS(s=0,S=80)",42,39,0.0,80.0
0.19248466257668712,4058.9,4,1084.1,1098.0,"sS(s=0,S=80)",42,40,0.0,80.0
0.21740674955595027,4408.3,0,1189.6599999999999,1238.3,"sS(s=0,S=80)",42,41,0.0,80.0
0.2140183735964614,4953.9,1,1319.56,1326.7,"sS(s=0,S=80)",42,42,0.0,80.0
0.20357578220235675,4062.3,2,1069.6399999999999,1075.6,"sS(s=0,S=80)",42,43,0.0,80.0
0.07810858143607706,4114.3,0,1117.0,1150.0,"sS(s=0,S=80)",42,44,0.0,80.0
0.23719165085388993,4130.6,0,1132.76,1161.7,"sS(s=0,S=80)",42,45,0.0,80.0
0.15540092776673295,4951.8,0,1530.6,1631.5,"sS(s=0,S=80)",42,46,0.0,80.0
0.19731258840169733,4532.2,1,1285.46,1355.5,"sS(s=0,S=80)",42,47,0.0,80.0
0.21215686274509804,3914.2,0,1102.46,1103.1,"sS(s=0,S=80)",42,48,0.0,80.0
0.15442764578833693,4587.8,7,1265.44,1271.0,"sS(s=0,S=80)",42,49,0.0,80.0
0.16888045540796964,4438.8,7,1240.76,1262.2,"sS(s=0,S=85)",42,0,0.0,85.0
0.19949035311248633,4014.8,0,1132.66,1141.7,"sS(s=0,S=85)",42,1,0.0,85.0
0.09530434782608696,4531.2,1,1274.76,1317.0,"sS(s=0,S=85)",42,2,0.0,85.0
0.1281007034431692,4403.6,0,1228.32,1314.2,"sS(s=0,S=85)",42,3,0.0,85.0
0.24423963133640553,3967.1,1,1354.2199999999998,1429.0,"sS(s=0,S=85)",42,4,0.0,85.0
0.1408122503328895,4652.3,2,1259.1599999999999,1278.3,"sS(s=0,S=85)",42,5,0.0,85.0
0.3300933125972006,3960.3,2,1233.48,1250.6,"sS(s=0,S=85)",42,6,0.0,85.0
0.1728887277999275,4301.0,1,1263.08,1328.6,"sS(s=0,S=85)",42,7,0.0,85.0
0.24725676664228238,4156.2,2,1324.2399999999998,1406.8,"sS(s=0,S=85)",42,8,0.0,85.0
0.13955857385398981,4567.2,0,1245.3,1259.0,"sS(s=0,S=85)",42,9,0.0,85.0
0.2236180904522613,4164.0,3,1166.9399999999998,1176.6,"sS(s=0,S=85)",42,10,0.0,85.0
0.11173184357541899,3942.4,0,1209.52,1259.4,"sS(s=0,S=85)",42,11,0.0,85.0
0.20448965275341985,4286.2,0,1273.1799999999998,1284.6,"sS(s=0,S=85)",42,12,0.0,85.0
0.12599854756717502,4231.5,2,1073.94,1105.2,"sS(s=0,S=85)",42,13,0.0,85.0
0.23585626911314986,4341.5,3,1126.74,1131.5,"sS(s=0,S=85)",42,14,0.0,85.0
0.20014245014245013,4368.1,3,1345.9399999999998,1438.5,"sS(s=0,S=85)",42,15,0.0,85.0
0.20254110612855009,4213.8,2,1269.9599999999998,1316.1,"sS(s=0,S=85)",42,16,0.0,85.0
0.20211267605633804,4597.4,2,1175.82,1187.7,"sS(s=0,S=85)",42,17,0.0,85.0
0.1655890804597701,4386.5,2,1326.6799999999998,1411.6,"sS(s=0,S=85)",42,18,0.0,85.0
0.2689655172413793,3971.1,2,1086.76,1090.7,"sS(s=0,S=85)",42,19,0.0,85.0
0.1796707229778096,4309.9,1,1328.02,1402.2,"sS(s=0,S=85)",42,20,0.0,85.0
0.22772277227722773,4271.0,2,1330.84,1375.0,"sS(s=0,S=85)",42,21,0.0,85.0
0.23328050713153725,5194.2,2,1580.34,1659.0,"sS(s=0,S=85)",42,22,0.0,85.0
0.23769338959212377,4979.3,3,1453.2399999999998,1536.8,"sS(s=0,S=85)",42,23,0.0,85.0
0.11686919228020014,4105.7,1,1052.56,1075.0,"sS(s=0,S=85)",42,24,0.0,85.0
0.14505956552207427,4336.7,0,1208.8200000000002,1220.4,"sS(s=0,S=85)",42,25,0.0,85.0
0.24626307922272048,4250.4,5,1252.0,1262.0,"sS(s=0,S=85)",42,26,0.0,85.0
0.14248280379954142,4832.7,5,1424.08,1493.1,"sS(s=0,S=85)",42,27,0.0,85.0
0.18298368298368298,3828.2,0,1090.58,1159.8,"sS(s=0,S=85)",42,28,0.0,85.0
0.17421224194132562,3954.6,0,1210.04,1264.9,"sS(s=0,S=85)",42,29,0.0,85.0
0.19885958660014255,4133.9,0,1308.38,1363.9,"sS(s=0,S=85)",42,30,0.0,85.0
0.14300237207726194,4747.7,0,1281.2,1283.0,"sS(s=0,S=85)",42,31,0.0,85.0
0.22364672364672364,4319.1,0,1109.78,1121.0,"sS(s=0,S=85)",42,32,0.0,85.0
0.30647534952170713,4271.2,1,1591.2399999999998,1769.1,"sS(s=0,S=85)",42,33,0.0,85.0
0.23665001920860546,4133.9,3,1427.6399999999999,1531.9,"sS(s=0,S=85)",42,34,0.0,85.0
0.23205277454404347,3851.1,0,1016.8600000000001,1030.4,"sS(s=0,S=85)",42,35,0.0,85.0
0.10105478053759782,4722.7,2,1303.02,1369.0,"sS(s=0,S=85)",42,36,0.0,85.0
0.21428571428571427,4268.5,3,1162.52,1186.4,"sS(s=0,S=85)",42,37,0.0,85.0
0.2522616562282533,4637.8,0,1482.36,1597.2,"sS(s=0,S=85)",42,38,0.0,85.0
0.23145884270578648,3812.1,2,1302.84,1404.9,"sS(s=0,S=85)",42,39,0.0,85.0
0.21088957055214724,4065.2,3,1102.76,1108.0,"sS(s=0,S=85)",42,40,0.0,85.0
0.19573712255772646,4478.8,0,1217.74,1255.3,"sS(s=0,S=85)",42,41,0.0,85.0
0.24123851650221165,4916.4,1,1300.94,1301.0,"sS(s=0,S=85)",42,42,0.0,85.0
0.2303941487200325,4114.1,3,1086.04,1097.1,"sS(s=0,S=85)",42,43,0.0,85.0
0.07250437828371278,4187.7,0,1105.0,1135.0,"sS(s=0,S=85)",42,44,0.0,85.0
0.2618595825426945,4238.8,0,1195.4799999999998,1237.6,"sS(s=0,S=85)",42,45,0.0,85.0
0.1918489065606362,4899.8,0,1525.8,1623.0,"sS(s=0,S=85)",42,46,0.0,85.0
0.16831683168316833,4456.6,1,1313.96,1390.5,"sS(s=0,S=85)",42,47,0.0,85.0
0.25098039215686274,4128.7,0,1089.82,1114.1,"sS(s=0,S=85)",42,48,0.0,85.0
0.15046796256299497,4527.9,7,1143.28,1145.6,"sS(s=0,S=85)",42,49,0.0,85.0
0.19165085388994307,4379.3,5,1215.16,1227.7,"sS(s=0,S=90)",42,0,0.0,90.0
0.23006916636330543,3953.9,0,1127.8600000000001,1135.2,"sS(s=0,S=90)",42,1,0.0,90.0
0.12139130434782609,4560.2,1,1320.6599999999999,1384.0,"sS(s=0,S=90)",42,2,0.0,90.0
0.161421695668271,4448.3,0,1243.82,1305.2,"sS(s=0,S=90)",42,3,0.0,90.0
0.2672811059907834,3906.6,1,1348.9199999999998,1425.5,"sS(s=0,S=90)",42,4,0.0,90.0
0.1711051930758988,4699.6,2,1273.1599999999999,1299.3,"sS(s=0,S=90)",42,5,0.0,90.0
0.32776049766718507,4069.9,2,1391.4799999999998,1443.1,"sS(s=0,S=90)",42,6,0.0,90.0
0.1674519753533889,4229.5,1,1274.1799999999998,1341.1,"sS(s=0,S=90)",42,7,0.0,90.0
0.24433065106071689,4339.4,2,1323.56,1391.3,"sS(s=0,S=90)",42,8,0.0,90.0
0.12461799660441426,4575.6,0,1235.8799999999999,1269.0,"sS(s=0,S=90)",42,9,0.0,90.0
0.1934673366834171,4058.8,3,1168.1399999999999,1179.1,"sS(s=0,S=90)",42,10,0.0,90.0
0.1378026070763501,3870.9,0,1190.52,1240.4,"sS(s=0,S=90)",42,11,0.0,90.0
0.22553490003507543,4230.7,0,1246.8799999999999,1249.6,"sS(s=0,S=90)",42,12,0.0,90.0
0.14052287581699346,4174.0,2,1053.94,1086.2,"sS(s=0,S=90)",42,13,0.0,90.0
0.2702599388379205,4203.9,2,1187.02,1270.6,"sS(s=0,S=90)",42,14,0.0,90.0
0.23397435897435898,4405.1,4,1290.6399999999999,1330.5,"sS(s=0,S=90)",42,15,0.0,90.0
0.22683109118086697,4158.8,2,1255.9599999999998,1304.1,"sS(s=0,S=90)",42,16,0.0,90.0
0.19859154929577466,4627.7,2,1305.42,1356.2,"sS(s=0,S=90)",42,17,0.0,90.0
0.20150862068965517,4320.5,1,1345.08,1434.6,"sS(s=0,S=90)",42,18,0.0,90.0
0.2674329501915709,3900.8,2,1207.6399999999999,1261.7,"sS(s=0,S=90)",42,19,0.0,90.0
0.20651395848246243,4246.4,1,1331.02,1414.7,"sS(s=0,S=90)",42,20,0.0,90.0
0.24581768521679753,4302.2,2,1315.6399999999999,1360.0,"sS(s=0,S=90)",42,21,0.0,90.0
0.2554675118858954,5053.0,2,1575.54,1654.0,"sS(s=0,S=90)",42,22,0.0,90.0
0.2587904360056259,4948.8,3,1452.04,1532.8,"sS(s=0,S=90)",42,23,0.0,90.0
0.15868477483917084,4309.2,1,1094.6599999999999,1111.6,"sS(s=0,S=90)",42,24,0.0,90.0
0.14050455501051157,4175.5,0,1205.3200000000002,1221.9,"sS(s=0,S=90)",42,25,0.0,90.0
0.23542600896860988,4221.1,4,1262.6399999999999,1272.8,"sS(s=0,S=90)",42,26,0.0,90.0
0.15722240419259745,4757.4,4,1378.6799999999998,1446.1,"sS(s=0,S=90)",42,27,0.0,90.0
0.21406371406371405,3763.7,0,1073.78,1137.8,"sS(s=0,S=90)",42,28,0.0,90.0
0.1553784860557769,4028.5,0,1165.54,1227.4,"sS(s=0,S=90)",42,29,0.0,90.0
0.23200285103349966,4152.5,0,1269.48,1313.9,"sS(s=0,S=90)",42,30,0.0,90.0
0.13588614029142662,4862.7,0,1327.4,1335.4,"sS(s=0,S=90)",42,31,0.0,90.0
0.25925925925925924,4255.6,0,1114.68,1131.0,"sS(s=0,S=90)",42,32,0.0,90.0
0.32671081677704195,4311.6,1,1649.8199999999997,1838.1,"sS(s=0,S=90)",42,33,0.0,90.0
0.26392623895505185,4058.9,1,1410.6399999999999,1507.9,"sS(s=0,S=90)",42,34,0.0,90.0
0.26581296080714006,3699.8,0,1024.96,1032.9,"sS(s=0,S=90)",42,35,0.0,90.0
0.11806736985369173,4664.7,1,1267.32,1329.0,"sS(s=0,S=90)",42,36,0.0,90.0
0.23941134242641782,4242.0,3,1172.92,1205.4,"sS(s=0,S=90)",42,37,0.0,90.0
0.27383437717466946,4588.8,0,1449.12,1553.2,"sS(s=0,S=90)",42,38,0.0,90.0
0.26202118989405054,3748.1,1,1288.24,1392.9,"sS(s=0,S=90)",42,39,0.0,90.0
0.25306748466257667,4009.7,3,1108.36,1118.0,"sS(s=0,S=90)",42,40,0.0,90.0
0.2092362344582593,4431.2,0,1223.6399999999999,1263.3,"sS(s=0,S=90)",42,41,0.0,90.0
0.2684586594079619,4878.9,1,1303.74,1311.0,"sS(s=0,S=90)",42,42,0.0,90.0
0.25639983746444533,4158.9,2,1084.6,1118.6,"sS(s=0,S=90)",42,43,0.0,90.0
0.10122591943957969,4290.9,0,1148.1200000000001,1188.9,"sS(s=0,S=90)",42,44,0.0,90.0
0.2998102466793169,4198.8,0,1195.08,1234.6,"sS(s=0,S=90)",42,45,0.0,90.0
0.22498343273691188,4856.2,0,1521.0,1614.5,"sS(s=0,S=90)",42,46,0.0,90.0
0.19024045261669023,4486.3,1,1376.06,1467.5,"sS(s=0,S=90)",42,47,0.0,90.0
0.2823529411764706,4101.2,0,1094.32,1125.1,"sS(s=0,S=90)",42,48,0.0,90.0
0.17746580273578114,4478.9,7,1127.08,1128.6,"sS(s=0,S=90)",42,49,0.0,90.0
0.2159392789373814,4245.2,5,1161.72,1175.0,"sS(s=0,S=95)",42,0,0.0,95.0
0.25555151073898796,3922.4,0,1123.06,1128.7,"sS(s=0,S=95)",42,1,0.0,95.0
0.14747826086956523,4504.2,1,1298.56,1366.0,"sS(s=0,S=95)",42,2,0.0,95.0
0.19474268789337282,4408.3,0,1240.22,1296.2,"sS(s=0,S=95)",42,3,0.0,95.0
0.23809523809523808,3913.0,1,1324.9199999999998,1422.0,"sS(s=0,S=95)",42,4,0.0,95.0
0.20372836218375498,4576.7,2,1288.86,1320.3,"sS(s=0,S=95)",42,5,0.0,95.0
0.3499222395023328,4027.4,2,1413.4799999999998,1465.6,"sS(s=0,S=95)",42,6,0.0,95.0
0.2138455962305183,4180.9,1,1285.28,1353.6,"sS(s=0,S=95)",42,7,0.0,95.0
0.24286759326993415,4259.4,1,1317.6,1375.8,"sS(s=0,S=95)",42,8,0.0,95.0
0.1500848896434635,4515.1,0,1237.28,1279.0,"sS(s=0,S=95)",42,9,0.0,95.0
0.22218234027279254,3985.3,3,1169.34,1181.6,"sS(s=0,S=95)",42,10,0.0,95.0
0.17057728119180632,3991.2,0,1286.72,1317.9,"sS(s=0,S=95)",42,11,0.0,95.0
0.24658014731673097,4272.2,0,1298.1799999999998,1311.6,"sS(s=0,S=95)",42,12,0.0,95.0
0.15649963689179375,4317.7,3,1186.22,1257.2,"sS(s=0,S=95)",42,13,0.0,95.0
0.2989296636085627,4157.4,2,1184.4799999999998,1267.6,"sS(s=0,S=95)",42,14,0.0,95.0
0.26282051282051283,4347.6,4,1267.74,1308.0,"sS(s=0,S=95)",42,15,0.0,95.0
0.2156203288490284,4078.1,1,1367.4799999999998,1460.1,"sS(s=0,S=95)",42,16,0.0,95.0
0.23661971830985915,4585.6,2,1298.86,1354.5,"sS(s=0,S=95)",42,17,0.0,95.0
0.23742816091954022,4264.5,1,1363.4799999999998,1457.6,"sS(s=0,S=95)",42,18,0.0,95.0
0.29808429118773944,3839.8,2,1209.54,1262.7,"sS(s=0,S=95)",42,19,0.0,95.0
0.13707945597709378,4347.0,2,1267.42,1301.2,"sS(s=0,S=95)",42,20,0.0,95.0
0.27074086719016727,4562.4,2,1248.18,1264.8,"sS(s=0,S=95)",42,21,0.0,95.0
0.24437400950871632,5149.8,1,1570.74,1649.0,"sS(s=0,S=95)",42,22,0.0,95.0
0.279887482419128,4918.3,3,1450.84,1528.8,"sS(s=0,S=95)",42,23,0.0,95.0
0.19263759828448893,4345.8,1,1092.52,1099.5,"sS(s=0,S=95)",42,24,0.0,95.0
0.16152768044849333,4205.9,0,1201.8200000000002,1223.4,"sS(s=0,S=95)",42,25,0.0,95.0
0.26121076233183854,4268.3,3,1252.0,1257.0,"sS(s=0,S=95)",42,26,0.0,95.0
0.17490992466426467,4594.3,3,1345.06,1409.1,"sS(s=0,S=95)",42,27,0.0,95.0
0.2233877233877234,3783.5,0,1067.3999999999999,1115.8,"sS(s=0,S=95)",42,28,0.0,95.0
0.2049981890619341,3980.0,0,1164.3400000000001,1189.9,"sS(s=0,S=95)",42,29,0.0,95.0
0.2384176764076978,4255.8,0,1190.1,1213.3,"sS(s=0,S=95)",42,30,0.0,95.0
0.15079634022365299,4711.2,0,1291.96,1303.0,"sS(s=0,S=95)",42,31,0.0,95.0
0.29914529914529914,4287.9,0,1119.58,1141.0,"sS(s=0,S=95)",42,32,0.0,95.0
0.34694628403237676,4364.8,1,1639.2199999999998,1820.1,"sS(s=0,S=95)",42,33,0.0,95.0
0.2535535920092201,4181.6,1,1317.8799999999999,1389.2,"sS(s=0,S=95)",42,34,0.0,95.0
0.306558013193636,3635.3,0,1033.0600000000002,1035.4,"sS(s=0,S=95)",42,35,0.0,95.0
0.13780197346036066,4817.5,2,1400.2599999999998,1499.8,"sS(s=0,S=95)",42,36,0.0,95.0
0.2814070351758794,4339.8,3,1211.76,1224.4,"sS(s=0,S=95)",42,37,0.0,95.0
0.29471120389700767,4539.8,0,1419.32,1509.2,"sS(s=0,S=95)",42,38,0.0,95.0
0.2925835370823146,3694.1,1,1281.6399999999999,1390.9,"sS(s=0,S=95)",42,39,0.0,95.0
0.22737730061349692,3938.0,4,1105.04,1123.0,"sS(s=0,S=95)",42,40,0.0,95.0
0.22877442273534637,4368.2,0,1144.02,1164.4,"sS(s=0,S=95)",42,41,0.0,95.0
0.2953385505273903,4738.4,1,1306.54,1321.0,"sS(s=0,S=95)",42,42,0.0,95.0
0.2848435595286469,4129.9,2,1100.3999999999999,1140.1,"sS(s=0,S=95)",42,43,0.0,95.0
0.12259194395796848,4225.6,0,1234.3799999999999,1296.2,"sS(s=0,S=95)",42,44,0.0,95.0
0.266034155597723,4218.1,0,1133.5600000000002,1137.4,"sS(s=0,S=95)",42,45,0.0,95.0
0.2551358515573227,4814.7,0,1516.1999999999998,1606.0,"sS(s=0,S=95)",42,46,0.0,95.0
0.214992927864215,4431.8,1,1359.04,1443.5,"sS(s=0,S=95)",42,47,0.0,95.0
0.31058823529411766,4073.7,0,1098.82,1136.1,"sS(s=0,S=95)",42,48,0.0,95.0
0.2044636429085673,4535.2,8,1187.92,1207.0,"sS(s=0,S=95)",42,49,0.0,95.0
0.24250474383301707,4201.7,5,1164.02,1185.0,"sS(s=0,S=100)",42,0,0.0,100.0
0.2806698216235894,3890.9,0,1118.26,1122.2,"sS(s=0,S=100)",42,1,0.0,100.0
0.19443478260869565,4361.1,1,1357.28,1455.5,"sS(s=0,S=100)",42,2,0.0,100.0
0.22806368011847464,4368.3,0,1236.62,1287.2,"sS(s=0,S=100)",42,3,0.0,100.0
0.22350230414746544,3972.8,0,1292.8,1294.6,"sS(s=0,S=100)",42,4,0.0,100.0
0.24267643142476697,4807.2,2,1516.5,1560.3,"sS(s=0,S=100)",42,5,0.0,100.0
0.333203732503888,4040.0,1,1275.48,1288.1,"sS(s=0,S=100)",42,6,0.0,100.0
0.23740485683218557,4122.4,1,1296.3799999999999,1366.1,"sS(s=0,S=100)",42,7,0.0,100.0
0.3010241404535479,4227.1,1,1239.34,1260.8,"sS(s=0,S=100)",42,8,0.0,100.0
0.1969439728353141,4463.0,0,1275.84,1289.0,"sS(s=0,S=100)",42,9,0.0,100.0
0.250897343862168,3901.8,2,1170.54,1184.1,"sS(s=0,S=100)",42,10,0.0,100.0
0.22420856610800746,4342.6,0,1186.82,1251.2,"sS(s=0,S=100)",42,11,0.0,100.0
0.2676253945983865,4224.2,0,1277.8799999999999,1284.1,"sS(s=0,S=100)",42,12,0.0,100.0
0.1466957153231663,4659.3,3,1256.3,1256.6,"sS(s=0,S=100)",42,13,0.0,100.0
0.29701834862385323,4004.2,2,1183.1799999999998,1264.6,"sS(s=0,S=100)",42,14,0.0,100.0
0.28952991452991456,4290.1,4,1244.84,1285.5,"sS(s=0,S=100)",42,15,0.0,100.0
0.23804185351270554,3923.1,1,1358.2799999999997,1446.1,"sS(s=0,S=100)",42,16,0.0,100.0
0.26267605633802815,4542.3,2,1287.02,1321.0,"sS(s=0,S=100)",42,17,0.0,100.0
0.21156609195402298,4482.4,1,1222.76,1281.0,"sS(s=0,S=100)",42,18,0.0,100.0
0.32873563218390806,3778.8,2,1211.44,1263.7,"sS(s=0,S=100)",42,19,0.0,100.0
0.17036506800286327,4296.0,2,1332.46,1389.0,"sS(s=0,S=100)",42,20,0.0,100.0
0.296346876066917,4532.9,2,1236.18,1249.3,"sS(s=0,S=100)",42,21,0.0,100.0
0.2618066561014263,5104.3,1,1565.94,1644.0,"sS(s=0,S=100)",42,22,0.0,100.0
0.3009845288326301,4887.8,3,1449.6399999999999,1524.8,"sS(s=0,S=100)",42,23,0.0,100.0
0.2237312365975697,4293.8,1,1070.32,1083.5,"sS(s=0,S=100)",42,24,0.0,100.0
0.23440784863349684,4318.2,0,1094.64,1107.4,"sS(s=0,S=100)",42,25,0.0,100.0
0.28176382660687593,4250.3,3,1256.0,1259.5,"sS(s=0,S=100)",42,26,0.0,100.0
0.19456272518833934,4531.8,3,1315.06,1372.1,"sS(s=0,S=100)",42,27,0.0,100.0
0.2544677544677545,3724.5,0,1048.3999999999999,1093.8,"sS(s=0,S=100)",42,28,0.0,100.0
0.21984788120246287,3908.1,0,1132.96,1152.4,"sS(s=0,S=100)",42,29,0.0,100.0
0.27084818246614395,4199.3,0,1197.1999999999998,1220.8,"sS(s=0,S=100)",42,30,0.0,100.0
0.17282277194171466,4663.2,0,1297.26,1313.0,"sS(s=0,S=100)",42,31,0.0,100.0
0.2443019943019943,4205.0,0,1041.8200000000002,1051.4,"sS(s=0,S=100)",42,32,0.0,100.0
0.3671817512877116,4328.3,1,1628.62,1802.1,"sS(s=0,S=100)",42,33,0.0,100.0
0.28236650019208603,4136.1,1,1298.08,1361.7,"sS(s=0,S=100)",42,34,0.0,100.0
0.25339542103220797,3832.7,0,1010.0600000000001,1037.9,"sS(s=0,S=100)",42,35,0.0,100.0
0.15991833957128274,4771.0,1,1374.4399999999998,1471.3,"sS(s=0,S=100)",42,36,0.0,100.0
0.3065326633165829,4321.8,3,1223.76,1243.4,"sS(s=0,S=100)",42,37,0.0,100.0
0.255741127348643,4551.5,0,1536.76,1665.2,"sS(s=0,S=100)",42,38,0.0,100.0
0.31907090464547677,3749.3,2,1275.04,1388.9,"sS(s=0,S=100)",42,39,0.0,100.0
0.2561349693251534,3770.5,3,1092.94,1106.5,"sS(s=0,S=100)",42,40,0.0,100.0
0.23978685612788633,4426.0,0,1223.8999999999999,1266.6,"sS(s=0,S=100)",42,41,0.0,100.0
0.26573664511738687,4889.8,1,1289.54,1331.0,"sS(s=0,S=100)",42,42,0.0,100.0
0.2718407151564405,4174.4,2,1116.1999999999998,1161.6,"sS(s=0,S=100)",42,43,0.0,100.0
0.13274956217162873,4249.9,0,1248.08,1310.7,"sS(s=0,S=100)",42,44,0.0,100.0
0.2903225806451613,4182.7,0,1320.04,1385.8,"sS(s=0,S=100)",42,45,0.0,100.0
0.21868787276341947,4843.7,0,1491.5,1597.5,"sS(s=0,S=100)",42,46,0.0,100.0
0.23055162659123055,4475.3,1,1221.1,1265.7,"sS(s=0,S=100)",42,47,0.0,100.0
0.3352941176470588,4046.2,0,1103.32,1147.1,"sS(s=0,S=100)",42,48,0.0,100.0
0.2314614830813535,4483.2,7,1138.12,1149.0,"sS(s=0,S=100)",42,49,0.0,100.0
0.018975332068311195,5077.0,6,1283.8,1302.0,"sS(s=5,S=10)",42,0,5.0,10.0
0.018201674554058973,5171.0,0,1356.8,1368.0,"sS(s=5,S=10)",42,1,5.0,10.0
0.017391304347826087,5512.0,4,1536.0,1585.0,"sS(s=5,S=10)",42,2,5.0,10.0
0.018511662347278787,5119.0,0,1401.6,1428.0,"sS(s=5,S=10)",42,3,5.0,10.0
0.019201228878648235,4935.0,2,1398.8,1438.0,"sS(s=5,S=10)",42,4,5.0,10.0
0.016644474034620507,5755.0,6,1405.6,1414.0,"sS(s=5,S=10)",42,5,5.0,10.0
0.019440124416796267,4911.0,4,1344.0,1360.0,"sS(s=5,S=10)",42,6,5.0,10.0
0.01812250815512867,5250.0,1,1324.4,1352.0,"sS(s=5,S=10)",42,7,5.0,10.0
0.018288222384784197,5250.0,5,1597.8,1634.0,"sS(s=5,S=10)",42,8,5.0,10.0
0.01697792869269949,5587.0,0,1477.2,1496.0,"sS(s=5,S=10)",42,9,5.0,10.0
0.017946877243359655,5284.0,5,1312.2,1338.0,"sS(s=5,S=10)",42,10,5.0,10.0
0.0186219739292365,5067.0,0,1476.8,1522.0,"sS(s=5,S=10)",42,11,5.0,10.0
0.017537706068046298,5359.0,0,1593.2,1624.0,"sS(s=5,S=10)",42,12,5.0,10.0
0.01815541031227306,5300.0,4,1372.8,1388.0,"sS(s=5,S=10)",42,13,5.0,10.0
0.0191131498470948,5019.0,6,1373.6,1388.0,"sS(s=5,S=10)",42,14,5.0,10.0
0.017806267806267807,5348.0,4,1506.8,1529.0,"sS(s=5,S=10)",42,15,5.0,10.0
0.01868460388639761,5144.0,6,1493.0,1510.0,"sS(s=5,S=10)",42,16,5.0,10.0
0.017605633802816902,5447.0,4,1510.0,1553.0,"sS(s=5,S=10)",42,17,5.0,10.0
0.017959770114942528,5330.0,3,1411.3999999999999,1445.0,"sS(s=5,S=10)",42,18,5.0,10.0
0.019157088122605363,4932.0,5,1316.8,1358.0,"sS(s=5,S=10)",42,19,5.0,10.0
0.01789549033643522,5340.0,3,1514.6,1546.0,"sS(s=5,S=10)",42,20,5.0,10.0
0.02116763400477979,5586.2,5,1538.0,1560.0,"sS(s=5,S=10)",42,21,5.0,10.0
0.01584786053882726,6062.0,3,1663.8,1714.0,"sS(s=5,S=10)",42,22,5.0,10.0
0.017580872011251757,5505.0,5,1474.4,1482.0,"sS(s=5,S=10)",42,23,5.0,10.0
0.017869907076483203,5303.0,2,1396.4,1424.0,"sS(s=5,S=10)",42,24,5.0,10.0
0.01751927119831815,5385.0,0,1467.2,1512.0,"sS(s=5,S=10)",42,25,5.0,10.0
0.01868460388639761,5194.0,8,1389.6,1406.0,"sS(s=5,S=10)",42,26,5.0,10.0
0.016377333770062234,5913.0,7,1730.8,1754.0,"sS(s=5,S=10)",42,27,5.0,10.0
0.019425019425019424,4825.0,0,1409.6,1480.0,"sS(s=5,S=10)",42,28,5.0,10.0
0.018109380659181457,5159.0,0,1639.1999999999998,1778.0,"sS(s=5,S=10)",42,29,5.0,10.0
0.01781895937277263,5289.0,0,1360.8,1376.0,"sS(s=5,S=10)",42,30,5.0,10.0
0.016943409013893594,5619.0,0,1475.6,1498.0,"sS(s=5,S=10)",42,31,5.0,10.0
0.024572649572649572,5315.7,0,1338.4,1344.0,"sS(s=5,S=10)",42,32,5.0,10.0
0.01839587932303164,5155.9,2,1431.6,1456.0,"sS(s=5,S=10)",42,33,5.0,10.0
0.019592777564348827,4999.1,6,1514.0,1624.0,"sS(s=5,S=10)",42,34,5.0,10.0
0.019402405898331393,4851.0,0,1271.2,1300.0,"sS(s=5,S=10)",42,35,5.0,10.0
0.01701258931609391,5590.0,3,1491.6,1513.0,"sS(s=5,S=10)",42,36,5.0,10.0
0.017946877243359655,5329.0,5,1475.0,1479.0,"sS(s=5,S=10)",42,37,5.0,10.0
0.017397355601948505,5445.0,0,1602.8,1674.0,"sS(s=5,S=10)",42,38,5.0,10.0
0.020374898125509373,4690.0,4,1375.6,1392.0,"sS(s=5,S=10)",42,39,5.0,10.0
0.019171779141104295,4993.0,4,1418.8,1422.0,"sS(s=5,S=10)",42,40,5.0,10.0
0.017761989342806393,5307.0,0,1332.4,1348.0,"sS(s=5,S=10)",42,41,5.0,10.0
0.01701258931609391,5635.0,3,1644.0,1712.0,"sS(s=5,S=10)",42,42,5.0,10.0
0.02031694433157253,4694.0,2,1116.2,1122.0,"sS(s=5,S=10)",42,43,5.0,10.0
0.017513134851138354,5387.0,0,1336.0,1340.0,"sS(s=5,S=10)",42,44,5.0,10.0
0.018975332068311195,4967.0,0,1296.8,1314.0,"sS(s=5,S=10)",42,45,5.0,10.0
0.01656726308813784,5733.0,0,1674.8,1756.0,"sS(s=5,S=10)",42,46,5.0,10.0
0.01768033946251768,5438.0,2,1484.6,1502.0,"sS(s=5,S=10)",42,47,5.0,10.0
0.0196078431372549,4757.0,0,1189.6,1190.0,"sS(s=5,S=10)",42,48,5.0,10.0
0.017998560115190784,5488.0,12,1453.4,1457.0,"sS(s=5,S=10)",42,49,5.0,10.0
0.018975332068311195,4972.0,6,1250.8,1267.0,"sS(s=5,S=15)",42,0,5.0,15.0
0.018201674554058973,5056.0,0,1319.8,1333.0,"sS(s=5,S=15)",42,1,5.0,15.0
0.017391304347826087,5387.0,2,1517.0,1570.0,"sS(s=5,S=15)",42,2,5.0,15.0
0.018511662347278787,5024.0,0,1374.6,1403.0,"sS(s=5,S=15)",42,3,5.0,15.0
0.019201228878648235,4820.0,2,1365.8,1403.0,"sS(s=5,S=15)",42,4,5.0,15.0
0.016644474034620507,5620.0,5,1368.6,1379.0,"sS(s=5,S=15)",42,5,5.0,15.0
0.019440124416796267,4786.0,2,1307.0,1325.0,"sS(s=5,S=15)",42,6,5.0,15.0
0.01812250815512867,5155.0,1,1297.3999999999999,1327.0,"sS(s=5,S=15)",42,7,5.0,15.0
0.018288222384784197,5125.0,3,1554.8,1589.0,"sS(s=5,S=15)",42,8,5.0,15.0
0.01697792869269949,5482.0,0,1428.2,1441.0,"sS(s=5,S=15)",42,9,5.0,15.0
0.017946877243359655,5149.0,5,1276.2,1293.0,"sS(s=5,S=15)",42,10,5.0,15.0
0.0186219739292365,4962.0,0,1443.8,1487.0,"sS(s=5,S=15)",42,11,5.0,15.0
0.017537706068046298,5234.0,0,1572.2,1609.0,"sS(s=5,S=15)",42,12,5.0,15.0
0.01815541031227306,5195.0,3,1347.8,1363.0,"sS(s=5,S=15)",42,13,5.0,15.0
0.0191131498470948,4914.0,6,1334.6,1343.0,"sS(s=5,S=15)",42,14,5.0,15.0
0.017806267806267807,5223.0,4,1459.8,1474.0,"sS(s=5,S=15)",42,15,5.0,15.0
0.01868460388639761,4969.0,0,1446.0,1465.0,"sS(s=5,S=15)",42,16,5.0,15.0
0.017605633802816902,5332.0,3,1457.0,1498.0,"sS(s=5,S=15)",42,17,5.0,15.0
0.017959770114942528,5225.0,3,1390.3999999999999,1430.0,"sS(s=5,S=15)",42,18,5.0,15.0
0.019157088122605363,4797.0,5,1281.8,1323.0,"sS(s=5,S=15)",42,19,5.0,15.0
0.01789549033643522,5215.0,1,1489.6,1531.0,"sS(s=5,S=15)",42,20,5.0,15.0
0.026971662683509732,5472.9,5,1508.14,1525.0,"sS(s=5,S=15)",42,21,5.0,15.0
0.01584786053882726,5937.0,1,1642.8,1699.0,"sS(s=5,S=15)",42,22,5.0,15.0
0.017580872011251757,5400.0,3,1437.4,1447.0,"sS(s=5,S=15)",42,23,5.0,15.0
0.017869907076483203,5178.0,1,1351.4,1379.0,"sS(s=5,S=15)",42,24,5.0,15.0
0.01751927119831815,5270.0,0,1433.0,1477.0,"sS(s=5,S=15)",42,25,5.0,15.0
0.01868460388639761,5089.0,8,1354.6,1371.0,"sS(s=5,S=15)",42,26,5.0,15.0
0.016377333770062234,5788.0,6,1681.8,1699.0,"sS(s=5,S=15)",42,27,5.0,15.0
0.019425019425019424,4710.0,0,1366.6,1435.0,"sS(s=5,S=15)",42,28,5.0,15.0
0.018109380659181457,5024.0,0,1612.1999999999998,1753.0,"sS(s=5,S=15)",42,29,5.0,15.0
0.01781895937277263,5174.0,0,1325.8,1341.0,"sS(s=5,S=15)",42,30,5.0,15.0
0.016943409013893594,5524.0,0,1456.6,1483.0,"sS(s=5,S=15)",42,31,5.0,15.0
0.028133903133903133,5212.2,0,1295.4,1299.0,"sS(s=5,S=15)",42,32,5.0,15.0
0.018763796909492272,5027.0,1,1403.02,1431.0,"sS(s=5,S=15)",42,33,5.0,15.0
0.024971187091817133,4913.5,6,1484.0,1589.0,"sS(s=5,S=15)",42,34,5.0,15.0
0.019402405898331393,4746.0,0,1244.2,1275.0,"sS(s=5,S=15)",42,35,5.0,15.0
0.01701258931609391,5455.0,2,1456.6,1478.0,"sS(s=5,S=15)",42,36,5.0,15.0
0.017946877243359655,5204.0,4,1444.0,1454.0,"sS(s=5,S=15)",42,37,5.0,15.0
0.017397355601948505,5340.0,0,1559.8,1629.0,"sS(s=5,S=15)",42,38,5.0,15.0
0.020374898125509373,4585.0,3,1324.6,1337.0,"sS(s=5,S=15)",42,39,5.0,15.0
0.019171779141104295,4868.0,2,1377.8,1387.0,"sS(s=5,S=15)",42,40,5.0,15.0
0.017761989342806393,5192.0,0,1311.4,1333.0,"sS(s=5,S=15)",42,41,5.0,15.0
0.01701258931609391,5520.0,2,1593.0,1657.0,"sS(s=5,S=15)",42,42,5.0,15.0
0.02031694433157253,4589.0,1,1067.8,1068.0,"sS(s=5,S=15)",42,43,5.0,15.0
0.017513134851138354,5272.0,0,1307.0,1315.0,"sS(s=5,S=15)",42,44,5.0,15.0
0.018975332068311195,4862.0,0,1259.8,1279.0,"sS(s=5,S=15)",42,45,5.0,15.0
0.01656726308813784,5628.0,0,1653.8,1741.0,"sS(s=5,S=15)",42,46,5.0,15.0
0.01768033946251768,5343.0,1,1457.6,1477.0,"sS(s=5,S=15)",42,47,5.0,15.0
0.0196078431372549,4632.0,0,1144.6,1145.0,"sS(s=5,S=15)",42,48,5.0,15.0
0.017998560115190784,5353.0,9,1403.6,1404.0,"sS(s=5,S=15)",42,49,5.0,15.0
0.018975332068311195,4867.0,6,1217.8,1232.0,"sS(s=5,S=20)",42,0,5.0,20.0
0.018201674554058973,4941.0,0,1282.8,1298.0,"sS(s=5,S=20)",42,1,5.0,20.0
0.017391304347826087,5282.0,2,1498.0,1555.0,"sS(s=5,S=20)",42,2,5.0,20.0
0.018511662347278787,4929.0,0,1347.6,1378.0,"sS(s=5,S=20)",42,3,5.0,20.0
0.019201228878648235,4705.0,2,1332.8,1368.0,"sS(s=5,S=20)",42,4,5.0,20.0
0.016977363515312916,5496.1,5,1338.8799999999999,1353.1,"sS(s=5,S=20)",42,5,5.0,20.0
0.02177293934681182,4661.6,2,1270.0,1290.0,"sS(s=5,S=20)",42,6,5.0,20.0
0.01812250815512867,5060.0,1,1270.3999999999999,1302.0,"sS(s=5,S=20)",42,7,5.0,20.0
0.018288222384784197,5020.0,3,1515.8,1544.0,"sS(s=5,S=20)",42,8,5.0,20.0
0.01697792869269949,5377.0,0,1379.2,1386.0,"sS(s=5,S=20)",42,9,5.0,20.0
0.020459440057430008,5024.7,4,1240.2,1248.0,"sS(s=5,S=20)",42,10,5.0,20.0
0.0186219739292365,4857.0,0,1410.8,1452.0,"sS(s=5,S=20)",42,11,5.0,20.0
0.017537706068046298,5109.0,0,1551.2,1594.0,"sS(s=5,S=20)",42,12,5.0,20.0
0.01924473493100944,5097.3,3,1322.26,1338.0,"sS(s=5,S=20)",42,13,5.0,20.0
0.0191131498470948,4809.0,6,1287.6,1298.0,"sS(s=5,S=20)",42,14,5.0,20.0
0.017806267806267807,5088.0,3,1404.8,1409.0,"sS(s=5,S=20)",42,15,5.0,20.0
0.01868460388639761,4854.0,0,1419.0,1440.0,"sS(s=5,S=20)",42,16,5.0,20.0
0.017605633802816902,5227.0,3,1412.0,1453.0,"sS(s=5,S=20)",42,17,5.0,20.0
0.017959770114942528,5120.0,3,1369.3999999999999,1415.0,"sS(s=5,S=20)",42,18,5.0,20.0
0.021839080459770115,4662.7,3,1246.8,1288.0,"sS(s=5,S=20)",42,19,5.0,20.0
0.01789549033643522,5110.0,1,1468.6,1516.0,"sS(s=5,S=20)",42,20,5.0,20.0
0.035506998975759645,5350.4,5,1476.44,1490.0,"sS(s=5,S=20)",42,21,5.0,20.0
0.01584786053882726,5832.0,1,1623.8,1684.0,"sS(s=5,S=20)",42,22,5.0,20.0
0.02250351617440225,5328.4,2,1417.04,1430.0,"sS(s=5,S=20)",42,23,5.0,20.0
0.017869907076483203,5063.0,1,1306.4,1334.0,"sS(s=5,S=20)",42,24,5.0,20.0
0.01751927119831815,5155.0,0,1400.0,1442.0,"sS(s=5,S=20)",42,25,5.0,20.0
0.01868460388639761,4984.0,8,1319.6,1336.0,"sS(s=5,S=20)",42,26,5.0,20.0
0.02030789387487717,5674.2,4,1640.8,1644.0,"sS(s=5,S=20)",42,27,5.0,20.0
0.019425019425019424,4595.0,0,1323.6,1390.0,"sS(s=5,S=20)",42,28,5.0,20.0
0.018109380659181457,4889.0,0,1585.1999999999998,1728.0,"sS(s=5,S=20)",42,29,5.0,20.0
0.01781895937277263,5059.0,0,1290.8,1306.0,"sS(s=5,S=20)",42,30,5.0,20.0
0.016943409013893594,5429.0,0,1437.6,1468.0,"sS(s=5,S=20)",42,31,5.0,20.0
0.0316951566951567,5108.7,0,1252.4,1254.0,"sS(s=5,S=20)",42,32,5.0,20.0
0.02612214863870493,4938.0,2,1382.42,1406.0,"sS(s=5,S=20)",42,33,5.0,20.0
0.024971187091817133,4800.5,5,1454.0,1554.0,"sS(s=5,S=20)",42,34,5.0,20.0
0.019402405898331393,4641.0,0,1217.2,1250.0,"sS(s=5,S=20)",42,35,5.0,20.0
0.01701258931609391,5330.0,2,1429.6,1453.0,"sS(s=5,S=20)",42,36,5.0,20.0
0.02512562814070352,5101.0,3,1409.4,1429.0,"sS(s=5,S=20)",42,37,5.0,20.0
0.017397355601948505,5235.0,0,1516.8,1584.0,"sS(s=5,S=20)",42,38,5.0,20.0
0.027709861450692746,4509.8,3,1298.8799999999999,1313.6,"sS(s=5,S=20)",42,39,5.0,20.0
0.019938650306748466,4765.2,2,1340.8,1352.0,"sS(s=5,S=20)",42,40,5.0,20.0
0.017761989342806393,5077.0,0,1290.4,1318.0,"sS(s=5,S=20)",42,41,5.0,20.0
0.01701258931609391,5415.0,2,1550.0,1612.0,"sS(s=5,S=20)",42,42,5.0,20.0
0.021942299878098336,4498.4,1,1063.72,1066.4,"sS(s=5,S=20)",42,43,5.0,20.0
0.017513134851138354,5157.0,0,1278.0,1290.0,"sS(s=5,S=20)",42,44,5.0,20.0
0.018975332068311195,4757.0,0,1222.8,1244.0,"sS(s=5,S=20)",42,45,5.0,20.0
0.01656726308813784,5523.0,0,1632.8,1726.0,"sS(s=5,S=20)",42,46,5.0,20.0
0.01768033946251768,5258.0,1,1432.6,1452.0,"sS(s=5,S=20)",42,47,5.0,20.0
0.027058823529411764,4529.9,0,1126.6399999999999,1137.8,"sS(s=5,S=20)",42,48,5.0,20.0
0.017998560115190784,5248.0,9,1374.6,1379.0,"sS(s=5,S=20)",42,49,5.0,20.0
0.020113851992409868,4765.3,6,1185.46,1197.0,"sS(s=5,S=25)",42,0,5.0,25.0
0.02074990899162723,4851.7,0,1255.8,1263.0,"sS(s=5,S=25)",42,1,5.0,25.0
0.017391304347826087,5177.0,2,1479.0,1540.0,"sS(s=5,S=25)",42,2,5.0,25.0
0.018511662347278787,4834.0,0,1320.6,1353.0,"sS(s=5,S=25)",42,3,5.0,25.0
0.020353302611367127,4593.3,2,1299.8,1333.0,"sS(s=5,S=25)",42,4,5.0,25.0
0.02529960053262317,5397.6,5,1301.08,1306.6,"sS(s=5,S=25)",42,5,5.0,25.0
0.029937791601866253,4578.7,2,1238.22,1255.0,"sS(s=5,S=25)",42,6,5.0,25.0
0.01812250815512867,4965.0,1,1243.3999999999999,1277.0,"sS(s=5,S=25)",42,7,5.0,25.0
0.018288222384784197,4915.0,3,1476.8,1499.0,"sS(s=5,S=25)",42,8,5.0,25.0
0.019015280135823428,5297.6,0,1330.2,1331.0,"sS(s=5,S=25)",42,9,5.0,25.0
0.02763819095477387,4896.7,4,1207.8,1209.0,"sS(s=5,S=25)",42,10,5.0,25.0
0.0186219739292365,4752.0,0,1377.8,1417.0,"sS(s=5,S=25)",42,11,5.0,25.0
0.02279901788846019,5015.5,0,1542.2,1594.0,"sS(s=5,S=25)",42,12,5.0,25.0
0.021060275962236745,4980.8,3,1292.96,1313.0,"sS(s=5,S=25)",42,13,5.0,25.0
0.02217125382262997,4729.8,6,1260.04,1269.8,"sS(s=5,S=25)",42,14,5.0,25.0
0.017806267806267807,4963.0,3,1369.2,1373.0,"sS(s=5,S=25)",42,15,5.0,25.0
0.020179372197309416,4743.4,0,1398.4,1423.0,"sS(s=5,S=25)",42,16,5.0,25.0
0.017605633802816902,5122.0,3,1367.0,1408.0,"sS(s=5,S=25)",42,17,5.0,25.0
0.017959770114942528,5015.0,3,1348.3999999999999,1400.0,"sS(s=5,S=25)",42,18,5.0,25.0
0.027586206896551724,4534.2,3,1211.8,1253.0,"sS(s=5,S=25)",42,19,5.0,25.0
0.01789549033643522,5005.0,1,1447.6,1501.0,"sS(s=5,S=25)",42,20,5.0,25.0
0.04404233526800956,5227.9,5,1444.74,1455.0,"sS(s=5,S=25)",42,21,5.0,25.0
0.01584786053882726,5727.0,1,1604.8,1669.0,"sS(s=5,S=25)",42,22,5.0,25.0
0.03481012658227848,5274.9,2,1391.84,1408.0,"sS(s=5,S=25)",42,23,5.0,25.0
0.02108649035025018,4973.9,1,1271.4,1289.0,"sS(s=5,S=25)",42,24,5.0,25.0
0.020322354590049056,5065.8,0,1367.36,1407.0,"sS(s=5,S=25)",42,25,5.0,25.0
0.01868460388639761,4879.0,8,1284.6,1301.0,"sS(s=5,S=25)",42,26,5.0,25.0
0.026858827382902063,5566.2,4,1610.2,1613.0,"sS(s=5,S=25)",42,27,5.0,25.0
0.019425019425019424,4480.0,0,1280.6,1345.0,"sS(s=5,S=25)",42,28,5.0,25.0
0.018109380659181457,4754.0,0,1558.1999999999998,1703.0,"sS(s=5,S=25)",42,29,5.0,25.0
0.01781895937277263,4944.0,0,1255.8,1271.0,"sS(s=5,S=25)",42,30,5.0,25.0
0.016943409013893594,5334.0,0,1418.6,1453.0,"sS(s=5,S=25)",42,31,5.0,25.0
0.03774928774928775,5030.9,0,1205.74,1211.0,"sS(s=5,S=25)",42,32,5.0,25.0
0.03348050036791759,4825.0,2,1361.82,1381.0,"sS(s=5,S=25)",42,33,5.0,25.0
0.03073376872839032,4726.0,5,1424.0,1519.0,"sS(s=5,S=25)",42,34,5.0,25.0
0.020954598370197905,4540.4,0,1193.72,1229.4,"sS(s=5,S=25)",42,35,5.0,25.0
0.01701258931609391,5205.0,2,1402.6,1428.0,"sS(s=5,S=25)",42,36,5.0,25.0
0.03409906676238335,4993.5,3,1379.9,1404.0,"sS(s=5,S=25)",42,37,5.0,25.0
0.017397355601948505,5130.0,0,1473.8,1539.0,"sS(s=5,S=25)",42,38,5.0,25.0
0.03993480032599837,4389.8,2,1253.8799999999999,1266.1,"sS(s=5,S=25)",42,39,5.0,25.0
0.021855828220858894,4683.7,2,1303.8,1317.0,"sS(s=5,S=25)",42,40,5.0,25.0
0.020959147424511545,4988.9,0,1269.08,1302.1,"sS(s=5,S=25)",42,41,5.0,25.0
0.020074855392990813,5335.9,2,1507.0,1567.0,"sS(s=5,S=25)",42,42,5.0,25.0
0.023973994311255586,4424.9,1,1065.1200000000001,1071.9,"sS(s=5,S=25)",42,43,5.0,25.0
0.017513134851138354,5042.0,0,1250.2,1265.0,"sS(s=5,S=25)",42,44,5.0,25.0
0.018975332068311195,4652.0,0,1185.8,1209.0,"sS(s=5,S=25)",42,45,5.0,25.0
0.01656726308813784,5418.0,0,1611.8,1711.0,"sS(s=5,S=25)",42,46,5.0,25.0
0.01768033946251768,5173.0,1,1407.6,1427.0,"sS(s=5,S=25)",42,47,5.0,25.0
0.03882352941176471,4436.9,0,1108.24,1134.8,"sS(s=5,S=25)",42,48,5.0,25.0
0.017998560115190784,5143.0,9,1345.6,1354.0,"sS(s=5,S=25)",42,49,5.0,25.0
0.027703984819734344,4689.3,6,1158.26,1162.0,"sS(s=5,S=30)",42,0,5.0,30.0
0.024390243902439025,4742.7,0,1220.8,1228.0,"sS(s=5,S=30)",42,1,5.0,30.0
0.017391304347826087,5072.0,2,1460.0,1525.0,"sS(s=5,S=30)",42,2,5.0,30.0
0.018511662347278787,4739.0,0,1293.6,1328.0,"sS(s=5,S=30)",42,3,5.0,30.0
0.026113671274961597,4506.8,2,1266.8,1298.0,"sS(s=5,S=30)",42,4,5.0,30.0
0.03362183754993342,5270.1,4,1268.08,1269.1,"sS(s=5,S=30)",42,5,5.0,30.0
0.045489891135303266,4477.7,2,1244.7,1280.0,"sS(s=5,S=30)",42,6,5.0,30.0
0.01812250815512867,4870.0,1,1216.3999999999999,1252.0,"sS(s=5,S=30)",42,7,5.0,30.0
0.020848573518653987,4817.7,3,1437.0,1454.0,"sS(s=5,S=30)",42,8,5.0,30.0
0.024108658743633278,5199.1,0,1296.8,1302.0,"sS(s=5,S=30)",42,9,5.0,30.0
0.035175879396984924,4769.8,4,1198.8,1209.0,"sS(s=5,S=30)",42,10,5.0,30.0
0.0186219739292365,4647.0,0,1344.8,1382.0,"sS(s=5,S=30)",42,11,5.0,30.0
0.03858295334970186,4925.0,0,1517.2,1574.0,"sS(s=5,S=30)",42,12,5.0,30.0
0.02287581699346405,4881.3,3,1267.06,1288.0,"sS(s=5,S=30)",42,13,5.0,30.0
0.02790519877675841,4631.3,6,1236.6399999999999,1256.3,"sS(s=5,S=30)",42,14,5.0,30.0
0.017806267806267807,4838.0,3,1346.2,1358.0,"sS(s=5,S=30)",42,15,5.0,30.0
0.028026905829596414,4696.5,1,1445.8799999999999,1491.1,"sS(s=5,S=30)",42,16,5.0,30.0
0.019014084507042252,5021.4,3,1322.8799999999999,1363.0,"sS(s=5,S=30)",42,17,5.0,30.0
0.022988505747126436,4941.4,3,1310.52,1346.4,"sS(s=5,S=30)",42,18,5.0,30.0
0.03524904214559387,4411.2,3,1176.8,1218.0,"sS(s=5,S=30)",42,19,5.0,30.0
0.018611309949892626,4902.2,1,1427.3999999999999,1486.0,"sS(s=5,S=30)",42,20,5.0,30.0
0.05257767156025948,5095.4,4,1411.04,1420.0,"sS(s=5,S=30)",42,21,5.0,30.0
0.016164817749603804,5623.1,1,1592.2,1654.0,"sS(s=5,S=30)",42,22,5.0,30.0
0.047116736990154715,5203.4,2,1352.24,1368.0,"sS(s=5,S=30)",42,23,5.0,30.0
0.02466047176554682,4864.9,1,1228.4,1244.0,"sS(s=5,S=30)",42,24,5.0,30.0
0.0255781359495445,4957.3,0,1334.0,1372.0,"sS(s=5,S=30)",42,25,5.0,30.0
0.01868460388639761,4774.0,8,1249.6,1266.0,"sS(s=5,S=30)",42,26,5.0,30.0
0.033409760890926954,5458.2,4,1589.2,1598.0,"sS(s=5,S=30)",42,27,5.0,30.0
0.019425019425019424,4365.0,0,1237.6,1300.0,"sS(s=5,S=30)",42,28,5.0,30.0
0.0199203187250996,4624.5,0,1527.1999999999998,1673.0,"sS(s=5,S=30)",42,29,5.0,30.0
0.01781895937277263,4829.0,0,1220.8,1236.0,"sS(s=5,S=30)",42,30,5.0,30.0
0.016943409013893594,5239.0,0,1399.6,1438.0,"sS(s=5,S=30)",42,31,5.0,30.0
0.04665242165242165,4933.9,0,1168.04,1176.0,"sS(s=5,S=30)",42,32,5.0,30.0
0.04083885209713024,4712.0,2,1341.22,1356.0,"sS(s=5,S=30)",42,33,5.0,30.0
0.0364963503649635,4632.5,5,1394.0,1484.0,"sS(s=5,S=30)",42,34,5.0,30.0
0.027551416375630577,4493.1,0,1197.76,1236.9,"sS(s=5,S=30)",42,35,5.0,30.0
0.01701258931609391,5101.0,2,1375.6,1403.0,"sS(s=5,S=30)",42,36,5.0,30.0
0.049174443646805455,4917.7,3,1350.3999999999999,1379.0,"sS(s=5,S=30)",42,37,5.0,30.0
0.017397355601948505,5025.0,0,1430.8,1494.0,"sS(s=5,S=30)",42,38,5.0,30.0
0.05215973920130399,4297.8,2,1216.8799999999999,1228.6,"sS(s=5,S=30)",42,39,5.0,30.0
0.024539877300613498,4586.4,2,1267.24,1282.0,"sS(s=5,S=30)",42,40,5.0,30.0
0.034458259325044406,4941.7,0,1240.8799999999999,1263.6,"sS(s=5,S=30)",42,41,5.0,30.0
0.027560394692072134,5278.1,3,1496.96,1563.2,"sS(s=5,S=30)",42,42,5.0,30.0
0.02600568874441284,4335.4,1,1066.52,1077.4,"sS(s=5,S=30)",42,43,5.0,30.0
0.017513134851138354,4927.0,0,1223.2,1240.0,"sS(s=5,S=30)",42,44,5.0,30.0
0.027703984819734344,4582.3,0,1196.6399999999999,1237.3,"sS(s=5,S=30)",42,45,5.0,30.0
0.01656726308813784,5313.0,0,1590.8,1696.0,"sS(s=5,S=30)",42,46,5.0,30.0
0.020155586987270154,5118.7,1,1382.6,1402.0,"sS(s=5,S=30)",42,47,5.0,30.0
0.05529411764705883,4356.1,0,1104.06,1131.8,"sS(s=5,S=30)",42,48,5.0,30.0
0.017998560115190784,5038.0,9,1316.6,1329.0,"sS(s=5,S=30)",42,49,5.0,30.0
0.03529411764705882,4591.3,6,1126.66,1127.0,"sS(s=5,S=35)",42,0,5.0,35.0
0.028030578813250818,4633.7,0,1185.8,1193.0,"sS(s=5,S=35)",42,1,5.0,35.0
0.018782608695652174,4971.4,2,1437.8,1506.0,"sS(s=5,S=35)",42,2,5.0,35.0
0.018511662347278787,4644.0,0,1266.6,1303.0,"sS(s=5,S=35)",42,3,5.0,35.0
0.031874039938556066,4398.3,2,1233.8,1263.0,"sS(s=5,S=35)",42,4,5.0,35.0
0.041944074567243674,5152.6,4,1303.52,1319.0,"sS(s=5,S=35)",42,5,5.0,35.0
0.07076205287713841,4369.2,1,1216.5,1255.0,"sS(s=5,S=35)",42,6,5.0,35.0
0.020659659296846683,4810.7,1,1189.3999999999999,1227.0,"sS(s=5,S=35)",42,7,5.0,35.0
0.03182150694952451,4783.7,3,1404.6,1414.5,"sS(s=5,S=35)",42,8,5.0,35.0
0.03191850594227504,5136.4,0,1288.2,1291.0,"sS(s=5,S=35)",42,9,5.0,35.0
0.04953338119167265,4747.8,4,1189.8,1209.0,"sS(s=5,S=35)",42,10,5.0,35.0
0.02197392923649907,4577.9,0,1340.52,1382.9,"sS(s=5,S=35)",42,11,5.0,35.0
0.05857593826727464,4850.7,0,1453.44,1514.0,"sS(s=5,S=35)",42,12,5.0,35.0
0.024691358024691357,4780.9,3,1240.98,1263.0,"sS(s=5,S=35)",42,13,5.0,35.0
0.03784403669724771,4558.9,5,1219.06,1242.8,"sS(s=5,S=35)",42,14,5.0,35.0
0.019943019943019943,4748.6,3,1351.6799999999998,1378.6,"sS(s=5,S=35)",42,15,5.0,35.0
0.03998505231689088,4629.7,1,1439.2199999999998,1482.6,"sS(s=5,S=35)",42,16,5.0,35.0
0.01971830985915493,4947.6,3,1284.12,1318.0,"sS(s=5,S=35)",42,17,5.0,35.0
0.029813218390804596,4847.3,3,1288.72,1327.9,"sS(s=5,S=35)",42,18,5.0,35.0
0.044444444444444446,4317.6,3,1142.68,1183.0,"sS(s=5,S=35)",42,19,5.0,35.0
0.032569792412312094,4869.1,1,1433.6,1471.0,"sS(s=5,S=35)",42,20,5.0,35.0
0.06452714236940936,5008.9,4,1379.34,1385.0,"sS(s=5,S=35)",42,21,5.0,35.0
0.027258320126782885,5600.6,2,1580.2,1639.0,"sS(s=5,S=35)",42,22,5.0,35.0
0.060829817158931085,5140.3,2,1322.5600000000002,1340.4,"sS(s=5,S=35)",42,23,5.0,35.0
0.028234453180843458,4755.9,1,1185.4,1199.0,"sS(s=5,S=35)",42,24,5.0,35.0
0.030833917309039945,4848.8,0,1301.0,1337.0,"sS(s=5,S=35)",42,25,5.0,35.0
0.01868460388639761,4659.0,7,1206.6,1221.0,"sS(s=5,S=35)",42,26,5.0,35.0
0.03996069439895185,5354.6,4,1574.6,1591.0,"sS(s=5,S=35)",42,27,5.0,35.0
0.019425019425019424,4250.0,0,1194.6,1255.0,"sS(s=5,S=35)",42,28,5.0,35.0
0.02825063382832307,4556.8,0,1515.4599999999998,1658.0,"sS(s=5,S=35)",42,29,5.0,35.0
0.023877405559515324,4753.7,0,1163.18,1173.4,"sS(s=5,S=35)",42,30,5.0,35.0
0.01762114537444934,5146.2,0,1381.04,1423.0,"sS(s=5,S=35)",42,31,5.0,35.0
0.05911680911680912,4872.9,0,1159.14,1177.0,"sS(s=5,S=35)",42,32,5.0,35.0
0.056291390728476824,4671.2,2,1338.72,1349.1,"sS(s=5,S=35)",42,33,5.0,35.0
0.042258932001536686,4539.0,5,1364.0,1449.0,"sS(s=5,S=35)",42,34,5.0,35.0
0.037252619324796274,4400.6,0,1155.56,1182.4,"sS(s=5,S=35)",42,35,5.0,35.0
0.01701258931609391,5018.0,2,1348.6,1378.0,"sS(s=5,S=35)",42,36,5.0,35.0
0.06532663316582915,4853.0,3,1328.06,1354.0,"sS(s=5,S=35)",42,37,5.0,35.0
0.017397355601948505,4920.0,0,1387.8,1449.0,"sS(s=5,S=35)",42,38,5.0,35.0
0.06438467807660962,4205.8,2,1179.8799999999999,1191.1,"sS(s=5,S=35)",42,39,5.0,35.0
0.032208588957055216,4531.4,3,1239.14,1247.0,"sS(s=5,S=35)",42,40,5.0,35.0
0.055062166962699825,4882.5,0,1198.04,1220.1,"sS(s=5,S=35)",42,41,5.0,35.0
0.03980945899965975,5211.7,2,1458.3799999999999,1514.7,"sS(s=5,S=35)",42,42,5.0,35.0
0.03250711093051605,4282.0,1,1078.3200000000002,1095.9,"sS(s=5,S=35)",42,43,5.0,35.0
0.017513134851138354,4812.0,0,1196.2,1215.0,"sS(s=5,S=35)",42,44,5.0,35.0
0.04326375711574953,4522.4,0,1222.1200000000001,1275.4,"sS(s=5,S=35)",42,45,5.0,35.0
0.021206096752816435,5279.4,0,1576.9399999999998,1681.0,"sS(s=5,S=35)",42,46,5.0,35.0
0.025813295615275813,5041.3,1,1359.2,1379.0,"sS(s=5,S=35)",42,47,5.0,35.0
0.07490196078431373,4256.1,0,1100.26,1124.3,"sS(s=5,S=35)",42,48,5.0,35.0
0.017998560115190784,4933.0,9,1288.0,1304.0,"sS(s=5,S=35)",42,49,5.0,35.0
0.04971537001897533,4578.1,6,1067.48,1068.1,"sS(s=5,S=40)",42,0,5.0,40.0
0.03494721514379323,4565.6,0,1215.54,1238.0,"sS(s=5,S=40)",42,1,5.0,40.0
0.025043478260869566,4944.2,2,1439.76,1507.0,"sS(s=5,S=40)",42,2,5.0,40.0
0.018511662347278787,4549.0,0,1239.6,1278.0,"sS(s=5,S=40)",42,3,5.0,40.0
0.039938556067588324,4330.4,2,1233.28,1268.6,"sS(s=5,S=40)",42,4,5.0,40.0
0.05026631158455393,5077.3,4,1300.06,1310.0,"sS(s=5,S=40)",42,5,5.0,40.0
0.09603421461897356,4270.7,1,1188.3,1230.0,"sS(s=5,S=40)",42,6,5.0,40.0
0.02899601304820587,4763.0,1,1224.6,1282.0,"sS(s=5,S=40)",42,7,5.0,40.0
0.04754937820043892,4758.0,2,1445.56,1485.5,"sS(s=5,S=40)",42,8,5.0,40.0
0.04380305602716469,5044.9,0,1250.8,1252.0,"sS(s=5,S=40)",42,9,5.0,40.0
0.06389088298636038,4668.5,3,1180.8,1209.0,"sS(s=5,S=40)",42,10,5.0,40.0
0.0223463687150838,4478.0,0,1342.8,1392.0,"sS(s=5,S=40)",42,11,5.0,40.0
0.0796211855489302,4789.4,0,1429.9,1496.7,"sS(s=5,S=40)",42,12,5.0,40.0
0.029411764705882353,4683.7,3,1271.3799999999999,1318.0,"sS(s=5,S=40)",42,13,5.0,40.0
0.05542813455657492,4540.5,4,1203.1599999999999,1227.3,"sS(s=5,S=40)",42,14,5.0,40.0
0.023504273504273504,4631.6,3,1336.52,1373.4,"sS(s=5,S=40)",42,15,5.0,40.0
0.05493273542600897,4533.7,1,1426.7199999999998,1474.1,"sS(s=5,S=40)",42,16,5.0,40.0
0.02992957746478873,4930.5,3,1248.52,1273.0,"sS(s=5,S=40)",42,17,5.0,40.0
0.03879310344827586,4785.8,3,1266.92,1309.4,"sS(s=5,S=40)",42,18,5.0,40.0
0.061685823754789273,4273.1,3,1114.98,1148.0,"sS(s=5,S=40)",42,19,5.0,40.0
0.047244094488188976,4778.6,1,1416.6,1456.0,"sS(s=5,S=40)",42,20,5.0,40.0
0.0788665073403892,4895.1,4,1350.48,1354.0,"sS(s=5,S=40)",42,21,5.0,40.0
0.039619651347068144,5513.5,2,1568.2,1624.0,"sS(s=5,S=40)",42,22,5.0,40.0
0.06751054852320675,5095.2,2,1338.72,1368.0,"sS(s=5,S=40)",42,23,5.0,40.0
0.0318084345961401,4646.9,1,1142.4,1154.0,"sS(s=5,S=40)",42,24,5.0,40.0
0.036440084092501754,4741.4,0,1268.8799999999999,1303.1,"sS(s=5,S=40)",42,25,5.0,40.0
0.023542600896860985,4495.3,5,1187.04,1203.3,"sS(s=5,S=40)",42,26,5.0,40.0
0.046511627906976744,5274.6,3,1611.2,1648.0,"sS(s=5,S=40)",42,27,5.0,40.0
0.024475524475524476,4172.3,0,1159.74,1210.0,"sS(s=5,S=40)",42,28,5.0,40.0
0.0373053241579138,4434.3,0,1477.7599999999998,1618.0,"sS(s=5,S=40)",42,29,5.0,40.0
0.03278688524590164,4684.2,0,1177.76,1208.9,"sS(s=5,S=40)",42,30,5.0,40.0
0.02134869535750593,5091.3,0,1370.24,1408.0,"sS(s=5,S=40)",42,31,5.0,40.0
0.07158119658119658,4781.9,0,1126.24,1148.0,"sS(s=5,S=40)",42,32,5.0,40.0
0.076158940397351,4611.6,2,1394.84,1436.1,"sS(s=5,S=40)",42,33,5.0,40.0
0.0530157510564733,4466.8,3,1332.0,1414.0,"sS(s=5,S=40)",42,34,5.0,40.0
0.047729918509895226,4306.3,0,1113.3600000000001,1127.9,"sS(s=5,S=40)",42,35,5.0,40.0
0.01701258931609391,4935.0,2,1321.6,1353.0,"sS(s=5,S=40)",42,36,5.0,40.0
0.08147882268485283,4750.0,2,1298.06,1329.0,"sS(s=5,S=40)",42,37,5.0,40.0
0.022268615170494086,4896.4,0,1400.96,1484.0,"sS(s=5,S=40)",42,38,5.0,40.0
0.07660961695191525,4113.8,2,1142.8799999999999,1153.6,"sS(s=5,S=40)",42,39,5.0,40.0
0.04409509202453988,4399.5,3,1203.44,1212.0,"sS(s=5,S=40)",42,40,5.0,40.0
0.0763765541740675,4793.5,0,1162.54,1176.6,"sS(s=5,S=40)",42,41,5.0,40.0
0.05444028581150051,5145.8,2,1421.0,1473.5,"sS(s=5,S=40)",42,42,5.0,40.0
0.04185290532303942,4202.3,1,1059.72,1076.4,"sS(s=5,S=40)",42,43,5.0,40.0
0.01786339754816112,4698.1,0,1169.2,1190.0,"sS(s=5,S=40)",42,44,5.0,40.0
0.06793168880455408,4470.4,0,1177.52,1225.9,"sS(s=5,S=40)",42,45,5.0,40.0
0.027833001988071572,5186.4,0,1557.1399999999999,1666.0,"sS(s=5,S=40)",42,46,5.0,40.0
0.034653465346534656,5002.8,1,1396.6,1432.0,"sS(s=5,S=40)",42,47,5.0,40.0
0.0976470588235294,4187.1,0,1073.26,1087.8,"sS(s=5,S=40)",42,48,5.0,40.0
0.017998560115190784,4844.8,9,1263.0,1279.0,"sS(s=5,S=40)",42,49,5.0,40.0
0.07438330170777989,4536.6,6,1097.96,1103.7,"sS(s=5,S=45)",42,0,5.0,45.0
0.044048052420822714,4472.5,0,1194.42,1213.0,"sS(s=5,S=45)",42,1,5.0,45.0
0.025739130434782608,4849.4,2,1412.36,1480.0,"sS(s=5,S=45)",42,2,5.0,45.0
0.019622362088115512,4457.3,0,1216.86,1259.0,"sS(s=5,S=45)",42,3,5.0,45.0
0.05337941628264209,4273.9,2,1214.28,1239.6,"sS(s=5,S=45)",42,4,5.0,45.0
0.05858854860186418,4957.3,3,1278.24,1285.3,"sS(s=5,S=45)",42,5,5.0,45.0
0.12013996889580093,4177.7,1,1168.2,1209.0,"sS(s=5,S=45)",42,6,5.0,45.0
0.04204421891989851,4680.6,1,1217.4799999999998,1270.6,"sS(s=5,S=45)",42,7,5.0,45.0
0.06583760058522312,4678.0,2,1415.6599999999999,1456.5,"sS(s=5,S=45)",42,8,5.0,45.0
0.05466893039049236,4953.4,0,1221.8,1227.0,"sS(s=5,S=45)",42,9,5.0,45.0
0.07824838478104809,4566.3,3,1174.82,1209.0,"sS(s=5,S=45)",42,10,5.0,45.0
0.0260707635009311,4379.0,0,1317.8,1367.0,"sS(s=5,S=45)",42,11,5.0,45.0
0.1038232199228341,4649.3,0,1382.3799999999999,1444.7,"sS(s=5,S=45)",42,12,5.0,45.0
0.036673928830791576,4576.2,2,1252.58,1303.0,"sS(s=5,S=45)",42,13,5.0,45.0
0.04128440366972477,4460.8,5,1155.1999999999998,1168.1,"sS(s=5,S=45)",42,14,5.0,45.0
0.023504273504273504,4513.6,3,1349.4199999999998,1403.0,"sS(s=5,S=45)",42,15,5.0,45.0
0.07137518684603886,4450.9,1,1414.2199999999998,1465.6,"sS(s=5,S=45)",42,16,5.0,45.0
0.045774647887323945,4845.0,3,1207.68,1228.0,"sS(s=5,S=45)",42,17,5.0,45.0
0.051364942528735635,4742.3,3,1254.26,1290.9,"sS(s=5,S=45)",42,18,5.0,45.0
0.06743295019157088,4150.6,2,1088.6,1113.0,"sS(s=5,S=45)",42,19,5.0,45.0
0.03507516105941303,4724.8,1,1364.16,1396.7,"sS(s=5,S=45)",42,20,5.0,45.0
0.0897917377944691,4866.3,4,1378.48,1405.0,"sS(s=5,S=45)",42,21,5.0,45.0
0.060538827258320126,5511.1,2,1556.2,1609.0,"sS(s=5,S=45)",42,22,5.0,45.0
0.08790436005625879,4993.0,2,1311.86,1341.3,"sS(s=5,S=45)",42,23,5.0,45.0
0.03538241601143674,4537.9,1,1099.4,1109.0,"sS(s=5,S=45)",42,24,5.0,45.0
0.046951646811492644,4682.4,0,1273.9599999999998,1313.6,"sS(s=5,S=45)",42,25,5.0,45.0
0.02914798206278027,4386.8,5,1186.24,1199.8,"sS(s=5,S=45)",42,26,5.0,45.0
0.05306256141500164,5173.6,3,1598.2,1643.0,"sS(s=5,S=45)",42,27,5.0,45.0
0.037296037296037296,4204.6,0,1154.74,1211.0,"sS(s=5,S=45)",42,28,5.0,45.0
0.05432814197754437,4409.0,0,1444.1,1578.0,"sS(s=5,S=45)",42,29,5.0,45.0
0.03991446899501069,4628.2,0,1170.64,1190.7,"sS(s=5,S=45)",42,30,5.0,45.0
0.029481531684174857,5049.7,0,1370.04,1393.0,"sS(s=5,S=45)",42,31,5.0,45.0
0.06801994301994302,4732.9,0,1103.4,1119.0,"sS(s=5,S=45)",42,32,5.0,45.0
0.1144223693892568,4557.0,1,1402.2399999999998,1453.1,"sS(s=5,S=45)",42,33,5.0,45.0
0.06454091432961967,4379.8,3,1302.0,1379.0,"sS(s=5,S=45)",42,34,5.0,45.0
0.06713232440822663,4218.3,0,1055.64,1062.2,"sS(s=5,S=45)",42,35,5.0,45.0
0.01701258931609391,4852.0,2,1294.6,1328.0,"sS(s=5,S=45)",42,36,5.0,45.0
0.09763101220387653,4657.0,2,1270.06,1304.0,"sS(s=5,S=45)",42,37,5.0,45.0
0.031315240083507306,4849.0,0,1374.28,1449.0,"sS(s=5,S=45)",42,38,5.0,45.0
0.08883455582722087,4021.8,2,1105.8799999999999,1116.1,"sS(s=5,S=45)",42,39,5.0,45.0
0.06096625766871166,4348.9,3,1182.8600000000001,1195.9,"sS(s=5,S=45)",42,40,5.0,45.0
0.08419182948490231,4745.7,0,1127.04,1133.1,"sS(s=5,S=45)",42,41,5.0,45.0
0.07145287512759442,5123.8,2,1368.42,1394.0,"sS(s=5,S=45)",42,42,5.0,45.0
0.056074766355140186,4162.8,1,1041.1200000000001,1056.9,"sS(s=5,S=45)",42,43,5.0,45.0
0.02136602451838879,4628.1,0,1142.22,1165.0,"sS(s=5,S=45)",42,44,5.0,45.0
0.08500948766603415,4390.4,0,1160.1200000000001,1210.4,"sS(s=5,S=45)",42,45,5.0,45.0
0.03777335984095427,5139.4,0,1546.54,1651.0,"sS(s=5,S=45)",42,46,5.0,45.0
0.04526166902404526,4935.8,1,1384.0,1422.5,"sS(s=5,S=45)",42,47,5.0,45.0
0.11764705882352941,4089.2,0,1070.26,1081.3,"sS(s=5,S=45)",42,48,5.0,45.0
0.024478041756659467,4805.8,8,1245.2,1254.0,"sS(s=5,S=45)",42,49,5.0,45.0
0.09943074003795066,4499.0,5,1156.76,1174.7,"sS(s=5,S=50)",42,0,5.0,50.0
0.056789224608664,4463.0,0,1179.82,1188.0,"sS(s=5,S=50)",42,1,5.0,50.0
0.036521739130434785,4807.5,2,1414.56,1465.0,"sS(s=5,S=50)",42,2,5.0,50.0
0.028878193261754906,4463.8,0,1326.9199999999998,1428.0,"sS(s=5,S=50)",42,3,5.0,50.0
0.06682027649769585,4177.4,2,1187.28,1210.6,"sS(s=5,S=50)",42,4,5.0,50.0
0.07023968042609853,4940.1,2,1296.6,1310.3,"sS(s=5,S=50)",42,5,5.0,50.0
0.14307931570762053,4191.0,2,1226.84,1277.3,"sS(s=5,S=50)",42,6,5.0,50.0
0.05472997462848858,4551.1,1,1195.8799999999999,1241.1,"sS(s=5,S=50)",42,7,5.0,50.0
0.08412582297000731,4598.0,2,1385.76,1427.5,"sS(s=5,S=50)",42,8,5.0,50.0
0.061460101867572156,4861.9,0,1199.4,1202.0,"sS(s=5,S=50)",42,9,5.0,50.0
0.08111988513998564,4503.3,3,1176.22,1209.0,"sS(s=5,S=50)",42,10,5.0,50.0
0.03165735567970205,4285.5,0,1296.14,1346.4,"sS(s=5,S=50)",42,11,5.0,50.0
0.12662223781129428,4554.8,0,1333.68,1388.2,"sS(s=5,S=50)",42,12,5.0,50.0
0.048293391430646336,4550.8,2,1313.1399999999999,1386.2,"sS(s=5,S=50)",42,13,5.0,50.0
0.06574923547400612,4471.2,4,1169.6,1199.6,"sS(s=5,S=50)",42,14,5.0,50.0
0.03418803418803419,4492.6,3,1344.4199999999998,1398.0,"sS(s=5,S=50)",42,15,5.0,50.0
0.07212257100149477,4436.9,2,1424.9199999999998,1486.1,"sS(s=5,S=50)",42,16,5.0,50.0
0.06338028169014084,4765.0,3,1174.38,1188.5,"sS(s=5,S=50)",42,17,5.0,50.0
0.06932471264367816,4706.3,3,1235.26,1274.4,"sS(s=5,S=50)",42,18,5.0,50.0
0.08275862068965517,4051.1,2,1067.0,1083.5,"sS(s=5,S=50)",42,19,5.0,50.0
0.05261274158911954,4702.7,2,1356.1000000000001,1377.7,"sS(s=5,S=50)",42,20,5.0,50.0
0.10378968931375897,4760.4,4,1372.96,1396.2,"sS(s=5,S=50)",42,21,5.0,50.0
0.06275752773375594,5429.8,2,1544.2,1594.0,"sS(s=5,S=50)",42,22,5.0,50.0
0.11919831223628692,5033.9,3,1339.54,1369.8,"sS(s=5,S=50)",42,23,5.0,50.0
0.04110078627591136,4479.5,1,1096.8799999999999,1114.6,"sS(s=5,S=50)",42,24,5.0,50.0
0.04660126138752628,4624.3,0,1252.26,1285.1,"sS(s=5,S=50)",42,25,5.0,50.0
0.044095665171898356,4380.8,5,1185.44,1196.3,"sS(s=5,S=50)",42,26,5.0,50.0
0.05961349492302653,5072.6,3,1585.2,1638.0,"sS(s=5,S=50)",42,27,5.0,50.0
0.05672105672105672,4114.6,0,1118.1399999999999,1172.5,"sS(s=5,S=50)",42,28,5.0,50.0
0.07750814922129663,4349.4,0,1414.3,1538.0,"sS(s=5,S=50)",42,29,5.0,50.0
0.036707056307911615,4574.3,0,1092.68,1097.8,"sS(s=5,S=50)",42,30,5.0,50.0
0.04303625889528973,5016.7,0,1354.24,1378.0,"sS(s=5,S=50)",42,31,5.0,50.0
0.0787037037037037,4647.9,0,1082.2,1090.0,"sS(s=5,S=50)",42,32,5.0,50.0
0.15194996320824136,4479.0,1,1409.6399999999999,1470.1,"sS(s=5,S=50)",42,33,5.0,50.0
0.09296965040338072,4397.2,3,1432.0,1544.0,"sS(s=5,S=50)",42,34,5.0,50.0
0.07877376794722546,4127.6,0,1070.0,1070.2,"sS(s=5,S=50)",42,35,5.0,50.0
0.02824089826471589,4922.3,2,1359.6399999999999,1405.3,"sS(s=5,S=50)",42,36,5.0,50.0
0.12239770279971285,4468.7,2,1242.06,1279.0,"sS(s=5,S=50)",42,37,5.0,50.0
0.04314544189283229,4764.4,0,1342.8799999999999,1418.0,"sS(s=5,S=50)",42,38,5.0,50.0
0.10431947840260798,3983.9,2,1081.68,1081.9,"sS(s=5,S=50)",42,39,5.0,50.0
0.08588957055214724,4318.6,4,1163.96,1181.9,"sS(s=5,S=50)",42,40,5.0,50.0
0.09591474245115453,4709.0,0,1128.98,1136.4,"sS(s=5,S=50)",42,41,5.0,50.0
0.08846546444368833,5054.8,1,1322.72,1341.5,"sS(s=5,S=50)",42,42,5.0,50.0
0.07029662738724096,4086.3,1,1022.5200000000001,1037.4,"sS(s=5,S=50)",42,43,5.0,50.0
0.024868651488616462,4521.1,0,1115.2,1140.0,"sS(s=5,S=50)",42,44,5.0,50.0
0.10588235294117647,4406.5,0,1228.1200000000001,1288.9,"sS(s=5,S=50)",42,45,5.0,50.0
0.055666003976143144,5104.8,0,1528.2199999999998,1636.0,"sS(s=5,S=50)",42,46,5.0,50.0
0.06117397454031118,4915.3,1,1403.8,1453.5,"sS(s=5,S=50)",42,47,5.0,50.0
0.1411764705882353,4091.5,0,1067.26,1074.8,"sS(s=5,S=50)",42,48,5.0,50.0
0.03131749460043196,4717.7,8,1218.98,1239.2,"sS(s=5,S=50)",42,49,5.0,50.0
0.1222011385199241,4427.0,5,1143.56,1155.7,"sS(s=5,S=55)",42,0,5.0,55.0
0.06953039679650527,4372.5,0,1157.22,1163.0,"sS(s=5,S=55)",42,1,5.0,55.0
0.050782608695652175,4776.6,2,1443.2399999999998,1505.6,"sS(s=5,S=55)",42,2,5.0,55.0
0.029988893002591634,4386.1,0,1206.8400000000001,1209.2,"sS(s=5,S=55)",42,3,5.0,55.0
0.08525345622119816,4148.2,3,1160.5,1181.6,"sS(s=5,S=55)",42,4,5.0,55.0
0.08621837549933423,4899.9,2,1310.04,1335.3,"sS(s=5,S=55)",42,5,5.0,55.0
0.16640746500777606,4159.0,2,1178.04,1211.3,"sS(s=5,S=55)",42,6,5.0,55.0
0.06560347952156578,4466.1,1,1124.6799999999998,1149.6,"sS(s=5,S=55)",42,7,5.0,55.0
0.10241404535479151,4518.0,2,1355.86,1398.5,"sS(s=5,S=55)",42,8,5.0,55.0
0.06825127334465195,4770.4,0,1194.6,1199.0,"sS(s=5,S=55)",42,9,5.0,55.0
0.11342426417803302,4524.9,3,1188.74,1209.0,"sS(s=5,S=55)",42,10,5.0,55.0
0.04283054003724395,4293.5,0,1302.14,1373.4,"sS(s=5,S=55)",42,11,5.0,55.0
0.14942125569975448,4505.8,0,1267.38,1287.2,"sS(s=5,S=55)",42,12,5.0,55.0
0.06281771968046478,4534.3,2,1281.94,1329.2,"sS(s=5,S=55)",42,13,5.0,55.0
0.09441896024464831,4403.7,4,1153.8999999999999,1187.1,"sS(s=5,S=55)",42,14,5.0,55.0
0.047364672364672365,4441.3,3,1341.76,1393.0,"sS(s=5,S=55)",42,15,5.0,55.0
0.08557548579970105,4448.8,2,1389.1599999999999,1462.1,"sS(s=5,S=55)",42,16,5.0,55.0
0.09190140845070423,4833.1,2,1225.0,1240.1,"sS(s=5,S=55)",42,17,5.0,55.0
0.07183908045977011,4675.0,3,1253.62,1304.6,"sS(s=5,S=55)",42,18,5.0,55.0
0.1053639846743295,4110.5,3,1212.6,1263.0,"sS(s=5,S=55)",42,19,5.0,55.0
0.06943450250536864,4675.3,2,1411.84,1452.0,"sS(s=5,S=55)",42,20,5.0,55.0
0.12734721748036873,4713.5,4,1350.58,1355.0,"sS(s=5,S=55)",42,21,5.0,55.0
0.09381933438985737,5411.2,2,1532.2,1579.0,"sS(s=5,S=55)",42,22,5.0,55.0
0.15260196905766527,4978.4,3,1316.74,1346.3,"sS(s=5,S=55)",42,23,5.0,55.0
0.048248749106504646,4376.5,1,1063.48,1075.6,"sS(s=5,S=55)",42,24,5.0,55.0
0.08269096005606166,4588.6,0,1227.8999999999999,1256.6,"sS(s=5,S=55)",42,25,5.0,55.0
0.05829596412556054,4237.0,5,1184.6399999999999,1192.8,"sS(s=5,S=55)",42,26,5.0,55.0
0.06911234850966262,5027.5,3,1550.92,1578.9,"sS(s=5,S=55)",42,27,5.0,55.0
0.08391608391608392,3973.6,0,1084.3799999999999,1138.0,"sS(s=5,S=55)",42,28,5.0,55.0
0.10648315827598696,4298.4,0,1384.5,1498.0,"sS(s=5,S=55)",42,29,5.0,55.0
0.05274411974340699,4483.8,0,1060.58,1064.8,"sS(s=5,S=55)",42,30,5.0,55.0
0.0579464588275161,4943.1,0,1338.44,1363.0,"sS(s=5,S=55)",42,31,5.0,55.0
0.09366096866096867,4509.1,0,1061.0,1061.0,"sS(s=5,S=55)",42,32,5.0,55.0
0.1817512877115526,4446.5,1,1417.04,1487.1,"sS(s=5,S=55)",42,33,5.0,55.0
0.11563580484056857,4378.1,3,1462.72,1584.9,"sS(s=5,S=55)",42,34,5.0,55.0
0.09429569266589057,4038.6,0,1065.5,1076.2,"sS(s=5,S=55)",42,35,5.0,55.0
0.0421912215039129,4859.4,2,1344.6599999999999,1393.3,"sS(s=5,S=55)",42,36,5.0,55.0
0.14752333094041636,4370.7,2,1214.06,1254.0,"sS(s=5,S=55)",42,37,5.0,55.0
0.06332637439109255,4738.2,0,1397.56,1491.2,"sS(s=5,S=55)",42,38,5.0,55.0
0.12184189079054605,3945.7,1,1082.14,1088.9,"sS(s=5,S=55)",42,39,5.0,55.0
0.11503067484662577,4240.2,4,1156.28,1167.9,"sS(s=5,S=55)",42,40,5.0,55.0
0.12433392539964476,4632.0,0,1098.68,1099.4,"sS(s=5,S=55)",42,41,5.0,55.0
0.09731201088805716,5004.4,2,1381.3999999999999,1416.5,"sS(s=5,S=55)",42,42,5.0,55.0
0.08858187728565624,4074.2,1,1007.9399999999999,1017.9,"sS(s=5,S=55)",42,43,5.0,55.0
0.029422066549912435,4465.4,0,1177.0,1225.0,"sS(s=5,S=55)",42,44,5.0,55.0
0.1267552182163188,4337.5,0,1217.72,1280.4,"sS(s=5,S=55)",42,45,5.0,55.0
0.07554671968190854,5025.8,0,1512.1999999999998,1621.0,"sS(s=5,S=55)",42,46,5.0,55.0
0.07496463932107496,4899.2,1,1391.6,1444.5,"sS(s=5,S=55)",42,47,5.0,55.0
0.16470588235294117,4008.5,0,1064.26,1068.3,"sS(s=5,S=55)",42,48,5.0,55.0
0.0482361411087113,4686.4,9,1323.58,1379.7,"sS(s=5,S=55)",42,49,5.0,55.0
0.14724857685009488,4419.2,5,1122.3600000000001,1126.7,"sS(s=5,S=60)",42,0,5.0,60.0
0.0691663633054241,4283.9,0,1103.84,1121.1,"sS(s=5,S=60)",42,1,5.0,60.0
0.07026086956521739,4757.2,2,1491.26,1555.0,"sS(s=5,S=60)",42,2,5.0,60.0
0.04850055534987042,4477.1,0,1216.8400000000001,1239.2,"sS(s=5,S=60)",42,3,5.0,60.0
0.12096774193548387,4174.3,2,1242.64,1273.9,"sS(s=5,S=60)",42,4,5.0,60.0
0.0955392809587217,4815.9,2,1317.24,1344.3,"sS(s=5,S=60)",42,5,5.0,60.0
0.18973561430793157,4080.0,2,1166.84,1192.3,"sS(s=5,S=60)",42,6,5.0,60.0
0.09097499093874592,4440.1,1,1219.8799999999999,1266.1,"sS(s=5,S=60)",42,7,5.0,60.0
0.09875640087783467,4553.9,2,1338.18,1369.5,"sS(s=5,S=60)",42,8,5.0,60.0
0.07945670628183361,4804.8,0,1239.4,1247.0,"sS(s=5,S=60)",42,9,5.0,60.0
0.1349605168700646,4439.9,3,1191.34,1209.0,"sS(s=5,S=60)",42,10,5.0,60.0
0.055865921787709494,4212.0,0,1277.14,1349.4,"sS(s=5,S=60)",42,11,5.0,60.0
0.1634514205541915,4420.6,0,1291.8799999999999,1351.6,"sS(s=5,S=60)",42,12,5.0,60.0
0.07734204793028322,4469.8,2,1269.94,1320.2,"sS(s=5,S=60)",42,13,5.0,60.0
0.172782874617737,4471.7,4,1159.48,1184.1,"sS(s=5,S=60)",42,14,5.0,60.0
0.06517094017094018,4341.3,3,1329.36,1388.0,"sS(s=5,S=60)",42,15,5.0,60.0
0.10799701046337817,4370.0,1,1365.1599999999999,1440.1,"sS(s=5,S=60)",42,16,5.0,60.0
0.12183098591549296,4766.6,2,1194.1999999999998,1207.1,"sS(s=5,S=60)",42,17,5.0,60.0
0.05747126436781609,4533.0,3,1240.46,1295.4,"sS(s=5,S=60)",42,18,5.0,60.0
0.11570881226053639,4132.7,3,1106.6,1128.0,"sS(s=5,S=60)",42,19,5.0,60.0
0.08947745168217609,4601.4,2,1384.1399999999999,1422.0,"sS(s=5,S=60)",42,20,5.0,60.0
0.11471491976783885,4664.7,4,1328.08,1330.0,"sS(s=5,S=60)",42,21,5.0,60.0
0.12297939778129953,5400.5,2,1604.34,1684.0,"sS(s=5,S=60)",42,22,5.0,60.0
0.1828410689170183,4984.3,3,1389.9399999999998,1442.8,"sS(s=5,S=60)",42,23,5.0,60.0
0.05539671193709793,4274.5,1,1034.28,1036.6,"sS(s=5,S=60)",42,24,5.0,60.0
0.10371408549404344,4499.6,0,1201.3,1228.1,"sS(s=5,S=60)",42,25,5.0,60.0
0.045590433482810166,4373.2,6,1158.6,1162.0,"sS(s=5,S=60)",42,26,5.0,60.0
0.07893874877169997,4938.3,3,1535.1200000000001,1567.9,"sS(s=5,S=60)",42,27,5.0,60.0
0.11305361305361306,3939.1,0,1145.84,1215.5,"sS(s=5,S=60)",42,28,5.0,60.0
0.12133285041651576,4202.2,0,1351.82,1454.4,"sS(s=5,S=60)",42,29,5.0,60.0
0.06878118317890235,4393.3,0,1028.48,1031.8,"sS(s=5,S=60)",42,30,5.0,60.0
0.062012876990850556,4922.3,0,1325.0,1348.0,"sS(s=5,S=60)",42,31,5.0,60.0
0.10968660968660969,4420.6,0,1063.2,1071.0,"sS(s=5,S=60)",42,32,5.0,60.0
0.21118469462840322,4491.8,1,1516.7399999999998,1634.1,"sS(s=5,S=60)",42,33,5.0,60.0
0.1386861313868613,4303.1,2,1453.52,1575.9,"sS(s=5,S=60)",42,34,5.0,60.0
0.11214590609235545,4008.9,0,1009.4,1017.9,"sS(s=5,S=60)",42,35,5.0,60.0
0.06022456617897244,4918.7,2,1335.9199999999998,1387.0,"sS(s=5,S=60)",42,36,5.0,60.0
0.16762383345297918,4333.4,2,1216.22,1229.0,"sS(s=5,S=60)",42,37,5.0,60.0
0.09464161447459986,4777.2,0,1428.1599999999999,1525.2,"sS(s=5,S=60)",42,38,5.0,60.0
0.14832925835370822,3931.7,1,1079.86,1085.1,"sS(s=5,S=60)",42,39,5.0,60.0
0.14762269938650308,4160.7,4,1138.78,1153.9,"sS(s=5,S=60)",42,40,5.0,60.0
0.1502664298401421,4561.8,0,1086.48,1090.3,"sS(s=5,S=60)",42,41,5.0,60.0
0.12112963593058863,4996.4,1,1349.4,1374.0,"sS(s=5,S=60)",42,42,5.0,60.0
0.10808614384396587,4028.3,1,996.64,998.4,"sS(s=5,S=60)",42,43,5.0,60.0
0.04133099824868652,4303.8,0,1165.0,1210.0,"sS(s=5,S=60)",42,44,5.0,60.0
0.152561669829222,4332.2,0,1212.92,1271.9,"sS(s=5,S=60)",42,45,5.0,60.0
0.10337972166998012,5009.2,0,1502.1999999999998,1606.0,"sS(s=5,S=60)",42,46,5.0,60.0
0.09512022630834512,4841.9,1,1377.8,1433.5,"sS(s=5,S=60)",42,47,5.0,60.0
0.17921568627450982,4014.8,0,1065.82,1067.5,"sS(s=5,S=60)",42,48,5.0,60.0
0.07163426925845932,4592.9,8,1300.18,1360.2,"sS(s=5,S=60)",42,49,5.0,60.0
0.17571157495256168,4423.2,5,1114.34,1115.0,"sS(s=5,S=65)",42,0,5.0,65.0
0.08918820531488897,4080.9,0,1084.6399999999999,1108.1,"sS(s=5,S=65)",42,1,5.0,65.0
0.0657391304347826,4536.7,1,1407.6,1476.0,"sS(s=5,S=65)",42,2,5.0,65.0
0.06886338393187708,4417.6,0,1202.24,1225.7,"sS(s=5,S=65)",42,3,5.0,65.0
0.15360983102918588,4100.8,2,1225.34,1255.4,"sS(s=5,S=65)",42,4,5.0,65.0
0.10286284953395473,4771.1,2,1269.3999999999999,1277.3,"sS(s=5,S=65)",42,5,5.0,65.0
0.22317262830482115,4068.6,2,1177.48,1200.6,"sS(s=5,S=65)",42,6,5.0,65.0
0.11634650235592606,4364.1,1,1231.8799999999999,1278.6,"sS(s=5,S=65)",42,7,5.0,65.0
0.12143379663496708,4552.6,2,1362.54,1406.7,"sS(s=5,S=65)",42,8,5.0,65.0
0.09134125636672326,4788.8,0,1218.8,1219.0,"sS(s=5,S=65)",42,9,5.0,65.0
0.15649676956209618,4294.0,3,1191.78,1206.3,"sS(s=5,S=65)",42,10,5.0,65.0
0.06890130353817504,4185.5,0,1296.14,1380.4,"sS(s=5,S=65)",42,11,5.0,65.0
0.16555594528235706,4475.6,0,1261.58,1307.6,"sS(s=5,S=65)",42,12,5.0,65.0
0.09186637618010167,4405.3,2,1257.94,1311.2,"sS(s=5,S=65)",42,13,5.0,65.0
0.19533639143730888,4341.6,3,1185.7,1223.0,"sS(s=5,S=65)",42,14,5.0,65.0
0.08511396011396011,4252.9,3,1318.84,1384.1,"sS(s=5,S=65)",42,15,5.0,65.0
0.13228699551569506,4303.5,1,1351.9599999999998,1431.6,"sS(s=5,S=65)",42,16,5.0,65.0
0.15211267605633802,4701.2,2,1163.3999999999999,1174.1,"sS(s=5,S=65)",42,17,5.0,65.0
0.08872126436781609,4519.7,3,1289.0,1346.9,"sS(s=5,S=65)",42,18,5.0,65.0
0.14942528735632185,4061.0,3,1093.4,1109.0,"sS(s=5,S=65)",42,19,5.0,65.0
0.09234073013600573,4451.3,1,1366.4,1392.0,"sS(s=5,S=65)",42,20,5.0,65.0
0.1399795151928986,4577.1,4,1309.1000000000001,1309.4,"sS(s=5,S=65)",42,21,5.0,65.0
0.1445324881141046,5339.2,2,1599.54,1679.0,"sS(s=5,S=65)",42,22,5.0,65.0
0.2092123769338959,4935.8,3,1375.1399999999999,1429.3,"sS(s=5,S=65)",42,23,5.0,65.0
0.044674767691208005,4234.5,1,1027.52,1035.0,"sS(s=5,S=65)",42,24,5.0,65.0
0.12263489838822705,4479.4,0,1183.6,1199.6,"sS(s=5,S=65)",42,25,5.0,65.0
0.0930493273542601,4251.3,7,1248.8,1268.0,"sS(s=5,S=65)",42,26,5.0,65.0
0.07206026858827383,4890.9,3,1522.52,1560.9,"sS(s=5,S=65)",42,27,5.0,65.0
0.14219114219114218,3854.9,0,1124.94,1187.0,"sS(s=5,S=65)",42,28,5.0,65.0
0.10539659543643608,4090.6,0,1274.02,1354.4,"sS(s=5,S=65)",42,29,5.0,65.0
0.08695652173913043,4368.4,0,1000.56,1001.0,"sS(s=5,S=65)",42,30,5.0,65.0
0.08471704506946798,4858.0,0,1313.4,1331.0,"sS(s=5,S=65)",42,31,5.0,65.0
0.11502849002849003,4529.1,0,1078.56,1081.0,"sS(s=5,S=65)",42,32,5.0,65.0
0.23841059602649006,4429.8,1,1531.6399999999999,1661.1,"sS(s=5,S=65)",42,33,5.0,65.0
0.09834805993084902,4353.6,3,1342.84,1436.9,"sS(s=5,S=65)",42,34,5.0,65.0
0.11796662786185487,3987.2,0,1041.44,1046.7,"sS(s=5,S=65)",42,35,5.0,65.0
0.06056481796529432,4925.8,2,1416.86,1492.8,"sS(s=5,S=65)",42,36,5.0,65.0
0.17839195979899497,4294.5,2,1198.96,1201.3,"sS(s=5,S=65)",42,37,5.0,65.0
0.12595685455810718,4777.6,0,1513.56,1636.2,"sS(s=5,S=65)",42,38,5.0,65.0
0.17766911165444174,3924.3,1,1057.4199999999998,1063.1,"sS(s=5,S=65)",42,39,5.0,65.0
0.17446319018404907,4081.2,4,1125.52,1139.9,"sS(s=5,S=65)",42,40,5.0,65.0
0.13747779751332148,4530.7,0,1122.72,1148.9,"sS(s=5,S=65)",42,41,5.0,65.0
0.14698877169105137,5010.0,1,1325.4,1341.5,"sS(s=5,S=65)",42,42,5.0,65.0
0.11336854937017472,4044.5,1,997.22,1011.1,"sS(s=5,S=65)",42,43,5.0,65.0
0.05499124343257443,4201.7,0,1152.2,1194.0,"sS(s=5,S=65)",42,44,5.0,65.0
0.1650853889943074,4315.6,0,1208.1200000000001,1263.4,"sS(s=5,S=65)",42,45,5.0,65.0
0.07952286282306163,4859.9,0,1441.0,1527.0,"sS(s=5,S=65)",42,46,5.0,65.0
0.11987270155586988,4846.9,1,1392.0,1457.5,"sS(s=5,S=65)",42,47,5.0,65.0
0.1784313725490196,4012.1,0,1157.06,1178.8,"sS(s=5,S=65)",42,48,5.0,65.0
0.0939524838012959,4509.4,8,1284.24,1350.7,"sS(s=5,S=65)",42,49,5.0,65.0
0.12903225806451613,4347.0,5,1120.58,1125.0,"sS(s=5,S=70)",42,0,5.0,70.0
0.10921004732435384,3992.9,0,1066.1799999999998,1095.1,"sS(s=5,S=70)",42,1,5.0,70.0
0.08556521739130435,4530.9,1,1374.58,1463.0,"sS(s=5,S=70)",42,2,5.0,70.0
0.09181784524250278,4488.8,0,1246.8400000000001,1272.2,"sS(s=5,S=70)",42,3,5.0,70.0
0.18625192012288785,4027.3,2,1208.04,1236.9,"sS(s=5,S=70)",42,4,5.0,70.0
0.10319573901464714,4725.2,2,1264.1,1276.3,"sS(s=5,S=70)",42,5,5.0,70.0
0.2581648522550544,4001.1,2,1191.48,1213.1,"sS(s=5,S=70)",42,6,5.0,70.0
0.12142080463936208,4349.3,1,1243.8799999999999,1291.1,"sS(s=5,S=70)",42,7,5.0,70.0
0.14520848573518655,4491.6,2,1339.14,1384.2,"sS(s=5,S=70)",42,8,5.0,70.0
0.10424448217317488,4719.1,0,1222.26,1229.0,"sS(s=5,S=70)",42,9,5.0,70.0
0.17013639626704954,4256.8,3,1145.42,1146.7,"sS(s=5,S=70)",42,10,5.0,70.0
0.07635009310986965,4170.5,0,1266.52,1316.4,"sS(s=5,S=70)",42,11,5.0,70.0
0.18133988074359875,4415.1,0,1231.28,1263.6,"sS(s=5,S=70)",42,12,5.0,70.0
0.08823529411764706,4336.4,2,1133.94,1162.2,"sS(s=5,S=70)",42,13,5.0,70.0
0.12308868501529052,4250.8,3,1114.96,1145.2,"sS(s=5,S=70)",42,14,5.0,70.0
0.08796296296296297,4269.9,2,1357.9999999999998,1448.6,"sS(s=5,S=70)",42,15,5.0,70.0
0.15657698056801195,4237.0,1,1338.7599999999998,1423.1,"sS(s=5,S=70)",42,16,5.0,70.0
0.13098591549295774,4761.1,2,1207.8999999999999,1224.6,"sS(s=5,S=70)",42,17,5.0,70.0
0.0966235632183908,4495.9,1,1217.36,1265.6,"sS(s=5,S=70)",42,18,5.0,70.0
0.17049808429118773,3904.7,2,1182.6,1218.0,"sS(s=5,S=70)",42,19,5.0,70.0
0.10987831066571224,4378.7,1,1342.92,1366.4,"sS(s=5,S=70)",42,20,5.0,70.0
0.16729259132809832,4542.1,3,1338.2,1351.4,"sS(s=5,S=70)",42,21,5.0,70.0
0.16671949286846277,5280.2,2,1594.74,1674.0,"sS(s=5,S=70)",42,22,5.0,70.0
0.23277074542897327,4887.3,3,1360.34,1415.8,"sS(s=5,S=70)",42,23,5.0,70.0
0.05539671193709793,4203.5,1,1027.72,1045.0,"sS(s=5,S=70)",42,24,5.0,70.0
0.09985984583041345,4392.1,0,1151.6599999999999,1171.1,"sS(s=5,S=70)",42,25,5.0,70.0
0.13415545590433484,4266.5,6,1240.0,1254.5,"sS(s=5,S=70)",42,26,5.0,70.0
0.08679986898132984,4881.9,4,1494.52,1551.9,"sS(s=5,S=70)",42,27,5.0,70.0
0.16822066822066822,3842.6,0,1104.04,1158.5,"sS(s=5,S=70)",42,28,5.0,70.0
0.14632379572618617,4067.5,0,1351.82,1448.9,"sS(s=5,S=70)",42,29,5.0,70.0
0.11903064861012116,4224.4,0,1102.52,1127.9,"sS(s=5,S=70)",42,30,5.0,70.0
0.08708912233141308,4855.2,0,1341.8,1364.0,"sS(s=5,S=70)",42,31,5.0,70.0
0.13425925925925927,4444.5,0,1082.06,1091.0,"sS(s=5,S=70)",42,32,5.0,70.0
0.2608535688005887,4371.8,1,1546.5399999999997,1688.1,"sS(s=5,S=70)",42,33,5.0,70.0
0.12524010756819054,4295.6,3,1329.84,1417.9,"sS(s=5,S=70)",42,34,5.0,70.0
0.14707023670935196,3976.2,0,1007.26,1022.9,"sS(s=5,S=70)",42,35,5.0,70.0
0.0826811840762164,4946.3,2,1411.1599999999999,1490.3,"sS(s=5,S=70)",42,36,5.0,70.0
0.19095477386934673,4334.5,3,1193.34,1214.1,"sS(s=5,S=70)",42,37,5.0,70.0
0.1590118302018093,4714.1,0,1506.36,1627.2,"sS(s=5,S=70)",42,38,5.0,70.0
0.18418907905460472,3993.5,2,1228.14,1274.9,"sS(s=5,S=70)",42,39,5.0,70.0
0.20820552147239263,4068.0,3,1228.32,1265.9,"sS(s=5,S=70)",42,40,5.0,70.0
0.16376554174067495,4459.1,0,1100.34,1123.3,"sS(s=5,S=70)",42,41,5.0,70.0
0.18033344675059543,4964.8,1,1301.4,1309.0,"sS(s=5,S=70)",42,42,5.0,70.0
0.14262494920763918,4158.5,3,1111.96,1131.8,"sS(s=5,S=70)",42,43,5.0,70.0
0.07600700525394045,4233.7,0,1163.3999999999999,1208.0,"sS(s=5,S=70)",42,44,5.0,70.0
0.19924098671726756,4189.9,0,1147.96,1185.7,"sS(s=5,S=70)",42,45,5.0,70.0
0.10437375745526839,4860.6,0,1433.1,1508.5,"sS(s=5,S=70)",42,46,5.0,70.0
0.14674681753889673,4724.9,1,1346.0,1423.5,"sS(s=5,S=70)",42,47,5.0,70.0
0.2,3958.1,0,1161.6599999999999,1181.8,"sS(s=5,S=70)",42,48,5.0,70.0
0.08639308855291576,4557.0,8,1295.96,1341.2,"sS(s=5,S=70)",42,49,5.0,70.0
0.152561669829222,4362.2,5,1204.28,1221.6,"sS(s=5,S=75)",42,0,5.0,75.0
0.13396432471787403,3986.2,0,1090.42,1092.5,"sS(s=5,S=75)",42,1,5.0,75.0
0.11686956521739131,4527.4,1,1248.48,1295.5,"sS(s=5,S=75)",42,2,5.0,75.0
0.11810440577563865,4437.9,0,1226.04,1258.7,"sS(s=5,S=75)",42,3,5.0,75.0
0.21889400921658986,4031.5,2,1319.54,1379.4,"sS(s=5,S=75)",42,4,5.0,75.0
0.131491344873502,4743.5,2,1267.5,1275.3,"sS(s=5,S=75)",42,5,5.0,75.0
0.2931570762052877,3934.1,2,1205.48,1225.6,"sS(s=5,S=75)",42,6,5.0,75.0
0.14679231605654222,4277.3,1,1255.8799999999999,1303.6,"sS(s=5,S=75)",42,7,5.0,75.0
0.18141916605705927,4365.1,2,1258.04,1289.8,"sS(s=5,S=75)",42,8,5.0,75.0
0.12325976230899831,4651.2,0,1227.66,1239.0,"sS(s=5,S=75)",42,9,5.0,75.0
0.19669777458722182,4178.2,3,1155.02,1159.7,"sS(s=5,S=75)",42,10,5.0,75.0
0.10502793296089385,4026.2,0,1247.52,1297.4,"sS(s=5,S=75)",42,11,5.0,75.0
0.1971238162048404,4354.6,0,1200.98,1219.6,"sS(s=5,S=75)",42,12,5.0,75.0
0.10130718954248366,4348.0,2,1233.94,1293.2,"sS(s=5,S=75)",42,13,5.0,75.0
0.17851681957186544,4436.5,4,1148.54,1152.5,"sS(s=5,S=75)",42,14,5.0,75.0
0.11217948717948718,4409.7,2,1363.6799999999998,1445.5,"sS(s=5,S=75)",42,15,5.0,75.0
0.18086696562032886,4179.0,1,1323.9599999999998,1410.1,"sS(s=5,S=75)",42,16,5.0,75.0
0.1538732394366197,4706.1,2,1190.8999999999999,1211.6,"sS(s=5,S=75)",42,17,5.0,75.0
0.11997126436781609,4498.4,1,1202.36,1252.6,"sS(s=5,S=75)",42,18,5.0,75.0
0.2095785440613027,3837.2,2,1172.6,1203.0,"sS(s=5,S=75)",42,19,5.0,75.0
0.13385826771653545,4449.9,1,1391.0600000000002,1408.9,"sS(s=5,S=75)",42,20,5.0,75.0
0.19460566746329805,4456.1,3,1320.5,1332.4,"sS(s=5,S=75)",42,21,5.0,75.0
0.1889064976228209,5297.2,2,1589.94,1669.0,"sS(s=5,S=75)",42,22,5.0,75.0
0.25562587904360057,4836.1,3,1345.54,1402.3,"sS(s=5,S=75)",42,23,5.0,75.0
0.0696926375982845,4117.5,1,1031.48,1055.0,"sS(s=5,S=75)",42,24,5.0,75.0
0.13139453398738613,4320.6,0,1202.44,1217.4,"sS(s=5,S=75)",42,25,5.0,75.0
0.17152466367713004,4235.0,6,1244.0,1257.0,"sS(s=5,S=75)",42,26,5.0,75.0
0.10153946937438585,4797.9,4,1479.52,1542.9,"sS(s=5,S=75)",42,27,5.0,75.0
0.17016317016317017,3823.4,0,1083.1399999999999,1130.0,"sS(s=5,S=75)",42,28,5.0,75.0
0.1680550525172039,3989.6,0,1327.22,1415.4,"sS(s=5,S=75)",42,29,5.0,75.0
0.14397719173200285,4209.9,0,1220.1200000000001,1274.9,"sS(s=5,S=75)",42,30,5.0,75.0
0.10572687224669604,4862.7,0,1319.8,1334.0,"sS(s=5,S=75)",42,31,5.0,75.0
0.16274928774928774,4374.0,0,1085.56,1101.0,"sS(s=5,S=75)",42,32,5.0,75.0
0.26600441501103755,4303.7,1,1561.4399999999998,1715.1,"sS(s=5,S=75)",42,33,5.0,75.0
0.1790242028428736,4321.8,3,1461.6399999999999,1579.9,"sS(s=5,S=75)",42,34,5.0,75.0
0.17617384555684906,3905.2,0,1000.86,1025.4,"sS(s=5,S=75)",42,35,5.0,75.0
0.10479755018713849,4904.8,2,1405.4599999999998,1487.8,"sS(s=5,S=75)",42,36,5.0,75.0
0.20351758793969849,4302.5,3,1207.1399999999999,1238.6,"sS(s=5,S=75)",42,37,5.0,75.0
0.19206680584551147,4590.0,0,1495.96,1614.2,"sS(s=5,S=75)",42,38,5.0,75.0
0.21678891605541972,3934.0,2,1214.04,1263.9,"sS(s=5,S=75)",42,39,5.0,75.0
0.1598926380368098,4192.4,4,1081.2,1088.0,"sS(s=5,S=75)",42,40,5.0,75.0
0.16376554174067495,4383.1,0,1124.1599999999999,1173.0,"sS(s=5,S=75)",42,41,5.0,75.0
0.18679823069071114,4991.4,1,1338.3600000000001,1352.7,"sS(s=5,S=75)",42,42,5.0,75.0
0.17310036570499795,4115.8,3,1058.6599999999999,1059.8,"sS(s=5,S=75)",42,43,5.0,75.0
0.09912434325744308,4143.3,0,1123.3999999999999,1158.0,"sS(s=5,S=75)",42,44,5.0,75.0
0.2049335863377609,4184.6,0,1140.36,1173.7,"sS(s=5,S=75)",42,45,5.0,75.0
0.1265738899933731,4931.1,0,1415.3999999999999,1490.0,"sS(s=5,S=75)",42,46,5.0,75.0
0.16973125884016974,4667.9,1,1313.0,1389.5,"sS(s=5,S=75)",42,47,5.0,75.0
0.22156862745098038,3981.1,0,1166.26,1184.8,"sS(s=5,S=75)",42,48,5.0,75.0
0.10727141828653708,4554.1,7,1314.56,1331.7,"sS(s=5,S=75)",42,49,5.0,75.0
0.17722960151802655,4315.7,5,1194.84,1207.3,"sS(s=5,S=80)",42,0,5.0,80.0
0.16672733891518018,4009.2,0,1089.42,1094.5,"sS(s=5,S=80)",42,1,5.0,80.0
0.13356521739130434,4530.7,1,1230.3,1268.0,"sS(s=5,S=80)",42,2,5.0,80.0
0.12884116993706035,4378.8,0,1231.56,1323.2,"sS(s=5,S=80)",42,3,5.0,80.0
0.2196620583717358,4037.6,2,1367.52,1442.5,"sS(s=5,S=80)",42,4,5.0,80.0
0.14314247669773636,4780.2,2,1284.1,1290.8,"sS(s=5,S=80)",42,5,5.0,80.0
0.29704510108864696,4016.8,2,1219.48,1238.1,"sS(s=5,S=80)",42,6,5.0,80.0
0.17107647698441464,4213.0,1,1266.9799999999998,1316.1,"sS(s=5,S=80)",42,7,5.0,80.0
0.2121433796634967,4377.5,2,1342.9399999999998,1422.3,"sS(s=5,S=80)",42,8,5.0,80.0
0.11748726655348048,4632.2,0,1241.8,1249.0,"sS(s=5,S=80)",42,9,5.0,80.0
0.22541277817659727,4162.2,2,1173.82,1174.1,"sS(s=5,S=80)",42,10,5.0,80.0
0.09906890130353818,4018.6,0,1252.52,1308.4,"sS(s=5,S=80)",42,11,5.0,80.0
0.21290775166608208,4376.6,0,1236.6799999999998,1258.1,"sS(s=5,S=80)",42,12,5.0,80.0
0.12091503267973856,4293.6,2,1221.94,1284.2,"sS(s=5,S=80)",42,13,5.0,80.0
0.20718654434250763,4394.0,4,1141.64,1147.0,"sS(s=5,S=80)",42,14,5.0,80.0
0.16631054131054132,4351.9,3,1298.84,1371.0,"sS(s=5,S=80)",42,15,5.0,80.0
0.17825112107623317,4268.8,2,1283.9599999999998,1328.1,"sS(s=5,S=80)",42,16,5.0,80.0
0.18098591549295776,4732.3,2,1190.1399999999999,1198.6,"sS(s=5,S=80)",42,17,5.0,80.0
0.14331896551724138,4434.9,1,1189.08,1239.6,"sS(s=5,S=80)",42,18,5.0,80.0
0.24022988505747125,3974.8,3,1161.8799999999999,1187.1,"sS(s=5,S=80)",42,19,5.0,80.0
0.15891195418754475,4385.4,1,1370.46,1385.4,"sS(s=5,S=80)",42,20,5.0,80.0
0.22362581085694777,4450.8,3,1255.14,1260.4,"sS(s=5,S=80)",42,21,5.0,80.0
0.21109350237717908,5245.7,2,1585.1399999999999,1664.0,"sS(s=5,S=80)",42,22,5.0,80.0
0.2630098452883263,4946.5,3,1332.84,1388.8,"sS(s=5,S=80)",42,23,5.0,80.0
0.08398856325947104,4103.5,1,1063.58,1065.0,"sS(s=5,S=80)",42,24,5.0,80.0
0.15241765942536792,4294.8,0,1182.2,1218.9,"sS(s=5,S=80)",42,25,5.0,80.0
0.20889387144992527,4274.9,5,1248.0,1259.5,"sS(s=5,S=80)",42,26,5.0,80.0
0.11627906976744186,4719.9,4,1462.1200000000001,1530.9,"sS(s=5,S=80)",42,27,5.0,80.0
0.19735819735819735,3755.7,0,1063.78,1104.8,"sS(s=5,S=80)",42,28,5.0,80.0
0.19014849692140529,3921.2,0,1302.62,1381.9,"sS(s=5,S=80)",42,29,5.0,80.0
0.16892373485388454,4128.4,0,1230.52,1287.9,"sS(s=5,S=80)",42,30,5.0,80.0
0.124364622161979,4805.2,0,1297.8,1304.0,"sS(s=5,S=80)",42,31,5.0,80.0
0.19052706552706553,4305.3,0,1088.7,1111.0,"sS(s=5,S=80)",42,32,5.0,80.0
0.2862398822663723,4243.7,1,1576.3399999999997,1742.1,"sS(s=5,S=80)",42,33,5.0,80.0
0.20783711102573954,4270.3,3,1444.6399999999999,1555.9,"sS(s=5,S=80)",42,34,5.0,80.0
0.20372526193247964,3834.2,0,994.46,1027.9,"sS(s=5,S=80)",42,35,5.0,80.0
0.12691391629806056,4863.3,2,1399.7599999999998,1485.3,"sS(s=5,S=80)",42,36,5.0,80.0
0.2189519023689878,4272.1,3,1219.3999999999999,1259.8,"sS(s=5,S=80)",42,37,5.0,80.0
0.22512178148921363,4686.8,0,1517.56,1641.2,"sS(s=5,S=80)",42,38,5.0,80.0
0.24938875305623473,3811.5,2,1193.44,1261.9,"sS(s=5,S=80)",42,39,5.0,80.0
0.19248466257668712,4058.9,4,1084.1,1098.0,"sS(s=5,S=80)",42,40,5.0,80.0
0.21740674955595027,4408.3,0,1189.6599999999999,1238.3,"sS(s=5,S=80)",42,41,5.0,80.0
0.2140183735964614,4953.9,1,1319.56,1326.7,"sS(s=5,S=80)",42,42,5.0,80.0
0.20357578220235675,4062.3,2,1069.6399999999999,1075.6,"sS(s=5,S=80)",42,43,5.0,80.0
0.12679509632224167,4129.2,0,1085.0,1110.0,"sS(s=5,S=80)",42,44,5.0,80.0
0.23719165085388993,4130.6,0,1132.76,1161.7,"sS(s=5,S=80)",42,45,5.0,80.0
0.15540092776673295,4873.8,0,1405.8,1475.5,"sS(s=5,S=80)",42,46,5.0,80.0
0.19731258840169733,4532.2,1,1285.46,1355.5,"sS(s=5,S=80)",42,47,5.0,80.0
0.24313725490196078,3934.9,0,1170.06,1186.8,"sS(s=5,S=80)",42,48,5.0,80.0
0.12922966162706984,4504.7,7,1301.96,1318.2,"sS(s=5,S=80)",42,49,5.0,80.0
0.1969639468690702,4344.2,5,1249.72,1273.4,"sS(s=5,S=85)",42,0,5.0,85.0
0.19949035311248633,4014.8,0,1132.66,1141.7,"sS(s=5,S=85)",42,1,5.0,85.0
0.15756521739130436,4473.1,1,1200.5,1240.5,"sS(s=5,S=85)",42,2,5.0,85.0
0.15920029618659756,4328.0,0,1213.4199999999998,1314.2,"sS(s=5,S=85)",42,3,5.0,85.0
0.24423963133640553,3967.1,1,1354.2199999999998,1429.0,"sS(s=5,S=85)",42,4,5.0,85.0
0.1681091877496671,4744.4,2,1275.56,1278.3,"sS(s=5,S=85)",42,5,5.0,85.0
0.3300933125972006,3960.3,2,1233.48,1250.6,"sS(s=5,S=85)",42,6,5.0,85.0
0.1728887277999275,4301.0,1,1263.08,1328.6,"sS(s=5,S=85)",42,7,5.0,85.0
0.24725676664228238,4156.2,2,1324.2399999999998,1406.8,"sS(s=5,S=85)",42,8,5.0,85.0
0.13955857385398981,4567.2,0,1245.3,1259.0,"sS(s=5,S=85)",42,9,5.0,85.0
0.2236180904522613,4164.0,3,1166.9399999999998,1176.6,"sS(s=5,S=85)",42,10,5.0,85.0
0.12141527001862197,3949.0,0,1235.92,1292.4,"sS(s=5,S=85)",42,11,5.0,85.0
0.23290073658365487,4408.7,0,1240.74,1243.7,"sS(s=5,S=85)",42,12,5.0,85.0
0.12599854756717502,4231.5,2,1073.94,1105.2,"sS(s=5,S=85)",42,13,5.0,85.0
0.23585626911314986,4341.5,3,1126.74,1131.5,"sS(s=5,S=85)",42,14,5.0,85.0
0.20014245014245013,4368.1,3,1345.9399999999998,1438.5,"sS(s=5,S=85)",42,15,5.0,85.0
0.20254110612855009,4213.8,2,1269.9599999999998,1316.1,"sS(s=5,S=85)",42,16,5.0,85.0
0.20211267605633804,4681.4,2,1175.82,1187.7,"sS(s=5,S=85)",42,17,5.0,85.0
0.16810344827586207,4384.6,1,1181.8799999999999,1230.6,"sS(s=5,S=85)",42,18,5.0,85.0
0.2260536398467433,3788.4,2,1086.76,1090.7,"sS(s=5,S=85)",42,19,5.0,85.0
0.17752326413743735,4310.3,0,1342.58,1360.1,"sS(s=5,S=85)",42,20,5.0,85.0
0.22772277227722773,4271.0,2,1330.84,1375.0,"sS(s=5,S=85)",42,21,5.0,85.0
0.23328050713153725,5194.2,2,1580.34,1659.0,"sS(s=5,S=85)",42,22,5.0,85.0
0.23769338959212377,4979.3,3,1453.2399999999998,1536.8,"sS(s=5,S=85)",42,23,5.0,85.0
0.11686919228020014,4105.7,1,1052.56,1075.0,"sS(s=5,S=85)",42,24,5.0,85.0
0.17344078486334968,4307.1,0,1177.72,1220.4,"sS(s=5,S=85)",42,25,5.0,85.0
0.24626307922272048,4250.4,5,1252.0,1262.0,"sS(s=5,S=85)",42,26,5.0,85.0
0.1077628562070095,4703.3,4,1450.2,1524.9,"sS(s=5,S=85)",42,27,5.0,85.0
0.18298368298368298,3828.2,0,1090.58,1159.8,"sS(s=5,S=85)",42,28,5.0,85.0
0.21658819268381022,3973.4,0,1279.36,1350.3,"sS(s=5,S=85)",42,29,5.0,85.0
0.19885958660014255,4051.9,0,1291.98,1363.9,"sS(s=5,S=85)",42,30,5.0,85.0
0.14300237207726194,4747.7,0,1281.2,1283.0,"sS(s=5,S=85)",42,31,5.0,85.0
0.22364672364672364,4319.1,0,1109.78,1121.0,"sS(s=5,S=85)",42,32,5.0,85.0
0.30647534952170713,4271.2,1,1591.2399999999998,1769.1,"sS(s=5,S=85)",42,33,5.0,85.0
0.23665001920860546,4217.9,3,1427.6399999999999,1531.9,"sS(s=5,S=85)",42,34,5.0,85.0
0.23205277454404347,3770.1,0,1019.9,1034.2,"sS(s=5,S=85)",42,35,5.0,85.0
0.10105478053759782,4722.7,2,1303.02,1369.0,"sS(s=5,S=85)",42,36,5.0,85.0
0.21428571428571427,4268.5,3,1162.52,1186.4,"sS(s=5,S=85)",42,37,5.0,85.0
0.2522616562282533,4637.8,0,1482.36,1597.2,"sS(s=5,S=85)",42,38,5.0,85.0
0.23145884270578648,3812.1,2,1302.84,1404.9,"sS(s=5,S=85)",42,39,5.0,85.0
0.23274539877300612,4078.6,3,1102.76,1108.0,"sS(s=5,S=85)",42,40,5.0,85.0
0.20994671403197157,4335.7,0,1150.24,1156.6,"sS(s=5,S=85)",42,41,5.0,85.0
0.24123851650221165,4916.4,1,1300.94,1301.0,"sS(s=5,S=85)",42,42,5.0,85.0
0.2303941487200325,4022.1,2,1086.04,1097.1,"sS(s=5,S=85)",42,43,5.0,85.0
0.10017513134851139,4028.6,0,1105.0,1135.0,"sS(s=5,S=85)",42,44,5.0,85.0
0.22808349146110057,4223.3,0,1130.68,1144.2,"sS(s=5,S=85)",42,45,5.0,85.0
0.1918489065606362,4899.8,0,1525.8,1623.0,"sS(s=5,S=85)",42,46,5.0,85.0
0.16831683168316833,4456.6,1,1313.96,1390.5,"sS(s=5,S=85)",42,47,5.0,85.0
0.25098039215686274,4128.7,0,1089.82,1114.1,"sS(s=5,S=85)",42,48,5.0,85.0
0.17926565874730022,4453.2,6,1208.6799999999998,1227.6,"sS(s=5,S=85)",42,49,5.0,85.0
0.19165085388994307,4379.3,5,1215.16,1227.7,"sS(s=5,S=90)",42,0,5.0,90.0
0.23006916636330543,3953.9,0,1127.8600000000001,1135.2,"sS(s=5,S=90)",42,1,5.0,90.0
0.12139130434782609,4560.2,1,1320.6599999999999,1384.0,"sS(s=5,S=90)",42,2,5.0,90.0
0.161421695668271,4448.3,0,1243.82,1305.2,"sS(s=5,S=90)",42,3,5.0,90.0
0.2672811059907834,3906.6,1,1348.9199999999998,1425.5,"sS(s=5,S=90)",42,4,5.0,90.0
0.1711051930758988,4610.6,2,1273.1599999999999,1299.3,"sS(s=5,S=90)",42,5,5.0,90.0
0.32776049766718507,4069.9,2,1391.4799999999998,1443.1,"sS(s=5,S=90)",42,6,5.0,90.0
0.1946357375860819,4245.1,1,1274.1799999999998,1341.1,"sS(s=5,S=90)",42,7,5.0,90.0
0.24433065106071689,4240.4,1,1303.76,1391.3,"sS(s=5,S=90)",42,8,5.0,90.0
0.16536502546689305,4509.8,0,1248.8,1269.0,"sS(s=5,S=90)",42,9,5.0,90.0
0.24874371859296482,4096.1,3,1168.1399999999999,1179.1,"sS(s=5,S=90)",42,10,5.0,90.0
0.1378026070763501,3870.9,0,1190.52,1240.4,"sS(s=5,S=90)",42,11,5.0,90.0
0.22553490003507543,4230.7,0,1246.8799999999999,1249.6,"sS(s=5,S=90)",42,12,5.0,90.0
0.14052287581699346,4174.0,2,1053.94,1086.2,"sS(s=5,S=90)",42,13,5.0,90.0
0.26452599388379205,4295.5,3,1120.04,1126.0,"sS(s=5,S=90)",42,14,5.0,90.0
0.23397435897435898,4310.1,3,1322.6399999999999,1415.5,"sS(s=5,S=90)",42,15,5.0,90.0
0.22683109118086697,4158.8,2,1255.9599999999998,1304.1,"sS(s=5,S=90)",42,16,5.0,90.0
0.19859154929577466,4627.7,2,1305.42,1356.2,"sS(s=5,S=90)",42,17,5.0,90.0
0.20150862068965517,4320.5,1,1345.08,1434.6,"sS(s=5,S=90)",42,18,5.0,90.0
0.29808429118773944,3914.0,2,1224.84,1261.7,"sS(s=5,S=90)",42,19,5.0,90.0
0.20651395848246243,4246.4,1,1331.02,1414.7,"sS(s=5,S=90)",42,20,5.0,90.0
0.24581768521679753,4302.2,2,1315.6399999999999,1360.0,"sS(s=5,S=90)",42,21,5.0,90.0
0.2554675118858954,5140.0,2,1575.54,1654.0,"sS(s=5,S=90)",42,22,5.0,90.0
0.2587904360056259,4948.8,3,1452.04,1532.8,"sS(s=5,S=90)",42,23,5.0,90.0
0.12294496068620443,4018.3,0,1072.7,1083.2,"sS(s=5,S=90)",42,24,5.0,90.0
0.14050455501051157,4175.5,0,1205.3200000000002,1221.9,"sS(s=5,S=90)",42,25,5.0,90.0
0.23542600896860988,4221.1,4,1262.6399999999999,1272.8,"sS(s=5,S=90)",42,26,5.0,90.0
0.15722240419259745,4757.4,4,1378.6799999999998,1446.1,"sS(s=5,S=90)",42,27,5.0,90.0
0.21406371406371405,3763.7,0,1073.78,1137.8,"sS(s=5,S=90)",42,28,5.0,90.0
0.1553784860557769,3943.5,0,1165.54,1227.4,"sS(s=5,S=90)",42,29,5.0,90.0
0.2045616535994298,4146.5,0,1299.88,1351.9,"sS(s=5,S=90)",42,30,5.0,90.0
0.16604540833615725,4782.6,0,1326.92,1335.4,"sS(s=5,S=90)",42,31,5.0,90.0
0.25925925925925924,4255.6,0,1114.68,1131.0,"sS(s=5,S=90)",42,32,5.0,90.0
0.32671081677704195,4311.6,1,1649.8199999999997,1838.1,"sS(s=5,S=90)",42,33,5.0,90.0
0.26392623895505185,4058.9,1,1410.6399999999999,1507.9,"sS(s=5,S=90)",42,34,5.0,90.0
0.26581296080714006,3699.8,0,1024.96,1032.9,"sS(s=5,S=90)",42,35,5.0,90.0
0.11806736985369173,4664.7,1,1267.32,1329.0,"sS(s=5,S=90)",42,36,5.0,90.0
0.23941134242641782,4242.0,3,1172.92,1205.4,"sS(s=5,S=90)",42,37,5.0,90.0
0.27383437717466946,4588.8,0,1449.12,1553.2,"sS(s=5,S=90)",42,38,5.0,90.0
0.26202118989405054,3748.1,1,1288.24,1392.9,"sS(s=5,S=90)",42,39,5.0,90.0
0.25306748466257667,4009.7,3,1108.36,1118.0,"sS(s=5,S=90)",42,40,5.0,90.0
0.21882770870337478,4444.8,0,1223.6399999999999,1263.3,"sS(s=5,S=90)",42,41,5.0,90.0
0.2684586594079619,4878.9,1,1303.74,1311.0,"sS(s=5,S=90)",42,42,5.0,90.0
0.25639983746444533,4072.9,2,1101.8,1118.6,"sS(s=5,S=90)",42,43,5.0,90.0
0.10122591943957969,4203.9,0,1078.52,1101.9,"sS(s=5,S=90)",42,44,5.0,90.0
0.2998102466793169,4198.8,0,1195.08,1234.6,"sS(s=5,S=90)",42,45,5.0,90.0
0.22498343273691188,4856.2,0,1521.0,1614.5,"sS(s=5,S=90)",42,46,5.0,90.0
0.19024045261669023,4398.3,1,1305.6599999999999,1379.5,"sS(s=5,S=90)",42,47,5.0,90.0
0.2823529411764706,4101.2,0,1094.32,1125.1,"sS(s=5,S=90)",42,48,5.0,90.0
0.17746580273578114,4478.9,7,1127.08,1128.6,"sS(s=5,S=90)",42,49,5.0,90.0
0.2159392789373814,4338.2,5,1196.28,1201.6,"sS(s=5,S=95)",42,0,5.0,95.0
0.25555151073898796,3922.4,0,1123.06,1128.7,"sS(s=5,S=95)",42,1,5.0,95.0
0.14747826086956523,4504.2,1,1298.56,1366.0,"sS(s=5,S=95)",42,2,5.0,95.0
0.19474268789337282,4408.3,0,1240.22,1296.2,"sS(s=5,S=95)",42,3,5.0,95.0
0.23809523809523808,3913.0,1,1324.9199999999998,1422.0,"sS(s=5,S=95)",42,4,5.0,95.0
0.20372836218375498,4670.7,2,1288.86,1320.3,"sS(s=5,S=95)",42,5,5.0,95.0
0.3499222395023328,4027.4,2,1413.4799999999998,1465.6,"sS(s=5,S=95)",42,6,5.0,95.0
0.1935483870967742,4173.4,1,1285.28,1353.6,"sS(s=5,S=95)",42,7,5.0,95.0
0.2761521580102414,4283.2,1,1304.1599999999999,1375.8,"sS(s=5,S=95)",42,8,5.0,95.0
0.1500848896434635,4515.1,0,1237.28,1279.0,"sS(s=5,S=95)",42,9,5.0,95.0
0.22218234027279254,3985.3,3,1169.34,1181.6,"sS(s=5,S=95)",42,10,5.0,95.0
0.17057728119180632,3899.2,0,1249.92,1317.9,"sS(s=5,S=95)",42,11,5.0,95.0
0.24658014731673097,4272.2,0,1298.1799999999998,1311.6,"sS(s=5,S=95)",42,12,5.0,95.0
0.15649963689179375,4216.7,2,1185.94,1257.2,"sS(s=5,S=95)",42,13,5.0,95.0
0.2989296636085627,4157.4,2,1184.4799999999998,1267.6,"sS(s=5,S=95)",42,14,5.0,95.0
0.26282051282051283,4347.6,4,1267.74,1308.0,"sS(s=5,S=95)",42,15,5.0,95.0
0.2559790732436472,4203.1,2,1230.14,1241.4,"sS(s=5,S=95)",42,16,5.0,95.0
0.23661971830985915,4585.6,2,1298.86,1354.5,"sS(s=5,S=95)",42,17,5.0,95.0
0.23742816091954022,4264.5,1,1363.4799999999998,1457.6,"sS(s=5,S=95)",42,18,5.0,95.0
0.29808429118773944,3839.8,2,1209.54,1262.7,"sS(s=5,S=95)",42,19,5.0,95.0
0.13707945597709378,4247.0,1,1267.42,1301.2,"sS(s=5,S=95)",42,20,5.0,95.0
0.27074086719016727,4562.4,2,1248.18,1264.8,"sS(s=5,S=95)",42,21,5.0,95.0
0.24437400950871632,5149.8,1,1570.74,1649.0,"sS(s=5,S=95)",42,22,5.0,95.0
0.279887482419128,4918.3,3,1450.84,1528.8,"sS(s=5,S=95)",42,23,5.0,95.0
0.19263759828448893,4345.8,1,1092.52,1099.5,"sS(s=5,S=95)",42,24,5.0,95.0
0.16152768044849333,4205.9,0,1201.8200000000002,1223.4,"sS(s=5,S=95)",42,25,5.0,95.0
0.26121076233183854,4268.3,3,1252.0,1257.0,"sS(s=5,S=95)",42,26,5.0,95.0
0.17490992466426467,4594.3,3,1345.06,1409.1,"sS(s=5,S=95)",42,27,5.0,95.0
0.2233877233877234,3783.5,0,1067.3999999999999,1115.8,"sS(s=5,S=95)",42,28,5.0,95.0
0.18362911988409997,3961.3,0,1136.8400000000001,1189.9,"sS(s=5,S=95)",42,29,5.0,95.0
0.27084818246614395,4091.2,0,1277.46,1322.5,"sS(s=5,S=95)",42,30,5.0,95.0
0.15079634022365299,4711.2,0,1291.96,1303.0,"sS(s=5,S=95)",42,31,5.0,95.0
0.29914529914529914,4287.9,0,1119.58,1141.0,"sS(s=5,S=95)",42,32,5.0,95.0
0.34694628403237676,4364.8,1,1639.2199999999998,1820.1,"sS(s=5,S=95)",42,33,5.0,95.0
0.2896657702650788,4009.0,1,1391.48,1481.2,"sS(s=5,S=95)",42,34,5.0,95.0
0.306558013193636,3635.3,0,1033.0600000000002,1035.4,"sS(s=5,S=95)",42,35,5.0,95.0
0.13780197346036066,4724.5,2,1325.86,1406.8,"sS(s=5,S=95)",42,36,5.0,95.0
0.26776740847092606,4219.4,3,1183.32,1224.4,"sS(s=5,S=95)",42,37,5.0,95.0
0.29471120389700767,4539.8,0,1419.32,1509.2,"sS(s=5,S=95)",42,38,5.0,95.0
0.2925835370823146,3694.1,1,1281.6399999999999,1390.9,"sS(s=5,S=95)",42,39,5.0,95.0
0.2906441717791411,3955.8,3,1112.52,1126.2,"sS(s=5,S=95)",42,40,5.0,95.0
0.22877442273534637,4368.2,0,1144.02,1164.4,"sS(s=5,S=95)",42,41,5.0,95.0
0.2953385505273903,4738.4,1,1306.54,1321.0,"sS(s=5,S=95)",42,42,5.0,95.0
0.2848435595286469,4129.9,2,1100.3999999999999,1140.1,"sS(s=5,S=95)",42,43,5.0,95.0
0.13625218914185638,4228.9,0,1119.6599999999999,1152.8,"sS(s=5,S=95)",42,44,5.0,95.0
0.266034155597723,4218.1,0,1133.5600000000002,1137.4,"sS(s=5,S=95)",42,45,5.0,95.0
0.2551358515573227,4814.7,0,1516.1999999999998,1606.0,"sS(s=5,S=95)",42,46,5.0,95.0
0.214992927864215,4431.8,1,1359.04,1443.5,"sS(s=5,S=95)",42,47,5.0,95.0
0.31058823529411766,4073.7,0,1098.82,1136.1,"sS(s=5,S=95)",42,48,5.0,95.0
0.2044636429085673,4433.2,7,1110.28,1111.6,"sS(s=5,S=95)",42,49,5.0,95.0
0.24250474383301707,4201.7,5,1164.02,1185.0,"sS(s=5,S=100)",42,0,5.0,100.0
0.2806698216235894,3890.9,0,1118.26,1122.2,"sS(s=5,S=100)",42,1,5.0,100.0
0.19443478260869565,4456.1,1,1357.28,1455.5,"sS(s=5,S=100)",42,2,5.0,100.0
0.22806368011847464,4368.3,0,1236.62,1287.2,"sS(s=5,S=100)",42,3,5.0,100.0
0.2653609831029186,3970.5,1,1337.54,1418.5,"sS(s=5,S=100)",42,4,5.0,100.0
0.23901464713715045,4555.5,2,1305.32,1341.3,"sS(s=5,S=100)",42,5,5.0,100.0
0.37169517884914466,4078.0,1,1435.4799999999998,1488.1,"sS(s=5,S=100)",42,6,5.0,100.0
0.23740485683218557,4122.4,1,1296.3799999999999,1366.1,"sS(s=5,S=100)",42,7,5.0,100.0
0.26810534016093635,4212.9,1,1295.3,1355.8,"sS(s=5,S=100)",42,8,5.0,100.0
0.18947368421052632,4564.8,0,1255.08,1289.0,"sS(s=5,S=100)",42,9,5.0,100.0
0.250897343862168,3901.8,2,1170.54,1184.1,"sS(s=5,S=100)",42,10,5.0,100.0
0.2074487895716946,3937.8,0,1275.16,1305.4,"sS(s=5,S=100)",42,11,5.0,100.0
0.2676253945983865,4224.2,0,1277.8799999999999,1284.1,"sS(s=5,S=100)",42,12,5.0,100.0
0.1466957153231663,4563.3,3,1237.1,1256.6,"sS(s=5,S=100)",42,13,5.0,100.0
0.29701834862385323,4099.2,2,1183.1799999999998,1264.6,"sS(s=5,S=100)",42,14,5.0,100.0
0.28952991452991456,4290.1,4,1244.84,1285.5,"sS(s=5,S=100)",42,15,5.0,100.0
0.23804185351270554,3923.1,1,1358.2799999999997,1446.1,"sS(s=5,S=100)",42,16,5.0,100.0
0.26267605633802815,4638.3,2,1287.02,1321.0,"sS(s=5,S=100)",42,17,5.0,100.0
0.21156609195402298,4482.4,1,1222.76,1281.0,"sS(s=5,S=100)",42,18,5.0,100.0
0.32873563218390806,3778.8,2,1211.44,1263.7,"sS(s=5,S=100)",42,19,5.0,100.0
0.17036506800286327,4296.0,2,1332.46,1389.0,"sS(s=5,S=100)",42,20,5.0,100.0
0.296346876066917,4532.9,2,1236.18,1249.3,"sS(s=5,S=100)",42,21,5.0,100.0
0.2618066561014263,5104.3,1,1565.94,1644.0,"sS(s=5,S=100)",42,22,5.0,100.0
0.3009845288326301,4887.8,3,1449.6399999999999,1524.8,"sS(s=5,S=100)",42,23,5.0,100.0
0.2237312365975697,4293.8,1,1070.32,1083.5,"sS(s=5,S=100)",42,24,5.0,100.0
0.18220042046250876,4153.1,0,1204.3200000000002,1231.9,"sS(s=5,S=100)",42,25,5.0,100.0
0.28176382660687593,4250.3,3,1256.0,1259.5,"sS(s=5,S=100)",42,26,5.0,100.0
0.19456272518833934,4531.8,3,1315.06,1372.1,"sS(s=5,S=100)",42,27,5.0,100.0
0.2544677544677545,3724.5,0,1048.3999999999999,1093.8,"sS(s=5,S=100)",42,28,5.0,100.0
0.2303513219847881,3915.0,0,1134.3400000000001,1152.4,"sS(s=5,S=100)",42,29,5.0,100.0
0.27084818246614395,4199.3,0,1197.1999999999998,1220.8,"sS(s=5,S=100)",42,30,5.0,100.0
0.17282277194171466,4663.2,0,1297.26,1313.0,"sS(s=5,S=100)",42,31,5.0,100.0
0.29451566951566954,4224.3,0,1117.06,1147.4,"sS(s=5,S=100)",42,32,5.0,100.0
0.3671817512877116,4328.3,1,1628.62,1802.1,"sS(s=5,S=100)",42,33,5.0,100.0
0.28236650019208603,4136.1,1,1298.08,1361.7,"sS(s=5,S=100)",42,34,5.0,100.0
0.34225844004656575,3597.0,0,1050.94,1054.2,"sS(s=5,S=100)",42,35,5.0,100.0
0.15991833957128274,4771.0,1,1374.4399999999998,1471.3,"sS(s=5,S=100)",42,36,5.0,100.0
0.3065326633165829,4321.8,3,1223.76,1243.4,"sS(s=5,S=100)",42,37,5.0,100.0
0.255741127348643,4357.5,0,1304.72,1373.2,"sS(s=5,S=100)",42,38,5.0,100.0
0.3272208638956805,3648.1,1,1277.9199999999998,1392.5,"sS(s=5,S=100)",42,39,5.0,100.0
0.2561349693251534,3770.5,3,1092.94,1106.5,"sS(s=5,S=100)",42,40,5.0,100.0
0.2227353463587922,4445.7,0,1141.6,1161.1,"sS(s=5,S=100)",42,41,5.0,100.0
0.26573664511738687,4889.8,1,1289.54,1331.0,"sS(s=5,S=100)",42,42,5.0,100.0
0.2718407151564405,4174.4,2,1116.1999999999998,1161.6,"sS(s=5,S=100)",42,43,5.0,100.0
0.13274956217162873,4249.9,0,1248.08,1310.7,"sS(s=5,S=100)",42,44,5.0,100.0
0.2903225806451613,4182.7,0,1320.04,1385.8,"sS(s=5,S=100)",42,45,5.0,100.0
0.28164347249834326,4777.2,0,1510.5,1597.5,"sS(s=5,S=100)",42,46,5.0,100.0
0.23055162659123055,4380.3,1,1221.1,1265.7,"sS(s=5,S=100)",42,47,5.0,100.0
0.3352941176470588,4046.2,0,1103.32,1147.1,"sS(s=5,S=100)",42,48,5.0,100.0
0.2314614830813535,4483.2,7,1138.12,1149.0,"sS(s=5,S=100)",42,49,5.0,100.0
0.018975332068311195,4972.0,6,1250.8,1267.0,"sS(s=10,S=15)",42,0,10.0,15.0
0.018201674554058973,5056.0,0,1319.8,1333.0,"sS(s=10,S=15)",42,1,10.0,15.0
0.017391304347826087,5387.0,2,1517.0,1570.0,"sS(s=10,S=15)",42,2,10.0,15.0
0.018511662347278787,5024.0,0,1374.6,1403.0,"sS(s=10,S=15)",42,3,10.0,15.0
0.019201228878648235,4820.0,2,1365.8,1403.0,"sS(s=10,S=15)",42,4,10.0,15.0
0.016644474034620507,5620.0,5,1368.6,1379.0,"sS(s=10,S=15)",42,5,10.0,15.0
0.019440124416796267,4786.0,2,1307.0,1325.0,"sS(s=10,S=15)",42,6,10.0,15.0
0.01812250815512867,5155.0,1,1297.3999999999999,1327.0,"sS(s=10,S=15)",42,7,10.0,15.0
0.018288222384784197,5125.0,3,1554.8,1589.0,"sS(s=10,S=15)",42,8,10.0,15.0
0.01697792869269949,5482.0,0,1428.2,1441.0,"sS(s=10,S=15)",42,9,10.0,15.0
0.017946877243359655,5149.0,5,1276.2,1293.0,"sS(s=10,S=15)",42,10,10.0,15.0
0.0186219739292365,4962.0,0,1443.8,1487.0,"sS(s=10,S=15)",42,11,10.0,15.0
0.017537706068046298,5234.0,0,1572.2,1609.0,"sS(s=10,S=15)",42,12,10.0,15.0
0.01815541031227306,5195.0,3,1347.8,1363.0,"sS(s=10,S=15)",42,13,10.0,15.0
0.0191131498470948,4914.0,6,1334.6,1343.0,"sS(s=10,S=15)",42,14,10.0,15.0
0.017806267806267807,5223.0,4,1459.8,1474.0,"sS(s=10,S=15)",42,15,10.0,15.0
0.01868460388639761,4969.0,0,1446.0,1465.0,"sS(s=10,S=15)",42,16,10.0,15.0
0.017605633802816902,5332.0,3,1457.0,1498.0,"sS(s=10,S=15)",42,17,10.0,15.0
0.017959770114942528,5225.0,3,1390.3999999999999,1430.0,"sS(s=10,S=15)",42,18,10.0,15.0
0.019157088122605363,4797.0,5,1281.8,1323.0,"sS(s=10,S=15)",42,19,10.0,15.0
0.01789549033643522,5215.0,1,1489.6,1531.0,"sS(s=10,S=15)",42,20,10.0,15.0
0.026971662683509732,5464.9,5,1506.54,1525.0,"sS(s=10,S=15)",42,21,10.0,15.0
0.01584786053882726,5937.0,1,1642.8,1699.0,"sS(s=10,S=15)",42,22,10.0,15.0
0.017580872011251757,5400.0,3,1437.4,1447.0,"sS(s=10,S=15)",42,23,10.0,15.0
0.017869907076483203,5178.0,1,1351.4,1379.0,"sS(s=10,S=15)",42,24,10.0,15.0
0.01751927119831815,5270.0,0,1433.0,1477.0,"sS(s=10,S=15)",42,25,10.0,15.0
0.01868460388639761,5089.0,8,1354.6,1371.0,"sS(s=10,S=15)",42,26,10.0,15.0
0.016377333770062234,5788.0,6,1681.8,1699.0,"sS(s=10,S=15)",42,27,10.0,15.0
0.019425019425019424,4710.0,0,1366.6,1435.0,"sS(s=10,S=15)",42,28,10.0,15.0
0.018109380659181457,5024.0,0,1612.1999999999998,1753.0,"sS(s=10,S=15)",42,29,10.0,15.0
0.01781895937277263,5174.0,0,1325.8,1341.0,"sS(s=10,S=15)",42,30,10.0,15.0
0.016943409013893594,5524.0,0,1456.6,1483.0,"sS(s=10,S=15)",42,31,10.0,15.0
0.028133903133903133,5212.2,0,1295.4,1299.0,"sS(s=10,S=15)",42,32,10.0,15.0
0.018763796909492272,5027.0,1,1403.02,1431.0,"sS(s=10,S=15)",42,33,10.0,15.0
0.024971187091817133,4913.5,6,1484.0,1589.0,"sS(s=10,S=15)",42,34,10.0,15.0
0.019402405898331393,4746.0,0,1244.2,1275.0,"sS(s=10,S=15)",42,35,10.0,15.0
0.01701258931609391,5455.0,2,1456.6,1478.0,"sS(s=10,S=15)",42,36,10.0,15.0
0.017946877243359655,5204.0,4,1444.0,1454.0,"sS(s=10,S=15)",42,37,10.0,15.0
0.017397355601948505,5340.0,0,1559.8,1629.0,"sS(s=10,S=15)",42,38,10.0,15.0
0.020374898125509373,4585.0,3,1324.6,1337.0,"sS(s=10,S=15)",42,39,10.0,15.0
0.019171779141104295,4868.0,2,1377.8,1387.0,"sS(s=10,S=15)",42,40,10.0,15.0
0.017761989342806393,5192.0,0,1311.4,1333.0,"sS(s=10,S=15)",42,41,10.0,15.0
0.01701258931609391,5520.0,2,1593.0,1657.0,"sS(s=10,S=15)",42,42,10.0,15.0
0.02031694433157253,4589.0,1,1067.8,1068.0,"sS(s=10,S=15)",42,43,10.0,15.0
0.017513134851138354,5272.0,0,1307.0,1315.0,"sS(s=10,S=15)",42,44,10.0,15.0
0.018975332068311195,4862.0,0,1259.8,1279.0,"sS(s=10,S=15)",42,45,10.0,15.0
0.01656726308813784,5628.0,0,1653.8,1741.0,"sS(s=10,S=15)",42,46,10.0,15.0
0.01768033946251768,5343.0,1,1457.6,1477.0,"sS(s=10,S=15)",42,47,10.0,15.0
0.0196078431372549,4632.0,0,1144.6,1145.0,"sS(s=10,S=15)",42,48,10.0,15.0
0.017998560115190784,5353.0,9,1403.6,1404.0,"sS(s=10,S=15)",42,49,10.0,15.0
0.018975332068311195,4867.0,6,1217.8,1232.0,"sS(s=10,S=20)",42,0,10.0,20.0
0.018201674554058973,4941.0,0,1282.8,1298.0,"sS(s=10,S=20)",42,1,10.0,20.0
0.017391304347826087,5282.0,2,1498.0,1555.0,"sS(s=10,S=20)",42,2,10.0,20.0
0.018511662347278787,4929.0,0,1347.6,1378.0,"sS(s=10,S=20)",42,3,10.0,20.0
0.019201228878648235,4705.0,2,1332.8,1368.0,"sS(s=10,S=20)",42,4,10.0,20.0
0.016977363515312916,5496.1,5,1338.8799999999999,1353.1,"sS(s=10,S=20)",42,5,10.0,20.0
0.02177293934681182,4675.6,2,1270.0,1290.0,"sS(s=10,S=20)",42,6,10.0,20.0
0.01812250815512867,5060.0,1,1270.3999999999999,1302.0,"sS(s=10,S=20)",42,7,10.0,20.0
0.018288222384784197,5020.0,3,1515.8,1544.0,"sS(s=10,S=20)",42,8,10.0,20.0
0.01697792869269949,5377.0,0,1379.2,1386.0,"sS(s=10,S=20)",42,9,10.0,20.0
0.020459440057430008,5011.7,4,1240.2,1248.0,"sS(s=10,S=20)",42,10,10.0,20.0
0.0186219739292365,4857.0,0,1410.8,1452.0,"sS(s=10,S=20)",42,11,10.0,20.0
0.017537706068046298,5109.0,0,1551.2,1594.0,"sS(s=10,S=20)",42,12,10.0,20.0
0.01924473493100944,5097.3,3,1322.26,1338.0,"sS(s=10,S=20)",42,13,10.0,20.0
0.0191131498470948,4809.0,6,1287.6,1298.0,"sS(s=10,S=20)",42,14,10.0,20.0
0.017806267806267807,5088.0,3,1404.8,1409.0,"sS(s=10,S=20)",42,15,10.0,20.0
0.01868460388639761,4854.0,0,1419.0,1440.0,"sS(s=10,S=20)",42,16,10.0,20.0
0.017605633802816902,5227.0,3,1412.0,1453.0,"sS(s=10,S=20)",42,17,10.0,20.0
0.017959770114942528,5120.0,3,1369.3999999999999,1415.0,"sS(s=10,S=20)",42,18,10.0,20.0
0.021839080459770115,4649.7,3,1246.8,1288.0,"sS(s=10,S=20)",42,19,10.0,20.0
0.01789549033643522,5110.0,1,1468.6,1516.0,"sS(s=10,S=20)",42,20,10.0,20.0
0.035506998975759645,5350.4,5,1476.44,1490.0,"sS(s=10,S=20)",42,21,10.0,20.0
0.01584786053882726,5832.0,1,1623.8,1684.0,"sS(s=10,S=20)",42,22,10.0,20.0
0.02250351617440225,5328.4,2,1417.04,1430.0,"sS(s=10,S=20)",42,23,10.0,20.0
0.017869907076483203,5063.0,1,1306.4,1334.0,"sS(s=10,S=20)",42,24,10.0,20.0
0.01751927119831815,5155.0,0,1400.0,1442.0,"sS(s=10,S=20)",42,25,10.0,20.0
0.01868460388639761,4984.0,8,1319.6,1336.0,"sS(s=10,S=20)",42,26,10.0,20.0
0.02030789387487717,5674.2,4,1640.8,1644.0,"sS(s=10,S=20)",42,27,10.0,20.0
0.019425019425019424,4595.0,0,1323.6,1390.0,"sS(s=10,S=20)",42,28,10.0,20.0
0.018109380659181457,4889.0,0,1585.1999999999998,1728.0,"sS(s=10,S=20)",42,29,10.0,20.0
0.01781895937277263,5059.0,0,1290.8,1306.0,"sS(s=10,S=20)",42,30,10.0,20.0
0.016943409013893594,5429.0,0,1437.6,1468.0,"sS(s=10,S=20)",42,31,10.0,20.0
0.0316951566951567,5108.7,0,1252.4,1254.0,"sS(s=10,S=20)",42,32,10.0,20.0
0.02612214863870493,4938.0,2,1382.42,1406.0,"sS(s=10,S=20)",42,33,10.0,20.0
0.024971187091817133,4800.5,5,1454.0,1554.0,"sS(s=10,S=20)",42,34,10.0,20.0
0.019402405898331393,4641.0,0,1217.2,1250.0,"sS(s=10,S=20)",42,35,10.0,20.0
0.01701258931609391,5330.0,2,1429.6,1453.0,"sS(s=10,S=20)",42,36,10.0,20.0
0.02512562814070352,5101.0,3,1409.4,1429.0,"sS(s=10,S=20)",42,37,10.0,20.0
0.017397355601948505,5235.0,0,1516.8,1584.0,"sS(s=10,S=20)",42,38,10.0,20.0
0.027709861450692746,4509.8,3,1298.8799999999999,1313.6,"sS(s=10,S=20)",42,39,10.0,20.0
0.019938650306748466,4765.2,2,1340.8,1352.0,"sS(s=10,S=20)",42,40,10.0,20.0
0.017761989342806393,5077.0,0,1290.4,1318.0,"sS(s=10,S=20)",42,41,10.0,20.0
0.01701258931609391,5415.0,2,1550.0,1612.0,"sS(s=10,S=20)",42,42,10.0,20.0
0.021942299878098336,4498.4,1,1063.72,1066.4,"sS(s=10,S=20)",42,43,10.0,20.0
0.017513134851138354,5157.0,0,1278.0,1290.0,"sS(s=10,S=20)",42,44,10.0,20.0
0.018975332068311195,4757.0,0,1222.8,1244.0,"sS(s=10,S=20)",42,45,10.0,20.0
0.01656726308813784,5523.0,0,1632.8,1726.0,"sS(s=10,S=20)",42,46,10.0,20.0
0.01768033946251768,5258.0,1,1432.6,1452.0,"sS(s=10,S=20)",42,47,10.0,20.0
0.027058823529411764,4529.9,0,1126.6399999999999,1137.8,"sS(s=10,S=20)",42,48,10.0,20.0
0.017998560115190784,5248.0,9,1374.6,1379.0,"sS(s=10,S=20)",42,49,10.0,20.0
0.020113851992409868,4765.3,6,1185.46,1197.0,"sS(s=10,S=25)",42,0,10.0,25.0
0.02074990899162723,4833.7,0,1248.6,1263.0,"sS(s=10,S=25)",42,1,10.0,25.0
0.017391304347826087,5177.0,2,1479.0,1540.0,"sS(s=10,S=25)",42,2,10.0,25.0
0.018511662347278787,4834.0,0,1320.6,1353.0,"sS(s=10,S=25)",42,3,10.0,25.0
0.020353302611367127,4593.3,2,1299.8,1333.0,"sS(s=10,S=25)",42,4,10.0,25.0
0.02529960053262317,5397.6,5,1301.08,1306.6,"sS(s=10,S=25)",42,5,10.0,25.0
0.029937791601866253,4578.7,2,1238.22,1255.0,"sS(s=10,S=25)",42,6,10.0,25.0
0.01812250815512867,4965.0,1,1243.3999999999999,1277.0,"sS(s=10,S=25)",42,7,10.0,25.0
0.018288222384784197,4915.0,3,1476.8,1499.0,"sS(s=10,S=25)",42,8,10.0,25.0
0.019015280135823428,5278.6,0,1330.2,1331.0,"sS(s=10,S=25)",42,9,10.0,25.0
0.02763819095477387,4896.7,4,1207.8,1209.0,"sS(s=10,S=25)",42,10,10.0,25.0
0.0186219739292365,4752.0,0,1377.8,1417.0,"sS(s=10,S=25)",42,11,10.0,25.0
0.02279901788846019,5000.5,0,1530.2,1579.0,"sS(s=10,S=25)",42,12,10.0,25.0
0.021060275962236745,4997.8,3,1296.36,1313.0,"sS(s=10,S=25)",42,13,10.0,25.0
0.02217125382262997,4712.8,6,1260.04,1269.8,"sS(s=10,S=25)",42,14,10.0,25.0
0.017806267806267807,4963.0,3,1369.2,1373.0,"sS(s=10,S=25)",42,15,10.0,25.0
0.020179372197309416,4743.4,0,1398.4,1423.0,"sS(s=10,S=25)",42,16,10.0,25.0
0.017605633802816902,5122.0,3,1367.0,1408.0,"sS(s=10,S=25)",42,17,10.0,25.0
0.017959770114942528,5015.0,3,1348.3999999999999,1400.0,"sS(s=10,S=25)",42,18,10.0,25.0
0.027586206896551724,4534.2,3,1211.8,1253.0,"sS(s=10,S=25)",42,19,10.0,25.0
0.01789549033643522,5005.0,1,1447.6,1501.0,"sS(s=10,S=25)",42,20,10.0,25.0
0.04404233526800956,5227.9,5,1444.74,1455.0,"sS(s=10,S=25)",42,21,10.0,25.0
0.01584786053882726,5727.0,1,1604.8,1669.0,"sS(s=10,S=25)",42,22,10.0,25.0
0.03481012658227848,5274.9,2,1391.84,1408.0,"sS(s=10,S=25)",42,23,10.0,25.0
0.02108649035025018,4957.9,1,1265.0,1289.0,"sS(s=10,S=25)",42,24,10.0,25.0
0.020322354590049056,5048.8,0,1367.0,1407.0,"sS(s=10,S=25)",42,25,10.0,25.0
0.01868460388639761,4879.0,8,1284.6,1301.0,"sS(s=10,S=25)",42,26,10.0,25.0
0.026858827382902063,5566.2,4,1610.2,1613.0,"sS(s=10,S=25)",42,27,10.0,25.0
0.019425019425019424,4480.0,0,1280.6,1345.0,"sS(s=10,S=25)",42,28,10.0,25.0
0.018109380659181457,4754.0,0,1558.1999999999998,1703.0,"sS(s=10,S=25)",42,29,10.0,25.0
0.01781895937277263,4944.0,0,1255.8,1271.0,"sS(s=10,S=25)",42,30,10.0,25.0
0.016943409013893594,5334.0,0,1418.6,1453.0,"sS(s=10,S=25)",42,31,10.0,25.0
0.03774928774928775,5012.9,0,1209.34,1211.0,"sS(s=10,S=25)",42,32,10.0,25.0
0.03348050036791759,4825.0,2,1361.82,1381.0,"sS(s=10,S=25)",42,33,10.0,25.0
0.03073376872839032,4697.0,4,1424.0,1519.0,"sS(s=10,S=25)",42,34,10.0,25.0
0.020954598370197905,4540.4,0,1193.72,1229.4,"sS(s=10,S=25)",42,35,10.0,25.0
0.01701258931609391,5205.0,2,1402.6,1428.0,"sS(s=10,S=25)",42,36,10.0,25.0
0.03409906676238335,4993.5,3,1379.9,1404.0,"sS(s=10,S=25)",42,37,10.0,25.0
0.017397355601948505,5130.0,0,1473.8,1539.0,"sS(s=10,S=25)",42,38,10.0,25.0
0.03993480032599837,4407.8,2,1253.8799999999999,1266.1,"sS(s=10,S=25)",42,39,10.0,25.0
0.021855828220858894,4665.7,2,1303.8,1317.0,"sS(s=10,S=25)",42,40,10.0,25.0
0.020959147424511545,4971.9,0,1269.08,1302.1,"sS(s=10,S=25)",42,41,10.0,25.0
0.020074855392990813,5319.9,2,1507.0,1567.0,"sS(s=10,S=25)",42,42,10.0,25.0
0.023973994311255586,4408.9,1,1065.1200000000001,1071.9,"sS(s=10,S=25)",42,43,10.0,25.0
0.017513134851138354,5042.0,0,1250.2,1265.0,"sS(s=10,S=25)",42,44,10.0,25.0
0.018975332068311195,4652.0,0,1185.8,1209.0,"sS(s=10,S=25)",42,45,10.0,25.0
0.01656726308813784,5418.0,0,1611.8,1711.0,"sS(s=10,S=25)",42,46,10.0,25.0
0.01768033946251768,5173.0,1,1407.6,1427.0,"sS(s=10,S=25)",42,47,10.0,25.0
0.03882352941176471,4436.9,0,1108.24,1134.8,"sS(s=10,S=25)",42,48,10.0,25.0
0.017998560115190784,5143.0,9,1345.6,1354.0,"sS(s=10,S=25)",42,49,10.0,25.0
0.027703984819734344,4689.3,6,1158.26,1162.0,"sS(s=10,S=30)",42,0,10.0,30.0
0.024390243902439025,4742.7,0,1220.8,1228.0,"sS(s=10,S=30)",42,1,10.0,30.0
0.017391304347826087,5072.0,2,1460.0,1525.0,"sS(s=10,S=30)",42,2,10.0,30.0
0.018511662347278787,4739.0,0,1293.6,1328.0,"sS(s=10,S=30)",42,3,10.0,30.0
0.026113671274961597,4506.8,2,1266.8,1298.0,"sS(s=10,S=30)",42,4,10.0,30.0
0.03362183754993342,5270.1,4,1268.08,1269.1,"sS(s=10,S=30)",42,5,10.0,30.0
0.045489891135303266,4480.7,2,1215.3,1238.0,"sS(s=10,S=30)",42,6,10.0,30.0
0.01812250815512867,4870.0,1,1216.3999999999999,1252.0,"sS(s=10,S=30)",42,7,10.0,30.0
0.020848573518653987,4817.7,3,1437.0,1454.0,"sS(s=10,S=30)",42,8,10.0,30.0
0.024108658743633278,5199.1,0,1296.8,1302.0,"sS(s=10,S=30)",42,9,10.0,30.0
0.035175879396984924,4769.8,4,1198.8,1209.0,"sS(s=10,S=30)",42,10,10.0,30.0
0.0186219739292365,4647.0,0,1344.8,1382.0,"sS(s=10,S=30)",42,11,10.0,30.0
0.03858295334970186,4925.0,0,1517.2,1574.0,"sS(s=10,S=30)",42,12,10.0,30.0
0.02287581699346405,4881.3,3,1267.06,1288.0,"sS(s=10,S=30)",42,13,10.0,30.0
0.02790519877675841,4631.3,6,1236.6399999999999,1256.3,"sS(s=10,S=30)",42,14,10.0,30.0
0.017806267806267807,4838.0,3,1346.2,1358.0,"sS(s=10,S=30)",42,15,10.0,30.0
0.028026905829596414,4696.5,1,1445.8799999999999,1491.1,"sS(s=10,S=30)",42,16,10.0,30.0
0.019014084507042252,5021.4,3,1322.8799999999999,1363.0,"sS(s=10,S=30)",42,17,10.0,30.0
0.022988505747126436,4941.4,3,1310.52,1346.4,"sS(s=10,S=30)",42,18,10.0,30.0
0.03524904214559387,4411.2,3,1176.8,1218.0,"sS(s=10,S=30)",42,19,10.0,30.0
0.018611309949892626,4902.2,1,1427.3999999999999,1486.0,"sS(s=10,S=30)",42,20,10.0,30.0
0.05257767156025948,5095.4,4,1411.04,1420.0,"sS(s=10,S=30)",42,21,10.0,30.0
0.016164817749603804,5623.1,1,1592.2,1654.0,"sS(s=10,S=30)",42,22,10.0,30.0
0.047116736990154715,5203.4,2,1352.24,1368.0,"sS(s=10,S=30)",42,23,10.0,30.0
0.02466047176554682,4864.9,1,1228.4,1244.0,"sS(s=10,S=30)",42,24,10.0,30.0
0.0255781359495445,4957.3,0,1334.0,1372.0,"sS(s=10,S=30)",42,25,10.0,30.0
0.01868460388639761,4774.0,8,1249.6,1266.0,"sS(s=10,S=30)",42,26,10.0,30.0
0.033409760890926954,5458.2,4,1589.2,1598.0,"sS(s=10,S=30)",42,27,10.0,30.0
0.019425019425019424,4365.0,0,1237.6,1300.0,"sS(s=10,S=30)",42,28,10.0,30.0
0.0199203187250996,4624.5,0,1527.1999999999998,1673.0,"sS(s=10,S=30)",42,29,10.0,30.0
0.01781895937277263,4829.0,0,1220.8,1236.0,"sS(s=10,S=30)",42,30,10.0,30.0
0.016943409013893594,5239.0,0,1399.6,1438.0,"sS(s=10,S=30)",42,31,10.0,30.0
0.04665242165242165,4933.9,0,1168.04,1176.0,"sS(s=10,S=30)",42,32,10.0,30.0
0.04083885209713024,4712.0,2,1341.22,1356.0,"sS(s=10,S=30)",42,33,10.0,30.0
0.0364963503649635,4632.5,5,1394.0,1484.0,"sS(s=10,S=30)",42,34,10.0,30.0
0.027551416375630577,4472.1,0,1180.96,1215.9,"sS(s=10,S=30)",42,35,10.0,30.0
0.01701258931609391,5101.0,2,1375.6,1403.0,"sS(s=10,S=30)",42,36,10.0,30.0
0.049174443646805455,4917.7,3,1350.3999999999999,1379.0,"sS(s=10,S=30)",42,37,10.0,30.0
0.017397355601948505,5025.0,0,1430.8,1494.0,"sS(s=10,S=30)",42,38,10.0,30.0
0.05215973920130399,4297.8,2,1216.8799999999999,1228.6,"sS(s=10,S=30)",42,39,10.0,30.0
0.024539877300613498,4586.4,2,1267.24,1282.0,"sS(s=10,S=30)",42,40,10.0,30.0
0.034458259325044406,4941.7,0,1240.8799999999999,1263.6,"sS(s=10,S=30)",42,41,10.0,30.0
0.027560394692072134,5278.1,3,1496.96,1563.2,"sS(s=10,S=30)",42,42,10.0,30.0
0.02600568874441284,4335.4,1,1066.52,1077.4,"sS(s=10,S=30)",42,43,10.0,30.0
0.017513134851138354,4927.0,0,1223.2,1240.0,"sS(s=10,S=30)",42,44,10.0,30.0
0.027703984819734344,4582.3,0,1196.6399999999999,1237.3,"sS(s=10,S=30)",42,45,10.0,30.0
0.01656726308813784,5313.0,0,1590.8,1696.0,"sS(s=10,S=30)",42,46,10.0,30.0
0.020155586987270154,5095.7,1,1382.6,1402.0,"sS(s=10,S=30)",42,47,10.0,30.0
0.05529411764705883,4356.1,0,1104.06,1131.8,"sS(s=10,S=30)",42,48,10.0,30.0
0.017998560115190784,5038.0,9,1316.6,1329.0,"sS(s=10,S=30)",42,49,10.0,30.0
0.03529411764705882,4591.3,6,1126.66,1127.0,"sS(s=10,S=35)",42,0,10.0,35.0
0.028030578813250818,4633.7,0,1185.8,1193.0,"sS(s=10,S=35)",42,1,10.0,35.0
0.018782608695652174,4971.4,2,1437.8,1506.0,"sS(s=10,S=35)",42,2,10.0,35.0
0.018511662347278787,4644.0,0,1266.6,1303.0,"sS(s=10,S=35)",42,3,10.0,35.0
0.031874039938556066,4398.3,2,1233.8,1263.0,"sS(s=10,S=35)",42,4,10.0,35.0
0.041944074567243674,5152.6,4,1303.52,1319.0,"sS(s=10,S=35)",42,5,10.0,35.0
0.07076205287713841,4369.2,1,1216.5,1255.0,"sS(s=10,S=35)",42,6,10.0,35.0
0.020659659296846683,4782.7,1,1189.3999999999999,1227.0,"sS(s=10,S=35)",42,7,10.0,35.0
0.03182150694952451,4783.7,3,1404.6,1414.5,"sS(s=10,S=35)",42,8,10.0,35.0
0.03191850594227504,5109.4,0,1269.0,1277.0,"sS(s=10,S=35)",42,9,10.0,35.0
0.04953338119167265,4747.8,4,1189.8,1209.0,"sS(s=10,S=35)",42,10,10.0,35.0
0.02197392923649907,4551.9,0,1319.72,1356.9,"sS(s=10,S=35)",42,11,10.0,35.0
0.05857593826727464,4850.7,0,1453.44,1514.0,"sS(s=10,S=35)",42,12,10.0,35.0
0.024691358024691357,4780.9,3,1240.98,1263.0,"sS(s=10,S=35)",42,13,10.0,35.0
0.03784403669724771,4558.9,5,1219.06,1242.8,"sS(s=10,S=35)",42,14,10.0,35.0
0.019943019943019943,4719.6,3,1328.48,1349.6,"sS(s=10,S=35)",42,15,10.0,35.0
0.03998505231689088,4601.7,1,1433.62,1482.6,"sS(s=10,S=35)",42,16,10.0,35.0
0.02640845070422535,4955.5,3,1285.7,1318.0,"sS(s=10,S=35)",42,17,10.0,35.0
0.029813218390804596,4847.3,3,1288.72,1327.9,"sS(s=10,S=35)",42,18,10.0,35.0
0.05210727969348659,4329.6,3,1142.68,1183.0,"sS(s=10,S=35)",42,19,10.0,35.0
0.032569792412312094,4869.1,1,1433.6,1471.0,"sS(s=10,S=35)",42,20,10.0,35.0
0.06520996927278935,4986.1,4,1379.34,1385.0,"sS(s=10,S=35)",42,21,10.0,35.0
0.027258320126782885,5600.6,2,1580.2,1639.0,"sS(s=10,S=35)",42,22,10.0,35.0
0.060829817158931085,5140.3,2,1322.5600000000002,1340.4,"sS(s=10,S=35)",42,23,10.0,35.0
0.028234453180843458,4755.9,1,1185.4,1199.0,"sS(s=10,S=35)",42,24,10.0,35.0
0.030833917309039945,4848.8,0,1301.0,1337.0,"sS(s=10,S=35)",42,25,10.0,35.0
0.01868460388639761,4659.0,7,1206.6,1221.0,"sS(s=10,S=35)",42,26,10.0,35.0
0.03996069439895185,5354.6,4,1574.6,1591.0,"sS(s=10,S=35)",42,27,10.0,35.0
0.019425019425019424,4250.0,0,1194.6,1255.0,"sS(s=10,S=35)",42,28,10.0,35.0
0.02825063382832307,4556.8,0,1515.4599999999998,1658.0,"sS(s=10,S=35)",42,29,10.0,35.0
0.023877405559515324,4753.7,0,1163.18,1173.4,"sS(s=10,S=35)",42,30,10.0,35.0
0.01762114537444934,5146.2,0,1381.04,1423.0,"sS(s=10,S=35)",42,31,10.0,35.0
0.05911680911680912,4847.9,0,1139.14,1152.0,"sS(s=10,S=35)",42,32,10.0,35.0
0.056291390728476824,4646.2,2,1338.72,1349.1,"sS(s=10,S=35)",42,33,10.0,35.0
0.042258932001536686,4539.0,5,1364.0,1449.0,"sS(s=10,S=35)",42,34,10.0,35.0
0.037252619324796274,4400.6,0,1155.56,1182.4,"sS(s=10,S=35)",42,35,10.0,35.0
0.01701258931609391,5018.0,2,1348.6,1378.0,"sS(s=10,S=35)",42,36,10.0,35.0
0.06532663316582915,4826.0,3,1322.6599999999999,1354.0,"sS(s=10,S=35)",42,37,10.0,35.0
0.017397355601948505,4920.0,0,1387.8,1449.0,"sS(s=10,S=35)",42,38,10.0,35.0
0.06438467807660962,4205.8,2,1179.8799999999999,1191.1,"sS(s=10,S=35)",42,39,10.0,35.0
0.032208588957055216,4531.4,3,1239.14,1247.0,"sS(s=10,S=35)",42,40,10.0,35.0
0.055062166962699825,4882.5,0,1198.04,1220.1,"sS(s=10,S=35)",42,41,10.0,35.0
0.03980945899965975,5211.7,2,1458.3799999999999,1514.7,"sS(s=10,S=35)",42,42,10.0,35.0
0.03250711093051605,4282.0,1,1078.3200000000002,1095.9,"sS(s=10,S=35)",42,43,10.0,35.0
0.017513134851138354,4812.0,0,1196.2,1215.0,"sS(s=10,S=35)",42,44,10.0,35.0
0.04326375711574953,4522.4,0,1222.1200000000001,1275.4,"sS(s=10,S=35)",42,45,10.0,35.0
0.021206096752816435,5223.4,0,1571.34,1681.0,"sS(s=10,S=35)",42,46,10.0,35.0
0.025813295615275813,5041.3,1,1359.2,1379.0,"sS(s=10,S=35)",42,47,10.0,35.0
0.07490196078431373,4256.1,0,1100.26,1124.3,"sS(s=10,S=35)",42,48,10.0,35.0
0.017998560115190784,4933.0,9,1288.0,1304.0,"sS(s=10,S=35)",42,49,10.0,35.0
0.04971537001897533,4513.1,6,1098.4199999999998,1100.1,"sS(s=10,S=40)",42,0,10.0,40.0
0.03494721514379323,4534.6,0,1165.94,1176.0,"sS(s=10,S=40)",42,1,10.0,40.0
0.025043478260869566,4912.2,2,1433.36,1507.0,"sS(s=10,S=40)",42,2,10.0,40.0
0.018511662347278787,4549.0,0,1239.6,1278.0,"sS(s=10,S=40)",42,3,10.0,40.0
0.039938556067588324,4296.4,2,1206.08,1234.6,"sS(s=10,S=40)",42,4,10.0,40.0
0.05026631158455393,5077.3,4,1300.06,1310.0,"sS(s=10,S=40)",42,5,10.0,40.0
0.09603421461897356,4270.7,1,1188.3,1230.0,"sS(s=10,S=40)",42,6,10.0,40.0
0.02899601304820587,4763.0,1,1224.6,1282.0,"sS(s=10,S=40)",42,7,10.0,40.0
0.04754937820043892,4726.0,2,1400.76,1421.5,"sS(s=10,S=40)",42,8,10.0,40.0
0.04380305602716469,5044.9,0,1250.8,1252.0,"sS(s=10,S=40)",42,9,10.0,40.0
0.06389088298636038,4668.5,3,1180.8,1209.0,"sS(s=10,S=40)",42,10,10.0,40.0
0.027560521415270017,4489.4,0,1327.92,1373.4,"sS(s=10,S=40)",42,11,10.0,40.0
0.0796211855489302,4789.4,0,1429.9,1496.7,"sS(s=10,S=40)",42,12,10.0,40.0
0.029411764705882353,4685.7,3,1226.98,1254.0,"sS(s=10,S=40)",42,13,10.0,40.0
0.05542813455657492,4483.5,5,1198.36,1227.3,"sS(s=10,S=40)",42,14,10.0,40.0
0.023504273504273504,4631.6,3,1336.52,1373.4,"sS(s=10,S=40)",42,15,10.0,40.0
0.05493273542600897,4533.7,1,1426.7199999999998,1474.1,"sS(s=10,S=40)",42,16,10.0,40.0
0.02992957746478873,4869.5,3,1242.52,1273.0,"sS(s=10,S=40)",42,17,10.0,40.0
0.03879310344827586,4785.8,3,1266.92,1309.4,"sS(s=10,S=40)",42,18,10.0,40.0
0.06551724137931035,4253.1,3,1130.6,1168.0,"sS(s=10,S=40)",42,19,10.0,40.0
0.047244094488188976,4778.6,1,1416.6,1456.0,"sS(s=10,S=40)",42,20,10.0,40.0
0.0788665073403892,4895.1,4,1350.48,1354.0,"sS(s=10,S=40)",42,21,10.0,40.0
0.039619651347068144,5513.5,2,1568.2,1624.0,"sS(s=10,S=40)",42,22,10.0,40.0
0.06751054852320675,5095.2,2,1338.72,1368.0,"sS(s=10,S=40)",42,23,10.0,40.0
0.0318084345961401,4646.9,1,1142.4,1154.0,"sS(s=10,S=40)",42,24,10.0,40.0
0.036440084092501754,4741.4,0,1268.8799999999999,1303.1,"sS(s=10,S=40)",42,25,10.0,40.0
0.023542600896860985,4495.3,5,1187.04,1203.3,"sS(s=10,S=40)",42,26,10.0,40.0
0.046511627906976744,5274.6,3,1611.2,1648.0,"sS(s=10,S=40)",42,27,10.0,40.0
0.024475524475524476,4139.3,0,1153.52,1210.0,"sS(s=10,S=40)",42,28,10.0,40.0
0.0373053241579138,4434.3,0,1477.7599999999998,1618.0,"sS(s=10,S=40)",42,29,10.0,40.0
0.03278688524590164,4684.2,0,1177.76,1208.9,"sS(s=10,S=40)",42,30,10.0,40.0
0.02134869535750593,5091.3,0,1370.24,1408.0,"sS(s=10,S=40)",42,31,10.0,40.0
0.07158119658119658,4781.9,0,1126.24,1148.0,"sS(s=10,S=40)",42,32,10.0,40.0
0.076158940397351,4611.6,2,1394.84,1436.1,"sS(s=10,S=40)",42,33,10.0,40.0
0.0530157510564733,4466.8,3,1332.0,1414.0,"sS(s=10,S=40)",42,34,10.0,40.0
0.047729918509895226,4306.3,0,1113.3600000000001,1127.9,"sS(s=10,S=40)",42,35,10.0,40.0
0.01701258931609391,4935.0,2,1321.6,1353.0,"sS(s=10,S=40)",42,36,10.0,40.0
0.08147882268485283,4750.0,2,1298.06,1329.0,"sS(s=10,S=40)",42,37,10.0,40.0
0.022268615170494086,4830.4,0,1352.96,1416.0,"sS(s=10,S=40)",42,38,10.0,40.0
0.07660961695191525,4113.8,2,1142.8799999999999,1153.6,"sS(s=10,S=40)",42,39,10.0,40.0
0.04409509202453988,4399.5,3,1203.44,1212.0,"sS(s=10,S=40)",42,40,10.0,40.0
0.0763765541740675,4793.5,0,1162.54,1176.6,"sS(s=10,S=40)",42,41,10.0,40.0
0.05444028581150051,5145.8,2,1421.0,1473.5,"sS(s=10,S=40)",42,42,10.0,40.0
0.04185290532303942,4202.3,1,1059.72,1076.4,"sS(s=10,S=40)",42,43,10.0,40.0
0.01786339754816112,4698.1,0,1169.2,1190.0,"sS(s=10,S=40)",42,44,10.0,40.0
0.06793168880455408,4470.4,0,1177.52,1225.9,"sS(s=10,S=40)",42,45,10.0,40.0
0.027833001988071572,5186.4,0,1557.1399999999999,1666.0,"sS(s=10,S=40)",42,46,10.0,40.0
0.034653465346534656,5002.8,1,1396.6,1432.0,"sS(s=10,S=40)",42,47,10.0,40.0
0.0976470588235294,4187.1,0,1073.26,1087.8,"sS(s=10,S=40)",42,48,10.0,40.0
0.017998560115190784,4844.8,9,1263.0,1279.0,"sS(s=10,S=40)",42,49,10.0,40.0
0.07438330170777989,4536.6,6,1097.96,1103.7,"sS(s=10,S=45)",42,0,10.0,45.0
0.044048052420822714,4472.5,0,1194.42,1213.0,"sS(s=10,S=45)",42,1,10.0,45.0
0.032,4857.2,2,1419.56,1489.0,"sS(s=10,S=45)",42,2,10.0,45.0
0.019622362088115512,4457.3,0,1216.86,1259.0,"sS(s=10,S=45)",42,3,10.0,45.0
0.05337941628264209,4238.9,2,1207.28,1239.6,"sS(s=10,S=45)",42,4,10.0,45.0
0.05858854860186418,4957.3,3,1278.24,1285.3,"sS(s=10,S=45)",42,5,10.0,45.0
0.12013996889580093,4177.7,1,1168.2,1209.0,"sS(s=10,S=45)",42,6,10.0,45.0
0.04204421891989851,4680.6,1,1217.4799999999998,1270.6,"sS(s=10,S=45)",42,7,10.0,45.0
0.06583760058522312,4678.0,2,1415.6599999999999,1456.5,"sS(s=10,S=45)",42,8,10.0,45.0
0.05466893039049236,4953.4,0,1221.8,1227.0,"sS(s=10,S=45)",42,9,10.0,45.0
0.07824838478104809,4566.3,3,1174.82,1209.0,"sS(s=10,S=45)",42,10,10.0,45.0
0.0260707635009311,4379.0,0,1317.8,1367.0,"sS(s=10,S=45)",42,11,10.0,45.0
0.1038232199228341,4685.3,0,1382.3799999999999,1444.7,"sS(s=10,S=45)",42,12,10.0,45.0
0.036673928830791576,4576.2,2,1252.58,1303.0,"sS(s=10,S=45)",42,13,10.0,45.0
0.08065749235474007,4468.1,4,1183.54,1209.9,"sS(s=10,S=45)",42,14,10.0,45.0
0.023504273504273504,4513.6,3,1349.4199999999998,1403.0,"sS(s=10,S=45)",42,15,10.0,45.0
0.07137518684603886,4450.9,1,1414.2199999999998,1465.6,"sS(s=10,S=45)",42,16,10.0,45.0
0.045774647887323945,4845.0,3,1207.68,1228.0,"sS(s=10,S=45)",42,17,10.0,45.0
0.051364942528735635,4704.3,3,1246.66,1290.9,"sS(s=10,S=45)",42,18,10.0,45.0
0.07701149425287357,4173.1,3,1088.6,1113.0,"sS(s=10,S=45)",42,19,10.0,45.0
0.05619183965640658,4694.4,1,1394.56,1434.7,"sS(s=10,S=45)",42,20,10.0,45.0
0.0897917377944691,4866.3,4,1378.48,1405.0,"sS(s=10,S=45)",42,21,10.0,45.0
0.060538827258320126,5511.1,2,1556.2,1609.0,"sS(s=10,S=45)",42,22,10.0,45.0
0.08790436005625879,5029.0,2,1311.86,1341.3,"sS(s=10,S=45)",42,23,10.0,45.0
0.03538241601143674,4537.9,1,1099.4,1109.0,"sS(s=10,S=45)",42,24,10.0,45.0
0.046951646811492644,4682.4,0,1273.9599999999998,1313.6,"sS(s=10,S=45)",42,25,10.0,45.0
0.02914798206278027,4386.8,5,1186.24,1199.8,"sS(s=10,S=45)",42,26,10.0,45.0
0.05306256141500164,5173.6,3,1598.2,1643.0,"sS(s=10,S=45)",42,27,10.0,45.0
0.04312354312354312,4089.1,0,1126.74,1176.0,"sS(s=10,S=45)",42,28,10.0,45.0
0.05432814197754437,4336.0,0,1444.1,1578.0,"sS(s=10,S=45)",42,29,10.0,45.0
0.042765502494654314,4562.0,0,1099.42,1106.4,"sS(s=10,S=45)",42,30,10.0,45.0
0.029481531684174857,5049.7,0,1370.04,1393.0,"sS(s=10,S=45)",42,31,10.0,45.0
0.06801994301994302,4732.9,0,1103.4,1119.0,"sS(s=10,S=45)",42,32,10.0,45.0
0.1144223693892568,4557.0,1,1402.2399999999998,1453.1,"sS(s=10,S=45)",42,33,10.0,45.0
0.06454091432961967,4379.8,3,1302.0,1379.0,"sS(s=10,S=45)",42,34,10.0,45.0
0.06713232440822663,4183.3,0,1063.96,1064.4,"sS(s=10,S=45)",42,35,10.0,45.0
0.01701258931609391,4852.0,2,1294.6,1328.0,"sS(s=10,S=45)",42,36,10.0,45.0
0.09763101220387653,4657.0,2,1270.06,1304.0,"sS(s=10,S=45)",42,37,10.0,45.0
0.031315240083507306,4810.0,0,1367.52,1449.0,"sS(s=10,S=45)",42,38,10.0,45.0
0.08883455582722087,4021.8,2,1105.8799999999999,1116.1,"sS(s=10,S=45)",42,39,10.0,45.0
0.06096625766871166,4312.9,3,1182.8600000000001,1195.9,"sS(s=10,S=45)",42,40,10.0,45.0
0.09769094138543517,4711.5,0,1127.04,1133.1,"sS(s=10,S=45)",42,41,10.0,45.0
0.07145287512759442,5123.8,2,1368.42,1394.0,"sS(s=10,S=45)",42,42,10.0,45.0
0.056074766355140186,4162.8,1,1041.1200000000001,1056.9,"sS(s=10,S=45)",42,43,10.0,45.0
0.02136602451838879,4628.1,0,1142.22,1165.0,"sS(s=10,S=45)",42,44,10.0,45.0
0.08500948766603415,4390.4,0,1160.1200000000001,1210.4,"sS(s=10,S=45)",42,45,10.0,45.0
0.03777335984095427,5104.4,0,1539.54,1651.0,"sS(s=10,S=45)",42,46,10.0,45.0
0.04526166902404526,4935.8,1,1384.0,1422.5,"sS(s=10,S=45)",42,47,10.0,45.0
0.11764705882352941,4089.2,0,1070.26,1081.3,"sS(s=10,S=45)",42,48,10.0,45.0
0.024478041756659467,4749.6,8,1237.0,1254.0,"sS(s=10,S=45)",42,49,10.0,45.0
0.09943074003795066,4458.0,5,1091.16,1092.7,"sS(s=10,S=50)",42,0,10.0,50.0
0.056789224608664,4463.0,0,1179.82,1188.0,"sS(s=10,S=50)",42,1,10.0,50.0
0.036521739130434785,4807.5,2,1414.56,1465.0,"sS(s=10,S=50)",42,2,10.0,50.0
0.028878193261754906,4423.8,0,1270.9199999999998,1348.0,"sS(s=10,S=50)",42,3,10.0,50.0
0.06682027649769585,4177.4,2,1187.28,1210.6,"sS(s=10,S=50)",42,4,10.0,50.0
0.07023968042609853,4900.1,2,1296.6,1310.3,"sS(s=10,S=50)",42,5,10.0,50.0
0.14307931570762053,4191.0,2,1226.84,1277.3,"sS(s=10,S=50)",42,6,10.0,50.0
0.05472997462848858,4551.1,1,1195.8799999999999,1241.1,"sS(s=10,S=50)",42,7,10.0,50.0
0.08412582297000731,4598.0,2,1385.76,1427.5,"sS(s=10,S=50)",42,8,10.0,50.0
0.061460101867572156,4861.9,0,1199.4,1202.0,"sS(s=10,S=50)",42,9,10.0,50.0
0.08111988513998564,4460.3,3,1169.54,1209.0,"sS(s=10,S=50)",42,10,10.0,50.0
0.03165735567970205,4285.5,0,1296.14,1346.4,"sS(s=10,S=50)",42,11,10.0,50.0
0.12662223781129428,4554.8,0,1333.68,1388.2,"sS(s=10,S=50)",42,12,10.0,50.0
0.048293391430646336,4510.8,2,1249.1399999999999,1306.2,"sS(s=10,S=50)",42,13,10.0,50.0
0.06574923547400612,4440.2,5,1173.6799999999998,1199.6,"sS(s=10,S=50)",42,14,10.0,50.0
0.03418803418803419,4492.6,3,1344.4199999999998,1398.0,"sS(s=10,S=50)",42,15,10.0,50.0
0.08781763826606875,4387.1,1,1394.6799999999998,1448.3,"sS(s=10,S=50)",42,16,10.0,50.0
0.06338028169014084,4765.0,3,1174.38,1188.5,"sS(s=10,S=50)",42,17,10.0,50.0
0.06932471264367816,4706.3,3,1235.26,1274.4,"sS(s=10,S=50)",42,18,10.0,50.0
0.08275862068965517,4051.1,2,1067.0,1083.5,"sS(s=10,S=50)",42,19,10.0,50.0
0.05261274158911954,4649.7,1,1345.5,1377.7,"sS(s=10,S=50)",42,20,10.0,50.0
0.11539774667121884,4771.8,4,1357.12,1380.0,"sS(s=10,S=50)",42,21,10.0,50.0
0.08874801901743265,5444.0,2,1544.2,1594.0,"sS(s=10,S=50)",42,22,10.0,50.0
0.11919831223628692,5033.9,3,1339.54,1369.8,"sS(s=10,S=50)",42,23,10.0,50.0
0.04110078627591136,4435.5,1,1061.6799999999998,1070.6,"sS(s=10,S=50)",42,24,10.0,50.0
0.04660126138752628,4624.3,0,1252.26,1285.1,"sS(s=10,S=50)",42,25,10.0,50.0
0.044095665171898356,4330.8,4,1185.44,1196.3,"sS(s=10,S=50)",42,26,10.0,50.0
0.05961349492302653,5072.6,3,1585.2,1638.0,"sS(s=10,S=50)",42,27,10.0,50.0
0.05672105672105672,4114.6,0,1118.1399999999999,1172.5,"sS(s=10,S=50)",42,28,10.0,50.0
0.07750814922129663,4349.4,0,1414.3,1538.0,"sS(s=10,S=50)",42,29,10.0,50.0
0.05131860299358518,4537.4,0,1069.94,1072.2,"sS(s=10,S=50)",42,30,10.0,50.0
0.04303625889528973,5016.7,0,1354.24,1378.0,"sS(s=10,S=50)",42,31,10.0,50.0
0.0787037037037037,4647.9,0,1082.2,1090.0,"sS(s=10,S=50)",42,32,10.0,50.0
0.15194996320824136,4479.0,1,1409.6399999999999,1470.1,"sS(s=10,S=50)",42,33,10.0,50.0
0.09296965040338072,4355.2,3,1432.0,1544.0,"sS(s=10,S=50)",42,34,10.0,50.0
0.07877376794722546,4127.6,0,1070.0,1070.2,"sS(s=10,S=50)",42,35,10.0,50.0
0.02824089826471589,4839.3,2,1317.24,1362.3,"sS(s=10,S=50)",42,36,10.0,50.0
0.12239770279971285,4468.7,2,1242.06,1279.0,"sS(s=10,S=50)",42,37,10.0,50.0
0.04314544189283229,4764.4,0,1342.8799999999999,1418.0,"sS(s=10,S=50)",42,38,10.0,50.0
0.10431947840260798,3941.9,2,1073.28,1081.9,"sS(s=10,S=50)",42,39,10.0,50.0
0.08588957055214724,4318.6,4,1163.96,1181.9,"sS(s=10,S=50)",42,40,10.0,50.0
0.09591474245115453,4709.0,0,1128.98,1136.4,"sS(s=10,S=50)",42,41,10.0,50.0
0.08846546444368833,5054.8,1,1322.72,1341.5,"sS(s=10,S=50)",42,42,10.0,50.0
0.07029662738724096,4086.3,1,1022.5200000000001,1037.4,"sS(s=10,S=50)",42,43,10.0,50.0
0.024868651488616462,4521.1,0,1115.2,1140.0,"sS(s=10,S=50)",42,44,10.0,50.0
0.10588235294117647,4366.5,0,1222.52,1288.9,"sS(s=10,S=50)",42,45,10.0,50.0
0.055666003976143144,5104.8,0,1528.2199999999998,1636.0,"sS(s=10,S=50)",42,46,10.0,50.0
0.06117397454031118,4915.3,1,1403.8,1453.5,"sS(s=10,S=50)",42,47,10.0,50.0
0.1411764705882353,4091.5,0,1067.26,1074.8,"sS(s=10,S=50)",42,48,10.0,50.0
0.03131749460043196,4717.7,8,1218.98,1239.2,"sS(s=10,S=50)",42,49,10.0,50.0
0.1222011385199241,4427.0,5,1143.56,1155.7,"sS(s=10,S=55)",42,0,10.0,55.0
0.06953039679650527,4372.5,0,1157.22,1163.0,"sS(s=10,S=55)",42,1,10.0,55.0
0.050782608695652175,4727.6,2,1404.04,1456.6,"sS(s=10,S=55)",42,2,10.0,55.0
0.029988893002591634,4337.1,0,1187.24,1209.2,"sS(s=10,S=55)",42,3,10.0,55.0
0.08525345622119816,4089.2,2,1160.5,1181.6,"sS(s=10,S=55)",42,4,10.0,55.0
0.08621837549933423,4852.9,2,1310.04,1335.3,"sS(s=10,S=55)",42,5,10.0,55.0
0.16640746500777606,4159.0,2,1178.04,1211.3,"sS(s=10,S=55)",42,6,10.0,55.0
0.06560347952156578,4466.1,1,1124.6799999999998,1149.6,"sS(s=10,S=55)",42,7,10.0,55.0
0.10241404535479151,4518.0,2,1355.86,1398.5,"sS(s=10,S=55)",42,8,10.0,55.0
0.06825127334465195,4770.4,0,1194.6,1199.0,"sS(s=10,S=55)",42,9,10.0,55.0
0.12060301507537688,4422.9,3,1198.54,1209.0,"sS(s=10,S=55)",42,10,10.0,55.0
0.04283054003724395,4293.5,0,1302.14,1373.4,"sS(s=10,S=55)",42,11,10.0,55.0
0.14942125569975448,4505.8,0,1267.38,1287.2,"sS(s=10,S=55)",42,12,10.0,55.0
0.06281771968046478,4534.3,2,1281.94,1329.2,"sS(s=10,S=55)",42,13,10.0,55.0
0.09441896024464831,4403.7,4,1153.8999999999999,1187.1,"sS(s=10,S=55)",42,14,10.0,55.0
0.047364672364672365,4393.3,3,1332.1599999999999,1393.0,"sS(s=10,S=55)",42,15,10.0,55.0
0.08819133034379671,4409.2,2,1398.76,1462.1,"sS(s=10,S=55)",42,16,10.0,55.0
0.09190140845070423,4784.1,2,1185.8,1191.1,"sS(s=10,S=55)",42,17,10.0,55.0
0.07183908045977011,4675.0,3,1253.62,1304.6,"sS(s=10,S=55)",42,18,10.0,55.0
0.1053639846743295,4061.5,3,1134.2,1165.0,"sS(s=10,S=55)",42,19,10.0,55.0
0.046170365068002865,4619.9,2,1309.04,1351.0,"sS(s=10,S=55)",42,20,10.0,55.0
0.12734721748036873,4665.5,4,1356.52,1380.9,"sS(s=10,S=55)",42,21,10.0,55.0
0.09381933438985737,5411.2,2,1532.2,1579.0,"sS(s=10,S=55)",42,22,10.0,55.0
0.15260196905766527,4978.4,3,1316.74,1346.3,"sS(s=10,S=55)",42,23,10.0,55.0
0.048248749106504646,4376.5,1,1063.48,1075.6,"sS(s=10,S=55)",42,24,10.0,55.0
0.08269096005606166,4588.6,0,1227.8999999999999,1256.6,"sS(s=10,S=55)",42,25,10.0,55.0
0.05829596412556054,4237.0,5,1184.6399999999999,1192.8,"sS(s=10,S=55)",42,26,10.0,55.0
0.06911234850966262,4981.5,3,1569.32,1624.9,"sS(s=10,S=55)",42,27,10.0,55.0
0.08391608391608392,3973.6,0,1084.3799999999999,1138.0,"sS(s=10,S=55)",42,28,10.0,55.0
0.10648315827598696,4298.4,0,1384.5,1498.0,"sS(s=10,S=55)",42,29,10.0,55.0
0.05274411974340699,4483.8,0,1060.58,1064.8,"sS(s=10,S=55)",42,30,10.0,55.0
0.0579464588275161,4943.1,0,1338.44,1363.0,"sS(s=10,S=55)",42,31,10.0,55.0
0.09366096866096867,4509.1,0,1061.0,1061.0,"sS(s=10,S=55)",42,32,10.0,55.0
0.1817512877115526,4446.5,1,1417.04,1487.1,"sS(s=10,S=55)",42,33,10.0,55.0
0.11563580484056857,4332.1,3,1425.92,1538.9,"sS(s=10,S=55)",42,34,10.0,55.0
0.09429569266589057,4038.6,0,1065.5,1076.2,"sS(s=10,S=55)",42,35,10.0,55.0
0.0421912215039129,4859.4,2,1344.6599999999999,1393.3,"sS(s=10,S=55)",42,36,10.0,55.0
0.14752333094041636,4370.7,2,1214.06,1254.0,"sS(s=10,S=55)",42,37,10.0,55.0
0.06332637439109255,4738.2,0,1397.56,1491.2,"sS(s=10,S=55)",42,38,10.0,55.0
0.12184189079054605,3945.7,1,1082.14,1088.9,"sS(s=10,S=55)",42,39,10.0,55.0
0.11503067484662577,4240.2,4,1156.28,1167.9,"sS(s=10,S=55)",42,40,10.0,55.0
0.12433392539964476,4632.0,0,1098.68,1099.4,"sS(s=10,S=55)",42,41,10.0,55.0
0.10581830554610412,5004.9,1,1293.8,1307.0,"sS(s=10,S=55)",42,42,10.0,55.0
0.08858187728565624,4029.2,1,1007.9399999999999,1017.9,"sS(s=10,S=55)",42,43,10.0,55.0
0.029422066549912435,4465.4,0,1177.0,1225.0,"sS(s=10,S=55)",42,44,10.0,55.0
0.1267552182163188,4337.5,0,1217.72,1280.4,"sS(s=10,S=55)",42,45,10.0,55.0
0.07554671968190854,5025.8,0,1512.1999999999998,1621.0,"sS(s=10,S=55)",42,46,10.0,55.0
0.07496463932107496,4899.2,1,1391.6,1444.5,"sS(s=10,S=55)",42,47,10.0,55.0
0.16470588235294117,4008.5,0,1064.26,1068.3,"sS(s=10,S=55)",42,48,10.0,55.0
0.0482361411087113,4677.4,8,1277.18,1321.7,"sS(s=10,S=55)",42,49,10.0,55.0
0.14724857685009488,4419.2,5,1122.3600000000001,1126.7,"sS(s=10,S=60)",42,0,10.0,60.0
0.08409173643975246,4296.0,0,1140.62,1145.5,"sS(s=10,S=60)",42,1,10.0,60.0
0.07026086956521739,4757.2,2,1491.26,1555.0,"sS(s=10,S=60)",42,2,10.0,60.0
0.04850055534987042,4477.1,0,1216.8400000000001,1239.2,"sS(s=10,S=60)",42,3,10.0,60.0
0.12096774193548387,4174.3,2,1242.64,1273.9,"sS(s=10,S=60)",42,4,10.0,60.0
0.0955392809587217,4815.9,2,1317.24,1344.3,"sS(s=10,S=60)",42,5,10.0,60.0
0.18973561430793157,4080.0,2,1166.84,1192.3,"sS(s=10,S=60)",42,6,10.0,60.0
0.09097499093874592,4440.1,1,1219.8799999999999,1266.1,"sS(s=10,S=60)",42,7,10.0,60.0
0.11777615215801024,4507.1,2,1338.18,1369.5,"sS(s=10,S=60)",42,8,10.0,60.0
0.07945670628183361,4754.8,0,1206.6,1209.0,"sS(s=10,S=60)",42,9,10.0,60.0
0.1349605168700646,4439.9,3,1191.34,1209.0,"sS(s=10,S=60)",42,10,10.0,60.0
0.055865921787709494,4212.0,0,1277.14,1349.4,"sS(s=10,S=60)",42,11,10.0,60.0
0.1634514205541915,4420.6,0,1291.8799999999999,1351.6,"sS(s=10,S=60)",42,12,10.0,60.0
0.07734204793028322,4469.8,2,1269.94,1320.2,"sS(s=10,S=60)",42,13,10.0,60.0
0.172782874617737,4471.7,4,1159.48,1184.1,"sS(s=10,S=60)",42,14,10.0,60.0
0.06517094017094018,4341.3,3,1329.36,1388.0,"sS(s=10,S=60)",42,15,10.0,60.0
0.10799701046337817,4370.0,1,1365.1599999999999,1440.1,"sS(s=10,S=60)",42,16,10.0,60.0
0.12183098591549296,4766.6,2,1194.1999999999998,1207.1,"sS(s=10,S=60)",42,17,10.0,60.0
0.08908045977011494,4606.8,3,1237.4199999999998,1291.6,"sS(s=10,S=60)",42,18,10.0,60.0
0.11570881226053639,4132.7,3,1106.6,1128.0,"sS(s=10,S=60)",42,19,10.0,60.0
0.08947745168217609,4601.4,2,1384.1399999999999,1422.0,"sS(s=10,S=60)",42,20,10.0,60.0
0.11471491976783885,4664.7,4,1328.08,1330.0,"sS(s=10,S=60)",42,21,10.0,60.0
0.12297939778129953,5286.5,1,1530.1399999999999,1578.0,"sS(s=10,S=60)",42,22,10.0,60.0
0.1828410689170183,4984.3,3,1389.9399999999998,1442.8,"sS(s=10,S=60)",42,23,10.0,60.0
0.05539671193709793,4274.5,1,1034.28,1036.6,"sS(s=10,S=60)",42,24,10.0,60.0
0.10371408549404344,4499.6,0,1201.3,1228.1,"sS(s=10,S=60)",42,25,10.0,60.0
0.06576980568011959,4151.9,4,1180.8,1185.5,"sS(s=10,S=60)",42,26,10.0,60.0
0.07893874877169997,4938.3,3,1535.1200000000001,1567.9,"sS(s=10,S=60)",42,27,10.0,60.0
0.11305361305361306,3891.1,0,1065.04,1114.5,"sS(s=10,S=60)",42,28,10.0,60.0
0.13147410358565736,4212.0,0,1351.82,1454.4,"sS(s=10,S=60)",42,29,10.0,60.0
0.06878118317890235,4393.3,0,1028.48,1031.8,"sS(s=10,S=60)",42,30,10.0,60.0
0.062012876990850556,4922.3,0,1325.0,1348.0,"sS(s=10,S=60)",42,31,10.0,60.0
0.10968660968660969,4420.6,0,1063.2,1071.0,"sS(s=10,S=60)",42,32,10.0,60.0
0.21118469462840322,4491.8,1,1516.7399999999998,1634.1,"sS(s=10,S=60)",42,33,10.0,60.0
0.1386861313868613,4303.1,2,1453.52,1575.9,"sS(s=10,S=60)",42,34,10.0,60.0
0.1113698098564222,3960.3,0,1058.66,1076.2,"sS(s=10,S=60)",42,35,10.0,60.0
0.06022456617897244,4812.7,2,1335.9199999999998,1387.0,"sS(s=10,S=60)",42,36,10.0,60.0
0.16762383345297918,4280.4,2,1195.02,1229.0,"sS(s=10,S=60)",42,37,10.0,60.0
0.09464161447459986,4777.2,0,1428.1599999999999,1525.2,"sS(s=10,S=60)",42,38,10.0,60.0
0.14832925835370822,3931.7,1,1079.86,1085.1,"sS(s=10,S=60)",42,39,10.0,60.0
0.14762269938650308,4160.7,4,1138.78,1153.9,"sS(s=10,S=60)",42,40,10.0,60.0
0.1502664298401421,4561.8,0,1086.48,1090.3,"sS(s=10,S=60)",42,41,10.0,60.0
0.12112963593058863,4996.4,1,1349.4,1374.0,"sS(s=10,S=60)",42,42,10.0,60.0
0.10808614384396587,4028.3,1,996.64,998.4,"sS(s=10,S=60)",42,43,10.0,60.0
0.04133099824868652,4354.8,0,1165.0,1210.0,"sS(s=10,S=60)",42,44,10.0,60.0
0.152561669829222,4332.2,0,1212.92,1271.9,"sS(s=10,S=60)",42,45,10.0,60.0
0.10337972166998012,5009.2,0,1502.1999999999998,1606.0,"sS(s=10,S=60)",42,46,10.0,60.0
0.09512022630834512,4841.9,1,1377.8,1433.5,"sS(s=10,S=60)",42,47,10.0,60.0
0.18823529411764706,3941.5,0,1065.82,1067.5,"sS(s=10,S=60)",42,48,10.0,60.0
0.07163426925845932,4592.9,8,1300.18,1360.2,"sS(s=10,S=60)",42,49,10.0,60.0
0.17571157495256168,4365.2,5,1114.34,1115.0,"sS(s=10,S=65)",42,0,10.0,65.0
0.08918820531488897,4139.9,0,1089.98,1108.1,"sS(s=10,S=65)",42,1,10.0,65.0
0.09078260869565218,4671.9,1,1467.6399999999999,1531.0,"sS(s=10,S=65)",42,2,10.0,65.0
0.06886338393187708,4417.6,0,1202.24,1225.7,"sS(s=10,S=65)",42,3,10.0,65.0
0.15360983102918588,4100.8,2,1225.34,1255.4,"sS(s=10,S=65)",42,4,10.0,65.0
0.10286284953395473,4771.1,2,1269.3999999999999,1277.3,"sS(s=10,S=65)",42,5,10.0,65.0
0.22317262830482115,4068.6,2,1177.48,1200.6,"sS(s=10,S=65)",42,6,10.0,65.0
0.11634650235592606,4364.1,1,1231.8799999999999,1278.6,"sS(s=10,S=65)",42,7,10.0,65.0
0.12143379663496708,4552.6,2,1362.54,1406.7,"sS(s=10,S=65)",42,8,10.0,65.0
0.09134125636672326,4731.8,0,1218.8,1219.0,"sS(s=10,S=65)",42,9,10.0,65.0
0.15649676956209618,4294.0,3,1191.78,1206.3,"sS(s=10,S=65)",42,10,10.0,65.0
0.06890130353817504,4130.5,0,1252.14,1325.4,"sS(s=10,S=65)",42,11,10.0,65.0
0.1795861101367941,4358.6,0,1261.58,1307.6,"sS(s=10,S=65)",42,12,10.0,65.0
0.09186637618010167,4405.3,2,1257.94,1311.2,"sS(s=10,S=65)",42,13,10.0,65.0
0.20718654434250763,4354.7,3,1152.1799999999998,1181.1,"sS(s=10,S=65)",42,14,10.0,65.0
0.08511396011396011,4252.9,3,1318.84,1384.1,"sS(s=10,S=65)",42,15,10.0,65.0
0.13228699551569506,4303.5,1,1351.9599999999998,1431.6,"sS(s=10,S=65)",42,16,10.0,65.0
0.15211267605633802,4701.2,2,1163.3999999999999,1174.1,"sS(s=10,S=65)",42,17,10.0,65.0
0.07435344827586207,4464.7,3,1233.4,1291.9,"sS(s=10,S=65)",42,18,10.0,65.0
0.14942528735632185,4061.0,3,1093.4,1109.0,"sS(s=10,S=65)",42,19,10.0,65.0
0.09234073013600573,4510.3,1,1366.4,1392.0,"sS(s=10,S=65)",42,20,10.0,65.0
0.1399795151928986,4577.1,4,1309.1000000000001,1309.4,"sS(s=10,S=65)",42,21,10.0,65.0
0.1445324881141046,5339.2,2,1599.54,1679.0,"sS(s=10,S=65)",42,22,10.0,65.0
0.2092123769338959,4935.8,3,1375.1399999999999,1429.3,"sS(s=10,S=65)",42,23,10.0,65.0
0.044674767691208005,4234.5,1,1027.52,1035.0,"sS(s=10,S=65)",42,24,10.0,65.0
0.12263489838822705,4479.4,0,1183.6,1199.6,"sS(s=10,S=65)",42,25,10.0,65.0
0.0930493273542601,4251.3,7,1248.8,1268.0,"sS(s=10,S=65)",42,26,10.0,65.0
0.07206026858827383,4890.9,3,1522.52,1560.9,"sS(s=10,S=65)",42,27,10.0,65.0
0.14219114219114218,3854.9,0,1124.94,1187.0,"sS(s=10,S=65)",42,28,10.0,65.0
0.10539659543643608,4090.6,0,1274.02,1354.4,"sS(s=10,S=65)",42,29,10.0,65.0
0.08695652173913043,4309.4,0,1000.56,1001.0,"sS(s=10,S=65)",42,30,10.0,65.0
0.08471704506946798,4858.0,0,1313.4,1331.0,"sS(s=10,S=65)",42,31,10.0,65.0
0.1274928774928775,4352.6,0,1067.16,1081.0,"sS(s=10,S=65)",42,32,10.0,65.0
0.23841059602649006,4429.8,1,1531.6399999999999,1661.1,"sS(s=10,S=65)",42,33,10.0,65.0
0.14406454091432963,4298.7,2,1445.24,1564.9,"sS(s=10,S=65)",42,34,10.0,65.0
0.14318975552968569,4004.7,0,1001.9599999999999,1020.4,"sS(s=10,S=65)",42,35,10.0,65.0
0.07995916978564137,4874.5,2,1330.22,1384.5,"sS(s=10,S=65)",42,36,10.0,65.0
0.17839195979899497,4294.5,2,1198.96,1201.3,"sS(s=10,S=65)",42,37,10.0,65.0
0.12595685455810718,4777.6,0,1513.56,1636.2,"sS(s=10,S=65)",42,38,10.0,65.0
0.17766911165444174,3924.3,1,1057.4199999999998,1063.1,"sS(s=10,S=65)",42,39,10.0,65.0
0.17446319018404907,4081.2,4,1125.52,1139.9,"sS(s=10,S=65)",42,40,10.0,65.0
0.1566607460035524,4491.6,0,1148.4399999999998,1165.1,"sS(s=10,S=65)",42,41,10.0,65.0
0.14698877169105137,4951.0,1,1325.4,1341.5,"sS(s=10,S=65)",42,42,10.0,65.0
0.1243396993092239,4049.8,1,1003.26,1011.1,"sS(s=10,S=65)",42,43,10.0,65.0
0.05499124343257443,4201.7,0,1152.2,1194.0,"sS(s=10,S=65)",42,44,10.0,65.0
0.1650853889943074,4315.6,0,1208.1200000000001,1263.4,"sS(s=10,S=65)",42,45,10.0,65.0
0.12491716368455931,4955.6,0,1485.0,1582.0,"sS(s=10,S=65)",42,46,10.0,65.0
0.11987270155586988,4846.9,1,1392.0,1457.5,"sS(s=10,S=65)",42,47,10.0,65.0
0.2007843137254902,3960.8,0,1070.42,1070.5,"sS(s=10,S=65)",42,48,10.0,65.0
0.0939524838012959,4509.4,8,1284.24,1350.7,"sS(s=10,S=65)",42,49,10.0,65.0
0.19772296015180266,4375.6,5,1119.54,1125.0,"sS(s=10,S=70)",42,0,10.0,70.0
0.10921004732435384,3992.9,0,1066.1799999999998,1095.1,"sS(s=10,S=70)",42,1,10.0,70.0
0.08556521739130435,4466.9,1,1387.3799999999999,1463.0,"sS(s=10,S=70)",42,2,10.0,70.0
0.09181784524250278,4365.8,0,1186.24,1212.2,"sS(s=10,S=70)",42,3,10.0,70.0
0.18625192012288785,4027.3,2,1208.04,1236.9,"sS(s=10,S=70)",42,4,10.0,70.0
0.10319573901464714,4725.2,2,1264.1,1276.3,"sS(s=10,S=70)",42,5,10.0,70.0
0.2581648522550544,4061.1,2,1191.48,1213.1,"sS(s=10,S=70)",42,6,10.0,70.0
0.14244291409931134,4302.1,1,1243.8799999999999,1291.1,"sS(s=10,S=70)",42,7,10.0,70.0
0.14520848573518655,4491.6,2,1339.14,1384.2,"sS(s=10,S=70)",42,8,10.0,70.0
0.10424448217317488,4719.1,0,1222.26,1229.0,"sS(s=10,S=70)",42,9,10.0,70.0
0.17013639626704954,4192.8,3,1132.18,1140.3,"sS(s=10,S=70)",42,10,10.0,70.0
0.08268156424581005,4112.2,0,1273.14,1356.4,"sS(s=10,S=70)",42,11,10.0,70.0
0.18133988074359875,4415.1,0,1231.28,1263.6,"sS(s=10,S=70)",42,12,10.0,70.0
0.10639070442992012,4347.4,2,1245.94,1302.2,"sS(s=10,S=70)",42,13,10.0,70.0
0.22018348623853212,4290.4,3,1173.48,1208.2,"sS(s=10,S=70)",42,14,10.0,70.0
0.08796296296296297,4145.9,2,1306.8,1384.6,"sS(s=10,S=70)",42,15,10.0,70.0
0.15657698056801195,4237.0,1,1338.7599999999998,1423.1,"sS(s=10,S=70)",42,16,10.0,70.0
0.17394366197183098,4651.6,2,1135.3,1141.1,"sS(s=10,S=70)",42,17,10.0,70.0
0.11099137931034483,4440.1,1,1278.56,1342.6,"sS(s=10,S=70)",42,18,10.0,70.0
0.19157088122605365,4055.5,3,1182.6,1218.0,"sS(s=10,S=70)",42,19,10.0,70.0
0.10987831066571224,4378.7,1,1342.92,1366.4,"sS(s=10,S=70)",42,20,10.0,70.0
0.16729259132809832,4542.1,3,1338.2,1351.4,"sS(s=10,S=70)",42,21,10.0,70.0
0.16671949286846277,5280.2,2,1594.74,1674.0,"sS(s=10,S=70)",42,22,10.0,70.0
0.23277074542897327,4887.3,3,1360.34,1415.8,"sS(s=10,S=70)",42,23,10.0,70.0
0.05539671193709793,4142.5,1,1027.72,1045.0,"sS(s=10,S=70)",42,24,10.0,70.0
0.13840224246671337,4416.1,0,1155.56,1171.1,"sS(s=10,S=70)",42,25,10.0,70.0
0.13415545590433484,4266.5,6,1240.0,1254.5,"sS(s=10,S=70)",42,26,10.0,70.0
0.08679986898132984,4811.9,3,1506.52,1551.9,"sS(s=10,S=70)",42,27,10.0,70.0
0.16822066822066822,3780.6,0,1104.04,1158.5,"sS(s=10,S=70)",42,28,10.0,70.0
0.1267656646142702,4073.0,0,1248.22,1319.4,"sS(s=10,S=70)",42,29,10.0,70.0
0.10940841054882394,4293.7,0,997.44,1001.0,"sS(s=10,S=70)",42,30,10.0,70.0
0.10843781768891901,4863.5,0,1341.8,1364.0,"sS(s=10,S=70)",42,31,10.0,70.0
0.13425925925925927,4444.5,0,1082.06,1091.0,"sS(s=10,S=70)",42,32,10.0,70.0
0.2608535688005887,4371.8,1,1546.5399999999997,1688.1,"sS(s=10,S=70)",42,33,10.0,70.0
0.12524010756819054,4295.6,3,1329.84,1417.9,"sS(s=10,S=70)",42,34,10.0,70.0
0.14707023670935196,3976.2,0,1007.26,1022.9,"sS(s=10,S=70)",42,35,10.0,70.0
0.0826811840762164,4946.3,2,1411.1599999999999,1490.3,"sS(s=10,S=70)",42,36,10.0,70.0
0.19095477386934673,4334.5,3,1193.34,1214.1,"sS(s=10,S=70)",42,37,10.0,70.0
0.1590118302018093,4714.1,0,1506.36,1627.2,"sS(s=10,S=70)",42,38,10.0,70.0
0.18418907905460472,3920.5,1,1119.3400000000001,1138.9,"sS(s=10,S=70)",42,39,10.0,70.0
0.20820552147239263,4068.0,3,1228.32,1265.9,"sS(s=10,S=70)",42,40,10.0,70.0
0.16376554174067495,4459.1,0,1100.34,1123.3,"sS(s=10,S=70)",42,41,10.0,70.0
0.18033344675059543,4964.8,1,1301.4,1309.0,"sS(s=10,S=70)",42,42,10.0,70.0
0.14262494920763918,4084.5,2,1052.76,1057.8,"sS(s=10,S=70)",42,43,10.0,70.0
0.07600700525394045,4171.7,0,1163.3999999999999,1208.0,"sS(s=10,S=70)",42,44,10.0,70.0
0.19924098671726756,4251.9,0,1197.56,1247.7,"sS(s=10,S=70)",42,45,10.0,70.0
0.10437375745526839,4797.6,0,1428.1999999999998,1508.5,"sS(s=10,S=70)",42,46,10.0,70.0
0.14674681753889673,4784.9,1,1358.0,1423.5,"sS(s=10,S=70)",42,47,10.0,70.0
0.2,3958.1,0,1161.6599999999999,1181.8,"sS(s=10,S=70)",42,48,10.0,70.0
0.08639308855291576,4557.0,8,1295.96,1341.2,"sS(s=10,S=70)",42,49,10.0,70.0
0.152561669829222,4362.2,5,1204.28,1221.6,"sS(s=10,S=75)",42,0,10.0,75.0
0.13396432471787403,3919.2,0,1057.3799999999999,1082.1,"sS(s=10,S=75)",42,1,10.0,75.0
0.11686956521739131,4527.4,1,1248.48,1295.5,"sS(s=10,S=75)",42,2,10.0,75.0
0.11810440577563865,4437.9,0,1226.04,1258.7,"sS(s=10,S=75)",42,3,10.0,75.0
0.21889400921658986,4031.5,2,1319.54,1379.4,"sS(s=10,S=75)",42,4,10.0,75.0
0.131491344873502,4745.7,2,1267.5,1275.3,"sS(s=10,S=75)",42,5,10.0,75.0
0.2931570762052877,3934.1,2,1205.48,1225.6,"sS(s=10,S=75)",42,6,10.0,75.0
0.14679231605654222,4277.3,1,1255.8799999999999,1303.6,"sS(s=10,S=75)",42,7,10.0,75.0
0.18141916605705927,4365.1,2,1258.04,1289.8,"sS(s=10,S=75)",42,8,10.0,75.0
0.12325976230899831,4649.2,0,1227.66,1239.0,"sS(s=10,S=75)",42,9,10.0,75.0
0.19669777458722182,4178.2,3,1155.02,1159.7,"sS(s=10,S=75)",42,10,10.0,75.0
0.10502793296089385,4026.2,0,1247.52,1297.4,"sS(s=10,S=75)",42,11,10.0,75.0
0.1971238162048404,4354.6,0,1200.98,1219.6,"sS(s=10,S=75)",42,12,10.0,75.0
0.10130718954248366,4279.0,2,1123.54,1155.2,"sS(s=10,S=75)",42,13,10.0,75.0
0.2045107033639144,4304.6,4,1148.54,1152.5,"sS(s=10,S=75)",42,14,10.0,75.0
0.11217948717948718,4340.7,2,1363.6799999999998,1445.5,"sS(s=10,S=75)",42,15,10.0,75.0
0.18086696562032886,4179.0,1,1323.9599999999998,1410.1,"sS(s=10,S=75)",42,16,10.0,75.0
0.1538732394366197,4706.1,2,1190.8999999999999,1211.6,"sS(s=10,S=75)",42,17,10.0,75.0
0.11997126436781609,4432.4,1,1202.36,1252.6,"sS(s=10,S=75)",42,18,10.0,75.0
0.2095785440613027,3837.2,2,1172.6,1203.0,"sS(s=10,S=75)",42,19,10.0,75.0
0.13385826771653545,4371.9,0,1375.46,1408.9,"sS(s=10,S=75)",42,20,10.0,75.0
0.19460566746329805,4456.1,3,1320.5,1332.4,"sS(s=10,S=75)",42,21,10.0,75.0
0.1889064976228209,5222.2,1,1589.94,1669.0,"sS(s=10,S=75)",42,22,10.0,75.0
0.25562587904360057,4836.1,3,1345.54,1402.3,"sS(s=10,S=75)",42,23,10.0,75.0
0.0696926375982845,4117.5,1,1031.48,1055.0,"sS(s=10,S=75)",42,24,10.0,75.0
0.12088297126839523,4323.6,0,1128.1599999999999,1142.6,"sS(s=10,S=75)",42,25,10.0,75.0
0.17152466367713004,4235.0,6,1244.0,1257.0,"sS(s=10,S=75)",42,26,10.0,75.0
0.10153946937438585,4797.9,4,1479.52,1542.9,"sS(s=10,S=75)",42,27,10.0,75.0
0.17016317016317017,3823.4,0,1083.1399999999999,1130.0,"sS(s=10,S=75)",42,28,10.0,75.0
0.1680550525172039,3989.6,0,1327.22,1415.4,"sS(s=10,S=75)",42,29,10.0,75.0
0.14397719173200285,4142.9,0,1112.92,1140.9,"sS(s=10,S=75)",42,30,10.0,75.0
0.10572687224669604,4862.7,0,1319.8,1334.0,"sS(s=10,S=75)",42,31,10.0,75.0
0.16274928774928774,4374.0,0,1085.56,1101.0,"sS(s=10,S=75)",42,32,10.0,75.0
0.26600441501103755,4303.7,1,1561.4399999999998,1715.1,"sS(s=10,S=75)",42,33,10.0,75.0
0.1790242028428736,4321.8,3,1461.6399999999999,1579.9,"sS(s=10,S=75)",42,34,10.0,75.0
0.17617384555684906,3905.2,0,1000.86,1025.4,"sS(s=10,S=75)",42,35,10.0,75.0
0.10479755018713849,4904.8,2,1405.4599999999998,1487.8,"sS(s=10,S=75)",42,36,10.0,75.0
0.20351758793969849,4302.5,3,1207.1399999999999,1238.6,"sS(s=10,S=75)",42,37,10.0,75.0
0.19206680584551147,4655.0,0,1495.96,1614.2,"sS(s=10,S=75)",42,38,10.0,75.0
0.21678891605541972,3934.0,2,1214.04,1263.9,"sS(s=10,S=75)",42,39,10.0,75.0
0.24079754601226994,4011.9,3,1216.4799999999998,1248.6,"sS(s=10,S=75)",42,40,10.0,75.0
0.16376554174067495,4383.1,0,1124.1599999999999,1173.0,"sS(s=10,S=75)",42,41,10.0,75.0
0.2092548485879551,4997.0,1,1338.3600000000001,1352.7,"sS(s=10,S=75)",42,42,10.0,75.0
0.17310036570499795,4125.5,3,1113.06,1127.8,"sS(s=10,S=75)",42,43,10.0,75.0
0.09912434325744308,4143.3,0,1123.3999999999999,1158.0,"sS(s=10,S=75)",42,44,10.0,75.0
0.2049335863377609,4184.6,0,1140.36,1173.7,"sS(s=10,S=75)",42,45,10.0,75.0
0.1265738899933731,4931.1,0,1415.3999999999999,1490.0,"sS(s=10,S=75)",42,46,10.0,75.0
0.16973125884016974,4667.9,1,1313.0,1389.5,"sS(s=10,S=75)",42,47,10.0,75.0
0.22156862745098038,3981.1,0,1166.26,1184.8,"sS(s=10,S=75)",42,48,10.0,75.0
0.10727141828653708,4554.1,7,1314.56,1331.7,"sS(s=10,S=75)",42,49,10.0,75.0
0.17722960151802655,4315.7,5,1194.84,1207.3,"sS(s=10,S=80)",42,0,10.0,80.0
0.16672733891518018,3938.2,0,1089.42,1094.5,"sS(s=10,S=80)",42,1,10.0,80.0
0.14121739130434782,4460.9,1,1222.68,1268.0,"sS(s=10,S=80)",42,2,10.0,80.0
0.14216956682710108,4389.4,0,1206.44,1245.2,"sS(s=10,S=80)",42,3,10.0,80.0
0.24807987711213517,3971.0,2,1314.24,1375.9,"sS(s=10,S=80)",42,4,10.0,80.0
0.14314247669773636,4708.2,2,1249.6,1257.3,"sS(s=10,S=80)",42,5,10.0,80.0
0.29704510108864696,4016.8,2,1219.48,1238.1,"sS(s=10,S=80)",42,6,10.0,80.0
0.17107647698441464,4213.0,1,1266.9799999999998,1316.1,"sS(s=10,S=80)",42,7,10.0,80.0
0.2121433796634967,4303.5,2,1239.34,1274.3,"sS(s=10,S=80)",42,8,10.0,80.0
0.1398981324278438,4584.0,0,1243.24,1249.0,"sS(s=10,S=80)",42,9,10.0,80.0
0.22541277817659727,4162.2,2,1173.82,1174.1,"sS(s=10,S=80)",42,10,10.0,80.0
0.1366852886405959,3954.7,0,1228.52,1278.4,"sS(s=10,S=80)",42,11,10.0,80.0
0.21290775166608208,4376.6,0,1236.6799999999998,1258.1,"sS(s=10,S=80)",42,12,10.0,80.0
0.12091503267973856,4293.6,2,1221.94,1284.2,"sS(s=10,S=80)",42,13,10.0,80.0
0.20718654434250763,4394.0,4,1141.64,1147.0,"sS(s=10,S=80)",42,14,10.0,80.0
0.16631054131054132,4351.9,3,1298.84,1371.0,"sS(s=10,S=80)",42,15,10.0,80.0
0.20515695067264575,4204.0,2,1283.9599999999998,1328.1,"sS(s=10,S=80)",42,16,10.0,80.0
0.18098591549295776,4732.3,2,1190.1399999999999,1198.6,"sS(s=10,S=80)",42,17,10.0,80.0
0.14331896551724138,4434.9,1,1189.08,1239.6,"sS(s=10,S=80)",42,18,10.0,80.0
0.2421455938697318,3786.5,2,1161.8799999999999,1187.1,"sS(s=10,S=80)",42,19,10.0,80.0
0.15891195418754475,4385.4,1,1370.46,1385.4,"sS(s=10,S=80)",42,20,10.0,80.0
0.22362581085694777,4377.8,3,1297.76,1307.1,"sS(s=10,S=80)",42,21,10.0,80.0
0.21109350237717908,5245.7,2,1585.1399999999999,1664.0,"sS(s=10,S=80)",42,22,10.0,80.0
0.27637130801687765,4794.5,3,1332.84,1388.8,"sS(s=10,S=80)",42,23,10.0,80.0
0.08398856325947104,4033.5,1,1035.58,1065.0,"sS(s=10,S=80)",42,24,10.0,80.0
0.15241765942536792,4294.8,0,1182.2,1218.9,"sS(s=10,S=80)",42,25,10.0,80.0
0.20889387144992527,4274.9,5,1248.0,1259.5,"sS(s=10,S=80)",42,26,10.0,80.0
0.11627906976744186,4719.9,4,1462.1200000000001,1530.9,"sS(s=10,S=80)",42,27,10.0,80.0
0.19735819735819735,3755.7,0,1063.78,1104.8,"sS(s=10,S=80)",42,28,10.0,80.0
0.19014849692140529,3921.2,0,1302.62,1381.9,"sS(s=10,S=80)",42,29,10.0,80.0
0.16892373485388454,4128.4,0,1230.52,1287.9,"sS(s=10,S=80)",42,30,10.0,80.0
0.124364622161979,4805.2,0,1297.8,1304.0,"sS(s=10,S=80)",42,31,10.0,80.0
0.19052706552706553,4305.3,0,1088.7,1111.0,"sS(s=10,S=80)",42,32,10.0,80.0
0.2862398822663723,4243.7,1,1576.3399999999997,1742.1,"sS(s=10,S=80)",42,33,10.0,80.0
0.20783711102573954,4270.3,3,1444.6399999999999,1555.9,"sS(s=10,S=80)",42,34,10.0,80.0
0.20372526193247964,3834.2,0,994.46,1027.9,"sS(s=10,S=80)",42,35,10.0,80.0
0.12691391629806056,4863.3,2,1399.7599999999998,1485.3,"sS(s=10,S=80)",42,36,10.0,80.0
0.2189519023689878,4272.1,3,1219.3999999999999,1259.8,"sS(s=10,S=80)",42,37,10.0,80.0
0.22512178148921363,4686.8,0,1517.56,1641.2,"sS(s=10,S=80)",42,38,10.0,80.0
0.24938875305623473,3811.5,2,1193.44,1261.9,"sS(s=10,S=80)",42,39,10.0,80.0
0.19248466257668712,4058.9,4,1084.1,1098.0,"sS(s=10,S=80)",42,40,10.0,80.0
0.18579040852575487,4393.9,0,1228.84,1306.2,"sS(s=10,S=80)",42,41,10.0,80.0
0.2140183735964614,4953.9,1,1319.56,1326.7,"sS(s=10,S=80)",42,42,10.0,80.0
0.20357578220235675,4062.3,2,1069.6399999999999,1075.6,"sS(s=10,S=80)",42,43,10.0,80.0
0.12679509632224167,4129.2,0,1085.0,1110.0,"sS(s=10,S=80)",42,44,10.0,80.0
0.23719165085388993,4130.6,0,1132.76,1161.7,"sS(s=10,S=80)",42,45,10.0,80.0
0.15540092776673295,4873.8,0,1405.8,1475.5,"sS(s=10,S=80)",42,46,10.0,80.0
0.19731258840169733,4532.2,1,1285.46,1355.5,"sS(s=10,S=80)",42,47,10.0,80.0
0.24313725490196078,3934.9,0,1170.06,1186.8,"sS(s=10,S=80)",42,48,10.0,80.0
0.12922966162706984,4504.7,7,1301.96,1318.2,"sS(s=10,S=80)",42,49,10.0,80.0
0.1984819734345351,4271.6,5,1185.24,1192.8,"sS(s=10,S=85)",42,0,10.0,85.0
0.19949035311248633,3935.8,0,1089.74,1096.5,"sS(s=10,S=85)",42,1,10.0,85.0
0.15756521739130436,4395.1,1,1200.5,1240.5,"sS(s=10,S=85)",42,2,10.0,85.0
0.15920029618659756,4328.0,0,1213.4199999999998,1314.2,"sS(s=10,S=85)",42,3,10.0,85.0
0.24423963133640553,3967.1,1,1354.2199999999998,1429.0,"sS(s=10,S=85)",42,4,10.0,85.0
0.1681091877496671,4744.4,2,1275.56,1278.3,"sS(s=10,S=85)",42,5,10.0,85.0
0.3300933125972006,3960.3,2,1233.48,1250.6,"sS(s=10,S=85)",42,6,10.0,85.0
0.1946357375860819,4154.9,1,1274.8799999999999,1324.6,"sS(s=10,S=85)",42,7,10.0,85.0
0.24725676664228238,4156.2,2,1324.2399999999998,1406.8,"sS(s=10,S=85)",42,8,10.0,85.0
0.13955857385398981,4567.2,0,1245.3,1259.0,"sS(s=10,S=85)",42,9,10.0,85.0
0.25125628140703515,4092.4,2,1177.48,1177.7,"sS(s=10,S=85)",42,10,10.0,85.0
0.12141527001862197,3949.0,0,1235.92,1292.4,"sS(s=10,S=85)",42,11,10.0,85.0
0.23290073658365487,4331.7,0,1216.46,1228.9,"sS(s=10,S=85)",42,12,10.0,85.0
0.14270152505446623,4243.1,2,1209.94,1275.2,"sS(s=10,S=85)",42,13,10.0,85.0
0.23585626911314986,4341.5,3,1126.74,1131.5,"sS(s=10,S=85)",42,14,10.0,85.0
0.20014245014245013,4290.1,3,1283.54,1360.5,"sS(s=10,S=85)",42,15,10.0,85.0
0.20254110612855009,4213.8,2,1269.9599999999998,1316.1,"sS(s=10,S=85)",42,16,10.0,85.0
0.21161971830985915,4690.1,2,1177.56,1187.7,"sS(s=10,S=85)",42,17,10.0,85.0
0.16810344827586207,4384.6,1,1181.8799999999999,1230.6,"sS(s=10,S=85)",42,18,10.0,85.0
0.2662835249042146,3913.1,3,1149.96,1169.7,"sS(s=10,S=85)",42,19,10.0,85.0
0.18324982104509663,4332.9,1,1347.1,1360.1,"sS(s=10,S=85)",42,20,10.0,85.0
0.22772277227722773,4271.0,2,1330.84,1375.0,"sS(s=10,S=85)",42,21,10.0,85.0
0.23328050713153725,5194.2,2,1580.34,1659.0,"sS(s=10,S=85)",42,22,10.0,85.0
0.23769338959212377,4979.3,3,1453.2399999999998,1536.8,"sS(s=10,S=85)",42,23,10.0,85.0
0.11686919228020014,4105.7,1,1052.56,1075.0,"sS(s=10,S=85)",42,24,10.0,85.0
0.17344078486334968,4307.1,0,1177.72,1220.4,"sS(s=10,S=85)",42,25,10.0,85.0
0.24626307922272048,4250.4,5,1252.0,1262.0,"sS(s=10,S=85)",42,26,10.0,85.0
0.1077628562070095,4703.3,4,1450.2,1524.9,"sS(s=10,S=85)",42,27,10.0,85.0
0.22455322455322455,3768.2,0,1108.58,1159.8,"sS(s=10,S=85)",42,28,10.0,85.0
0.21658819268381022,3874.0,0,1279.36,1350.3,"sS(s=10,S=85)",42,29,10.0,85.0
0.19885958660014255,4130.9,0,1291.98,1363.9,"sS(s=10,S=85)",42,30,10.0,85.0
0.14300237207726194,4747.7,0,1281.2,1283.0,"sS(s=10,S=85)",42,31,10.0,85.0
0.22364672364672364,4319.1,0,1109.78,1121.0,"sS(s=10,S=85)",42,32,10.0,85.0
0.30647534952170713,4271.2,1,1591.2399999999998,1769.1,"sS(s=10,S=85)",42,33,10.0,85.0
0.23665001920860546,4217.9,3,1427.6399999999999,1531.9,"sS(s=10,S=85)",42,34,10.0,85.0
0.23205277454404347,3770.1,0,1019.9,1034.2,"sS(s=10,S=85)",42,35,10.0,85.0
0.1466485199047295,4828.1,2,1387.34,1474.4,"sS(s=10,S=85)",42,36,10.0,85.0
0.21428571428571427,4376.3,3,1236.4399999999998,1278.8,"sS(s=10,S=85)",42,37,10.0,85.0
0.2522616562282533,4637.8,0,1482.36,1597.2,"sS(s=10,S=85)",42,38,10.0,85.0
0.28198859005704974,3753.0,1,1186.84,1259.9,"sS(s=10,S=85)",42,39,10.0,85.0
0.23274539877300612,4078.6,3,1102.76,1108.0,"sS(s=10,S=85)",42,40,10.0,85.0
0.23730017761989342,4350.1,0,1184.12,1233.6,"sS(s=10,S=85)",42,41,10.0,85.0
0.24123851650221165,4916.4,1,1300.94,1301.0,"sS(s=10,S=85)",42,42,10.0,85.0
0.2303941487200325,4022.1,2,1086.04,1097.1,"sS(s=10,S=85)",42,43,10.0,85.0
0.15411558669001751,4050.0,0,1053.0,1070.0,"sS(s=10,S=85)",42,44,10.0,85.0
0.2667931688804554,4085.8,0,1125.16,1149.7,"sS(s=10,S=85)",42,45,10.0,85.0
0.1918489065606362,4899.8,0,1525.8,1623.0,"sS(s=10,S=85)",42,46,10.0,85.0
0.16831683168316833,4456.6,1,1313.96,1390.5,"sS(s=10,S=85)",42,47,10.0,85.0
0.2619607843137255,3898.9,0,1170.6599999999999,1184.8,"sS(s=10,S=85)",42,48,10.0,85.0
0.17926565874730022,4528.2,6,1223.6799999999998,1227.6,"sS(s=10,S=85)",42,49,10.0,85.0
0.19468690702087288,4284.1,4,1231.3200000000002,1247.9,"sS(s=10,S=90)",42,0,10.0,90.0
0.23006916636330543,3953.9,0,1127.8600000000001,1135.2,"sS(s=10,S=90)",42,1,10.0,90.0
0.12208695652173913,4479.4,1,1391.86,1473.0,"sS(s=10,S=90)",42,2,10.0,90.0
0.19252128841169938,4381.5,0,1253.82,1359.2,"sS(s=10,S=90)",42,3,10.0,90.0
0.2672811059907834,3906.6,1,1348.9199999999998,1425.5,"sS(s=10,S=90)",42,4,10.0,90.0
0.1711051930758988,4610.6,2,1273.1599999999999,1299.3,"sS(s=10,S=90)",42,5,10.0,90.0
0.32776049766718507,4153.9,2,1391.4799999999998,1443.1,"sS(s=10,S=90)",42,6,10.0,90.0
0.1946357375860819,4245.1,1,1274.1799999999998,1341.1,"sS(s=10,S=90)",42,7,10.0,90.0
0.2809070958302853,4088.4,1,1303.76,1391.3,"sS(s=10,S=90)",42,8,10.0,90.0
0.16536502546689305,4509.8,0,1248.8,1269.0,"sS(s=10,S=90)",42,9,10.0,90.0
0.24874371859296482,4096.1,3,1168.1399999999999,1179.1,"sS(s=10,S=90)",42,10,10.0,90.0
0.1378026070763501,3870.9,0,1190.52,1240.4,"sS(s=10,S=90)",42,11,10.0,90.0
0.2539459838653104,4360.7,0,1242.04,1252.2,"sS(s=10,S=90)",42,12,10.0,90.0
0.14052287581699346,4174.0,2,1053.94,1086.2,"sS(s=10,S=90)",42,13,10.0,90.0
0.26452599388379205,4295.5,3,1120.04,1126.0,"sS(s=10,S=90)",42,14,10.0,90.0
0.23397435897435898,4310.1,3,1322.6399999999999,1415.5,"sS(s=10,S=90)",42,15,10.0,90.0
0.22683109118086697,4158.8,2,1255.9599999999998,1304.1,"sS(s=10,S=90)",42,16,10.0,90.0
0.19859154929577466,4711.7,2,1305.42,1356.2,"sS(s=10,S=90)",42,17,10.0,90.0
0.20150862068965517,4320.5,1,1345.08,1434.6,"sS(s=10,S=90)",42,18,10.0,90.0
0.26091954022988506,4005.7,3,1224.84,1261.7,"sS(s=10,S=90)",42,19,10.0,90.0
0.20257695060844666,4251.3,0,1311.28,1332.1,"sS(s=10,S=90)",42,20,10.0,90.0
0.24581768521679753,4302.2,2,1315.6399999999999,1360.0,"sS(s=10,S=90)",42,21,10.0,90.0
0.2554675118858954,5140.0,2,1575.54,1654.0,"sS(s=10,S=90)",42,22,10.0,90.0
0.2587904360056259,4948.8,3,1452.04,1532.8,"sS(s=10,S=90)",42,23,10.0,90.0
0.13867047891350964,4047.7,1,1056.5,1083.2,"sS(s=10,S=90)",42,24,10.0,90.0
0.19726699369306236,4250.2,0,1173.42,1221.9,"sS(s=10,S=90)",42,25,10.0,90.0
0.23542600896860988,4221.1,4,1262.6399999999999,1272.8,"sS(s=10,S=90)",42,26,10.0,90.0
0.12414018997707173,4633.5,4,1444.1,1515.9,"sS(s=10,S=90)",42,27,10.0,90.0
0.21406371406371405,3763.7,0,1073.78,1137.8,"sS(s=10,S=90)",42,28,10.0,90.0
0.24302788844621515,3911.9,0,1261.4599999999998,1326.3,"sS(s=10,S=90)",42,29,10.0,90.0
0.2045616535994298,4064.5,0,1283.48,1351.9,"sS(s=10,S=90)",42,30,10.0,90.0
0.16604540833615725,4782.6,0,1326.92,1335.4,"sS(s=10,S=90)",42,31,10.0,90.0
0.25925925925925924,4255.6,0,1114.68,1131.0,"sS(s=10,S=90)",42,32,10.0,90.0
0.32671081677704195,4311.6,1,1649.8199999999997,1838.1,"sS(s=10,S=90)",42,33,10.0,90.0
0.26392623895505185,4058.9,1,1410.6399999999999,1507.9,"sS(s=10,S=90)",42,34,10.0,90.0
0.26581296080714006,3706.8,0,1035.6000000000001,1046.2,"sS(s=10,S=90)",42,35,10.0,90.0
0.11806736985369173,4664.7,1,1267.32,1329.0,"sS(s=10,S=90)",42,36,10.0,90.0
0.23941134242641782,4242.0,3,1172.92,1205.4,"sS(s=10,S=90)",42,37,10.0,90.0
0.27383437717466946,4588.8,0,1449.12,1553.2,"sS(s=10,S=90)",42,38,10.0,90.0
0.26202118989405054,3748.1,1,1288.24,1392.9,"sS(s=10,S=90)",42,39,10.0,90.0
0.27300613496932513,4029.1,3,1108.36,1118.0,"sS(s=10,S=90)",42,40,10.0,90.0
0.2024866785079929,4442.7,0,1145.74,1154.1,"sS(s=10,S=90)",42,41,10.0,90.0
0.2684586594079619,4878.9,1,1303.74,1311.0,"sS(s=10,S=90)",42,42,10.0,90.0
0.25639983746444533,4072.9,2,1101.8,1118.6,"sS(s=10,S=90)",42,43,10.0,90.0
0.1299474605954466,4046.1,0,1145.72,1185.9,"sS(s=10,S=90)",42,44,10.0,90.0
0.26413662239089186,4183.8,0,1118.98,1131.2,"sS(s=10,S=90)",42,45,10.0,90.0
0.22498343273691188,4856.2,0,1521.0,1614.5,"sS(s=10,S=90)",42,46,10.0,90.0
0.19024045261669023,4398.3,1,1305.6599999999999,1379.5,"sS(s=10,S=90)",42,47,10.0,90.0
0.2823529411764706,4101.2,0,1094.32,1125.1,"sS(s=10,S=90)",42,48,10.0,90.0
0.20626349892008639,4411.2,6,1185.48,1210.6,"sS(s=10,S=90)",42,49,10.0,90.0
0.2159392789373814,4338.2,5,1196.28,1201.6,"sS(s=10,S=95)",42,0,10.0,95.0
0.25555151073898796,3922.4,0,1123.06,1128.7,"sS(s=10,S=95)",42,1,10.0,95.0
0.14747826086956523,4504.2,1,1298.56,1366.0,"sS(s=10,S=95)",42,2,10.0,95.0
0.19474268789337282,4408.3,0,1240.22,1296.2,"sS(s=10,S=95)",42,3,10.0,95.0
0.23809523809523808,3913.0,1,1324.9199999999998,1422.0,"sS(s=10,S=95)",42,4,10.0,95.0
0.20372836218375498,4582.7,2,1288.86,1320.3,"sS(s=10,S=95)",42,5,10.0,95.0
0.3499222395023328,4027.4,2,1413.4799999999998,1465.6,"sS(s=10,S=95)",42,6,10.0,95.0
0.2163827473722363,4097.3,1,1285.28,1353.6,"sS(s=10,S=95)",42,7,10.0,95.0
0.2761521580102414,4283.2,1,1304.1599999999999,1375.8,"sS(s=10,S=95)",42,8,10.0,95.0
0.19524617996604415,4449.6,0,1252.3,1279.0,"sS(s=10,S=95)",42,9,10.0,95.0
0.22218234027279254,3985.3,3,1169.34,1181.6,"sS(s=10,S=95)",42,10,10.0,95.0
0.17057728119180632,3899.2,0,1249.92,1317.9,"sS(s=10,S=95)",42,11,10.0,95.0
0.24658014731673097,4272.2,0,1298.1799999999998,1311.6,"sS(s=10,S=95)",42,12,10.0,95.0
0.15649963689179375,4129.7,2,1046.74,1083.2,"sS(s=10,S=95)",42,13,10.0,95.0
0.2916666666666667,4172.6,3,1114.14,1120.5,"sS(s=10,S=95)",42,14,10.0,95.0
0.26282051282051283,4347.6,4,1267.74,1308.0,"sS(s=10,S=95)",42,15,10.0,95.0
0.2559790732436472,4203.1,2,1230.14,1241.4,"sS(s=10,S=95)",42,16,10.0,95.0
0.22077464788732395,4587.1,2,1300.06,1356.0,"sS(s=10,S=95)",42,17,10.0,95.0
0.23742816091954022,4264.5,1,1363.4799999999998,1457.6,"sS(s=10,S=95)",42,18,10.0,95.0
0.3268199233716475,3859.0,2,1226.74,1262.7,"sS(s=10,S=95)",42,19,10.0,95.0
0.2304939155332856,4193.6,1,1320.82,1408.0,"sS(s=10,S=95)",42,20,10.0,95.0
0.27074086719016727,4562.4,2,1248.18,1264.8,"sS(s=10,S=95)",42,21,10.0,95.0
0.24437400950871632,5149.8,1,1570.74,1649.0,"sS(s=10,S=95)",42,22,10.0,95.0
0.279887482419128,4918.3,3,1450.84,1528.8,"sS(s=10,S=95)",42,23,10.0,95.0
0.16333095067905648,4161.1,1,1063.28,1088.7,"sS(s=10,S=95)",42,24,10.0,95.0
0.16152768044849333,4205.9,0,1201.8200000000002,1223.4,"sS(s=10,S=95)",42,25,10.0,95.0
0.26121076233183854,4268.3,3,1252.0,1257.0,"sS(s=10,S=95)",42,26,10.0,95.0
0.17490992466426467,4680.3,3,1345.06,1409.1,"sS(s=10,S=95)",42,27,10.0,95.0
0.24242424242424243,3801.0,0,1055.86,1115.8,"sS(s=10,S=95)",42,28,10.0,95.0
0.18362911988409997,3876.3,0,1136.8400000000001,1189.9,"sS(s=10,S=95)",42,29,10.0,95.0
0.24162508909479685,4088.2,0,1287.86,1335.5,"sS(s=10,S=95)",42,30,10.0,95.0
0.1626567265333785,4827.8,0,1310.1200000000001,1311.9,"sS(s=10,S=95)",42,31,10.0,95.0
0.29914529914529914,4287.9,0,1119.58,1141.0,"sS(s=10,S=95)",42,32,10.0,95.0
0.34694628403237676,4364.8,1,1639.2199999999998,1820.1,"sS(s=10,S=95)",42,33,10.0,95.0
0.2896657702650788,4009.0,1,1391.48,1481.2,"sS(s=10,S=95)",42,34,10.0,95.0
0.306558013193636,3635.3,0,1033.0600000000002,1035.4,"sS(s=10,S=95)",42,35,10.0,95.0
0.13780197346036066,4625.5,1,1246.6599999999999,1307.8,"sS(s=10,S=95)",42,36,10.0,95.0
0.26776740847092606,4219.4,3,1183.32,1224.4,"sS(s=10,S=95)",42,37,10.0,95.0
0.29471120389700767,4539.8,0,1419.32,1509.2,"sS(s=10,S=95)",42,38,10.0,95.0
0.2925835370823146,3694.1,1,1281.6399999999999,1390.9,"sS(s=10,S=95)",42,39,10.0,95.0
0.2906441717791411,3955.8,3,1112.52,1126.2,"sS(s=10,S=95)",42,40,10.0,95.0
0.23801065719360567,4384.8,0,1222.5,1262.5,"sS(s=10,S=95)",42,41,10.0,95.0
0.2953385505273903,4738.4,1,1306.54,1321.0,"sS(s=10,S=95)",42,42,10.0,95.0
0.2848435595286469,4129.9,2,1100.3999999999999,1140.1,"sS(s=10,S=95)",42,43,10.0,95.0
0.13625218914185638,4143.9,0,1051.6599999999999,1067.8,"sS(s=10,S=95)",42,44,10.0,95.0
0.3316888045540797,4164.4,0,1188.92,1224.4,"sS(s=10,S=95)",42,45,10.0,95.0
0.2551358515573227,4814.7,0,1516.1999999999998,1606.0,"sS(s=10,S=95)",42,46,10.0,95.0
0.214992927864215,4431.8,1,1359.04,1443.5,"sS(s=10,S=95)",42,47,10.0,95.0
0.31058823529411766,4073.7,0,1098.82,1136.1,"sS(s=10,S=95)",42,48,10.0,95.0
0.2044636429085673,4433.2,7,1110.28,1111.6,"sS(s=10,S=95)",42,49,10.0,95.0
0.24250474383301707,4294.7,5,1182.62,1185.0,"sS(s=10,S=100)",42,0,10.0,100.0
0.2806698216235894,3890.9,0,1118.26,1122.2,"sS(s=10,S=100)",42,1,10.0,100.0
0.22156521739130436,4689.2,2,1313.78,1363.9,"sS(s=10,S=100)",42,2,10.0,100.0
0.22806368011847464,4368.3,0,1236.62,1287.2,"sS(s=10,S=100)",42,3,10.0,100.0
0.2653609831029186,3876.5,1,1318.74,1418.5,"sS(s=10,S=100)",42,4,10.0,100.0
0.23901464713715045,4649.5,2,1305.32,1341.3,"sS(s=10,S=100)",42,5,10.0,100.0
0.37169517884914466,4078.0,1,1435.4799999999998,1488.1,"sS(s=10,S=100)",42,6,10.0,100.0
0.23740485683218557,4122.4,1,1296.3799999999999,1366.1,"sS(s=10,S=100)",42,7,10.0,100.0
0.3013899049012436,4243.2,1,1283.1599999999999,1355.8,"sS(s=10,S=100)",42,8,10.0,100.0
0.1969439728353141,4374.0,0,1255.08,1289.0,"sS(s=10,S=100)",42,9,10.0,100.0
0.250897343862168,3901.8,2,1170.54,1184.1,"sS(s=10,S=100)",42,10,10.0,100.0
0.2074487895716946,3845.8,0,1238.3600000000001,1305.4,"sS(s=10,S=100)",42,11,10.0,100.0
0.2676253945983865,4224.2,0,1277.8799999999999,1284.1,"sS(s=10,S=100)",42,12,10.0,100.0
0.1466957153231663,4462.3,2,1237.1,1256.6,"sS(s=10,S=100)",42,13,10.0,100.0
0.32454128440366975,4114.4,2,1183.1799999999998,1264.6,"sS(s=10,S=100)",42,14,10.0,100.0
0.28952991452991456,4290.1,4,1244.84,1285.5,"sS(s=10,S=100)",42,15,10.0,100.0
0.28400597907324365,4060.6,2,1241.44,1260.9,"sS(s=10,S=100)",42,16,10.0,100.0
0.26267605633802815,4546.3,2,1268.62,1321.0,"sS(s=10,S=100)",42,17,10.0,100.0
0.21156609195402298,4482.4,1,1222.76,1281.0,"sS(s=10,S=100)",42,18,10.0,100.0
0.32873563218390806,3778.8,2,1211.44,1263.7,"sS(s=10,S=100)",42,19,10.0,100.0
0.17036506800286327,4289.0,1,1332.46,1389.0,"sS(s=10,S=100)",42,20,10.0,100.0
0.296346876066917,4532.9,2,1236.18,1249.3,"sS(s=10,S=100)",42,21,10.0,100.0
0.2618066561014263,5104.3,1,1565.94,1644.0,"sS(s=10,S=100)",42,22,10.0,100.0
0.3009845288326301,4887.8,3,1449.6399999999999,1524.8,"sS(s=10,S=100)",42,23,10.0,100.0
0.2237312365975697,4293.8,1,1070.32,1083.5,"sS(s=10,S=100)",42,24,10.0,100.0
0.18220042046250876,4153.1,0,1204.3200000000002,1231.9,"sS(s=10,S=100)",42,25,10.0,100.0
0.28176382660687593,4250.3,3,1256.0,1259.5,"sS(s=10,S=100)",42,26,10.0,100.0
0.19456272518833934,4531.8,3,1315.06,1372.1,"sS(s=10,S=100)",42,27,10.0,100.0
0.2544677544677545,3724.5,0,1048.3999999999999,1093.8,"sS(s=10,S=100)",42,28,10.0,100.0
0.2126041289387903,3896.3,0,1108.14,1152.4,"sS(s=10,S=100)",42,29,10.0,100.0
0.30327868852459017,4030.7,0,1284.56,1330.0,"sS(s=10,S=100)",42,30,10.0,100.0
0.17282277194171466,4663.2,0,1297.26,1313.0,"sS(s=10,S=100)",42,31,10.0,100.0
0.29451566951566954,4224.3,0,1117.06,1147.4,"sS(s=10,S=100)",42,32,10.0,100.0
0.3671817512877116,4328.3,1,1628.62,1802.1,"sS(s=10,S=100)",42,33,10.0,100.0
0.28236650019208603,4136.1,1,1298.08,1361.7,"sS(s=10,S=100)",42,34,10.0,100.0
0.34225844004656575,3597.0,0,1050.94,1054.2,"sS(s=10,S=100)",42,35,10.0,100.0
0.15991833957128274,4678.0,1,1300.04,1378.3,"sS(s=10,S=100)",42,36,10.0,100.0
0.29827709978463746,4199.4,3,1193.72,1243.4,"sS(s=10,S=100)",42,37,10.0,100.0
0.31315240083507306,4495.7,0,1395.96,1479.2,"sS(s=10,S=100)",42,38,10.0,100.0
0.3272208638956805,3648.1,1,1277.9199999999998,1392.5,"sS(s=10,S=100)",42,39,10.0,100.0
0.3270705521472393,3895.2,2,1118.1200000000001,1131.7,"sS(s=10,S=100)",42,40,10.0,100.0
0.24795737122557726,4323.3,0,1141.6,1161.1,"sS(s=10,S=100)",42,41,10.0,100.0
0.31235113984348417,4704.9,1,1307.54,1331.0,"sS(s=10,S=100)",42,42,10.0,100.0
0.2718407151564405,4174.4,2,1116.1999999999998,1161.6,"sS(s=10,S=100)",42,43,10.0,100.0
0.1733800350262697,4178.9,0,1102.1599999999999,1128.3,"sS(s=10,S=100)",42,44,10.0,100.0
0.2903225806451613,4182.7,0,1320.04,1385.8,"sS(s=10,S=100)",42,45,10.0,100.0
0.28164347249834326,4777.2,0,1510.5,1597.5,"sS(s=10,S=100)",42,46,10.0,100.0
0.23903818953323905,4388.7,1,1353.74,1431.5,"sS(s=10,S=100)",42,47,10.0,100.0
0.3352941176470588,4046.2,0,1103.32,1147.1,"sS(s=10,S=100)",42,48,10.0,100.0
0.2314614830813535,4483.2,7,1138.12,1149.0,"sS(s=10,S=100)",42,49,10.0,100.0
0.018975332068311195,4867.0,6,1217.8,1232.0,"sS(s=15,S=20)",42,0,15.0,20.0
0.018201674554058973,4941.0,0,1282.8,1298.0,"sS(s=15,S=20)",42,1,15.0,20.0
0.017391304347826087,5282.0,2,1498.0,1555.0,"sS(s=15,S=20)",42,2,15.0,20.0
0.018511662347278787,4929.0,0,1347.6,1378.0,"sS(s=15,S=20)",42,3,15.0,20.0
0.019201228878648235,4705.0,2,1332.8,1368.0,"sS(s=15,S=20)",42,4,15.0,20.0
0.016977363515312916,5496.1,5,1338.8799999999999,1353.1,"sS(s=15,S=20)",42,5,15.0,20.0
0.02177293934681182,4675.6,2,1270.0,1290.0,"sS(s=15,S=20)",42,6,15.0,20.0
0.01812250815512867,5060.0,1,1270.3999999999999,1302.0,"sS(s=15,S=20)",42,7,15.0,20.0
0.018288222384784197,5020.0,3,1515.8,1544.0,"sS(s=15,S=20)",42,8,15.0,20.0
0.01697792869269949,5377.0,0,1379.2,1386.0,"sS(s=15,S=20)",42,9,15.0,20.0
0.020459440057430008,5011.7,4,1240.2,1248.0,"sS(s=15,S=20)",42,10,15.0,20.0
0.0186219739292365,4857.0,0,1410.8,1452.0,"sS(s=15,S=20)",42,11,15.0,20.0
0.017537706068046298,5109.0,0,1551.2,1594.0,"sS(s=15,S=20)",42,12,15.0,20.0
0.01924473493100944,5097.3,3,1322.26,1338.0,"sS(s=15,S=20)",42,13,15.0,20.0
0.0191131498470948,4809.0,6,1287.6,1298.0,"sS(s=15,S=20)",42,14,15.0,20.0
0.017806267806267807,5088.0,3,1404.8,1409.0,"sS(s=15,S=20)",42,15,15.0,20.0
0.01868460388639761,4854.0,0,1419.0,1440.0,"sS(s=15,S=20)",42,16,15.0,20.0
0.017605633802816902,5227.0,3,1412.0,1453.0,"sS(s=15,S=20)",42,17,15.0,20.0
0.017959770114942528,5120.0,3,1369.3999999999999,1415.0,"sS(s=15,S=20)",42,18,15.0,20.0
0.021839080459770115,4649.7,3,1246.8,1288.0,"sS(s=15,S=20)",42,19,15.0,20.0
0.01789549033643522,5110.0,1,1468.6,1516.0,"sS(s=15,S=20)",42,20,15.0,20.0
0.035506998975759645,5350.4,5,1476.44,1490.0,"sS(s=15,S=20)",42,21,15.0,20.0
0.01584786053882726,5832.0,1,1623.8,1684.0,"sS(s=15,S=20)",42,22,15.0,20.0
0.02250351617440225,5320.4,2,1415.44,1430.0,"sS(s=15,S=20)",42,23,15.0,20.0
0.017869907076483203,5063.0,1,1306.4,1334.0,"sS(s=15,S=20)",42,24,15.0,20.0
0.01751927119831815,5155.0,0,1400.0,1442.0,"sS(s=15,S=20)",42,25,15.0,20.0
0.01868460388639761,4984.0,8,1319.6,1336.0,"sS(s=15,S=20)",42,26,15.0,20.0
0.02030789387487717,5666.2,4,1637.6,1644.0,"sS(s=15,S=20)",42,27,15.0,20.0
0.019425019425019424,4595.0,0,1323.6,1390.0,"sS(s=15,S=20)",42,28,15.0,20.0
0.018109380659181457,4889.0,0,1585.1999999999998,1728.0,"sS(s=15,S=20)",42,29,15.0,20.0
0.01781895937277263,5059.0,0,1290.8,1306.0,"sS(s=15,S=20)",42,30,15.0,20.0
0.016943409013893594,5429.0,0,1437.6,1468.0,"sS(s=15,S=20)",42,31,15.0,20.0
0.0316951566951567,5108.7,0,1252.4,1254.0,"sS(s=15,S=20)",42,32,15.0,20.0
0.02612214863870493,4938.0,2,1382.42,1406.0,"sS(s=15,S=20)",42,33,15.0,20.0
0.024971187091817133,4794.5,5,1454.0,1554.0,"sS(s=15,S=20)",42,34,15.0,20.0
0.019402405898331393,4641.0,0,1217.2,1250.0,"sS(s=15,S=20)",42,35,15.0,20.0
0.01701258931609391,5330.0,2,1429.6,1453.0,"sS(s=15,S=20)",42,36,15.0,20.0
0.02512562814070352,5101.0,3,1409.4,1429.0,"sS(s=15,S=20)",42,37,15.0,20.0
0.017397355601948505,5235.0,0,1516.8,1584.0,"sS(s=15,S=20)",42,38,15.0,20.0
0.027709861450692746,4509.8,3,1298.8799999999999,1313.6,"sS(s=15,S=20)",42,39,15.0,20.0
0.019938650306748466,4765.2,2,1340.8,1352.0,"sS(s=15,S=20)",42,40,15.0,20.0
0.017761989342806393,5077.0,0,1290.4,1318.0,"sS(s=15,S=20)",42,41,15.0,20.0
0.01701258931609391,5415.0,2,1550.0,1612.0,"sS(s=15,S=20)",42,42,15.0,20.0
0.021942299878098336,4498.4,1,1063.72,1066.4,"sS(s=15,S=20)",42,43,15.0,20.0
0.017513134851138354,5157.0,0,1278.0,1290.0,"sS(s=15,S=20)",42,44,15.0,20.0
0.018975332068311195,4757.0,0,1222.8,1244.0,"sS(s=15,S=20)",42,45,15.0,20.0
0.01656726308813784,5523.0,0,1632.8,1726.0,"sS(s=15,S=20)",42,46,15.0,20.0
0.01768033946251768,5258.0,1,1432.6,1452.0,"sS(s=15,S=20)",42,47,15.0,20.0
0.027058823529411764,4529.9,0,1126.6399999999999,1137.8,"sS(s=15,S=20)",42,48,15.0,20.0
0.017998560115190784,5248.0,9,1374.6,1379.0,"sS(s=15,S=20)",42,49,15.0,20.0
0.020113851992409868,4765.3,6,1185.46,1197.0,"sS(s=15,S=25)",42,0,15.0,25.0
0.02074990899162723,4833.7,0,1248.6,1263.0,"sS(s=15,S=25)",42,1,15.0,25.0
0.017391304347826087,5177.0,2,1479.0,1540.0,"sS(s=15,S=25)",42,2,15.0,25.0
0.018511662347278787,4834.0,0,1320.6,1353.0,"sS(s=15,S=25)",42,3,15.0,25.0
0.020353302611367127,4593.3,2,1299.8,1333.0,"sS(s=15,S=25)",42,4,15.0,25.0
0.02529960053262317,5397.6,5,1301.08,1306.6,"sS(s=15,S=25)",42,5,15.0,25.0
0.029937791601866253,4564.7,2,1235.42,1255.0,"sS(s=15,S=25)",42,6,15.0,25.0
0.01812250815512867,4965.0,1,1243.3999999999999,1277.0,"sS(s=15,S=25)",42,7,15.0,25.0
0.018288222384784197,4915.0,3,1476.8,1499.0,"sS(s=15,S=25)",42,8,15.0,25.0
0.019015280135823428,5278.6,0,1330.2,1331.0,"sS(s=15,S=25)",42,9,15.0,25.0
0.02763819095477387,4896.7,4,1207.8,1209.0,"sS(s=15,S=25)",42,10,15.0,25.0
0.0186219739292365,4752.0,0,1377.8,1417.0,"sS(s=15,S=25)",42,11,15.0,25.0
0.02279901788846019,5000.5,0,1530.2,1579.0,"sS(s=15,S=25)",42,12,15.0,25.0
0.021060275962236745,4997.8,3,1296.36,1313.0,"sS(s=15,S=25)",42,13,15.0,25.0
0.02217125382262997,4712.8,6,1260.04,1269.8,"sS(s=15,S=25)",42,14,15.0,25.0
0.017806267806267807,4963.0,3,1369.2,1373.0,"sS(s=15,S=25)",42,15,15.0,25.0
0.020179372197309416,4743.4,0,1398.4,1423.0,"sS(s=15,S=25)",42,16,15.0,25.0
0.017605633802816902,5122.0,3,1367.0,1408.0,"sS(s=15,S=25)",42,17,15.0,25.0
0.017959770114942528,5015.0,3,1348.3999999999999,1400.0,"sS(s=15,S=25)",42,18,15.0,25.0
0.027586206896551724,4534.2,3,1211.8,1253.0,"sS(s=15,S=25)",42,19,15.0,25.0
0.01789549033643522,5005.0,1,1447.6,1501.0,"sS(s=15,S=25)",42,20,15.0,25.0
0.04404233526800956,5227.9,5,1444.74,1455.0,"sS(s=15,S=25)",42,21,15.0,25.0
0.01584786053882726,5727.0,1,1604.8,1669.0,"sS(s=15,S=25)",42,22,15.0,25.0
0.03481012658227848,5274.9,2,1391.84,1408.0,"sS(s=15,S=25)",42,23,15.0,25.0
0.02108649035025018,4957.9,1,1265.0,1289.0,"sS(s=15,S=25)",42,24,15.0,25.0
0.020322354590049056,5048.8,0,1367.0,1407.0,"sS(s=15,S=25)",42,25,15.0,25.0
0.01868460388639761,4879.0,8,1284.6,1301.0,"sS(s=15,S=25)",42,26,15.0,25.0
0.026858827382902063,5566.2,4,1610.2,1613.0,"sS(s=15,S=25)",42,27,15.0,25.0
0.019425019425019424,4480.0,0,1280.6,1345.0,"sS(s=15,S=25)",42,28,15.0,25.0
0.018109380659181457,4754.0,0,1558.1999999999998,1703.0,"sS(s=15,S=25)",42,29,15.0,25.0
0.01781895937277263,4944.0,0,1255.8,1271.0,"sS(s=15,S=25)",42,30,15.0,25.0
0.016943409013893594,5334.0,0,1418.6,1453.0,"sS(s=15,S=25)",42,31,15.0,25.0
0.03774928774928775,5012.9,0,1209.34,1211.0,"sS(s=15,S=25)",42,32,15.0,25.0
0.03348050036791759,4825.0,2,1361.82,1381.0,"sS(s=15,S=25)",42,33,15.0,25.0
0.03073376872839032,4697.0,4,1424.0,1519.0,"sS(s=15,S=25)",42,34,15.0,25.0
0.020954598370197905,4540.4,0,1193.72,1229.4,"sS(s=15,S=25)",42,35,15.0,25.0
0.01701258931609391,5205.0,2,1402.6,1428.0,"sS(s=15,S=25)",42,36,15.0,25.0
0.03409906676238335,4993.5,3,1379.9,1404.0,"sS(s=15,S=25)",42,37,15.0,25.0
0.017397355601948505,5130.0,0,1473.8,1539.0,"sS(s=15,S=25)",42,38,15.0,25.0
0.03993480032599837,4407.8,2,1253.8799999999999,1266.1,"sS(s=15,S=25)",42,39,15.0,25.0
0.021855828220858894,4665.7,2,1303.8,1317.0,"sS(s=15,S=25)",42,40,15.0,25.0
0.020959147424511545,4971.9,0,1269.08,1302.1,"sS(s=15,S=25)",42,41,15.0,25.0
0.020074855392990813,5319.9,2,1507.0,1567.0,"sS(s=15,S=25)",42,42,15.0,25.0
0.023973994311255586,4408.9,1,1065.1200000000001,1071.9,"sS(s=15,S=25)",42,43,15.0,25.0
0.017513134851138354,5042.0,0,1250.2,1265.0,"sS(s=15,S=25)",42,44,15.0,25.0
0.018975332068311195,4652.0,0,1185.8,1209.0,"sS(s=15,S=25)",42,45,15.0,25.0
0.01656726308813784,5418.0,0,1611.8,1711.0,"sS(s=15,S=25)",42,46,15.0,25.0
0.01768033946251768,5173.0,1,1407.6,1427.0,"sS(s=15,S=25)",42,47,15.0,25.0
0.03882352941176471,4422.9,0,1108.24,1134.8,"sS(s=15,S=25)",42,48,15.0,25.0
0.017998560115190784,5143.0,9,1345.6,1354.0,"sS(s=15,S=25)",42,49,15.0,25.0
0.027703984819734344,4689.3,6,1158.26,1162.0,"sS(s=15,S=30)",42,0,15.0,30.0
0.024390243902439025,4742.7,0,1220.8,1228.0,"sS(s=15,S=30)",42,1,15.0,30.0
0.017391304347826087,5072.0,2,1460.0,1525.0,"sS(s=15,S=30)",42,2,15.0,30.0
0.018511662347278787,4739.0,0,1293.6,1328.0,"sS(s=15,S=30)",42,3,15.0,30.0
0.026113671274961597,4506.8,2,1266.8,1298.0,"sS(s=15,S=30)",42,4,15.0,30.0
0.03362183754993342,5270.1,4,1268.08,1269.1,"sS(s=15,S=30)",42,5,15.0,30.0
0.045489891135303266,4480.7,2,1215.3,1238.0,"sS(s=15,S=30)",42,6,15.0,30.0
0.01812250815512867,4870.0,1,1216.3999999999999,1252.0,"sS(s=15,S=30)",42,7,15.0,30.0
0.020848573518653987,4817.7,3,1437.0,1454.0,"sS(s=15,S=30)",42,8,15.0,30.0
0.024108658743633278,5199.1,0,1296.8,1302.0,"sS(s=15,S=30)",42,9,15.0,30.0
0.035175879396984924,4769.8,4,1198.8,1209.0,"sS(s=15,S=30)",42,10,15.0,30.0
0.0186219739292365,4647.0,0,1344.8,1382.0,"sS(s=15,S=30)",42,11,15.0,30.0
0.03858295334970186,4925.0,0,1517.2,1574.0,"sS(s=15,S=30)",42,12,15.0,30.0
0.02287581699346405,4898.3,3,1270.46,1288.0,"sS(s=15,S=30)",42,13,15.0,30.0
0.02790519877675841,4631.3,6,1236.6399999999999,1256.3,"sS(s=15,S=30)",42,14,15.0,30.0
0.017806267806267807,4838.0,3,1346.2,1358.0,"sS(s=15,S=30)",42,15,15.0,30.0
0.028026905829596414,4651.5,0,1397.08,1430.1,"sS(s=15,S=30)",42,16,15.0,30.0
0.019014084507042252,5021.4,3,1322.8799999999999,1363.0,"sS(s=15,S=30)",42,17,15.0,30.0
0.022988505747126436,4915.4,2,1314.92,1362.4,"sS(s=15,S=30)",42,18,15.0,30.0
0.03524904214559387,4411.2,3,1176.8,1218.0,"sS(s=15,S=30)",42,19,15.0,30.0
0.018611309949892626,4902.2,1,1427.3999999999999,1486.0,"sS(s=15,S=30)",42,20,15.0,30.0
0.05257767156025948,5095.4,4,1411.04,1420.0,"sS(s=15,S=30)",42,21,15.0,30.0
0.016164817749603804,5623.1,1,1592.2,1654.0,"sS(s=15,S=30)",42,22,15.0,30.0
0.047116736990154715,5203.4,2,1352.24,1368.0,"sS(s=15,S=30)",42,23,15.0,30.0
0.02466047176554682,4864.9,1,1228.4,1244.0,"sS(s=15,S=30)",42,24,15.0,30.0
0.0255781359495445,4957.3,0,1334.0,1372.0,"sS(s=15,S=30)",42,25,15.0,30.0
0.01868460388639761,4774.0,8,1249.6,1266.0,"sS(s=15,S=30)",42,26,15.0,30.0
0.033409760890926954,5458.2,4,1589.2,1598.0,"sS(s=15,S=30)",42,27,15.0,30.0
0.019425019425019424,4365.0,0,1237.6,1300.0,"sS(s=15,S=30)",42,28,15.0,30.0
0.0199203187250996,4624.5,0,1527.1999999999998,1673.0,"sS(s=15,S=30)",42,29,15.0,30.0
0.01781895937277263,4829.0,0,1220.8,1236.0,"sS(s=15,S=30)",42,30,15.0,30.0
0.016943409013893594,5239.0,0,1399.6,1438.0,"sS(s=15,S=30)",42,31,15.0,30.0
0.04665242165242165,4933.9,0,1168.04,1176.0,"sS(s=15,S=30)",42,32,15.0,30.0
0.04083885209713024,4712.0,2,1341.22,1356.0,"sS(s=15,S=30)",42,33,15.0,30.0
0.0364963503649635,4603.5,4,1394.0,1484.0,"sS(s=15,S=30)",42,34,15.0,30.0
0.027551416375630577,4454.1,0,1166.56,1197.9,"sS(s=15,S=30)",42,35,15.0,30.0
0.01701258931609391,5101.0,2,1375.6,1403.0,"sS(s=15,S=30)",42,36,15.0,30.0
0.049174443646805455,4917.7,3,1350.3999999999999,1379.0,"sS(s=15,S=30)",42,37,15.0,30.0
0.017397355601948505,5025.0,0,1430.8,1494.0,"sS(s=15,S=30)",42,38,15.0,30.0
0.05215973920130399,4315.8,2,1216.8799999999999,1228.6,"sS(s=15,S=30)",42,39,15.0,30.0
0.024539877300613498,4568.4,2,1267.24,1282.0,"sS(s=15,S=30)",42,40,15.0,30.0
0.034458259325044406,4924.7,0,1227.28,1246.6,"sS(s=15,S=30)",42,41,15.0,30.0
0.027560394692072134,5250.1,2,1474.56,1535.2,"sS(s=15,S=30)",42,42,15.0,30.0
0.02600568874441284,4319.4,1,1066.52,1077.4,"sS(s=15,S=30)",42,43,15.0,30.0
0.017513134851138354,4927.0,0,1223.2,1240.0,"sS(s=15,S=30)",42,44,15.0,30.0
0.027703984819734344,4582.3,0,1196.6399999999999,1237.3,"sS(s=15,S=30)",42,45,15.0,30.0
0.01656726308813784,5313.0,0,1590.8,1696.0,"sS(s=15,S=30)",42,46,15.0,30.0
0.020155586987270154,5095.7,1,1382.6,1402.0,"sS(s=15,S=30)",42,47,15.0,30.0
0.05529411764705883,4338.1,0,1104.06,1131.8,"sS(s=15,S=30)",42,48,15.0,30.0
0.017998560115190784,5038.0,9,1316.6,1329.0,"sS(s=15,S=30)",42,49,15.0,30.0
0.03529411764705882,4591.3,6,1126.66,1127.0,"sS(s=15,S=35)",42,0,15.0,35.0
0.028030578813250818,4633.7,0,1185.8,1193.0,"sS(s=15,S=35)",42,1,15.0,35.0
0.018782608695652174,4971.4,2,1437.8,1506.0,"sS(s=15,S=35)",42,2,15.0,35.0
0.018511662347278787,4644.0,0,1266.6,1303.0,"sS(s=15,S=35)",42,3,15.0,35.0
0.031874039938556066,4398.3,2,1233.8,1263.0,"sS(s=15,S=35)",42,4,15.0,35.0
0.041944074567243674,5152.6,4,1303.52,1319.0,"sS(s=15,S=35)",42,5,15.0,35.0
0.07076205287713841,4369.2,1,1216.5,1255.0,"sS(s=15,S=35)",42,6,15.0,35.0
0.020659659296846683,4782.7,1,1189.3999999999999,1227.0,"sS(s=15,S=35)",42,7,15.0,35.0
0.03182150694952451,4762.7,3,1400.4,1414.5,"sS(s=15,S=35)",42,8,15.0,35.0
0.03191850594227504,5109.4,0,1269.0,1277.0,"sS(s=15,S=35)",42,9,15.0,35.0
0.04953338119167265,4747.8,4,1189.8,1209.0,"sS(s=15,S=35)",42,10,15.0,35.0
0.02197392923649907,4551.9,0,1319.72,1356.9,"sS(s=15,S=35)",42,11,15.0,35.0
0.05857593826727464,4827.7,0,1458.04,1514.0,"sS(s=15,S=35)",42,12,15.0,35.0
0.024691358024691357,4780.9,3,1240.98,1263.0,"sS(s=15,S=35)",42,13,15.0,35.0
0.03784403669724771,4534.9,5,1214.4399999999998,1242.8,"sS(s=15,S=35)",42,14,15.0,35.0
0.019943019943019943,4719.6,3,1328.48,1349.6,"sS(s=15,S=35)",42,15,15.0,35.0
0.03998505231689088,4601.7,1,1433.62,1482.6,"sS(s=15,S=35)",42,16,15.0,35.0
0.02640845070422535,4955.5,3,1285.7,1318.0,"sS(s=15,S=35)",42,17,15.0,35.0
0.029813218390804596,4847.3,3,1288.72,1327.9,"sS(s=15,S=35)",42,18,15.0,35.0
0.05210727969348659,4329.6,3,1142.68,1183.0,"sS(s=15,S=35)",42,19,15.0,35.0
0.032569792412312094,4869.1,1,1433.6,1471.0,"sS(s=15,S=35)",42,20,15.0,35.0
0.06520996927278935,4986.1,4,1379.34,1385.0,"sS(s=15,S=35)",42,21,15.0,35.0
0.027258320126782885,5600.6,2,1580.2,1639.0,"sS(s=15,S=35)",42,22,15.0,35.0
0.060829817158931085,5140.3,2,1322.5600000000002,1340.4,"sS(s=15,S=35)",42,23,15.0,35.0
0.028234453180843458,4755.9,1,1185.4,1199.0,"sS(s=15,S=35)",42,24,15.0,35.0
0.030833917309039945,4848.8,0,1301.0,1337.0,"sS(s=15,S=35)",42,25,15.0,35.0
0.01868460388639761,4659.0,7,1206.6,1221.0,"sS(s=15,S=35)",42,26,15.0,35.0
0.03996069439895185,5354.6,4,1574.6,1591.0,"sS(s=15,S=35)",42,27,15.0,35.0
0.019425019425019424,4250.0,0,1194.6,1255.0,"sS(s=15,S=35)",42,28,15.0,35.0
0.02825063382832307,4514.8,0,1495.06,1638.0,"sS(s=15,S=35)",42,29,15.0,35.0
0.023877405559515324,4732.7,0,1179.98,1194.4,"sS(s=15,S=35)",42,30,15.0,35.0
0.01762114537444934,5146.2,0,1381.04,1423.0,"sS(s=15,S=35)",42,31,15.0,35.0
0.05911680911680912,4847.9,0,1139.14,1152.0,"sS(s=15,S=35)",42,32,15.0,35.0
0.056291390728476824,4623.2,2,1316.78,1320.2,"sS(s=15,S=35)",42,33,15.0,35.0
0.042258932001536686,4539.0,5,1364.0,1449.0,"sS(s=15,S=35)",42,34,15.0,35.0
0.037252619324796274,4379.6,0,1138.76,1161.4,"sS(s=15,S=35)",42,35,15.0,35.0
0.01701258931609391,5018.0,2,1348.6,1378.0,"sS(s=15,S=35)",42,36,15.0,35.0
0.06532663316582915,4826.0,3,1322.6599999999999,1354.0,"sS(s=15,S=35)",42,37,15.0,35.0
0.017397355601948505,4920.0,0,1387.8,1449.0,"sS(s=15,S=35)",42,38,15.0,35.0
0.06438467807660962,4205.8,2,1179.8799999999999,1191.1,"sS(s=15,S=35)",42,39,15.0,35.0
0.032208588957055216,4531.4,3,1239.14,1247.0,"sS(s=15,S=35)",42,40,15.0,35.0
0.055062166962699825,4882.5,0,1198.04,1220.1,"sS(s=15,S=35)",42,41,15.0,35.0
0.03980945899965975,5187.7,2,1453.58,1514.7,"sS(s=15,S=35)",42,42,15.0,35.0
0.03250711093051605,4258.0,1,1059.1200000000001,1071.9,"sS(s=15,S=35)",42,43,15.0,35.0
0.017513134851138354,4812.0,0,1196.2,1215.0,"sS(s=15,S=35)",42,44,15.0,35.0
0.04326375711574953,4502.4,0,1194.92,1241.4,"sS(s=15,S=35)",42,45,15.0,35.0
0.021206096752816435,5223.4,0,1571.34,1681.0,"sS(s=15,S=35)",42,46,15.0,35.0
0.025813295615275813,5041.3,1,1359.2,1379.0,"sS(s=15,S=35)",42,47,15.0,35.0
0.07490196078431373,4256.1,0,1100.26,1124.3,"sS(s=15,S=35)",42,48,15.0,35.0
0.017998560115190784,4933.0,9,1288.0,1304.0,"sS(s=15,S=35)",42,49,15.0,35.0
0.04971537001897533,4513.1,6,1098.4199999999998,1100.1,"sS(s=15,S=40)",42,0,15.0,40.0
0.03494721514379323,4534.6,0,1165.94,1176.0,"sS(s=15,S=40)",42,1,15.0,40.0
0.025043478260869566,4886.2,2,1412.56,1481.0,"sS(s=15,S=40)",42,2,15.0,40.0
0.018511662347278787,4549.0,0,1239.6,1278.0,"sS(s=15,S=40)",42,3,15.0,40.0
0.039938556067588324,4296.4,2,1206.08,1234.6,"sS(s=15,S=40)",42,4,15.0,40.0
0.05026631158455393,5077.3,4,1300.06,1310.0,"sS(s=15,S=40)",42,5,15.0,40.0
0.09603421461897356,4270.7,1,1188.3,1230.0,"sS(s=15,S=40)",42,6,15.0,40.0
0.02899601304820587,4736.0,1,1181.3999999999999,1228.0,"sS(s=15,S=40)",42,7,15.0,40.0
0.04754937820043892,4701.0,2,1380.76,1396.5,"sS(s=15,S=40)",42,8,15.0,40.0
0.04380305602716469,5044.9,0,1250.8,1252.0,"sS(s=15,S=40)",42,9,15.0,40.0
0.06389088298636038,4668.5,3,1180.8,1209.0,"sS(s=15,S=40)",42,10,15.0,40.0
0.027560521415270017,4463.4,0,1307.1200000000001,1347.4,"sS(s=15,S=40)",42,11,15.0,40.0
0.0796211855489302,4789.4,0,1429.9,1496.7,"sS(s=15,S=40)",42,12,15.0,40.0
0.029411764705882353,4685.7,3,1226.98,1254.0,"sS(s=15,S=40)",42,13,15.0,40.0
0.05542813455657492,4483.5,5,1198.36,1227.3,"sS(s=15,S=40)",42,14,15.0,40.0
0.023504273504273504,4605.6,3,1315.72,1347.4,"sS(s=15,S=40)",42,15,15.0,40.0
0.05493273542600897,4533.7,1,1426.7199999999998,1474.1,"sS(s=15,S=40)",42,16,15.0,40.0
0.02992957746478873,4869.5,3,1242.52,1273.0,"sS(s=15,S=40)",42,17,15.0,40.0
0.03879310344827586,4759.8,3,1266.92,1309.4,"sS(s=15,S=40)",42,18,15.0,40.0
0.06551724137931035,4228.1,3,1130.6,1168.0,"sS(s=15,S=40)",42,19,15.0,40.0
0.047244094488188976,4778.6,1,1416.6,1456.0,"sS(s=15,S=40)",42,20,15.0,40.0
0.0788665073403892,4895.1,4,1350.48,1354.0,"sS(s=15,S=40)",42,21,15.0,40.0
0.039619651347068144,5513.5,2,1568.2,1624.0,"sS(s=15,S=40)",42,22,15.0,40.0
0.06751054852320675,5095.2,2,1338.72,1368.0,"sS(s=15,S=40)",42,23,15.0,40.0
0.0318084345961401,4646.9,1,1142.4,1154.0,"sS(s=15,S=40)",42,24,15.0,40.0
0.036440084092501754,4741.4,0,1268.8799999999999,1303.1,"sS(s=15,S=40)",42,25,15.0,40.0
0.023542600896860985,4522.3,5,1187.04,1203.3,"sS(s=15,S=40)",42,26,15.0,40.0
0.046511627906976744,5274.6,3,1611.2,1648.0,"sS(s=15,S=40)",42,27,15.0,40.0
0.024475524475524476,4139.3,0,1153.52,1210.0,"sS(s=15,S=40)",42,28,15.0,40.0
0.0373053241579138,4434.3,0,1477.7599999999998,1618.0,"sS(s=15,S=40)",42,29,15.0,40.0
0.03278688524590164,4656.2,0,1138.5600000000002,1152.9,"sS(s=15,S=40)",42,30,15.0,40.0
0.02134869535750593,5063.3,0,1365.0,1408.0,"sS(s=15,S=40)",42,31,15.0,40.0
0.07158119658119658,4781.9,0,1126.24,1148.0,"sS(s=15,S=40)",42,32,15.0,40.0
0.076158940397351,4582.6,2,1354.2399999999998,1378.1,"sS(s=15,S=40)",42,33,15.0,40.0
0.0530157510564733,4439.8,3,1332.0,1414.0,"sS(s=15,S=40)",42,34,15.0,40.0
0.047729918509895226,4306.3,0,1113.3600000000001,1127.9,"sS(s=15,S=40)",42,35,15.0,40.0
0.01701258931609391,4935.0,2,1321.6,1353.0,"sS(s=15,S=40)",42,36,15.0,40.0
0.08147882268485283,4750.0,2,1298.06,1329.0,"sS(s=15,S=40)",42,37,15.0,40.0
0.022268615170494086,4830.4,0,1352.96,1416.0,"sS(s=15,S=40)",42,38,15.0,40.0
0.07660961695191525,4113.8,2,1142.8799999999999,1153.6,"sS(s=15,S=40)",42,39,15.0,40.0
0.04409509202453988,4428.5,3,1203.44,1212.0,"sS(s=15,S=40)",42,40,15.0,40.0
0.0763765541740675,4793.5,0,1162.54,1176.6,"sS(s=15,S=40)",42,41,15.0,40.0
0.05444028581150051,5145.8,2,1421.0,1473.5,"sS(s=15,S=40)",42,42,15.0,40.0
0.04185290532303942,4202.3,1,1059.72,1076.4,"sS(s=15,S=40)",42,43,15.0,40.0
0.01786339754816112,4698.1,0,1169.2,1190.0,"sS(s=15,S=40)",42,44,15.0,40.0
0.06793168880455408,4470.4,0,1177.52,1225.9,"sS(s=15,S=40)",42,45,15.0,40.0
0.027833001988071572,5186.4,0,1557.1399999999999,1666.0,"sS(s=15,S=40)",42,46,15.0,40.0
0.034653465346534656,4973.8,1,1350.2,1374.0,"sS(s=15,S=40)",42,47,15.0,40.0
0.0976470588235294,4187.1,0,1073.26,1087.8,"sS(s=15,S=40)",42,48,15.0,40.0
0.017998560115190784,4844.8,9,1263.0,1279.0,"sS(s=15,S=40)",42,49,15.0,40.0
0.07438330170777989,4504.6,6,1069.52,1075.0,"sS(s=15,S=45)",42,0,15.0,45.0
0.044048052420822714,4472.5,0,1194.42,1213.0,"sS(s=15,S=45)",42,1,15.0,45.0
0.032,4857.2,2,1419.56,1489.0,"sS(s=15,S=45)",42,2,15.0,45.0
0.019622362088115512,4457.3,0,1216.86,1259.0,"sS(s=15,S=45)",42,3,15.0,45.0
0.05337941628264209,4238.9,2,1207.28,1239.6,"sS(s=15,S=45)",42,4,15.0,45.0
0.05858854860186418,4957.3,3,1278.24,1285.3,"sS(s=15,S=45)",42,5,15.0,45.0
0.12013996889580093,4177.7,1,1168.2,1209.0,"sS(s=15,S=45)",42,6,15.0,45.0
0.04204421891989851,4680.6,1,1217.4799999999998,1270.6,"sS(s=15,S=45)",42,7,15.0,45.0
0.06583760058522312,4678.0,2,1415.6599999999999,1456.5,"sS(s=15,S=45)",42,8,15.0,45.0
0.05466893039049236,4953.4,0,1221.8,1227.0,"sS(s=15,S=45)",42,9,15.0,45.0
0.07824838478104809,4566.3,3,1174.82,1209.0,"sS(s=15,S=45)",42,10,15.0,45.0
0.0260707635009311,4379.0,0,1317.8,1367.0,"sS(s=15,S=45)",42,11,15.0,45.0
0.1038232199228341,4685.3,0,1382.3799999999999,1444.7,"sS(s=15,S=45)",42,12,15.0,45.0
0.036673928830791576,4610.2,2,1259.3799999999999,1303.0,"sS(s=15,S=45)",42,13,15.0,45.0
0.08065749235474007,4468.1,4,1183.54,1209.9,"sS(s=15,S=45)",42,14,15.0,45.0
0.02849002849002849,4496.0,3,1308.94,1352.4,"sS(s=15,S=45)",42,15,15.0,45.0
0.07137518684603886,4450.9,1,1414.2199999999998,1465.6,"sS(s=15,S=45)",42,16,15.0,45.0
0.045774647887323945,4845.0,3,1207.68,1228.0,"sS(s=15,S=45)",42,17,15.0,45.0
0.051364942528735635,4704.3,3,1246.66,1290.9,"sS(s=15,S=45)",42,18,15.0,45.0
0.08467432950191571,4189.1,3,1160.6,1203.0,"sS(s=15,S=45)",42,19,15.0,45.0
0.05619183965640658,4694.4,1,1394.56,1434.7,"sS(s=15,S=45)",42,20,15.0,45.0
0.0897917377944691,4866.3,4,1378.48,1405.0,"sS(s=15,S=45)",42,21,15.0,45.0
0.060538827258320126,5477.1,2,1556.2,1609.0,"sS(s=15,S=45)",42,22,15.0,45.0
0.08790436005625879,5029.0,2,1311.86,1341.3,"sS(s=15,S=45)",42,23,15.0,45.0
0.03538241601143674,4537.9,1,1099.4,1109.0,"sS(s=15,S=45)",42,24,15.0,45.0
0.046951646811492644,4682.4,0,1273.9599999999998,1313.6,"sS(s=15,S=45)",42,25,15.0,45.0
0.02914798206278027,4386.8,5,1186.24,1199.8,"sS(s=15,S=45)",42,26,15.0,45.0
0.05306256141500164,5173.6,3,1598.2,1643.0,"sS(s=15,S=45)",42,27,15.0,45.0
0.04312354312354312,4085.1,0,1126.74,1176.0,"sS(s=15,S=45)",42,28,15.0,45.0
0.05432814197754437,4336.0,0,1444.1,1578.0,"sS(s=15,S=45)",42,29,15.0,45.0
0.042765502494654314,4562.0,0,1099.42,1106.4,"sS(s=15,S=45)",42,30,15.0,45.0
0.029481531684174857,5017.7,0,1357.24,1393.0,"sS(s=15,S=45)",42,31,15.0,45.0
0.0787037037037037,4705.9,0,1103.4,1119.0,"sS(s=15,S=45)",42,32,15.0,45.0
0.1144223693892568,4557.0,1,1402.2399999999998,1453.1,"sS(s=15,S=45)",42,33,15.0,45.0
0.06454091432961967,4379.8,3,1302.0,1379.0,"sS(s=15,S=45)",42,34,15.0,45.0
0.06713232440822663,4183.3,0,1063.96,1064.4,"sS(s=15,S=45)",42,35,15.0,45.0
0.01701258931609391,4852.0,2,1294.6,1328.0,"sS(s=15,S=45)",42,36,15.0,45.0
0.09763101220387653,4657.0,2,1270.06,1304.0,"sS(s=15,S=45)",42,37,15.0,45.0
0.031315240083507306,4810.0,0,1367.52,1449.0,"sS(s=15,S=45)",42,38,15.0,45.0
0.08883455582722087,4021.8,2,1105.8799999999999,1116.1,"sS(s=15,S=45)",42,39,15.0,45.0
0.06096625766871166,4312.9,3,1182.8600000000001,1195.9,"sS(s=15,S=45)",42,40,15.0,45.0
0.09769094138543517,4711.5,0,1127.04,1133.1,"sS(s=15,S=45)",42,41,15.0,45.0
0.07145287512759442,5091.8,2,1385.0,1426.0,"sS(s=15,S=45)",42,42,15.0,45.0
0.056074766355140186,4162.8,1,1041.1200000000001,1056.9,"sS(s=15,S=45)",42,43,15.0,45.0
0.02136602451838879,4594.1,0,1142.2,1165.0,"sS(s=15,S=45)",42,44,15.0,45.0
0.08500948766603415,4390.4,0,1160.1200000000001,1210.4,"sS(s=15,S=45)",42,45,15.0,45.0
0.03777335984095427,5104.4,0,1539.54,1651.0,"sS(s=15,S=45)",42,46,15.0,45.0
0.04526166902404526,4935.8,1,1384.0,1422.5,"sS(s=15,S=45)",42,47,15.0,45.0
0.11764705882352941,4089.2,0,1070.26,1081.3,"sS(s=15,S=45)",42,48,15.0,45.0
0.024478041756659467,4749.6,8,1237.0,1254.0,"sS(s=15,S=45)",42,49,15.0,45.0
0.09943074003795066,4458.0,5,1091.16,1092.7,"sS(s=15,S=50)",42,0,15.0,50.0
0.056789224608664,4427.0,0,1179.82,1188.0,"sS(s=15,S=50)",42,1,15.0,50.0
0.036521739130434785,4768.5,2,1398.96,1465.0,"sS(s=15,S=50)",42,2,15.0,50.0
0.028878193261754906,4423.8,0,1270.9199999999998,1348.0,"sS(s=15,S=50)",42,3,15.0,50.0
0.06682027649769585,4177.4,2,1187.28,1210.6,"sS(s=15,S=50)",42,4,15.0,50.0
0.07023968042609853,4900.1,2,1296.6,1310.3,"sS(s=15,S=50)",42,5,15.0,50.0
0.14307931570762053,4144.0,1,1226.84,1277.3,"sS(s=15,S=50)",42,6,15.0,50.0
0.05472997462848858,4550.1,1,1164.6799999999998,1202.1,"sS(s=15,S=50)",42,7,15.0,50.0
0.08412582297000731,4598.0,2,1385.76,1427.5,"sS(s=15,S=50)",42,8,15.0,50.0
0.061460101867572156,4861.9,0,1199.4,1202.0,"sS(s=15,S=50)",42,9,15.0,50.0
0.0936826992103374,4475.3,3,1176.22,1209.0,"sS(s=15,S=50)",42,10,15.0,50.0
0.03165735567970205,4285.5,0,1296.14,1346.4,"sS(s=15,S=50)",42,11,15.0,50.0
0.12662223781129428,4554.8,0,1333.68,1388.2,"sS(s=15,S=50)",42,12,15.0,50.0
0.048293391430646336,4510.8,2,1249.1399999999999,1306.2,"sS(s=15,S=50)",42,13,15.0,50.0
0.14029051987767585,4464.6,4,1166.24,1202.4,"sS(s=15,S=50)",42,14,15.0,50.0
0.03418803418803419,4416.6,3,1336.62,1398.0,"sS(s=15,S=50)",42,15,15.0,50.0
0.08781763826606875,4387.1,1,1394.6799999999998,1448.3,"sS(s=15,S=50)",42,16,15.0,50.0
0.06338028169014084,4765.0,3,1174.38,1188.5,"sS(s=15,S=50)",42,17,15.0,50.0
0.06932471264367816,4706.3,3,1235.26,1274.4,"sS(s=15,S=50)",42,18,15.0,50.0
0.08275862068965517,4051.1,2,1067.0,1083.5,"sS(s=15,S=50)",42,19,15.0,50.0
0.05261274158911954,4649.7,1,1345.5,1377.7,"sS(s=15,S=50)",42,20,15.0,50.0
0.11539774667121884,4771.8,4,1357.12,1380.0,"sS(s=15,S=50)",42,21,15.0,50.0
0.08874801901743265,5444.0,2,1544.2,1594.0,"sS(s=15,S=50)",42,22,15.0,50.0
0.11919831223628692,5069.9,3,1339.54,1369.8,"sS(s=15,S=50)",42,23,15.0,50.0
0.04110078627591136,4435.5,1,1061.6799999999998,1070.6,"sS(s=15,S=50)",42,24,15.0,50.0
0.04660126138752628,4624.3,0,1252.26,1285.1,"sS(s=15,S=50)",42,25,15.0,50.0
0.044095665171898356,4295.8,4,1185.44,1196.3,"sS(s=15,S=50)",42,26,15.0,50.0
0.05961349492302653,5072.6,3,1585.2,1638.0,"sS(s=15,S=50)",42,27,15.0,50.0
0.05672105672105672,4114.6,0,1118.1399999999999,1172.5,"sS(s=15,S=50)",42,28,15.0,50.0
0.07750814922129663,4314.4,0,1414.3,1538.0,"sS(s=15,S=50)",42,29,15.0,50.0
0.0541696364932288,4509.2,0,1082.74,1088.2,"sS(s=15,S=50)",42,30,15.0,50.0
0.04303625889528973,4978.7,0,1354.24,1378.0,"sS(s=15,S=50)",42,31,15.0,50.0
0.0787037037037037,4647.9,0,1082.2,1090.0,"sS(s=15,S=50)",42,32,15.0,50.0
0.15194996320824136,4479.0,1,1409.6399999999999,1470.1,"sS(s=15,S=50)",42,33,15.0,50.0
0.09296965040338072,4355.2,3,1432.0,1544.0,"sS(s=15,S=50)",42,34,15.0,50.0
0.083430345362825,4103.8,0,1059.84,1069.2,"sS(s=15,S=50)",42,35,15.0,50.0
0.02824089826471589,4839.3,2,1317.24,1362.3,"sS(s=15,S=50)",42,36,15.0,50.0
0.12239770279971285,4468.7,2,1242.06,1279.0,"sS(s=15,S=50)",42,37,15.0,50.0
0.04314544189283229,4764.4,0,1342.8799999999999,1418.0,"sS(s=15,S=50)",42,38,15.0,50.0
0.10431947840260798,3941.9,2,1073.28,1081.9,"sS(s=15,S=50)",42,39,15.0,50.0
0.08588957055214724,4318.6,4,1163.96,1181.9,"sS(s=15,S=50)",42,40,15.0,50.0
0.09591474245115453,4709.0,0,1128.98,1136.4,"sS(s=15,S=50)",42,41,15.0,50.0
0.08846546444368833,5054.8,1,1322.72,1341.5,"sS(s=15,S=50)",42,42,15.0,50.0
0.07029662738724096,4086.3,1,1022.5200000000001,1037.4,"sS(s=15,S=50)",42,43,15.0,50.0
0.024868651488616462,4521.1,0,1115.2,1140.0,"sS(s=15,S=50)",42,44,15.0,50.0
0.10588235294117647,4329.5,0,1161.72,1212.9,"sS(s=15,S=50)",42,45,15.0,50.0
0.055666003976143144,5068.8,0,1528.1399999999999,1636.0,"sS(s=15,S=50)",42,46,15.0,50.0
0.06117397454031118,4880.3,1,1375.8,1418.5,"sS(s=15,S=50)",42,47,15.0,50.0
0.1411764705882353,4015.5,0,1067.26,1074.8,"sS(s=15,S=50)",42,48,15.0,50.0
0.035637149028077755,4691.9,8,1214.3600000000001,1239.2,"sS(s=15,S=50)",42,49,15.0,50.0
0.1222011385199241,4427.0,5,1143.56,1155.7,"sS(s=15,S=55)",42,0,15.0,55.0
0.06953039679650527,4372.5,0,1157.22,1163.0,"sS(s=15,S=55)",42,1,15.0,55.0
0.050782608695652175,4727.6,2,1404.04,1456.6,"sS(s=15,S=55)",42,2,15.0,55.0
0.029988893002591634,4337.1,0,1187.24,1209.2,"sS(s=15,S=55)",42,3,15.0,55.0
0.08525345622119816,4089.2,2,1160.5,1181.6,"sS(s=15,S=55)",42,4,15.0,55.0
0.08621837549933423,4852.9,2,1310.04,1335.3,"sS(s=15,S=55)",42,5,15.0,55.0
0.16640746500777606,4123.0,2,1211.6399999999999,1253.3,"sS(s=15,S=55)",42,6,15.0,55.0
0.07683943457774556,4449.2,1,1140.6799999999998,1169.6,"sS(s=15,S=55)",42,7,15.0,55.0
0.10241404535479151,4518.0,2,1355.86,1398.5,"sS(s=15,S=55)",42,8,15.0,55.0
0.06825127334465195,4770.4,0,1194.6,1199.0,"sS(s=15,S=55)",42,9,15.0,55.0
0.10804020100502512,4369.3,3,1176.54,1209.0,"sS(s=15,S=55)",42,10,15.0,55.0
0.04283054003724395,4208.5,0,1278.14,1332.4,"sS(s=15,S=55)",42,11,15.0,55.0
0.14942125569975448,4465.8,0,1283.3799999999999,1327.2,"sS(s=15,S=55)",42,12,15.0,55.0
0.06281771968046478,4491.3,2,1299.1399999999999,1372.2,"sS(s=15,S=55)",42,13,15.0,55.0
0.09441896024464831,4403.7,4,1153.8999999999999,1187.1,"sS(s=15,S=55)",42,14,15.0,55.0
0.047364672364672365,4393.3,3,1332.1599999999999,1393.0,"sS(s=15,S=55)",42,15,15.0,55.0
0.08819133034379671,4409.2,2,1398.76,1462.1,"sS(s=15,S=55)",42,16,15.0,55.0
0.09190140845070423,4744.1,2,1161.8999999999999,1164.6,"sS(s=15,S=55)",42,17,15.0,55.0
0.08728448275862069,4636.3,3,1222.66,1265.9,"sS(s=15,S=55)",42,18,15.0,55.0
0.10689655172413794,4021.9,3,1067.3200000000002,1081.4,"sS(s=15,S=55)",42,19,15.0,55.0
0.07050823192555476,4639.7,2,1331.04,1351.0,"sS(s=15,S=55)",42,20,15.0,55.0
0.12734721748036873,4665.5,4,1356.52,1380.9,"sS(s=15,S=55)",42,21,15.0,55.0
0.09381933438985737,5411.2,2,1532.2,1579.0,"sS(s=15,S=55)",42,22,15.0,55.0
0.15260196905766527,4978.4,3,1316.74,1346.3,"sS(s=15,S=55)",42,23,15.0,55.0
0.048248749106504646,4376.5,1,1063.48,1075.6,"sS(s=15,S=55)",42,24,15.0,55.0
0.0606166783461808,4538.3,0,1228.76,1256.6,"sS(s=15,S=55)",42,25,15.0,55.0
0.05829596412556054,4278.0,5,1184.6399999999999,1192.8,"sS(s=15,S=55)",42,26,15.0,55.0
0.06911234850966262,4981.5,3,1569.32,1624.9,"sS(s=15,S=55)",42,27,15.0,55.0
0.08391608391608392,3973.6,0,1084.3799999999999,1138.0,"sS(s=15,S=55)",42,28,15.0,55.0
0.10648315827598696,4298.4,0,1384.5,1498.0,"sS(s=15,S=55)",42,29,15.0,55.0
0.05274411974340699,4483.8,0,1060.58,1064.8,"sS(s=15,S=55)",42,30,15.0,55.0
0.0579464588275161,4943.1,0,1338.44,1363.0,"sS(s=15,S=55)",42,31,15.0,55.0
0.09366096866096867,4552.1,0,1061.0,1061.0,"sS(s=15,S=55)",42,32,15.0,55.0
0.1817512877115526,4406.5,1,1417.04,1487.1,"sS(s=15,S=55)",42,33,15.0,55.0
0.11563580484056857,4332.1,3,1425.92,1538.9,"sS(s=15,S=55)",42,34,15.0,55.0
0.09429569266589057,4038.6,0,1065.5,1076.2,"sS(s=15,S=55)",42,35,15.0,55.0
0.0421912215039129,4859.4,2,1344.6599999999999,1393.3,"sS(s=15,S=55)",42,36,15.0,55.0
0.14752333094041636,4370.7,2,1214.06,1254.0,"sS(s=15,S=55)",42,37,15.0,55.0
0.06332637439109255,4695.2,0,1328.76,1405.2,"sS(s=15,S=55)",42,38,15.0,55.0
0.12184189079054605,3945.7,1,1082.14,1088.9,"sS(s=15,S=55)",42,39,15.0,55.0
0.11503067484662577,4196.2,4,1147.48,1167.9,"sS(s=15,S=55)",42,40,15.0,55.0
0.12433392539964476,4632.0,0,1098.68,1099.4,"sS(s=15,S=55)",42,41,15.0,55.0
0.10581830554610412,5004.9,1,1293.8,1307.0,"sS(s=15,S=55)",42,42,15.0,55.0
0.08858187728565624,4029.2,1,1007.9399999999999,1017.9,"sS(s=15,S=55)",42,43,15.0,55.0
0.028371278458844133,4422.1,0,1089.02,1115.0,"sS(s=15,S=55)",42,44,15.0,55.0
0.1267552182163188,4337.5,0,1217.72,1280.4,"sS(s=15,S=55)",42,45,15.0,55.0
0.07554671968190854,5025.8,0,1512.1999999999998,1621.0,"sS(s=15,S=55)",42,46,15.0,55.0
0.07567185289957568,4859.4,1,1391.6,1444.5,"sS(s=15,S=55)",42,47,15.0,55.0
0.16470588235294117,4008.5,0,1064.26,1068.3,"sS(s=15,S=55)",42,48,15.0,55.0
0.0482361411087113,4636.4,8,1211.58,1239.7,"sS(s=15,S=55)",42,49,15.0,55.0
0.14724857685009488,4419.2,5,1122.3600000000001,1126.7,"sS(s=15,S=60)",42,0,15.0,60.0
0.08409173643975246,4296.0,0,1140.62,1145.5,"sS(s=15,S=60)",42,1,15.0,60.0
0.07165217391304347,4668.6,2,1408.98,1463.4,"sS(s=15,S=60)",42,2,15.0,60.0
0.04850055534987042,4287.1,0,1171.24,1195.2,"sS(s=15,S=60)",42,3,15.0,60.0
0.12096774193548387,4174.3,2,1242.64,1273.9,"sS(s=15,S=60)",42,4,15.0,60.0
0.0955392809587217,4815.9,2,1317.24,1344.3,"sS(s=15,S=60)",42,5,15.0,60.0
0.18973561430793157,4080.0,2,1166.84,1192.3,"sS(s=15,S=60)",42,6,15.0,60.0
0.09097499093874592,4393.1,1,1144.6799999999998,1172.1,"sS(s=15,S=60)",42,7,15.0,60.0
0.11777615215801024,4448.1,1,1326.3799999999999,1369.5,"sS(s=15,S=60)",42,8,15.0,60.0
0.07945670628183361,4754.8,0,1206.6,1209.0,"sS(s=15,S=60)",42,9,15.0,60.0
0.1349605168700646,4439.9,3,1191.34,1209.0,"sS(s=15,S=60)",42,10,15.0,60.0
0.055865921787709494,4212.0,0,1277.14,1349.4,"sS(s=15,S=60)",42,11,15.0,60.0
0.1634514205541915,4420.6,0,1291.8799999999999,1351.6,"sS(s=15,S=60)",42,12,15.0,60.0
0.07734204793028322,4469.8,2,1269.94,1320.2,"sS(s=15,S=60)",42,13,15.0,60.0
0.172782874617737,4471.7,4,1159.48,1184.1,"sS(s=15,S=60)",42,14,15.0,60.0
0.06517094017094018,4341.3,3,1329.36,1388.0,"sS(s=15,S=60)",42,15,15.0,60.0
0.11995515695067265,4342.5,1,1353.7199999999998,1425.8,"sS(s=15,S=60)",42,16,15.0,60.0
0.12183098591549296,4766.6,2,1194.1999999999998,1207.1,"sS(s=15,S=60)",42,17,15.0,60.0
0.08908045977011494,4606.8,3,1237.4199999999998,1291.6,"sS(s=15,S=60)",42,18,15.0,60.0
0.12567049808429118,4147.3,3,1202.6,1248.0,"sS(s=15,S=60)",42,19,15.0,60.0
0.08947745168217609,4601.4,2,1384.1399999999999,1422.0,"sS(s=15,S=60)",42,20,15.0,60.0
0.14612495732331854,4625.5,4,1328.08,1330.0,"sS(s=15,S=60)",42,21,15.0,60.0
0.12297939778129953,5286.5,1,1530.1399999999999,1578.0,"sS(s=15,S=60)",42,22,15.0,60.0
0.1828410689170183,4938.3,3,1316.34,1350.8,"sS(s=15,S=60)",42,23,15.0,60.0
0.05539671193709793,4274.5,1,1034.28,1036.6,"sS(s=15,S=60)",42,24,15.0,60.0
0.10371408549404344,4499.6,0,1201.3,1228.1,"sS(s=15,S=60)",42,25,15.0,60.0
0.08819133034379671,4245.9,6,1180.8,1185.5,"sS(s=15,S=60)",42,26,15.0,60.0
0.07893874877169997,4938.3,3,1535.1200000000001,1567.9,"sS(s=15,S=60)",42,27,15.0,60.0
0.11305361305361306,3891.1,0,1065.04,1114.5,"sS(s=15,S=60)",42,28,15.0,60.0
0.13147410358565736,4212.0,0,1351.82,1454.4,"sS(s=15,S=60)",42,29,15.0,60.0
0.06878118317890235,4393.3,0,1028.48,1031.8,"sS(s=15,S=60)",42,30,15.0,60.0
0.07827854964418841,4879.1,0,1325.0,1348.0,"sS(s=15,S=60)",42,31,15.0,60.0
0.10968660968660969,4420.6,0,1063.2,1071.0,"sS(s=15,S=60)",42,32,15.0,60.0
0.21118469462840322,4389.8,0,1445.7399999999998,1534.1,"sS(s=15,S=60)",42,33,15.0,60.0
0.1386861313868613,4303.1,2,1453.52,1575.9,"sS(s=15,S=60)",42,34,15.0,60.0
0.1113698098564222,3960.3,0,1058.66,1076.2,"sS(s=15,S=60)",42,35,15.0,60.0
0.06022456617897244,4812.7,2,1335.9199999999998,1387.0,"sS(s=15,S=60)",42,36,15.0,60.0
0.16762383345297918,4280.4,2,1195.02,1229.0,"sS(s=15,S=60)",42,37,15.0,60.0
0.09464161447459986,4729.2,0,1389.76,1477.2,"sS(s=15,S=60)",42,38,15.0,60.0
0.14832925835370822,3931.7,1,1079.86,1085.1,"sS(s=15,S=60)",42,39,15.0,60.0
0.14762269938650308,4160.7,4,1138.78,1153.9,"sS(s=15,S=60)",42,40,15.0,60.0
0.1502664298401421,4561.8,0,1086.48,1090.3,"sS(s=15,S=60)",42,41,15.0,60.0
0.12112963593058863,4996.4,1,1349.4,1374.0,"sS(s=15,S=60)",42,42,15.0,60.0
0.10808614384396587,4028.3,1,996.64,998.4,"sS(s=15,S=60)",42,43,15.0,60.0
0.04133099824868652,4354.8,0,1165.0,1210.0,"sS(s=15,S=60)",42,44,15.0,60.0
0.152561669829222,4285.2,0,1212.92,1271.9,"sS(s=15,S=60)",42,45,15.0,60.0
0.10337972166998012,5009.2,0,1502.1999999999998,1606.0,"sS(s=15,S=60)",42,46,15.0,60.0
0.09512022630834512,4841.9,1,1377.8,1433.5,"sS(s=15,S=60)",42,47,15.0,60.0
0.18823529411764706,3941.5,0,1065.82,1067.5,"sS(s=15,S=60)",42,48,15.0,60.0
0.07163426925845932,4544.9,8,1261.78,1312.2,"sS(s=15,S=60)",42,49,15.0,60.0
0.17571157495256168,4365.2,5,1114.34,1115.0,"sS(s=15,S=65)",42,0,15.0,65.0
0.08918820531488897,4139.9,0,1089.98,1108.1,"sS(s=15,S=65)",42,1,15.0,65.0
0.09078260869565218,4671.9,1,1467.6399999999999,1531.0,"sS(s=15,S=65)",42,2,15.0,65.0
0.06886338393187708,4417.6,0,1202.24,1225.7,"sS(s=15,S=65)",42,3,15.0,65.0
0.15360983102918588,4100.8,2,1225.34,1255.4,"sS(s=15,S=65)",42,4,15.0,65.0
0.11384820239680427,4755.4,2,1311.6399999999999,1337.3,"sS(s=15,S=65)",42,5,15.0,65.0
0.22317262830482115,4016.6,2,1177.48,1200.6,"sS(s=15,S=65)",42,6,15.0,65.0
0.11634650235592606,4364.1,1,1231.8799999999999,1278.6,"sS(s=15,S=65)",42,7,15.0,65.0
0.12143379663496708,4499.6,2,1320.14,1353.7,"sS(s=15,S=65)",42,8,15.0,65.0
0.09134125636672326,4731.8,0,1218.8,1219.0,"sS(s=15,S=65)",42,9,15.0,65.0
0.15649676956209618,4348.0,3,1191.78,1206.3,"sS(s=15,S=65)",42,10,15.0,65.0
0.06890130353817504,4130.5,0,1252.14,1325.4,"sS(s=15,S=65)",42,11,15.0,65.0
0.1795861101367941,4358.6,0,1261.58,1307.6,"sS(s=15,S=65)",42,12,15.0,65.0
0.09186637618010167,4405.3,2,1257.94,1311.2,"sS(s=15,S=65)",42,13,15.0,65.0
0.20718654434250763,4354.7,3,1152.1799999999998,1181.1,"sS(s=15,S=65)",42,14,15.0,65.0
0.08511396011396011,4252.9,3,1318.84,1384.1,"sS(s=15,S=65)",42,15,15.0,65.0
0.13228699551569506,4303.5,1,1351.9599999999998,1431.6,"sS(s=15,S=65)",42,16,15.0,65.0
0.15211267605633802,4701.2,2,1163.3999999999999,1174.1,"sS(s=15,S=65)",42,17,15.0,65.0
0.07435344827586207,4464.7,3,1233.4,1291.9,"sS(s=15,S=65)",42,18,15.0,65.0
0.14942528735632185,4061.0,3,1093.4,1109.0,"sS(s=15,S=65)",42,19,15.0,65.0
0.09234073013600573,4510.3,1,1366.4,1392.0,"sS(s=15,S=65)",42,20,15.0,65.0
0.1399795151928986,4577.1,4,1309.1000000000001,1309.4,"sS(s=15,S=65)",42,21,15.0,65.0
0.14896988906497624,5290.6,1,1599.54,1679.0,"sS(s=15,S=65)",42,22,15.0,65.0
0.2092123769338959,4935.8,3,1375.1399999999999,1429.3,"sS(s=15,S=65)",42,23,15.0,65.0
0.06397426733380987,4185.9,1,1027.52,1035.0,"sS(s=15,S=65)",42,24,15.0,65.0
0.12263489838822705,4479.4,0,1183.6,1199.6,"sS(s=15,S=65)",42,25,15.0,65.0
0.0930493273542601,4191.0,6,1196.0,1202.0,"sS(s=15,S=65)",42,26,15.0,65.0
0.0887651490337373,4853.3,2,1504.92,1538.9,"sS(s=15,S=65)",42,27,15.0,65.0
0.14219114219114218,3811.9,0,1048.1399999999999,1091.0,"sS(s=15,S=65)",42,28,15.0,65.0
0.14197754436798263,4114.7,0,1314.82,1405.4,"sS(s=15,S=65)",42,29,15.0,65.0
0.08695652173913043,4309.4,0,1000.56,1001.0,"sS(s=15,S=65)",42,30,15.0,65.0
0.08471704506946798,4858.0,0,1313.4,1331.0,"sS(s=15,S=65)",42,31,15.0,65.0
0.1274928774928775,4352.6,0,1067.16,1081.0,"sS(s=15,S=65)",42,32,15.0,65.0
0.23841059602649006,4429.8,1,1531.6399999999999,1661.1,"sS(s=15,S=65)",42,33,15.0,65.0
0.14406454091432963,4298.7,2,1445.24,1564.9,"sS(s=15,S=65)",42,34,15.0,65.0
0.14318975552968569,4004.7,0,1001.9599999999999,1020.4,"sS(s=15,S=65)",42,35,15.0,65.0
0.07995916978564137,4820.5,2,1330.22,1384.5,"sS(s=15,S=65)",42,36,15.0,65.0
0.17839195979899497,4294.5,2,1198.96,1201.3,"sS(s=15,S=65)",42,37,15.0,65.0
0.12595685455810718,4726.6,0,1431.96,1534.2,"sS(s=15,S=65)",42,38,15.0,65.0
0.17766911165444174,3874.3,1,1057.4199999999998,1063.1,"sS(s=15,S=65)",42,39,15.0,65.0
0.17446319018404907,4081.2,4,1125.52,1139.9,"sS(s=15,S=65)",42,40,15.0,65.0
0.1566607460035524,4491.6,0,1148.4399999999998,1165.1,"sS(s=15,S=65)",42,41,15.0,65.0
0.14698877169105137,4951.0,1,1325.4,1341.5,"sS(s=15,S=65)",42,42,15.0,65.0
0.1243396993092239,3995.8,1,1003.26,1011.1,"sS(s=15,S=65)",42,43,15.0,65.0
0.05499124343257443,4201.7,0,1152.2,1194.0,"sS(s=15,S=65)",42,44,15.0,65.0
0.1650853889943074,4315.6,0,1208.1200000000001,1263.4,"sS(s=15,S=65)",42,45,15.0,65.0
0.12491716368455931,4955.6,0,1485.0,1582.0,"sS(s=15,S=65)",42,46,15.0,65.0
0.11987270155586988,4846.9,1,1392.0,1457.5,"sS(s=15,S=65)",42,47,15.0,65.0
0.21176470588235294,3922.0,0,1070.42,1070.5,"sS(s=15,S=65)",42,48,15.0,65.0
0.0939524838012959,4509.4,8,1284.24,1350.7,"sS(s=15,S=65)",42,49,15.0,65.0
0.19772296015180266,4317.6,5,1119.54,1125.0,"sS(s=15,S=70)",42,0,15.0,70.0
0.10921004732435384,4051.9,0,1077.98,1095.1,"sS(s=15,S=70)",42,1,15.0,70.0
0.08556521739130435,4466.9,1,1387.3799999999999,1463.0,"sS(s=15,S=70)",42,2,15.0,70.0
0.09181784524250278,4365.8,0,1186.24,1212.2,"sS(s=15,S=70)",42,3,15.0,70.0
0.18625192012288785,4027.3,2,1208.04,1236.9,"sS(s=15,S=70)",42,4,15.0,70.0
0.12217043941411451,4716.6,2,1264.1,1276.3,"sS(s=15,S=70)",42,5,15.0,70.0
0.2581648522550544,4061.1,2,1191.48,1213.1,"sS(s=15,S=70)",42,6,15.0,70.0
0.14244291409931134,4302.1,1,1243.8799999999999,1291.1,"sS(s=15,S=70)",42,7,15.0,70.0
0.14520848573518655,4491.6,2,1339.14,1384.2,"sS(s=15,S=70)",42,8,15.0,70.0
0.10424448217317488,4662.1,0,1222.26,1229.0,"sS(s=15,S=70)",42,9,15.0,70.0
0.17516152189519024,4229.6,3,1185.42,1197.3,"sS(s=15,S=70)",42,10,15.0,70.0
0.08268156424581005,4057.2,0,1229.14,1301.4,"sS(s=15,S=70)",42,11,15.0,70.0
0.18133988074359875,4415.1,0,1231.28,1263.6,"sS(s=15,S=70)",42,12,15.0,70.0
0.10639070442992012,4347.4,2,1245.94,1302.2,"sS(s=15,S=70)",42,13,15.0,70.0
0.23394495412844038,4302.7,3,1146.8799999999999,1178.1,"sS(s=15,S=70)",42,14,15.0,70.0
0.10648148148148148,4166.1,2,1310.84,1384.6,"sS(s=15,S=70)",42,15,15.0,70.0
0.15657698056801195,4237.0,1,1338.7599999999998,1423.1,"sS(s=15,S=70)",42,16,15.0,70.0
0.17394366197183098,4651.6,2,1135.3,1141.1,"sS(s=15,S=70)",42,17,15.0,70.0
0.0966235632183908,4445.9,1,1235.6000000000001,1288.4,"sS(s=15,S=70)",42,18,15.0,70.0
0.19157088122605365,4055.5,3,1182.6,1218.0,"sS(s=15,S=70)",42,19,15.0,70.0
0.10987831066571224,4437.7,1,1342.92,1366.4,"sS(s=15,S=70)",42,20,15.0,70.0
0.16729259132809832,4486.1,3,1293.4,1295.4,"sS(s=15,S=70)",42,21,15.0,70.0
0.16671949286846277,5280.2,2,1594.74,1674.0,"sS(s=15,S=70)",42,22,15.0,70.0
0.23277074542897327,4887.3,3,1360.34,1415.8,"sS(s=15,S=70)",42,23,15.0,70.0
0.05539671193709793,4142.5,1,1027.72,1045.0,"sS(s=15,S=70)",42,24,15.0,70.0
0.13840224246671337,4416.1,0,1155.56,1171.1,"sS(s=15,S=70)",42,25,15.0,70.0
0.13415545590433484,4266.5,6,1240.0,1254.5,"sS(s=15,S=70)",42,26,15.0,70.0
0.08679986898132984,4811.9,3,1506.52,1551.9,"sS(s=15,S=70)",42,27,15.0,70.0
0.16822066822066822,3780.6,0,1104.04,1158.5,"sS(s=15,S=70)",42,28,15.0,70.0
0.16588192683810213,4030.6,0,1292.22,1374.4,"sS(s=15,S=70)",42,29,15.0,70.0
0.10940841054882394,4293.7,0,997.44,1001.0,"sS(s=15,S=70)",42,30,15.0,70.0
0.10843781768891901,4805.5,0,1295.4,1306.0,"sS(s=15,S=70)",42,31,15.0,70.0
0.1517094017094017,4352.7,0,1082.06,1091.0,"sS(s=15,S=70)",42,32,15.0,70.0
0.2608535688005887,4371.8,1,1546.5399999999997,1688.1,"sS(s=15,S=70)",42,33,15.0,70.0
0.12524010756819054,4236.6,3,1235.44,1299.9,"sS(s=15,S=70)",42,34,15.0,70.0
0.14707023670935196,3921.2,0,1018.26,1022.9,"sS(s=15,S=70)",42,35,15.0,70.0
0.09765226267437904,4841.0,1,1312.1,1360.3,"sS(s=15,S=70)",42,36,15.0,70.0
0.19095477386934673,4267.5,2,1204.74,1214.1,"sS(s=15,S=70)",42,37,15.0,70.0
0.1590118302018093,4714.1,0,1506.36,1627.2,"sS(s=15,S=70)",42,38,15.0,70.0
0.20823145884270577,3873.3,1,1039.4199999999998,1041.1,"sS(s=15,S=70)",42,39,15.0,70.0
0.20820552147239263,4013.0,3,1140.3200000000002,1155.9,"sS(s=15,S=70)",42,40,15.0,70.0
0.17513321492007106,4431.9,0,1134.38,1149.9,"sS(s=15,S=70)",42,41,15.0,70.0
0.18033344675059543,4964.8,1,1301.4,1309.0,"sS(s=15,S=70)",42,42,15.0,70.0
0.14262494920763918,4084.5,2,1052.76,1057.8,"sS(s=15,S=70)",42,43,15.0,70.0
0.07600700525394045,4171.7,0,1163.3999999999999,1208.0,"sS(s=15,S=70)",42,44,15.0,70.0
0.19924098671726756,4251.9,0,1197.56,1247.7,"sS(s=15,S=70)",42,45,15.0,70.0
0.10437375745526839,4797.6,0,1428.1999999999998,1508.5,"sS(s=15,S=70)",42,46,15.0,70.0
0.14674681753889673,4784.9,1,1358.0,1423.5,"sS(s=15,S=70)",42,47,15.0,70.0
0.2223529411764706,3906.8,0,1079.58,1081.1,"sS(s=15,S=70)",42,48,15.0,70.0
0.11375089992800576,4359.4,7,1267.04,1341.2,"sS(s=15,S=70)",42,49,15.0,70.0
0.17571157495256168,4320.3,5,1100.74,1135.0,"sS(s=15,S=75)",42,0,15.0,75.0
0.13396432471787403,3919.2,0,1057.3799999999999,1082.1,"sS(s=15,S=75)",42,1,15.0,75.0
0.10260869565217391,4414.3,1,1370.62,1449.0,"sS(s=15,S=75)",42,2,15.0,75.0
0.11810440577563865,4377.9,0,1178.04,1198.7,"sS(s=15,S=75)",42,3,15.0,75.0
0.21889400921658986,4031.5,2,1319.54,1379.4,"sS(s=15,S=75)",42,4,15.0,75.0
0.131491344873502,4683.7,2,1267.5,1275.3,"sS(s=15,S=75)",42,5,15.0,75.0
0.2931570762052877,3934.1,2,1205.48,1225.6,"sS(s=15,S=75)",42,6,15.0,75.0
0.15222906850308082,4215.8,1,1135.8799999999999,1153.6,"sS(s=15,S=75)",42,7,15.0,75.0
0.16934893928310168,4442.7,2,1309.24,1353.8,"sS(s=15,S=75)",42,8,15.0,75.0
0.12325976230899831,4649.2,0,1227.66,1239.0,"sS(s=15,S=75)",42,9,15.0,75.0
0.19669777458722182,4178.2,3,1155.02,1159.7,"sS(s=15,S=75)",42,10,15.0,75.0
0.10502793296089385,4089.2,0,1247.52,1297.4,"sS(s=15,S=75)",42,11,15.0,75.0
0.1971238162048404,4354.6,0,1200.98,1219.6,"sS(s=15,S=75)",42,12,15.0,75.0
0.10130718954248366,4279.0,2,1123.54,1155.2,"sS(s=15,S=75)",42,13,15.0,75.0
0.2045107033639144,4304.6,4,1148.54,1152.5,"sS(s=15,S=75)",42,14,15.0,75.0
0.11217948717948718,4090.7,2,1299.8799999999999,1381.5,"sS(s=15,S=75)",42,15,15.0,75.0
0.18086696562032886,4179.0,1,1323.9599999999998,1410.1,"sS(s=15,S=75)",42,16,15.0,75.0
0.17640845070422534,4661.6,2,1102.6999999999998,1108.1,"sS(s=15,S=75)",42,17,15.0,75.0
0.11997126436781609,4432.4,1,1202.36,1252.6,"sS(s=15,S=75)",42,18,15.0,75.0
0.23256704980842913,3988.0,3,1172.6,1203.0,"sS(s=15,S=75)",42,19,15.0,75.0
0.13385826771653545,4371.9,0,1375.46,1408.9,"sS(s=15,S=75)",42,20,15.0,75.0
0.19460566746329805,4456.1,3,1320.5,1332.4,"sS(s=15,S=75)",42,21,15.0,75.0
0.1889064976228209,5222.2,1,1589.94,1669.0,"sS(s=15,S=75)",42,22,15.0,75.0
0.25562587904360057,4836.1,3,1345.54,1402.3,"sS(s=15,S=75)",42,23,15.0,75.0
0.0696926375982845,4056.5,1,1027.92,1055.0,"sS(s=15,S=75)",42,24,15.0,75.0
0.12088297126839523,4323.6,0,1128.1599999999999,1142.6,"sS(s=15,S=75)",42,25,15.0,75.0
0.17152466367713004,4235.0,6,1244.0,1257.0,"sS(s=15,S=75)",42,26,15.0,75.0
0.10153946937438585,4797.9,4,1479.52,1542.9,"sS(s=15,S=75)",42,27,15.0,75.0
0.19347319347319347,3720.6,0,1083.1399999999999,1130.0,"sS(s=15,S=75)",42,28,15.0,75.0
0.1680550525172039,3989.6,0,1327.22,1415.4,"sS(s=15,S=75)",42,29,15.0,75.0
0.14397719173200285,4142.9,0,1112.92,1140.9,"sS(s=15,S=75)",42,30,15.0,75.0
0.12572009488309047,4810.0,0,1319.8,1334.0,"sS(s=15,S=75)",42,31,15.0,75.0
0.16274928774928774,4374.0,0,1085.56,1101.0,"sS(s=15,S=75)",42,32,15.0,75.0
0.26600441501103755,4303.7,1,1561.4399999999998,1715.1,"sS(s=15,S=75)",42,33,15.0,75.0
0.1790242028428736,4321.8,3,1461.6399999999999,1579.9,"sS(s=15,S=75)",42,34,15.0,75.0
0.17617384555684906,3905.2,0,1000.86,1025.4,"sS(s=15,S=75)",42,35,15.0,75.0
0.10479755018713849,4904.8,2,1405.4599999999998,1487.8,"sS(s=15,S=75)",42,36,15.0,75.0
0.20351758793969849,4302.5,3,1207.1399999999999,1238.6,"sS(s=15,S=75)",42,37,15.0,75.0
0.19206680584551147,4655.0,0,1495.96,1614.2,"sS(s=15,S=75)",42,38,15.0,75.0
0.21678891605541972,3861.0,1,1105.24,1127.9,"sS(s=15,S=75)",42,39,15.0,75.0
0.24079754601226994,4011.9,3,1216.4799999999998,1248.6,"sS(s=15,S=75)",42,40,15.0,75.0
0.18685612788632328,4400.6,0,1096.54,1124.3,"sS(s=15,S=75)",42,41,15.0,75.0
0.2092548485879551,4934.0,1,1287.96,1289.7,"sS(s=15,S=75)",42,42,15.0,75.0
0.17310036570499795,4051.5,2,1054.04,1054.1,"sS(s=15,S=75)",42,43,15.0,75.0
0.09912434325744308,4081.3,0,1123.3999999999999,1158.0,"sS(s=15,S=75)",42,44,15.0,75.0
0.19620493358633775,4266.0,0,1154.28,1191.1,"sS(s=15,S=75)",42,45,15.0,75.0
0.1265738899933731,4868.1,0,1415.3999999999999,1490.0,"sS(s=15,S=75)",42,46,15.0,75.0
0.16973125884016974,4667.9,1,1313.0,1389.5,"sS(s=15,S=75)",42,47,15.0,75.0
0.22156862745098038,3981.1,0,1166.26,1184.8,"sS(s=15,S=75)",42,48,15.0,75.0
0.10727141828653708,4492.1,7,1289.76,1331.7,"sS(s=15,S=75)",42,49,15.0,75.0
0.17722960151802655,4315.7,5,1194.84,1207.3,"sS(s=15,S=80)",42,0,15.0,80.0
0.16672733891518018,3938.2,0,1089.42,1094.5,"sS(s=15,S=80)",42,1,15.0,80.0
0.14121739130434782,4460.9,1,1222.68,1268.0,"sS(s=15,S=80)",42,2,15.0,80.0
0.14216956682710108,4389.4,0,1206.44,1245.2,"sS(s=15,S=80)",42,3,15.0,80.0
0.24807987711213517,3971.0,2,1314.24,1375.9,"sS(s=15,S=80)",42,4,15.0,80.0
0.15545938748335553,4680.1,2,1259.46,1260.0,"sS(s=15,S=80)",42,5,15.0,80.0
0.29704510108864696,4016.8,2,1219.48,1238.1,"sS(s=15,S=80)",42,6,15.0,80.0
0.17615077926785067,4151.4,1,1143.78,1162.1,"sS(s=15,S=80)",42,7,15.0,80.0
0.2121433796634967,4303.5,2,1239.34,1274.3,"sS(s=15,S=80)",42,8,15.0,80.0
0.1398981324278438,4584.0,0,1243.24,1249.0,"sS(s=15,S=80)",42,9,15.0,80.0
0.22541277817659727,4096.2,2,1164.6200000000001,1172.7,"sS(s=15,S=80)",42,10,15.0,80.0
0.1366852886405959,3954.7,0,1228.52,1278.4,"sS(s=15,S=80)",42,11,15.0,80.0
0.21290775166608208,4376.6,0,1236.6799999999998,1258.1,"sS(s=15,S=80)",42,12,15.0,80.0
0.12091503267973856,4293.6,2,1221.94,1284.2,"sS(s=15,S=80)",42,13,15.0,80.0
0.20718654434250763,4394.0,4,1141.64,1147.0,"sS(s=15,S=80)",42,14,15.0,80.0
0.1388888888888889,4348.2,2,1353.3799999999999,1437.0,"sS(s=15,S=80)",42,15,15.0,80.0
0.20515695067264575,4204.0,2,1283.9599999999998,1328.1,"sS(s=15,S=80)",42,16,15.0,80.0
0.18098591549295776,4664.3,2,1176.54,1198.6,"sS(s=15,S=80)",42,17,15.0,80.0
0.14331896551724138,4368.9,1,1189.08,1239.6,"sS(s=15,S=80)",42,18,15.0,80.0
0.2421455938697318,3786.5,2,1161.8799999999999,1187.1,"sS(s=15,S=80)",42,19,15.0,80.0
0.15891195418754475,4385.4,1,1370.46,1385.4,"sS(s=15,S=80)",42,20,15.0,80.0
0.22362581085694777,4377.8,3,1297.76,1307.1,"sS(s=15,S=80)",42,21,15.0,80.0
0.21109350237717908,5245.7,2,1585.1399999999999,1664.0,"sS(s=15,S=80)",42,22,15.0,80.0
0.27637130801687765,4794.5,3,1332.84,1388.8,"sS(s=15,S=80)",42,23,15.0,80.0
0.08398856325947104,4033.5,1,1035.58,1065.0,"sS(s=15,S=80)",42,24,15.0,80.0
0.14190609670637702,4242.1,0,1095.3000000000002,1102.4,"sS(s=15,S=80)",42,25,15.0,80.0
0.20889387144992527,4198.9,4,1248.0,1259.5,"sS(s=15,S=80)",42,26,15.0,80.0
0.11627906976744186,4719.9,4,1462.1200000000001,1530.9,"sS(s=15,S=80)",42,27,15.0,80.0
0.19735819735819735,3755.7,0,1063.78,1104.8,"sS(s=15,S=80)",42,28,15.0,80.0
0.19014849692140529,3921.2,0,1302.62,1381.9,"sS(s=15,S=80)",42,29,15.0,80.0
0.16892373485388454,4061.4,0,1123.32,1153.9,"sS(s=15,S=80)",42,30,15.0,80.0
0.124364622161979,4805.2,0,1297.8,1304.0,"sS(s=15,S=80)",42,31,15.0,80.0
0.19052706552706553,4305.3,0,1088.7,1111.0,"sS(s=15,S=80)",42,32,15.0,80.0
0.2862398822663723,4243.7,1,1576.3399999999997,1742.1,"sS(s=15,S=80)",42,33,15.0,80.0
0.20783711102573954,4270.3,3,1444.6399999999999,1555.9,"sS(s=15,S=80)",42,34,15.0,80.0
0.20372526193247964,3834.2,0,994.46,1027.9,"sS(s=15,S=80)",42,35,15.0,80.0
0.12691391629806056,4863.3,2,1399.7599999999998,1485.3,"sS(s=15,S=80)",42,36,15.0,80.0
0.2189519023689878,4272.1,3,1219.3999999999999,1259.8,"sS(s=15,S=80)",42,37,15.0,80.0
0.22512178148921363,4751.8,0,1517.56,1641.2,"sS(s=15,S=80)",42,38,15.0,80.0
0.24938875305623473,3811.5,2,1193.44,1261.9,"sS(s=15,S=80)",42,39,15.0,80.0
0.24271472392638035,4076.0,3,1097.58,1098.0,"sS(s=15,S=80)",42,40,15.0,80.0
0.20994671403197157,4346.7,0,1092.46,1121.5,"sS(s=15,S=80)",42,41,15.0,80.0
0.23647499149370535,4959.5,1,1319.56,1326.7,"sS(s=15,S=80)",42,42,15.0,80.0
0.20357578220235675,4082.5,2,1106.1599999999999,1113.8,"sS(s=15,S=80)",42,43,15.0,80.0
0.12679509632224167,4062.2,0,1085.0,1110.0,"sS(s=15,S=80)",42,44,15.0,80.0
0.23719165085388993,4130.6,0,1132.76,1161.7,"sS(s=15,S=80)",42,45,15.0,80.0
0.15540092776673295,4873.8,0,1405.8,1475.5,"sS(s=15,S=80)",42,46,15.0,80.0
0.19731258840169733,4599.2,1,1285.46,1355.5,"sS(s=15,S=80)",42,47,15.0,80.0
0.24313725490196078,3934.9,0,1170.06,1186.8,"sS(s=15,S=80)",42,48,15.0,80.0
0.12922966162706984,4504.7,7,1301.96,1318.2,"sS(s=15,S=80)",42,49,15.0,80.0
0.1984819734345351,4271.6,5,1185.24,1192.8,"sS(s=15,S=85)",42,0,15.0,85.0
0.19949035311248633,3864.8,0,1089.74,1096.5,"sS(s=15,S=85)",42,1,15.0,85.0
0.16869565217391305,4411.3,1,1207.04,1253.8,"sS(s=15,S=85)",42,2,15.0,85.0
0.1662347278785635,4341.9,0,1187.04,1231.7,"sS(s=15,S=85)",42,3,15.0,85.0
0.2726574500768049,3902.7,1,1299.4999999999998,1360.6,"sS(s=15,S=85)",42,4,15.0,85.0
0.1681091877496671,4744.4,2,1275.56,1278.3,"sS(s=15,S=85)",42,5,15.0,85.0
0.3300933125972006,3960.3,2,1233.48,1250.6,"sS(s=15,S=85)",42,6,15.0,85.0
0.1946357375860819,4099.2,1,1151.6799999999998,1170.6,"sS(s=15,S=85)",42,7,15.0,85.0
0.24725676664228238,4156.2,2,1220.6399999999999,1258.8,"sS(s=15,S=85)",42,8,15.0,85.0
0.14363327674023768,4511.6,0,1257.26,1259.0,"sS(s=15,S=85)",42,9,15.0,85.0
0.25125628140703515,4092.4,2,1177.48,1177.7,"sS(s=15,S=85)",42,10,15.0,85.0
0.16387337057728119,3883.2,0,1209.52,1259.4,"sS(s=15,S=85)",42,11,15.0,85.0
0.23290073658365487,4331.7,0,1216.46,1228.9,"sS(s=15,S=85)",42,12,15.0,85.0
0.14270152505446623,4243.1,2,1209.94,1275.2,"sS(s=15,S=85)",42,13,15.0,85.0
0.23585626911314986,4341.5,3,1126.74,1131.5,"sS(s=15,S=85)",42,14,15.0,85.0
0.20014245014245013,4290.1,3,1283.54,1360.5,"sS(s=15,S=85)",42,15,15.0,85.0
0.22944693572496264,4149.0,2,1269.9599999999998,1316.1,"sS(s=15,S=85)",42,16,15.0,85.0
0.21161971830985915,4690.1,2,1177.56,1187.7,"sS(s=15,S=85)",42,17,15.0,85.0
0.16810344827586207,4384.6,1,1181.8799999999999,1230.6,"sS(s=15,S=85)",42,18,15.0,85.0
0.2662835249042146,3913.1,3,1149.96,1169.7,"sS(s=15,S=85)",42,19,15.0,85.0
0.18324982104509663,4332.9,1,1347.1,1360.1,"sS(s=15,S=85)",42,20,15.0,85.0
0.2413793103448276,4297.0,2,1294.04,1311.0,"sS(s=15,S=85)",42,21,15.0,85.0
0.23328050713153725,5194.2,2,1580.34,1659.0,"sS(s=15,S=85)",42,22,15.0,85.0
0.2795358649789029,4921.7,3,1343.8,1400.0,"sS(s=15,S=85)",42,23,15.0,85.0
0.15654038598999284,4216.8,1,1062.32,1075.0,"sS(s=15,S=85)",42,24,15.0,85.0
0.17344078486334968,4234.1,0,1177.72,1220.4,"sS(s=15,S=85)",42,25,15.0,85.0
0.24626307922272048,4250.4,5,1252.0,1262.0,"sS(s=15,S=85)",42,26,15.0,85.0
0.13101867016049787,4654.2,4,1444.6,1517.9,"sS(s=15,S=85)",42,27,15.0,85.0
0.22455322455322455,3768.2,0,1108.58,1159.8,"sS(s=15,S=85)",42,28,15.0,85.0
0.21658819268381022,3874.0,0,1279.36,1350.3,"sS(s=15,S=85)",42,29,15.0,85.0
0.19885958660014255,4056.9,0,1232.78,1289.9,"sS(s=15,S=85)",42,30,15.0,85.0
0.14300237207726194,4747.7,0,1281.2,1283.0,"sS(s=15,S=85)",42,31,15.0,85.0
0.22364672364672364,4245.1,0,1094.98,1121.0,"sS(s=15,S=85)",42,32,15.0,85.0
0.30647534952170713,4271.2,1,1591.2399999999998,1769.1,"sS(s=15,S=85)",42,33,15.0,85.0
0.23665001920860546,4217.9,3,1427.6399999999999,1531.9,"sS(s=15,S=85)",42,34,15.0,85.0
0.23205277454404347,3696.1,0,992.84,1034.2,"sS(s=15,S=85)",42,35,15.0,85.0
0.1466485199047295,4828.1,2,1387.34,1474.4,"sS(s=15,S=85)",42,36,15.0,85.0
0.21428571428571427,4376.3,3,1236.4399999999998,1278.8,"sS(s=15,S=85)",42,37,15.0,85.0
0.2522616562282533,4637.8,0,1482.36,1597.2,"sS(s=15,S=85)",42,38,15.0,85.0
0.28198859005704974,3753.0,1,1186.84,1259.9,"sS(s=15,S=85)",42,39,15.0,85.0
0.23274539877300612,4078.6,3,1102.76,1108.0,"sS(s=15,S=85)",42,40,15.0,85.0
0.21776198934280638,4444.3,0,1198.9199999999998,1233.6,"sS(s=15,S=85)",42,41,15.0,85.0
0.24123851650221165,4916.4,1,1300.94,1301.0,"sS(s=15,S=85)",42,42,15.0,85.0
0.2303941487200325,4022.1,2,1086.04,1097.1,"sS(s=15,S=85)",42,43,15.0,85.0
0.15411558669001751,4050.0,0,1053.0,1070.0,"sS(s=15,S=85)",42,44,15.0,85.0
0.2667931688804554,4085.8,0,1125.16,1149.7,"sS(s=15,S=85)",42,45,15.0,85.0
0.1918489065606362,4899.8,0,1525.8,1623.0,"sS(s=15,S=85)",42,46,15.0,85.0
0.21782178217821782,4481.6,1,1276.36,1343.5,"sS(s=15,S=85)",42,47,15.0,85.0
0.2619607843137255,3898.9,0,1170.6599999999999,1184.8,"sS(s=15,S=85)",42,48,15.0,85.0
0.1558675305975522,4448.6,6,1281.48,1299.6,"sS(s=15,S=85)",42,49,15.0,85.0
0.19468690702087288,4207.1,4,1150.78,1165.0,"sS(s=15,S=90)",42,0,15.0,90.0
0.23006916636330543,3953.9,0,1127.8600000000001,1135.2,"sS(s=15,S=90)",42,1,15.0,90.0
0.17565217391304347,4354.8,1,1204.66,1256.7,"sS(s=15,S=90)",42,2,15.0,90.0
0.19252128841169938,4381.5,0,1253.82,1359.2,"sS(s=15,S=90)",42,3,15.0,90.0
0.2672811059907834,3906.6,1,1348.9199999999998,1425.5,"sS(s=15,S=90)",42,4,15.0,90.0
0.1711051930758988,4610.6,2,1273.1599999999999,1299.3,"sS(s=15,S=90)",42,5,15.0,90.0
0.32776049766718507,4153.9,2,1391.4799999999998,1443.1,"sS(s=15,S=90)",42,6,15.0,90.0
0.22689380210221094,4113.2,1,1289.1799999999998,1341.1,"sS(s=15,S=90)",42,7,15.0,90.0
0.2809070958302853,4088.4,1,1303.76,1391.3,"sS(s=15,S=90)",42,8,15.0,90.0
0.16536502546689305,4509.8,0,1248.8,1269.0,"sS(s=15,S=90)",42,9,15.0,90.0
0.24874371859296482,4096.1,3,1168.1399999999999,1179.1,"sS(s=15,S=90)",42,10,15.0,90.0
0.1378026070763501,3870.9,0,1190.52,1240.4,"sS(s=15,S=90)",42,11,15.0,90.0
0.2539459838653104,4360.7,0,1242.04,1252.2,"sS(s=15,S=90)",42,12,15.0,90.0
0.1644880174291939,4192.6,2,1197.94,1266.2,"sS(s=15,S=90)",42,13,15.0,90.0
0.26452599388379205,4295.5,3,1120.04,1126.0,"sS(s=15,S=90)",42,14,15.0,90.0
0.23397435897435898,4310.1,3,1322.6399999999999,1415.5,"sS(s=15,S=90)",42,15,15.0,90.0
0.22683109118086697,4158.8,2,1255.9599999999998,1304.1,"sS(s=15,S=90)",42,16,15.0,90.0
0.19859154929577466,4711.7,2,1305.42,1356.2,"sS(s=15,S=90)",42,17,15.0,90.0
0.20150862068965517,4320.5,1,1345.08,1434.6,"sS(s=15,S=90)",42,18,15.0,90.0
0.3164750957854406,3878.4,3,1161.64,1182.7,"sS(s=15,S=90)",42,19,15.0,90.0
0.20257695060844666,4251.3,0,1311.28,1332.1,"sS(s=15,S=90)",42,20,15.0,90.0
0.24581768521679753,4227.2,2,1315.6399999999999,1360.0,"sS(s=15,S=90)",42,21,15.0,90.0
0.2554675118858954,5140.0,2,1575.54,1654.0,"sS(s=15,S=90)",42,22,15.0,90.0
0.2587904360056259,4948.8,3,1452.04,1532.8,"sS(s=15,S=90)",42,23,15.0,90.0
0.13867047891350964,4047.7,1,1056.5,1083.2,"sS(s=15,S=90)",42,24,15.0,90.0
0.19726699369306236,4250.2,0,1173.42,1221.9,"sS(s=15,S=90)",42,25,15.0,90.0
0.2686846038863976,4240.9,5,1278.8,1293.0,"sS(s=15,S=90)",42,26,15.0,90.0
0.12414018997707173,4633.5,4,1444.1,1515.9,"sS(s=15,S=90)",42,27,15.0,90.0
0.2517482517482518,3691.1,0,1091.78,1137.8,"sS(s=15,S=90)",42,28,15.0,90.0
0.24302788844621515,3898.0,0,1261.4599999999998,1326.3,"sS(s=15,S=90)",42,29,15.0,90.0
0.23200285103349966,3995.2,0,1283.48,1351.9,"sS(s=15,S=90)",42,30,15.0,90.0
0.16604540833615725,4706.6,0,1286.28,1293.0,"sS(s=15,S=90)",42,31,15.0,90.0
0.25925925925925924,4255.6,0,1114.68,1131.0,"sS(s=15,S=90)",42,32,15.0,90.0
0.32671081677704195,4311.6,1,1649.8199999999997,1838.1,"sS(s=15,S=90)",42,33,15.0,90.0
0.26392623895505185,4058.9,1,1410.6399999999999,1507.9,"sS(s=15,S=90)",42,34,15.0,90.0
0.26581296080714006,3706.8,0,1035.6000000000001,1046.2,"sS(s=15,S=90)",42,35,15.0,90.0
0.11806736985369173,4664.7,1,1267.32,1329.0,"sS(s=15,S=90)",42,36,15.0,90.0
0.23941134242641782,4349.8,3,1246.84,1297.8,"sS(s=15,S=90)",42,37,15.0,90.0
0.27383437717466946,4588.8,0,1449.12,1553.2,"sS(s=15,S=90)",42,38,15.0,90.0
0.3145884270578647,3704.5,1,1180.24,1257.9,"sS(s=15,S=90)",42,39,15.0,90.0
0.27300613496932513,4029.1,3,1108.36,1118.0,"sS(s=15,S=90)",42,40,15.0,90.0
0.2294849023090586,4361.7,0,1145.74,1154.1,"sS(s=15,S=90)",42,41,15.0,90.0
0.2684586594079619,4878.9,1,1303.74,1311.0,"sS(s=15,S=90)",42,42,15.0,90.0
0.25639983746444533,4072.9,2,1101.8,1118.6,"sS(s=15,S=90)",42,43,15.0,90.0
0.18528896672504377,3982.9,0,1019.32,1027.9,"sS(s=15,S=90)",42,44,15.0,90.0
0.26413662239089186,4183.8,0,1118.98,1131.2,"sS(s=15,S=90)",42,45,15.0,90.0
0.22498343273691188,4856.2,0,1521.0,1614.5,"sS(s=15,S=90)",42,46,15.0,90.0
0.19024045261669023,4398.3,1,1305.6599999999999,1379.5,"sS(s=15,S=90)",42,47,15.0,90.0
0.2823529411764706,4101.2,0,1094.32,1125.1,"sS(s=15,S=90)",42,48,15.0,90.0
0.20626349892008639,4411.2,6,1185.48,1210.6,"sS(s=15,S=90)",42,49,15.0,90.0
0.22011385199240988,4154.3,4,1219.8799999999999,1231.1,"sS(s=15,S=95)",42,0,15.0,95.0
0.25555151073898796,3922.4,0,1123.06,1128.7,"sS(s=15,S=95)",42,1,15.0,95.0
0.14817391304347827,4423.4,1,1372.9599999999998,1459.0,"sS(s=15,S=95)",42,2,15.0,95.0
0.22584228063680117,4431.5,0,1255.42,1315.2,"sS(s=15,S=95)",42,3,15.0,95.0
0.2814900153609831,3873.0,1,1333.8799999999999,1413.2,"sS(s=15,S=95)",42,4,15.0,95.0
0.20372836218375498,4582.7,2,1288.86,1320.3,"sS(s=15,S=95)",42,5,15.0,95.0
0.3499222395023328,4111.4,2,1413.4799999999998,1465.6,"sS(s=15,S=95)",42,6,15.0,95.0
0.2163827473722363,4097.3,1,1285.28,1353.6,"sS(s=15,S=95)",42,7,15.0,95.0
0.2761521580102414,4283.2,1,1304.1599999999999,1375.8,"sS(s=15,S=95)",42,8,15.0,95.0
0.19524617996604415,4449.6,0,1252.3,1279.0,"sS(s=15,S=95)",42,9,15.0,95.0
0.22218234027279254,3985.3,3,1169.34,1181.6,"sS(s=15,S=95)",42,10,15.0,95.0
0.17057728119180632,3819.2,0,1185.92,1237.9,"sS(s=15,S=95)",42,11,15.0,95.0
0.274991231146966,4312.7,0,1243.3400000000001,1260.7,"sS(s=15,S=95)",42,12,15.0,95.0
0.15649963689179375,4129.7,2,1046.74,1083.2,"sS(s=15,S=95)",42,13,15.0,95.0
0.2916666666666667,4256.6,3,1114.14,1120.5,"sS(s=15,S=95)",42,14,15.0,95.0
0.26282051282051283,4257.6,3,1297.74,1388.0,"sS(s=15,S=95)",42,15,15.0,95.0
0.2559790732436472,4203.1,2,1230.14,1241.4,"sS(s=15,S=95)",42,16,15.0,95.0
0.22077464788732395,4671.1,2,1300.06,1356.0,"sS(s=15,S=95)",42,17,15.0,95.0
0.23742816091954022,4264.5,1,1363.4799999999998,1457.6,"sS(s=15,S=95)",42,18,15.0,95.0
0.29540229885057473,3959.7,3,1226.74,1262.7,"sS(s=15,S=95)",42,19,15.0,95.0
0.20866141732283464,4303.9,1,1316.82,1325.1,"sS(s=15,S=95)",42,20,15.0,95.0
0.27074086719016727,4562.4,2,1248.18,1264.8,"sS(s=15,S=95)",42,21,15.0,95.0
0.24437400950871632,5149.8,1,1570.74,1649.0,"sS(s=15,S=95)",42,22,15.0,95.0
0.279887482419128,4918.3,3,1450.84,1528.8,"sS(s=15,S=95)",42,23,15.0,95.0
0.16333095067905648,4078.1,1,1070.64,1088.7,"sS(s=15,S=95)",42,24,15.0,95.0
0.18990889978976874,4167.3,0,1169.1200000000001,1223.4,"sS(s=15,S=95)",42,25,15.0,95.0
0.25448430493273544,4187.7,3,1257.44,1263.8,"sS(s=15,S=95)",42,26,15.0,95.0
0.14346544382574516,4551.9,3,1438.0,1506.9,"sS(s=15,S=95)",42,27,15.0,95.0
0.24242424242424243,3719.0,0,1055.3,1115.8,"sS(s=15,S=95)",42,28,15.0,95.0
0.26838102136906916,3855.9,0,1243.56,1302.3,"sS(s=15,S=95)",42,29,15.0,95.0
0.24162508909479685,4006.2,0,1271.46,1335.5,"sS(s=15,S=95)",42,30,15.0,95.0
0.1626567265333785,4827.8,0,1310.1200000000001,1311.9,"sS(s=15,S=95)",42,31,15.0,95.0
0.2938034188034188,4205.6,0,1119.58,1141.0,"sS(s=15,S=95)",42,32,15.0,95.0
0.34694628403237676,4364.8,1,1639.2199999999998,1820.1,"sS(s=15,S=95)",42,33,15.0,95.0
0.2896657702650788,4009.0,1,1391.48,1481.2,"sS(s=15,S=95)",42,34,15.0,95.0
0.306558013193636,3564.3,0,1051.3,1058.2,"sS(s=15,S=95)",42,35,15.0,95.0
0.13780197346036066,4625.5,1,1246.6599999999999,1307.8,"sS(s=15,S=95)",42,36,15.0,95.0
0.26776740847092606,4219.4,3,1183.32,1224.4,"sS(s=15,S=95)",42,37,15.0,95.0
0.29471120389700767,4539.8,0,1419.32,1509.2,"sS(s=15,S=95)",42,38,15.0,95.0
0.2925835370823146,3694.1,1,1281.6399999999999,1390.9,"sS(s=15,S=95)",42,39,15.0,95.0
0.3125,3981.2,3,1112.52,1126.2,"sS(s=15,S=95)",42,40,15.0,95.0
0.22380106571936056,4392.7,0,1141.24,1151.6,"sS(s=15,S=95)",42,41,15.0,95.0
0.2953385505273903,4826.4,1,1306.54,1321.0,"sS(s=15,S=95)",42,42,15.0,95.0
0.2848435595286469,4048.9,2,1116.6,1140.1,"sS(s=15,S=95)",42,43,15.0,95.0
0.1649737302977233,4067.4,0,1051.6599999999999,1067.8,"sS(s=15,S=95)",42,44,15.0,95.0
0.29715370018975334,4144.3,0,1107.28,1118.2,"sS(s=15,S=95)",42,45,15.0,95.0
0.2551358515573227,4814.7,0,1516.1999999999998,1606.0,"sS(s=15,S=95)",42,46,15.0,95.0
0.214992927864215,4348.8,1,1292.6399999999999,1360.5,"sS(s=15,S=95)",42,47,15.0,95.0
0.31058823529411766,4073.7,0,1098.82,1136.1,"sS(s=15,S=95)",42,48,15.0,95.0
0.2314614830813535,4373.7,6,1163.1799999999998,1193.6,"sS(s=15,S=95)",42,49,15.0,95.0
0.24250474383301707,4294.7,5,1182.62,1185.0,"sS(s=15,S=100)",42,0,15.0,100.0
0.2806698216235894,3890.9,0,1118.26,1122.2,"sS(s=15,S=100)",42,1,15.0,100.0
0.2048695652173913,4387.1,1,1357.28,1455.5,"sS(s=15,S=100)",42,2,15.0,100.0
0.22806368011847464,4368.3,0,1236.62,1287.2,"sS(s=15,S=100)",42,3,15.0,100.0
0.2653609831029186,3876.5,1,1318.74,1418.5,"sS(s=15,S=100)",42,4,15.0,100.0
0.23901464713715045,4649.5,2,1305.32,1341.3,"sS(s=15,S=100)",42,5,15.0,100.0
0.37169517884914466,4078.0,1,1435.4799999999998,1488.1,"sS(s=15,S=100)",42,6,15.0,100.0
0.23812975715839071,4037.8,1,1296.3799999999999,1366.1,"sS(s=15,S=100)",42,7,15.0,100.0
0.3013899049012436,4243.2,1,1283.1599999999999,1355.8,"sS(s=15,S=100)",42,8,15.0,100.0
0.21901528013582344,4314.6,0,1259.3999999999999,1289.0,"sS(s=15,S=100)",42,9,15.0,100.0
0.250897343862168,3901.8,2,1170.54,1184.1,"sS(s=15,S=100)",42,10,15.0,100.0
0.2074487895716946,3845.8,0,1238.3600000000001,1305.4,"sS(s=15,S=100)",42,11,15.0,100.0
0.2676253945983865,4224.2,0,1277.8799999999999,1284.1,"sS(s=15,S=100)",42,12,15.0,100.0
0.1728395061728395,4186.0,2,1182.06,1256.6,"sS(s=15,S=100)",42,13,15.0,100.0
0.29548929663608564,4127.0,3,1102.64,1108.0,"sS(s=15,S=100)",42,14,15.0,100.0
0.28952991452991456,4290.1,4,1244.84,1285.5,"sS(s=15,S=100)",42,15,15.0,100.0
0.28400597907324365,4145.6,2,1241.44,1260.9,"sS(s=15,S=100)",42,16,15.0,100.0
0.26267605633802815,4546.3,2,1268.62,1321.0,"sS(s=15,S=100)",42,17,15.0,100.0
0.21156609195402298,4482.4,1,1222.76,1281.0,"sS(s=15,S=100)",42,18,15.0,100.0
0.35555555555555557,3804.0,2,1228.64,1263.7,"sS(s=15,S=100)",42,19,15.0,100.0
0.17036506800286327,4202.0,1,1262.86,1302.0,"sS(s=15,S=100)",42,20,15.0,100.0
0.296346876066917,4532.9,2,1236.18,1249.3,"sS(s=15,S=100)",42,21,15.0,100.0
0.2618066561014263,5104.3,1,1565.94,1644.0,"sS(s=15,S=100)",42,22,15.0,100.0
0.3009845288326301,4887.8,3,1449.6399999999999,1524.8,"sS(s=15,S=100)",42,23,15.0,100.0
0.19156540385989992,4114.5,1,1062.16,1094.2,"sS(s=15,S=100)",42,24,15.0,100.0
0.18220042046250876,4153.1,0,1204.3200000000002,1231.9,"sS(s=15,S=100)",42,25,15.0,100.0
0.28176382660687593,4250.3,3,1256.0,1259.5,"sS(s=15,S=100)",42,26,15.0,100.0
0.19456272518833934,4531.8,3,1315.06,1372.1,"sS(s=15,S=100)",42,27,15.0,100.0
0.2544677544677545,3724.5,0,1048.3999999999999,1093.8,"sS(s=15,S=100)",42,28,15.0,100.0
0.2126041289387903,3811.3,0,1108.14,1152.4,"sS(s=15,S=100)",42,29,15.0,100.0
0.27548111190306485,4030.7,0,1274.96,1318.0,"sS(s=15,S=100)",42,30,15.0,100.0
0.17282277194171466,4663.2,0,1297.26,1313.0,"sS(s=15,S=100)",42,31,15.0,100.0
0.32407407407407407,4244.6,0,1120.88,1147.4,"sS(s=15,S=100)",42,32,15.0,100.0
0.3671817512877116,4328.3,1,1628.62,1802.1,"sS(s=15,S=100)",42,33,15.0,100.0
0.28236650019208603,4136.1,1,1298.08,1361.7,"sS(s=15,S=100)",42,34,15.0,100.0
0.34225844004656575,3597.0,0,1050.94,1054.2,"sS(s=15,S=100)",42,35,15.0,100.0
0.15991833957128274,4678.0,1,1300.04,1378.3,"sS(s=15,S=100)",42,36,15.0,100.0
0.29827709978463746,4199.4,3,1193.72,1243.4,"sS(s=15,S=100)",42,37,15.0,100.0
0.31315240083507306,4495.7,0,1395.96,1479.2,"sS(s=15,S=100)",42,38,15.0,100.0
0.3272208638956805,3648.1,1,1277.9199999999998,1392.5,"sS(s=15,S=100)",42,39,15.0,100.0
0.3270705521472393,3895.2,2,1118.1200000000001,1131.7,"sS(s=15,S=100)",42,40,15.0,100.0
0.24511545293072823,4343.5,0,1141.6999999999998,1157.1,"sS(s=15,S=100)",42,41,15.0,100.0
0.31235113984348417,4704.9,1,1307.54,1331.0,"sS(s=15,S=100)",42,42,15.0,100.0
0.31491263713937423,4210.4,2,1116.1999999999998,1161.6,"sS(s=15,S=100)",42,43,15.0,100.0
0.1733800350262697,4178.9,0,1102.1599999999999,1128.3,"sS(s=15,S=100)",42,44,15.0,100.0
0.2903225806451613,4182.7,0,1320.04,1385.8,"sS(s=15,S=100)",42,45,15.0,100.0
0.28164347249834326,4777.2,0,1510.5,1597.5,"sS(s=15,S=100)",42,46,15.0,100.0
0.23903818953323905,4388.7,1,1353.74,1431.5,"sS(s=15,S=100)",42,47,15.0,100.0
0.3352941176470588,4046.2,0,1103.32,1147.1,"sS(s=15,S=100)",42,48,15.0,100.0
0.2314614830813535,4483.2,7,1138.12,1149.0,"sS(s=15,S=100)",42,49,15.0,100.0
0.020113851992409868,4765.3,6,1185.46,1197.0,"sS(s=20,S=25)",42,0,20.0,25.0
0.02074990899162723,4833.7,0,1248.6,1263.0,"sS(s=20,S=25)",42,1,20.0,25.0
0.017391304347826087,5177.0,2,1479.0,1540.0,"sS(s=20,S=25)",42,2,20.0,25.0
0.018511662347278787,4834.0,0,1320.6,1353.0,"sS(s=20,S=25)",42,3,20.0,25.0
0.020353302611367127,4593.3,2,1299.8,1333.0,"sS(s=20,S=25)",42,4,20.0,25.0
0.02529960053262317,5397.6,5,1301.08,1306.6,"sS(s=20,S=25)",42,5,20.0,25.0
0.029937791601866253,4573.7,2,1235.42,1255.0,"sS(s=20,S=25)",42,6,20.0,25.0
0.01812250815512867,4965.0,1,1243.3999999999999,1277.0,"sS(s=20,S=25)",42,7,20.0,25.0
0.018288222384784197,4915.0,3,1476.8,1499.0,"sS(s=20,S=25)",42,8,20.0,25.0
0.019015280135823428,5278.6,0,1330.2,1331.0,"sS(s=20,S=25)",42,9,20.0,25.0
0.02763819095477387,4896.7,4,1207.8,1209.0,"sS(s=20,S=25)",42,10,20.0,25.0
0.0186219739292365,4752.0,0,1377.8,1417.0,"sS(s=20,S=25)",42,11,20.0,25.0
0.02279901788846019,5000.5,0,1530.2,1579.0,"sS(s=20,S=25)",42,12,20.0,25.0
0.021060275962236745,4997.8,3,1296.36,1313.0,"sS(s=20,S=25)",42,13,20.0,25.0
0.02217125382262997,4712.8,6,1260.04,1269.8,"sS(s=20,S=25)",42,14,20.0,25.0
0.017806267806267807,4963.0,3,1369.2,1373.0,"sS(s=20,S=25)",42,15,20.0,25.0
0.020179372197309416,4743.4,0,1398.4,1423.0,"sS(s=20,S=25)",42,16,20.0,25.0
0.017605633802816902,5122.0,3,1367.0,1408.0,"sS(s=20,S=25)",42,17,20.0,25.0
0.017959770114942528,5015.0,3,1348.3999999999999,1400.0,"sS(s=20,S=25)",42,18,20.0,25.0
0.027586206896551724,4534.2,3,1211.8,1253.0,"sS(s=20,S=25)",42,19,20.0,25.0
0.01789549033643522,5005.0,1,1447.6,1501.0,"sS(s=20,S=25)",42,20,20.0,25.0
0.04404233526800956,5227.9,5,1444.74,1455.0,"sS(s=20,S=25)",42,21,20.0,25.0
0.01584786053882726,5727.0,1,1604.8,1669.0,"sS(s=20,S=25)",42,22,20.0,25.0
0.03481012658227848,5266.9,2,1385.44,1400.0,"sS(s=20,S=25)",42,23,20.0,25.0
0.02108649035025018,4957.9,1,1265.0,1289.0,"sS(s=20,S=25)",42,24,20.0,25.0
0.020322354590049056,5048.8,0,1367.0,1407.0,"sS(s=20,S=25)",42,25,20.0,25.0
0.01868460388639761,4879.0,8,1284.6,1301.0,"sS(s=20,S=25)",42,26,20.0,25.0
0.026858827382902063,5566.2,4,1610.2,1613.0,"sS(s=20,S=25)",42,27,20.0,25.0
0.019425019425019424,4480.0,0,1280.6,1345.0,"sS(s=20,S=25)",42,28,20.0,25.0
0.018109380659181457,4754.0,0,1558.1999999999998,1703.0,"sS(s=20,S=25)",42,29,20.0,25.0
0.01781895937277263,4944.0,0,1255.8,1271.0,"sS(s=20,S=25)",42,30,20.0,25.0
0.016943409013893594,5334.0,0,1418.6,1453.0,"sS(s=20,S=25)",42,31,20.0,25.0
0.03774928774928775,5012.9,0,1209.34,1211.0,"sS(s=20,S=25)",42,32,20.0,25.0
0.03348050036791759,4825.0,2,1361.82,1381.0,"sS(s=20,S=25)",42,33,20.0,25.0
0.03073376872839032,4697.0,4,1424.0,1519.0,"sS(s=20,S=25)",42,34,20.0,25.0
0.020954598370197905,4540.4,0,1193.72,1229.4,"sS(s=20,S=25)",42,35,20.0,25.0
0.01701258931609391,5205.0,2,1402.6,1428.0,"sS(s=20,S=25)",42,36,20.0,25.0
0.03409906676238335,4993.5,3,1379.9,1404.0,"sS(s=20,S=25)",42,37,20.0,25.0
0.017397355601948505,5130.0,0,1473.8,1539.0,"sS(s=20,S=25)",42,38,20.0,25.0
0.03993480032599837,4407.8,2,1253.8799999999999,1266.1,"sS(s=20,S=25)",42,39,20.0,25.0
0.021855828220858894,4665.7,2,1303.8,1317.0,"sS(s=20,S=25)",42,40,20.0,25.0
0.020959147424511545,4971.9,0,1269.08,1302.1,"sS(s=20,S=25)",42,41,20.0,25.0
0.020074855392990813,5319.9,2,1507.0,1567.0,"sS(s=20,S=25)",42,42,20.0,25.0
0.023973994311255586,4408.9,1,1065.1200000000001,1071.9,"sS(s=20,S=25)",42,43,20.0,25.0
0.017513134851138354,5042.0,0,1250.2,1265.0,"sS(s=20,S=25)",42,44,20.0,25.0
0.018975332068311195,4652.0,0,1185.8,1209.0,"sS(s=20,S=25)",42,45,20.0,25.0
0.01656726308813784,5418.0,0,1611.8,1711.0,"sS(s=20,S=25)",42,46,20.0,25.0
0.01768033946251768,5173.0,1,1407.6,1427.0,"sS(s=20,S=25)",42,47,20.0,25.0
0.03882352941176471,4422.9,0,1108.24,1134.8,"sS(s=20,S=25)",42,48,20.0,25.0
0.017998560115190784,5143.0,9,1345.6,1354.0,"sS(s=20,S=25)",42,49,20.0,25.0
0.027703984819734344,4689.3,6,1158.26,1162.0,"sS(s=20,S=30)",42,0,20.0,30.0
0.024390243902439025,4729.7,0,1215.6,1228.0,"sS(s=20,S=30)",42,1,20.0,30.0
0.017391304347826087,5072.0,2,1460.0,1525.0,"sS(s=20,S=30)",42,2,20.0,30.0
0.018511662347278787,4739.0,0,1293.6,1328.0,"sS(s=20,S=30)",42,3,20.0,30.0
0.026113671274961597,4494.8,2,1266.8,1298.0,"sS(s=20,S=30)",42,4,20.0,30.0
0.03362183754993342,5270.1,4,1268.08,1269.1,"sS(s=20,S=30)",42,5,20.0,30.0
0.045489891135303266,4480.7,2,1215.3,1238.0,"sS(s=20,S=30)",42,6,20.0,30.0
0.01812250815512867,4870.0,1,1216.3999999999999,1252.0,"sS(s=20,S=30)",42,7,20.0,30.0
0.020848573518653987,4817.7,3,1437.0,1454.0,"sS(s=20,S=30)",42,8,20.0,30.0
0.024108658743633278,5199.1,0,1296.8,1302.0,"sS(s=20,S=30)",42,9,20.0,30.0
0.035175879396984924,4769.8,4,1198.8,1209.0,"sS(s=20,S=30)",42,10,20.0,30.0
0.0186219739292365,4647.0,0,1344.8,1382.0,"sS(s=20,S=30)",42,11,20.0,30.0
0.03858295334970186,4915.0,0,1501.2,1554.0,"sS(s=20,S=30)",42,12,20.0,30.0
0.02287581699346405,4898.3,3,1270.46,1288.0,"sS(s=20,S=30)",42,13,20.0,30.0
0.02790519877675841,4631.3,6,1236.6399999999999,1256.3,"sS(s=20,S=30)",42,14,20.0,30.0
0.017806267806267807,4838.0,3,1346.2,1358.0,"sS(s=20,S=30)",42,15,20.0,30.0
0.028026905829596414,4651.5,0,1397.08,1430.1,"sS(s=20,S=30)",42,16,20.0,30.0
0.019014084507042252,5021.4,3,1322.8799999999999,1363.0,"sS(s=20,S=30)",42,17,20.0,30.0
0.022988505747126436,4915.4,2,1314.92,1362.4,"sS(s=20,S=30)",42,18,20.0,30.0
0.03524904214559387,4411.2,3,1176.8,1218.0,"sS(s=20,S=30)",42,19,20.0,30.0
0.018611309949892626,4902.2,1,1427.3999999999999,1486.0,"sS(s=20,S=30)",42,20,20.0,30.0
0.05257767156025948,5095.4,4,1411.04,1420.0,"sS(s=20,S=30)",42,21,20.0,30.0
0.016164817749603804,5623.1,1,1592.2,1654.0,"sS(s=20,S=30)",42,22,20.0,30.0
0.047116736990154715,5203.4,2,1352.24,1368.0,"sS(s=20,S=30)",42,23,20.0,30.0
0.02466047176554682,4853.9,1,1224.0,1244.0,"sS(s=20,S=30)",42,24,20.0,30.0
0.0255781359495445,4957.3,0,1334.0,1372.0,"sS(s=20,S=30)",42,25,20.0,30.0
0.01868460388639761,4774.0,8,1249.6,1266.0,"sS(s=20,S=30)",42,26,20.0,30.0
0.033409760890926954,5458.2,4,1589.2,1598.0,"sS(s=20,S=30)",42,27,20.0,30.0
0.019425019425019424,4365.0,0,1237.6,1300.0,"sS(s=20,S=30)",42,28,20.0,30.0
0.0199203187250996,4624.5,0,1527.1999999999998,1673.0,"sS(s=20,S=30)",42,29,20.0,30.0
0.01781895937277263,4829.0,0,1220.8,1236.0,"sS(s=20,S=30)",42,30,20.0,30.0
0.016943409013893594,5239.0,0,1399.6,1438.0,"sS(s=20,S=30)",42,31,20.0,30.0
0.04665242165242165,4933.9,0,1168.04,1176.0,"sS(s=20,S=30)",42,32,20.0,30.0
0.04083885209713024,4712.0,2,1341.22,1356.0,"sS(s=20,S=30)",42,33,20.0,30.0
0.0364963503649635,4603.5,4,1394.0,1484.0,"sS(s=20,S=30)",42,34,20.0,30.0
0.027551416375630577,4454.1,0,1166.56,1197.9,"sS(s=20,S=30)",42,35,20.0,30.0
0.01701258931609391,5101.0,2,1375.6,1403.0,"sS(s=20,S=30)",42,36,20.0,30.0
0.049174443646805455,4904.7,3,1350.3999999999999,1379.0,"sS(s=20,S=30)",42,37,20.0,30.0
0.017397355601948505,5025.0,0,1430.8,1494.0,"sS(s=20,S=30)",42,38,20.0,30.0
0.05215973920130399,4315.8,2,1216.8799999999999,1228.6,"sS(s=20,S=30)",42,39,20.0,30.0
0.024539877300613498,4568.4,2,1267.24,1282.0,"sS(s=20,S=30)",42,40,20.0,30.0
0.034458259325044406,4898.7,0,1232.8799999999999,1260.6,"sS(s=20,S=30)",42,41,20.0,30.0
0.027560394692072134,5239.1,2,1474.56,1535.2,"sS(s=20,S=30)",42,42,20.0,30.0
0.02600568874441284,4319.4,1,1066.52,1077.4,"sS(s=20,S=30)",42,43,20.0,30.0
0.017513134851138354,4927.0,0,1223.2,1240.0,"sS(s=20,S=30)",42,44,20.0,30.0
0.027703984819734344,4572.3,0,1180.6399999999999,1217.3,"sS(s=20,S=30)",42,45,20.0,30.0
0.01656726308813784,5313.0,0,1590.8,1696.0,"sS(s=20,S=30)",42,46,20.0,30.0
0.020155586987270154,5095.7,1,1382.6,1402.0,"sS(s=20,S=30)",42,47,20.0,30.0
0.05529411764705883,4338.1,0,1104.06,1131.8,"sS(s=20,S=30)",42,48,20.0,30.0
0.017998560115190784,5038.0,9,1316.6,1329.0,"sS(s=20,S=30)",42,49,20.0,30.0
0.03529411764705882,4591.3,6,1126.66,1127.0,"sS(s=20,S=35)",42,0,20.0,35.0
0.028030578813250818,4633.7,0,1185.8,1193.0,"sS(s=20,S=35)",42,1,20.0,35.0
0.018782608695652174,4971.4,2,1437.8,1506.0,"sS(s=20,S=35)",42,2,20.0,35.0
0.018511662347278787,4644.0,0,1266.6,1303.0,"sS(s=20,S=35)",42,3,20.0,35.0
0.031874039938556066,4398.3,2,1233.8,1263.0,"sS(s=20,S=35)",42,4,20.0,35.0
0.041944074567243674,5152.6,4,1303.52,1319.0,"sS(s=20,S=35)",42,5,20.0,35.0
0.07076205287713841,4369.2,1,1216.5,1255.0,"sS(s=20,S=35)",42,6,20.0,35.0
0.020659659296846683,4782.7,1,1189.3999999999999,1227.0,"sS(s=20,S=35)",42,7,20.0,35.0
0.03182150694952451,4745.7,3,1400.4,1414.5,"sS(s=20,S=35)",42,8,20.0,35.0
0.03191850594227504,5109.4,0,1269.0,1277.0,"sS(s=20,S=35)",42,9,20.0,35.0
0.04953338119167265,4747.8,4,1189.8,1209.0,"sS(s=20,S=35)",42,10,20.0,35.0
0.02197392923649907,4551.9,0,1319.72,1356.9,"sS(s=20,S=35)",42,11,20.0,35.0
0.05857593826727464,4827.7,0,1458.04,1514.0,"sS(s=20,S=35)",42,12,20.0,35.0
0.024691358024691357,4797.9,3,1244.38,1263.0,"sS(s=20,S=35)",42,13,20.0,35.0
0.03784403669724771,4534.9,5,1214.4399999999998,1242.8,"sS(s=20,S=35)",42,14,20.0,35.0
0.019943019943019943,4719.6,3,1328.48,1349.6,"sS(s=20,S=35)",42,15,20.0,35.0
0.03998505231689088,4601.7,1,1433.62,1482.6,"sS(s=20,S=35)",42,16,20.0,35.0
0.02640845070422535,4939.5,3,1282.5,1318.0,"sS(s=20,S=35)",42,17,20.0,35.0
0.029813218390804596,4847.3,3,1288.72,1327.9,"sS(s=20,S=35)",42,18,20.0,35.0
0.05210727969348659,4314.6,3,1142.68,1183.0,"sS(s=20,S=35)",42,19,20.0,35.0
0.032569792412312094,4853.1,1,1427.2,1471.0,"sS(s=20,S=35)",42,20,20.0,35.0
0.06520996927278935,4986.1,4,1379.34,1385.0,"sS(s=20,S=35)",42,21,20.0,35.0
0.027258320126782885,5556.6,1,1580.2,1639.0,"sS(s=20,S=35)",42,22,20.0,35.0
0.060829817158931085,5140.3,2,1322.5600000000002,1340.4,"sS(s=20,S=35)",42,23,20.0,35.0
0.028234453180843458,4755.9,1,1185.4,1199.0,"sS(s=20,S=35)",42,24,20.0,35.0
0.030833917309039945,4848.8,0,1301.0,1337.0,"sS(s=20,S=35)",42,25,20.0,35.0
0.01868460388639761,4659.0,7,1206.6,1221.0,"sS(s=20,S=35)",42,26,20.0,35.0
0.03996069439895185,5354.6,4,1574.6,1591.0,"sS(s=20,S=35)",42,27,20.0,35.0
0.019425019425019424,4250.0,0,1194.6,1255.0,"sS(s=20,S=35)",42,28,20.0,35.0
0.02825063382832307,4514.8,0,1495.06,1638.0,"sS(s=20,S=35)",42,29,20.0,35.0
0.023877405559515324,4732.7,0,1179.98,1194.4,"sS(s=20,S=35)",42,30,20.0,35.0
0.01762114537444934,5146.2,0,1381.04,1423.0,"sS(s=20,S=35)",42,31,20.0,35.0
0.05911680911680912,4847.9,0,1139.14,1152.0,"sS(s=20,S=35)",42,32,20.0,35.0
0.056291390728476824,4623.2,2,1316.78,1320.2,"sS(s=20,S=35)",42,33,20.0,35.0
0.042258932001536686,4510.0,4,1364.0,1449.0,"sS(s=20,S=35)",42,34,20.0,35.0
0.037252619324796274,4379.6,0,1138.76,1161.4,"sS(s=20,S=35)",42,35,20.0,35.0
0.01701258931609391,5018.0,2,1348.6,1378.0,"sS(s=20,S=35)",42,36,20.0,35.0
0.06532663316582915,4826.0,3,1322.6599999999999,1354.0,"sS(s=20,S=35)",42,37,20.0,35.0
0.017397355601948505,4920.0,0,1387.8,1449.0,"sS(s=20,S=35)",42,38,20.0,35.0
0.06438467807660962,4223.8,2,1179.8799999999999,1191.1,"sS(s=20,S=35)",42,39,20.0,35.0
0.032208588957055216,4485.4,2,1233.54,1247.0,"sS(s=20,S=35)",42,40,20.0,35.0
0.055062166962699825,4865.5,0,1198.04,1220.1,"sS(s=20,S=35)",42,41,20.0,35.0
0.03980945899965975,5187.7,2,1453.58,1514.7,"sS(s=20,S=35)",42,42,20.0,35.0
0.03250711093051605,4242.0,1,1059.1200000000001,1071.9,"sS(s=20,S=35)",42,43,20.0,35.0
0.017513134851138354,4812.0,0,1196.2,1215.0,"sS(s=20,S=35)",42,44,20.0,35.0
0.04326375711574953,4502.4,0,1194.92,1241.4,"sS(s=20,S=35)",42,45,20.0,35.0
0.021206096752816435,5223.4,0,1571.34,1681.0,"sS(s=20,S=35)",42,46,20.0,35.0
0.025813295615275813,5041.3,1,1359.2,1379.0,"sS(s=20,S=35)",42,47,20.0,35.0
0.07490196078431373,4256.1,0,1100.26,1124.3,"sS(s=20,S=35)",42,48,20.0,35.0
0.017998560115190784,4933.0,9,1288.0,1304.0,"sS(s=20,S=35)",42,49,20.0,35.0
0.04971537001897533,4513.1,6,1098.4199999999998,1100.1,"sS(s=20,S=40)",42,0,20.0,40.0
0.03494721514379323,4534.6,0,1165.94,1176.0,"sS(s=20,S=40)",42,1,20.0,40.0
0.025043478260869566,4886.2,2,1412.56,1481.0,"sS(s=20,S=40)",42,2,20.0,40.0
0.018511662347278787,4549.0,0,1239.6,1278.0,"sS(s=20,S=40)",42,3,20.0,40.0
0.039938556067588324,4296.4,2,1206.08,1234.6,"sS(s=20,S=40)",42,4,20.0,40.0
0.05026631158455393,5077.3,4,1300.06,1310.0,"sS(s=20,S=40)",42,5,20.0,40.0
0.09603421461897356,4270.7,1,1188.3,1230.0,"sS(s=20,S=40)",42,6,20.0,40.0
0.02899601304820587,4713.0,1,1175.0,1220.0,"sS(s=20,S=40)",42,7,20.0,40.0
0.04754937820043892,4701.0,2,1380.76,1396.5,"sS(s=20,S=40)",42,8,20.0,40.0
0.04380305602716469,5044.9,0,1250.8,1252.0,"sS(s=20,S=40)",42,9,20.0,40.0
0.06389088298636038,4645.5,3,1180.8,1209.0,"sS(s=20,S=40)",42,10,20.0,40.0
0.027560521415270017,4463.4,0,1307.1200000000001,1347.4,"sS(s=20,S=40)",42,11,20.0,40.0
0.0796211855489302,4789.4,0,1429.9,1496.7,"sS(s=20,S=40)",42,12,20.0,40.0
0.029411764705882353,4685.7,3,1226.98,1254.0,"sS(s=20,S=40)",42,13,20.0,40.0
0.05542813455657492,4483.5,5,1198.36,1227.3,"sS(s=20,S=40)",42,14,20.0,40.0
0.023504273504273504,4605.6,3,1315.72,1347.4,"sS(s=20,S=40)",42,15,20.0,40.0
0.05493273542600897,4533.7,1,1426.7199999999998,1474.1,"sS(s=20,S=40)",42,16,20.0,40.0
0.03838028169014084,4877.9,3,1244.2,1273.0,"sS(s=20,S=40)",42,17,20.0,40.0
0.03879310344827586,4759.8,3,1266.92,1309.4,"sS(s=20,S=40)",42,18,20.0,40.0
0.07318007662835249,4315.1,3,1130.6,1168.0,"sS(s=20,S=40)",42,19,20.0,40.0
0.047244094488188976,4778.6,1,1416.6,1456.0,"sS(s=20,S=40)",42,20,20.0,40.0
0.0788665073403892,4895.1,4,1350.48,1354.0,"sS(s=20,S=40)",42,21,20.0,40.0
0.039619651347068144,5513.5,2,1568.2,1624.0,"sS(s=20,S=40)",42,22,20.0,40.0
0.06751054852320675,5095.2,2,1338.72,1368.0,"sS(s=20,S=40)",42,23,20.0,40.0
0.0318084345961401,4646.9,1,1142.4,1154.0,"sS(s=20,S=40)",42,24,20.0,40.0
0.036440084092501754,4741.4,0,1268.8799999999999,1303.1,"sS(s=20,S=40)",42,25,20.0,40.0
0.023542600896860985,4522.3,5,1187.04,1203.3,"sS(s=20,S=40)",42,26,20.0,40.0
0.046511627906976744,5274.6,3,1611.2,1648.0,"sS(s=20,S=40)",42,27,20.0,40.0
0.024475524475524476,4139.3,0,1153.52,1210.0,"sS(s=20,S=40)",42,28,20.0,40.0
0.0373053241579138,4434.3,0,1477.7599999999998,1618.0,"sS(s=20,S=40)",42,29,20.0,40.0
0.03278688524590164,4656.2,0,1138.5600000000002,1152.9,"sS(s=20,S=40)",42,30,20.0,40.0
0.02134869535750593,5063.3,0,1365.0,1408.0,"sS(s=20,S=40)",42,31,20.0,40.0
0.07158119658119658,4761.9,0,1110.24,1128.0,"sS(s=20,S=40)",42,32,20.0,40.0
0.07873436350257543,4568.3,2,1354.2399999999998,1378.1,"sS(s=20,S=40)",42,33,20.0,40.0
0.0530157510564733,4439.8,3,1332.0,1414.0,"sS(s=20,S=40)",42,34,20.0,40.0
0.047729918509895226,4285.3,0,1096.5600000000002,1106.9,"sS(s=20,S=40)",42,35,20.0,40.0
0.01701258931609391,4935.0,2,1321.6,1353.0,"sS(s=20,S=40)",42,36,20.0,40.0
0.08147882268485283,4750.0,2,1298.06,1329.0,"sS(s=20,S=40)",42,37,20.0,40.0
0.022268615170494086,4830.4,0,1352.96,1416.0,"sS(s=20,S=40)",42,38,20.0,40.0
0.07660961695191525,4113.8,2,1142.8799999999999,1153.6,"sS(s=20,S=40)",42,39,20.0,40.0
0.04409509202453988,4428.5,3,1203.44,1212.0,"sS(s=20,S=40)",42,40,20.0,40.0
0.0763765541740675,4793.5,0,1162.54,1176.6,"sS(s=20,S=40)",42,41,20.0,40.0
0.05444028581150051,5145.8,2,1421.0,1473.5,"sS(s=20,S=40)",42,42,20.0,40.0
0.04185290532303942,4202.3,1,1059.72,1076.4,"sS(s=20,S=40)",42,43,20.0,40.0
0.01786339754816112,4698.1,0,1169.2,1190.0,"sS(s=20,S=40)",42,44,20.0,40.0
0.06793168880455408,4449.4,0,1194.32,1246.9,"sS(s=20,S=40)",42,45,20.0,40.0
0.027833001988071572,5140.4,0,1552.54,1666.0,"sS(s=20,S=40)",42,46,20.0,40.0
0.034653465346534656,4973.8,1,1350.2,1374.0,"sS(s=20,S=40)",42,47,20.0,40.0
0.0976470588235294,4167.1,0,1089.26,1107.8,"sS(s=20,S=40)",42,48,20.0,40.0
0.017998560115190784,4844.8,9,1263.0,1279.0,"sS(s=20,S=40)",42,49,20.0,40.0
0.07438330170777989,4476.6,6,1073.54,1075.0,"sS(s=20,S=45)",42,0,20.0,45.0
0.044048052420822714,4446.5,0,1152.82,1161.0,"sS(s=20,S=45)",42,1,20.0,45.0
0.032,4803.2,2,1392.56,1462.0,"sS(s=20,S=45)",42,2,20.0,45.0
0.019622362088115512,4457.3,0,1216.86,1259.0,"sS(s=20,S=45)",42,3,20.0,45.0
0.05337941628264209,4209.9,2,1184.08,1210.6,"sS(s=20,S=45)",42,4,20.0,45.0
0.05858854860186418,4957.3,3,1278.24,1285.3,"sS(s=20,S=45)",42,5,20.0,45.0
0.12013996889580093,4177.7,1,1168.2,1209.0,"sS(s=20,S=45)",42,6,20.0,45.0
0.04204421891989851,4680.6,1,1217.4799999999998,1270.6,"sS(s=20,S=45)",42,7,20.0,45.0
0.06583760058522312,4678.0,2,1415.6599999999999,1456.5,"sS(s=20,S=45)",42,8,20.0,45.0
0.05466893039049236,4953.4,0,1221.8,1227.0,"sS(s=20,S=45)",42,9,20.0,45.0
0.07824838478104809,4566.3,3,1174.82,1209.0,"sS(s=20,S=45)",42,10,20.0,45.0
0.03314711359404097,4374.9,0,1294.52,1337.9,"sS(s=20,S=45)",42,11,20.0,45.0
0.1038232199228341,4685.3,0,1382.3799999999999,1444.7,"sS(s=20,S=45)",42,12,20.0,45.0
0.036673928830791576,4610.2,2,1259.3799999999999,1303.0,"sS(s=20,S=45)",42,13,20.0,45.0
0.08065749235474007,4468.1,4,1183.54,1209.9,"sS(s=20,S=45)",42,14,20.0,45.0
0.02849002849002849,4496.0,3,1308.94,1352.4,"sS(s=20,S=45)",42,15,20.0,45.0
0.07137518684603886,4450.9,1,1414.2199999999998,1465.6,"sS(s=20,S=45)",42,16,20.0,45.0
0.045774647887323945,4845.0,3,1207.68,1228.0,"sS(s=20,S=45)",42,17,20.0,45.0
0.051364942528735635,4704.3,3,1246.66,1290.9,"sS(s=20,S=45)",42,18,20.0,45.0
0.08467432950191571,4164.1,3,1120.6,1153.0,"sS(s=20,S=45)",42,19,20.0,45.0
0.05619183965640658,4694.4,1,1394.56,1434.7,"sS(s=20,S=45)",42,20,20.0,45.0
0.0897917377944691,4838.3,4,1378.48,1405.0,"sS(s=20,S=45)",42,21,20.0,45.0
0.060538827258320126,5477.1,2,1556.2,1609.0,"sS(s=20,S=45)",42,22,20.0,45.0
0.08790436005625879,5029.0,2,1311.86,1341.3,"sS(s=20,S=45)",42,23,20.0,45.0
0.03538241601143674,4537.9,1,1099.4,1109.0,"sS(s=20,S=45)",42,24,20.0,45.0
0.046951646811492644,4653.4,0,1250.76,1284.6,"sS(s=20,S=45)",42,25,20.0,45.0
0.02914798206278027,4386.8,5,1186.24,1199.8,"sS(s=20,S=45)",42,26,20.0,45.0
0.05306256141500164,5173.6,3,1598.2,1643.0,"sS(s=20,S=45)",42,27,20.0,45.0
0.04312354312354312,4057.1,0,1123.48,1176.0,"sS(s=20,S=45)",42,28,20.0,45.0
0.05432814197754437,4336.0,0,1444.1,1578.0,"sS(s=20,S=45)",42,29,20.0,45.0
0.042765502494654314,4562.0,0,1099.42,1106.4,"sS(s=20,S=45)",42,30,20.0,45.0
0.029481531684174857,5017.7,0,1357.24,1393.0,"sS(s=20,S=45)",42,31,20.0,45.0
0.0787037037037037,4705.9,0,1103.4,1119.0,"sS(s=20,S=45)",42,32,20.0,45.0
0.1144223693892568,4531.0,1,1402.2399999999998,1453.1,"sS(s=20,S=45)",42,33,20.0,45.0
0.06454091432961967,4379.8,3,1302.0,1379.0,"sS(s=20,S=45)",42,34,20.0,45.0
0.06713232440822663,4211.3,0,1063.96,1064.4,"sS(s=20,S=45)",42,35,20.0,45.0
0.01701258931609391,4852.0,2,1294.6,1328.0,"sS(s=20,S=45)",42,36,20.0,45.0
0.09763101220387653,4657.0,2,1270.06,1304.0,"sS(s=20,S=45)",42,37,20.0,45.0
0.031315240083507306,4754.0,0,1325.48,1391.0,"sS(s=20,S=45)",42,38,20.0,45.0
0.08883455582722087,4021.8,2,1105.8799999999999,1116.1,"sS(s=20,S=45)",42,39,20.0,45.0
0.06096625766871166,4312.9,3,1182.8600000000001,1195.9,"sS(s=20,S=45)",42,40,20.0,45.0
0.09769094138543517,4711.5,0,1127.04,1133.1,"sS(s=20,S=45)",42,41,20.0,45.0
0.07145287512759442,5091.8,2,1385.0,1426.0,"sS(s=20,S=45)",42,42,20.0,45.0
0.056074766355140186,4135.8,1,1041.1200000000001,1056.9,"sS(s=20,S=45)",42,43,20.0,45.0
0.02136602451838879,4594.1,0,1142.2,1165.0,"sS(s=20,S=45)",42,44,20.0,45.0
0.08500948766603415,4390.4,0,1160.1200000000001,1210.4,"sS(s=20,S=45)",42,45,20.0,45.0
0.03777335984095427,5104.4,0,1539.54,1651.0,"sS(s=20,S=45)",42,46,20.0,45.0
0.04526166902404526,4935.8,1,1384.0,1422.5,"sS(s=20,S=45)",42,47,20.0,45.0
0.11764705882352941,4089.2,0,1070.26,1081.3,"sS(s=20,S=45)",42,48,20.0,45.0
0.024478041756659467,4749.6,8,1237.0,1254.0,"sS(s=20,S=45)",42,49,20.0,45.0
0.09943074003795066,4458.0,5,1091.16,1092.7,"sS(s=20,S=50)",42,0,20.0,50.0
0.056789224608664,4397.0,0,1173.82,1188.0,"sS(s=20,S=50)",42,1,20.0,50.0
0.042782608695652175,4754.3,2,1384.56,1447.0,"sS(s=20,S=50)",42,2,20.0,50.0
0.028878193261754906,4389.8,0,1223.32,1280.0,"sS(s=20,S=50)",42,3,20.0,50.0
0.06682027649769585,4147.4,2,1181.28,1210.6,"sS(s=20,S=50)",42,4,20.0,50.0
0.07023968042609853,4868.1,2,1290.2,1310.3,"sS(s=20,S=50)",42,5,20.0,50.0
0.14307931570762053,4144.0,1,1226.84,1277.3,"sS(s=20,S=50)",42,6,20.0,50.0
0.06560347952156578,4593.1,1,1225.4799999999998,1278.1,"sS(s=20,S=50)",42,7,20.0,50.0
0.08412582297000731,4598.0,2,1385.76,1427.5,"sS(s=20,S=50)",42,8,20.0,50.0
0.061460101867572156,4861.9,0,1199.4,1202.0,"sS(s=20,S=50)",42,9,20.0,50.0
0.0936826992103374,4475.3,3,1176.22,1209.0,"sS(s=20,S=50)",42,10,20.0,50.0
0.03165735567970205,4285.5,0,1296.14,1346.4,"sS(s=20,S=50)",42,11,20.0,50.0
0.12662223781129428,4585.8,0,1333.68,1388.2,"sS(s=20,S=50)",42,12,20.0,50.0
0.048293391430646336,4544.8,2,1255.94,1306.2,"sS(s=20,S=50)",42,13,20.0,50.0
0.14029051987767585,4464.6,4,1166.24,1202.4,"sS(s=20,S=50)",42,14,20.0,50.0
0.03418803418803419,4416.6,3,1336.62,1398.0,"sS(s=20,S=50)",42,15,20.0,50.0
0.08781763826606875,4387.1,1,1394.6799999999998,1448.3,"sS(s=20,S=50)",42,16,20.0,50.0
0.06338028169014084,4765.0,3,1174.38,1188.5,"sS(s=20,S=50)",42,17,20.0,50.0
0.06932471264367816,4641.3,3,1228.66,1274.4,"sS(s=20,S=50)",42,18,20.0,50.0
0.09885057471264368,4086.3,2,1169.8,1212.0,"sS(s=20,S=50)",42,19,20.0,50.0
0.06764495347172512,4623.3,1,1371.9,1410.7,"sS(s=20,S=50)",42,20,20.0,50.0
0.11539774667121884,4771.8,4,1357.12,1380.0,"sS(s=20,S=50)",42,21,20.0,50.0
0.08874801901743265,5444.0,2,1544.2,1594.0,"sS(s=20,S=50)",42,22,20.0,50.0
0.11919831223628692,4996.9,2,1299.74,1327.8,"sS(s=20,S=50)",42,23,20.0,50.0
0.04110078627591136,4435.5,1,1061.6799999999998,1070.6,"sS(s=20,S=50)",42,24,20.0,50.0
0.0578135949544499,4595.5,0,1252.26,1285.1,"sS(s=20,S=50)",42,25,20.0,50.0
0.044095665171898356,4295.8,4,1185.44,1196.3,"sS(s=20,S=50)",42,26,20.0,50.0
0.05961349492302653,5072.6,3,1585.2,1638.0,"sS(s=20,S=50)",42,27,20.0,50.0
0.05672105672105672,4114.6,0,1118.1399999999999,1172.5,"sS(s=20,S=50)",42,28,20.0,50.0
0.07750814922129663,4283.4,0,1414.3,1538.0,"sS(s=20,S=50)",42,29,20.0,50.0
0.0541696364932288,4509.2,0,1082.74,1088.2,"sS(s=20,S=50)",42,30,20.0,50.0
0.04303625889528973,4978.7,0,1354.24,1378.0,"sS(s=20,S=50)",42,31,20.0,50.0
0.0787037037037037,4647.9,0,1082.2,1090.0,"sS(s=20,S=50)",42,32,20.0,50.0
0.15194996320824136,4479.0,1,1409.6399999999999,1470.1,"sS(s=20,S=50)",42,33,20.0,50.0
0.09296965040338072,4355.2,3,1432.0,1544.0,"sS(s=20,S=50)",42,34,20.0,50.0
0.083430345362825,4103.8,0,1059.84,1069.2,"sS(s=20,S=50)",42,35,20.0,50.0
0.02824089826471589,4795.3,1,1282.04,1318.3,"sS(s=20,S=50)",42,36,20.0,50.0
0.12239770279971285,4468.7,2,1242.06,1279.0,"sS(s=20,S=50)",42,37,20.0,50.0
0.04314544189283229,4730.4,0,1339.0,1418.0,"sS(s=20,S=50)",42,38,20.0,50.0
0.10431947840260798,3941.9,2,1073.28,1081.9,"sS(s=20,S=50)",42,39,20.0,50.0
0.08588957055214724,4247.6,3,1163.96,1181.9,"sS(s=20,S=50)",42,40,20.0,50.0
0.11900532859680284,4650.5,0,1105.9399999999998,1107.6,"sS(s=20,S=50)",42,41,20.0,50.0
0.08846546444368833,5054.8,1,1322.72,1341.5,"sS(s=20,S=50)",42,42,20.0,50.0
0.07029662738724096,4086.3,1,1022.5200000000001,1037.4,"sS(s=20,S=50)",42,43,20.0,50.0
0.024868651488616462,4490.1,0,1115.2,1140.0,"sS(s=20,S=50)",42,44,20.0,50.0
0.10588235294117647,4329.5,0,1161.72,1212.9,"sS(s=20,S=50)",42,45,20.0,50.0
0.055666003976143144,5068.8,0,1528.1399999999999,1636.0,"sS(s=20,S=50)",42,46,20.0,50.0
0.06117397454031118,4880.3,1,1375.8,1418.5,"sS(s=20,S=50)",42,47,20.0,50.0
0.1411764705882353,4015.5,0,1067.26,1074.8,"sS(s=20,S=50)",42,48,20.0,50.0
0.035637149028077755,4678.7,8,1220.3600000000001,1239.2,"sS(s=20,S=50)",42,49,20.0,50.0
0.1222011385199241,4427.0,5,1143.56,1155.7,"sS(s=20,S=55)",42,0,20.0,55.0
0.06953039679650527,4372.5,0,1157.22,1163.0,"sS(s=20,S=55)",42,1,20.0,55.0
0.050782608695652175,4727.6,2,1404.04,1456.6,"sS(s=20,S=55)",42,2,20.0,55.0
0.0381340244353943,4322.3,0,1202.88,1253.2,"sS(s=20,S=55)",42,3,20.0,55.0
0.08525345622119816,4089.2,2,1160.5,1181.6,"sS(s=20,S=55)",42,4,20.0,55.0
0.08621837549933423,4852.9,2,1310.04,1335.3,"sS(s=20,S=55)",42,5,20.0,55.0
0.16640746500777606,4123.0,2,1211.6399999999999,1253.3,"sS(s=20,S=55)",42,6,20.0,55.0
0.07683943457774556,4449.2,1,1140.6799999999998,1169.6,"sS(s=20,S=55)",42,7,20.0,55.0
0.10241404535479151,4518.0,2,1355.86,1398.5,"sS(s=20,S=55)",42,8,20.0,55.0
0.06825127334465195,4770.4,0,1194.6,1199.0,"sS(s=20,S=55)",42,9,20.0,55.0
0.12060301507537688,4376.3,3,1176.54,1209.0,"sS(s=20,S=55)",42,10,20.0,55.0
0.04283054003724395,4208.5,0,1278.14,1332.4,"sS(s=20,S=55)",42,11,20.0,55.0
0.14942125569975448,4465.8,0,1283.3799999999999,1327.2,"sS(s=20,S=55)",42,12,20.0,55.0
0.06281771968046478,4456.3,2,1243.1399999999999,1302.2,"sS(s=20,S=55)",42,13,20.0,55.0
0.16819571865443425,4433.1,3,1182.54,1228.9,"sS(s=20,S=55)",42,14,20.0,55.0
0.047364672364672365,4393.3,3,1332.1599999999999,1393.0,"sS(s=20,S=55)",42,15,20.0,55.0
0.10201793721973094,4327.9,1,1372.12,1428.8,"sS(s=20,S=55)",42,16,20.0,55.0
0.09190140845070423,4709.1,2,1139.8,1151.1,"sS(s=20,S=55)",42,17,20.0,55.0
0.08728448275862069,4636.3,3,1222.66,1265.9,"sS(s=20,S=55)",42,18,20.0,55.0
0.10689655172413794,3976.9,2,1067.3200000000002,1081.4,"sS(s=20,S=55)",42,19,20.0,55.0
0.08446671438797423,4611.7,2,1359.04,1386.0,"sS(s=20,S=55)",42,20,20.0,55.0
0.1399795151928986,4680.2,4,1336.52,1355.0,"sS(s=20,S=55)",42,21,20.0,55.0
0.11378763866877971,5382.4,2,1532.2,1579.0,"sS(s=20,S=55)",42,22,20.0,55.0
0.15260196905766527,5014.4,3,1316.74,1346.3,"sS(s=20,S=55)",42,23,20.0,55.0
0.048248749106504646,4337.5,1,1032.28,1036.6,"sS(s=20,S=55)",42,24,20.0,55.0
0.0606166783461808,4538.3,0,1228.76,1256.6,"sS(s=20,S=55)",42,25,20.0,55.0
0.05829596412556054,4229.0,4,1184.6399999999999,1192.8,"sS(s=20,S=55)",42,26,20.0,55.0
0.06911234850966262,4981.5,3,1569.32,1624.9,"sS(s=20,S=55)",42,27,20.0,55.0
0.08391608391608392,4010.6,0,1084.3799999999999,1138.0,"sS(s=20,S=55)",42,28,20.0,55.0
0.10648315827598696,4298.4,0,1384.5,1498.0,"sS(s=20,S=55)",42,29,20.0,55.0
0.06557377049180328,4451.4,0,1041.44,1043.7,"sS(s=20,S=55)",42,30,20.0,55.0
0.0579464588275161,4943.1,0,1338.44,1363.0,"sS(s=20,S=55)",42,31,20.0,55.0
0.09366096866096867,4552.1,0,1061.0,1061.0,"sS(s=20,S=55)",42,32,20.0,55.0
0.1817512877115526,4406.5,1,1417.04,1487.1,"sS(s=20,S=55)",42,33,20.0,55.0
0.11563580484056857,4295.1,3,1425.92,1538.9,"sS(s=20,S=55)",42,34,20.0,55.0
0.09429569266589057,4038.6,0,1065.5,1076.2,"sS(s=20,S=55)",42,35,20.0,55.0
0.0421912215039129,4786.4,2,1307.26,1355.3,"sS(s=20,S=55)",42,36,20.0,55.0
0.14752333094041636,4370.7,2,1214.06,1254.0,"sS(s=20,S=55)",42,37,20.0,55.0
0.06332637439109255,4695.2,0,1328.76,1405.2,"sS(s=20,S=55)",42,38,20.0,55.0
0.12184189079054605,3908.7,1,1074.74,1088.9,"sS(s=20,S=55)",42,39,20.0,55.0
0.11503067484662577,4196.2,4,1147.48,1167.9,"sS(s=20,S=55)",42,40,20.0,55.0
0.12433392539964476,4632.0,0,1098.68,1099.4,"sS(s=20,S=55)",42,41,20.0,55.0
0.10581830554610412,5004.9,1,1293.8,1307.0,"sS(s=20,S=55)",42,42,20.0,55.0
0.08858187728565624,4029.2,1,1007.9399999999999,1017.9,"sS(s=20,S=55)",42,43,20.0,55.0
0.029422066549912435,4389.4,0,1093.8,1121.0,"sS(s=20,S=55)",42,44,20.0,55.0
0.1267552182163188,4302.5,0,1217.72,1280.4,"sS(s=20,S=55)",42,45,20.0,55.0
0.07554671968190854,5025.8,0,1512.1999999999998,1621.0,"sS(s=20,S=55)",42,46,20.0,55.0
0.07567185289957568,4859.4,1,1391.6,1444.5,"sS(s=20,S=55)",42,47,20.0,55.0
0.16470588235294117,3971.5,0,1064.26,1068.3,"sS(s=20,S=55)",42,48,20.0,55.0
0.0482361411087113,4636.4,8,1211.58,1239.7,"sS(s=20,S=55)",42,49,20.0,55.0
0.14724857685009488,4365.2,4,1122.3600000000001,1126.7,"sS(s=20,S=60)",42,0,20.0,60.0
0.08409173643975246,4296.0,0,1140.62,1145.5,"sS(s=20,S=60)",42,1,20.0,60.0
0.07165217391304347,4668.6,2,1408.98,1463.4,"sS(s=20,S=60)",42,2,20.0,60.0
0.04850055534987042,4287.1,0,1171.24,1195.2,"sS(s=20,S=60)",42,3,20.0,60.0
0.12096774193548387,4130.3,2,1233.84,1273.9,"sS(s=20,S=60)",42,4,20.0,60.0
0.10286284953395473,4789.9,2,1317.24,1344.3,"sS(s=20,S=60)",42,5,20.0,60.0
0.18973561430793157,4080.0,2,1166.84,1192.3,"sS(s=20,S=60)",42,6,20.0,60.0
0.09097499093874592,4393.1,1,1144.6799999999998,1172.1,"sS(s=20,S=60)",42,7,20.0,60.0
0.11777615215801024,4448.1,1,1326.3799999999999,1369.5,"sS(s=20,S=60)",42,8,20.0,60.0
0.07945670628183361,4710.8,0,1198.26,1209.0,"sS(s=20,S=60)",42,9,20.0,60.0
0.14752333094041636,4339.4,3,1200.14,1209.0,"sS(s=20,S=60)",42,10,20.0,60.0
0.055865921787709494,4212.0,0,1277.14,1349.4,"sS(s=20,S=60)",42,11,20.0,60.0
0.1634514205541915,4420.6,0,1291.8799999999999,1351.6,"sS(s=20,S=60)",42,12,20.0,60.0
0.07734204793028322,4469.8,2,1269.94,1320.2,"sS(s=20,S=60)",42,13,20.0,60.0
0.172782874617737,4431.7,4,1159.48,1184.1,"sS(s=20,S=60)",42,14,20.0,60.0
0.06517094017094018,4341.3,3,1329.36,1388.0,"sS(s=20,S=60)",42,15,20.0,60.0
0.11995515695067265,4342.5,1,1353.7199999999998,1425.8,"sS(s=20,S=60)",42,16,20.0,60.0
0.12183098591549296,4722.6,2,1159.0,1163.1,"sS(s=20,S=60)",42,17,20.0,60.0
0.08908045977011494,4606.8,3,1237.4199999999998,1291.6,"sS(s=20,S=60)",42,18,20.0,60.0
0.13486590038314175,3994.7,2,1202.6,1248.0,"sS(s=20,S=60)",42,19,20.0,60.0
0.08947745168217609,4576.4,2,1335.34,1361.0,"sS(s=20,S=60)",42,20,20.0,60.0
0.14612495732331854,4625.5,4,1328.08,1330.0,"sS(s=20,S=60)",42,21,20.0,60.0
0.12297939778129953,5286.5,1,1530.1399999999999,1578.0,"sS(s=20,S=60)",42,22,20.0,60.0
0.1828410689170183,4938.3,3,1316.34,1350.8,"sS(s=20,S=60)",42,23,20.0,60.0
0.05539671193709793,4274.5,1,1034.28,1036.6,"sS(s=20,S=60)",42,24,20.0,60.0
0.10371408549404344,4499.6,0,1201.3,1228.1,"sS(s=20,S=60)",42,25,20.0,60.0
0.08819133034379671,4245.9,6,1180.8,1185.5,"sS(s=20,S=60)",42,26,20.0,60.0
0.07893874877169997,4897.3,3,1551.52,1608.9,"sS(s=20,S=60)",42,27,20.0,60.0
0.11305361305361306,3891.1,0,1065.04,1114.5,"sS(s=20,S=60)",42,28,20.0,60.0
0.13147410358565736,4212.0,0,1351.82,1454.4,"sS(s=20,S=60)",42,29,20.0,60.0
0.06878118317890235,4393.3,0,1028.48,1031.8,"sS(s=20,S=60)",42,30,20.0,60.0
0.07827854964418841,4879.1,0,1325.0,1348.0,"sS(s=20,S=60)",42,31,20.0,60.0
0.10968660968660969,4420.6,0,1063.2,1071.0,"sS(s=20,S=60)",42,32,20.0,60.0
0.21118469462840322,4389.8,0,1445.7399999999998,1534.1,"sS(s=20,S=60)",42,33,20.0,60.0
0.1386861313868613,4262.1,2,1420.72,1534.9,"sS(s=20,S=60)",42,34,20.0,60.0
0.1113698098564222,3960.3,0,1058.66,1076.2,"sS(s=20,S=60)",42,35,20.0,60.0
0.06022456617897244,4812.7,2,1335.9199999999998,1387.0,"sS(s=20,S=60)",42,36,20.0,60.0
0.16762383345297918,4280.4,2,1195.02,1229.0,"sS(s=20,S=60)",42,37,20.0,60.0
0.09464161447459986,4687.2,0,1386.36,1477.2,"sS(s=20,S=60)",42,38,20.0,60.0
0.14832925835370822,3931.7,1,1079.86,1085.1,"sS(s=20,S=60)",42,39,20.0,60.0
0.14762269938650308,4160.7,4,1138.78,1153.9,"sS(s=20,S=60)",42,40,20.0,60.0
0.1502664298401421,4561.8,0,1086.48,1090.3,"sS(s=20,S=60)",42,41,20.0,60.0
0.1296359305886356,5006.9,0,1271.06,1272.7,"sS(s=20,S=60)",42,42,20.0,60.0
0.10808614384396587,4028.3,1,996.64,998.4,"sS(s=20,S=60)",42,43,20.0,60.0
0.04133099824868652,4354.8,0,1165.0,1210.0,"sS(s=20,S=60)",42,44,20.0,60.0
0.152561669829222,4285.2,0,1212.92,1271.9,"sS(s=20,S=60)",42,45,20.0,60.0
0.10337972166998012,5009.2,0,1502.1999999999998,1606.0,"sS(s=20,S=60)",42,46,20.0,60.0
0.09512022630834512,4841.9,1,1377.8,1433.5,"sS(s=20,S=60)",42,47,20.0,60.0
0.18823529411764706,3941.5,0,1065.82,1067.5,"sS(s=20,S=60)",42,48,20.0,60.0
0.07163426925845932,4544.9,8,1261.78,1312.2,"sS(s=20,S=60)",42,49,20.0,60.0
0.17571157495256168,4365.2,5,1114.34,1115.0,"sS(s=20,S=65)",42,0,20.0,65.0
0.10411357844921733,4208.0,0,1139.62,1147.5,"sS(s=20,S=65)",42,1,20.0,65.0
0.09078260869565218,4671.9,1,1467.6399999999999,1531.0,"sS(s=20,S=65)",42,2,20.0,65.0
0.06886338393187708,4368.6,0,1182.64,1225.7,"sS(s=20,S=65)",42,3,20.0,65.0
0.15360983102918588,4100.8,2,1225.34,1255.4,"sS(s=20,S=65)",42,4,20.0,65.0
0.11384820239680427,4755.4,2,1311.6399999999999,1337.3,"sS(s=20,S=65)",42,5,20.0,65.0
0.22317262830482115,4016.6,2,1177.48,1200.6,"sS(s=20,S=65)",42,6,20.0,65.0
0.11634650235592606,4364.1,1,1231.8799999999999,1278.6,"sS(s=20,S=65)",42,7,20.0,65.0
0.12143379663496708,4499.6,2,1320.14,1353.7,"sS(s=20,S=65)",42,8,20.0,65.0
0.09134125636672326,4686.8,0,1209.8,1219.0,"sS(s=20,S=65)",42,9,20.0,65.0
0.15649676956209618,4348.0,3,1191.78,1206.3,"sS(s=20,S=65)",42,10,20.0,65.0
0.06890130353817504,4130.5,0,1252.14,1325.4,"sS(s=20,S=65)",42,11,20.0,65.0
0.1795861101367941,4358.6,0,1261.58,1307.6,"sS(s=20,S=65)",42,12,20.0,65.0
0.09186637618010167,4405.3,2,1257.94,1311.2,"sS(s=20,S=65)",42,13,20.0,65.0
0.20718654434250763,4399.7,3,1152.1799999999998,1181.1,"sS(s=20,S=65)",42,14,20.0,65.0
0.08511396011396011,4252.9,3,1318.84,1384.1,"sS(s=20,S=65)",42,15,20.0,65.0
0.13228699551569506,4257.5,1,1278.36,1339.6,"sS(s=20,S=65)",42,16,20.0,65.0
0.15211267605633802,4701.2,2,1163.3999999999999,1174.1,"sS(s=20,S=65)",42,17,20.0,65.0
0.10775862068965517,4549.0,3,1222.7599999999998,1278.6,"sS(s=20,S=65)",42,18,20.0,65.0
0.14942528735632185,4061.0,3,1093.4,1109.0,"sS(s=20,S=65)",42,19,20.0,65.0
0.10522548317823908,4539.9,2,1362.52,1392.0,"sS(s=20,S=65)",42,20,20.0,65.0
0.1399795151928986,4577.1,4,1309.1000000000001,1309.4,"sS(s=20,S=65)",42,21,20.0,65.0
0.14896988906497624,5242.6,1,1532.34,1583.0,"sS(s=20,S=65)",42,22,20.0,65.0
0.2092123769338959,4935.8,3,1375.1399999999999,1429.3,"sS(s=20,S=65)",42,23,20.0,65.0
0.06397426733380987,4185.9,1,1027.52,1035.0,"sS(s=20,S=65)",42,24,20.0,65.0
0.12263489838822705,4431.4,0,1174.6999999999998,1199.6,"sS(s=20,S=65)",42,25,20.0,65.0
0.0930493273542601,4146.0,6,1196.0,1202.0,"sS(s=20,S=65)",42,26,20.0,65.0
0.0887651490337373,4853.3,2,1504.92,1538.9,"sS(s=20,S=65)",42,27,20.0,65.0
0.14219114219114218,3811.9,0,1048.1399999999999,1091.0,"sS(s=20,S=65)",42,28,20.0,65.0
0.14197754436798263,4114.7,0,1314.82,1405.4,"sS(s=20,S=65)",42,29,20.0,65.0
0.08695652173913043,4309.4,0,1000.56,1001.0,"sS(s=20,S=65)",42,30,20.0,65.0
0.08471704506946798,4858.0,0,1313.4,1331.0,"sS(s=20,S=65)",42,31,20.0,65.0
0.1274928774928775,4352.6,0,1067.16,1081.0,"sS(s=20,S=65)",42,32,20.0,65.0
0.23841059602649006,4429.8,1,1531.6399999999999,1661.1,"sS(s=20,S=65)",42,33,20.0,65.0
0.16173645793315405,4257.3,2,1445.24,1564.9,"sS(s=20,S=65)",42,34,20.0,65.0
0.136592937524253,3948.8,0,1049.66,1073.2,"sS(s=20,S=65)",42,35,20.0,65.0
0.07995916978564137,4773.5,2,1330.22,1384.5,"sS(s=20,S=65)",42,36,20.0,65.0
0.17839195979899497,4294.5,2,1198.96,1201.3,"sS(s=20,S=65)",42,37,20.0,65.0
0.12595685455810718,4726.6,0,1431.96,1534.2,"sS(s=20,S=65)",42,38,20.0,65.0
0.17766911165444174,3874.3,1,1057.4199999999998,1063.1,"sS(s=20,S=65)",42,39,20.0,65.0
0.17446319018404907,4081.2,4,1125.52,1139.9,"sS(s=20,S=65)",42,40,20.0,65.0
0.169449378330373,4504.3,0,1077.18,1081.8,"sS(s=20,S=65)",42,41,20.0,65.0
0.14698877169105137,4951.0,1,1325.4,1341.5,"sS(s=20,S=65)",42,42,20.0,65.0
0.1243396993092239,3995.8,1,1003.26,1011.1,"sS(s=20,S=65)",42,43,20.0,65.0
0.05499124343257443,4247.7,0,1152.2,1194.0,"sS(s=20,S=65)",42,44,20.0,65.0
0.1650853889943074,4315.6,0,1208.1200000000001,1263.4,"sS(s=20,S=65)",42,45,20.0,65.0
0.12491716368455931,4955.6,0,1485.0,1582.0,"sS(s=20,S=65)",42,46,20.0,65.0
0.11987270155586988,4798.9,1,1353.6,1409.5,"sS(s=20,S=65)",42,47,20.0,65.0
0.21176470588235294,3922.0,0,1070.42,1070.5,"sS(s=20,S=65)",42,48,20.0,65.0
0.0939524838012959,4461.4,8,1245.84,1302.7,"sS(s=20,S=65)",42,49,20.0,65.0
0.19772296015180266,4317.6,5,1119.54,1125.0,"sS(s=20,S=70)",42,0,20.0,70.0
0.10921004732435384,4051.9,0,1077.98,1095.1,"sS(s=20,S=70)",42,1,20.0,70.0
0.08556521739130435,4516.9,1,1427.3799999999999,1513.0,"sS(s=20,S=70)",42,2,20.0,70.0
0.09181784524250278,4365.8,0,1186.24,1212.2,"sS(s=20,S=70)",42,3,20.0,70.0
0.18625192012288785,4027.3,2,1208.04,1236.9,"sS(s=20,S=70)",42,4,20.0,70.0
0.12217043941411451,4716.6,2,1264.1,1276.3,"sS(s=20,S=70)",42,5,20.0,70.0
0.2581648522550544,4061.1,2,1191.48,1213.1,"sS(s=20,S=70)",42,6,20.0,70.0
0.14244291409931134,4302.1,1,1243.8799999999999,1291.1,"sS(s=20,S=70)",42,7,20.0,70.0
0.14520848573518655,4491.6,2,1339.14,1384.2,"sS(s=20,S=70)",42,8,20.0,70.0
0.10424448217317488,4662.1,0,1222.26,1229.0,"sS(s=20,S=70)",42,9,20.0,70.0
0.17516152189519024,4229.6,3,1185.42,1197.3,"sS(s=20,S=70)",42,10,20.0,70.0
0.08268156424581005,4057.2,0,1229.14,1301.4,"sS(s=20,S=70)",42,11,20.0,70.0
0.18133988074359875,4415.1,0,1231.28,1263.6,"sS(s=20,S=70)",42,12,20.0,70.0
0.10639070442992012,4347.4,2,1245.94,1302.2,"sS(s=20,S=70)",42,13,20.0,70.0
0.23394495412844038,4302.7,3,1146.8799999999999,1178.1,"sS(s=20,S=70)",42,14,20.0,70.0
0.10648148148148148,4166.1,2,1310.84,1384.6,"sS(s=20,S=70)",42,15,20.0,70.0
0.15657698056801195,4237.0,1,1338.7599999999998,1423.1,"sS(s=20,S=70)",42,16,20.0,70.0
0.17394366197183098,4651.6,2,1135.3,1141.1,"sS(s=20,S=70)",42,17,20.0,70.0
0.0966235632183908,4392.9,1,1228.1200000000001,1288.4,"sS(s=20,S=70)",42,18,20.0,70.0
0.19157088122605365,4055.5,3,1182.6,1218.0,"sS(s=20,S=70)",42,19,20.0,70.0
0.10987831066571224,4437.7,1,1342.92,1366.4,"sS(s=20,S=70)",42,20,20.0,70.0
0.16729259132809832,4486.1,3,1293.4,1295.4,"sS(s=20,S=70)",42,21,20.0,70.0
0.16671949286846277,5280.2,2,1594.74,1674.0,"sS(s=20,S=70)",42,22,20.0,70.0
0.23277074542897327,4887.3,3,1360.34,1415.8,"sS(s=20,S=70)",42,23,20.0,70.0
0.05539671193709793,4142.5,1,1027.72,1045.0,"sS(s=20,S=70)",42,24,20.0,70.0
0.13840224246671337,4416.1,0,1155.56,1171.1,"sS(s=20,S=70)",42,25,20.0,70.0
0.13415545590433484,4234.5,6,1240.0,1254.5,"sS(s=20,S=70)",42,26,20.0,70.0
0.08679986898132984,4811.9,3,1506.52,1551.9,"sS(s=20,S=70)",42,27,20.0,70.0
0.16822066822066822,3742.6,0,1031.24,1067.5,"sS(s=20,S=70)",42,28,20.0,70.0
0.16588192683810213,4030.6,0,1292.22,1374.4,"sS(s=20,S=70)",42,29,20.0,70.0
0.10940841054882394,4293.7,0,997.44,1001.0,"sS(s=20,S=70)",42,30,20.0,70.0
0.10843781768891901,4805.5,0,1295.4,1306.0,"sS(s=20,S=70)",42,31,20.0,70.0
0.1517094017094017,4352.7,0,1082.06,1091.0,"sS(s=20,S=70)",42,32,20.0,70.0
0.2608535688005887,4371.8,1,1546.5399999999997,1688.1,"sS(s=20,S=70)",42,33,20.0,70.0
0.17095658855167115,4256.7,2,1432.24,1545.9,"sS(s=20,S=70)",42,34,20.0,70.0
0.14707023670935196,3921.2,0,1018.26,1022.9,"sS(s=20,S=70)",42,35,20.0,70.0
0.09765226267437904,4787.0,1,1312.1,1360.3,"sS(s=20,S=70)",42,36,20.0,70.0
0.19095477386934673,4267.5,2,1204.74,1214.1,"sS(s=20,S=70)",42,37,20.0,70.0
0.1590118302018093,4714.1,0,1506.36,1627.2,"sS(s=20,S=70)",42,38,20.0,70.0
0.20823145884270577,3873.3,1,1039.4199999999998,1041.1,"sS(s=20,S=70)",42,39,20.0,70.0
0.20820552147239263,4013.0,3,1140.3200000000002,1155.9,"sS(s=20,S=70)",42,40,20.0,70.0
0.17513321492007106,4431.9,0,1134.38,1149.9,"sS(s=20,S=70)",42,41,20.0,70.0
0.18033344675059543,4964.8,1,1301.4,1309.0,"sS(s=20,S=70)",42,42,20.0,70.0
0.14262494920763918,4084.5,2,1052.76,1057.8,"sS(s=20,S=70)",42,43,20.0,70.0
0.07600700525394045,4171.7,0,1163.3999999999999,1208.0,"sS(s=20,S=70)",42,44,20.0,70.0
0.19924098671726756,4251.9,0,1197.56,1247.7,"sS(s=20,S=70)",42,45,20.0,70.0
0.10437375745526839,4849.6,0,1428.1999999999998,1508.5,"sS(s=20,S=70)",42,46,20.0,70.0
0.14674681753889673,4784.9,1,1358.0,1423.5,"sS(s=20,S=70)",42,47,20.0,70.0
0.23529411764705882,3852.5,0,1079.58,1081.1,"sS(s=20,S=70)",42,48,20.0,70.0
0.11375089992800576,4411.4,7,1267.04,1341.2,"sS(s=20,S=70)",42,49,20.0,70.0
0.17571157495256168,4262.3,5,1100.74,1135.0,"sS(s=20,S=75)",42,0,20.0,75.0
0.13396432471787403,3978.2,0,1069.1799999999998,1082.1,"sS(s=20,S=75)",42,1,20.0,75.0
0.10260869565217391,4414.3,1,1370.62,1449.0,"sS(s=20,S=75)",42,2,20.0,75.0
0.11810440577563865,4377.9,0,1178.04,1198.7,"sS(s=20,S=75)",42,3,20.0,75.0
0.21889400921658986,3963.5,1,1218.74,1253.4,"sS(s=20,S=75)",42,4,20.0,75.0
0.131491344873502,4683.7,2,1267.5,1275.3,"sS(s=20,S=75)",42,5,20.0,75.0
0.2931570762052877,3934.1,2,1205.48,1225.6,"sS(s=20,S=75)",42,6,20.0,75.0
0.16781442551649148,4240.1,1,1255.8799999999999,1303.6,"sS(s=20,S=75)",42,7,20.0,75.0
0.16934893928310168,4442.7,2,1309.24,1353.8,"sS(s=20,S=75)",42,8,20.0,75.0
0.12699490662139218,4582.3,0,1227.66,1239.0,"sS(s=20,S=75)",42,9,20.0,75.0
0.19669777458722182,4178.2,3,1155.02,1159.7,"sS(s=20,S=75)",42,10,20.0,75.0
0.10130353817504656,3978.2,0,1209.34,1281.4,"sS(s=20,S=75)",42,11,20.0,75.0
0.1971238162048404,4354.6,0,1200.98,1219.6,"sS(s=20,S=75)",42,12,20.0,75.0
0.10130718954248366,4279.0,2,1123.54,1155.2,"sS(s=20,S=75)",42,13,20.0,75.0
0.2580275229357798,4257.0,3,1140.1799999999998,1175.1,"sS(s=20,S=75)",42,14,20.0,75.0
0.11217948717948718,4090.7,2,1299.8799999999999,1381.5,"sS(s=20,S=75)",42,15,20.0,75.0
0.18086696562032886,4179.0,1,1323.9599999999998,1410.1,"sS(s=20,S=75)",42,16,20.0,75.0
0.17640845070422534,4661.6,2,1102.6999999999998,1108.1,"sS(s=20,S=75)",42,17,20.0,75.0
0.11997126436781609,4392.4,1,1228.2,1284.9,"sS(s=20,S=75)",42,18,20.0,75.0
0.23256704980842913,3988.0,3,1172.6,1203.0,"sS(s=20,S=75)",42,19,20.0,75.0
0.13385826771653545,4374.9,0,1330.66,1352.9,"sS(s=20,S=75)",42,20,20.0,75.0
0.19460566746329805,4456.1,3,1320.5,1332.4,"sS(s=20,S=75)",42,21,20.0,75.0
0.1889064976228209,5222.2,1,1589.94,1669.0,"sS(s=20,S=75)",42,22,20.0,75.0
0.25562587904360057,4836.1,3,1345.54,1402.3,"sS(s=20,S=75)",42,23,20.0,75.0
0.0696926375982845,4056.5,1,1027.92,1055.0,"sS(s=20,S=75)",42,24,20.0,75.0
0.15416958654519972,4357.6,0,1128.1599999999999,1142.6,"sS(s=20,S=75)",42,25,20.0,75.0
0.17152466367713004,4235.0,6,1244.0,1257.0,"sS(s=20,S=75)",42,26,20.0,75.0
0.10153946937438585,4732.9,3,1490.52,1542.9,"sS(s=20,S=75)",42,27,20.0,75.0
0.19347319347319347,3720.6,0,1083.1399999999999,1130.0,"sS(s=20,S=75)",42,28,20.0,75.0
0.1680550525172039,3989.6,0,1327.22,1415.4,"sS(s=20,S=75)",42,29,20.0,75.0
0.13257305773342837,4228.2,0,997.24,1001.0,"sS(s=20,S=75)",42,30,20.0,75.0
0.12572009488309047,4810.0,0,1319.8,1334.0,"sS(s=20,S=75)",42,31,20.0,75.0
0.16274928774928774,4374.0,0,1085.56,1101.0,"sS(s=20,S=75)",42,32,20.0,75.0
0.26600441501103755,4303.7,1,1561.4399999999998,1715.1,"sS(s=20,S=75)",42,33,20.0,75.0
0.1790242028428736,4321.8,3,1461.6399999999999,1579.9,"sS(s=20,S=75)",42,34,20.0,75.0
0.17617384555684906,3905.2,0,1000.86,1025.4,"sS(s=20,S=75)",42,35,20.0,75.0
0.1092208234093229,4841.9,1,1258.0,1297.3,"sS(s=20,S=75)",42,36,20.0,75.0
0.20351758793969849,4302.5,3,1207.1399999999999,1238.6,"sS(s=20,S=75)",42,37,20.0,75.0
0.19206680584551147,4655.0,0,1495.96,1614.2,"sS(s=20,S=75)",42,38,20.0,75.0
0.21678891605541972,3861.0,1,1105.24,1127.9,"sS(s=20,S=75)",42,39,20.0,75.0
0.24079754601226994,4011.9,3,1216.4799999999998,1248.6,"sS(s=20,S=75)",42,40,20.0,75.0
0.18969804618117228,4393.2,0,1137.06,1159.0,"sS(s=20,S=75)",42,41,20.0,75.0
0.2092548485879551,4934.0,1,1287.96,1289.7,"sS(s=20,S=75)",42,42,20.0,75.0
0.17310036570499795,4051.5,2,1054.04,1054.1,"sS(s=20,S=75)",42,43,20.0,75.0
0.09912434325744308,4081.3,0,1123.3999999999999,1158.0,"sS(s=20,S=75)",42,44,20.0,75.0
0.19620493358633775,4266.0,0,1154.28,1191.1,"sS(s=20,S=75)",42,45,20.0,75.0
0.1265738899933731,4868.1,0,1415.3999999999999,1490.0,"sS(s=20,S=75)",42,46,20.0,75.0
0.16973125884016974,4722.9,1,1324.0,1389.5,"sS(s=20,S=75)",42,47,20.0,75.0
0.2403921568627451,3872.0,0,1086.1799999999998,1092.1,"sS(s=20,S=75)",42,48,20.0,75.0
0.10727141828653708,4492.1,7,1289.76,1331.7,"sS(s=20,S=75)",42,49,20.0,75.0
0.20037950664136622,4336.8,5,1129.28,1145.0,"sS(s=20,S=80)",42,0,20.0,80.0
0.16672733891518018,3876.2,0,1049.3799999999999,1069.1,"sS(s=20,S=80)",42,1,20.0,80.0
0.14608695652173914,4414.3,1,1220.22,1268.0,"sS(s=20,S=80)",42,2,20.0,80.0
0.14216956682710108,4329.4,0,1158.44,1185.2,"sS(s=20,S=80)",42,3,20.0,80.0
0.24807987711213517,3971.0,2,1314.24,1375.9,"sS(s=20,S=80)",42,4,20.0,80.0
0.15545938748335553,4708.3,2,1259.46,1260.0,"sS(s=20,S=80)",42,5,20.0,80.0
0.3215396578538103,3882.4,2,1219.48,1238.1,"sS(s=20,S=80)",42,6,20.0,80.0
0.17615077926785067,4151.4,1,1143.78,1162.1,"sS(s=20,S=80)",42,7,20.0,80.0
0.2121433796634967,4303.5,2,1239.34,1274.3,"sS(s=20,S=80)",42,8,20.0,80.0
0.14227504244482173,4587.7,0,1233.38,1249.0,"sS(s=20,S=80)",42,9,20.0,80.0
0.22541277817659727,4096.2,2,1164.6200000000001,1172.7,"sS(s=20,S=80)",42,10,20.0,80.0
0.1366852886405959,3954.7,0,1228.52,1278.4,"sS(s=20,S=80)",42,11,20.0,80.0
0.21290775166608208,4376.6,0,1236.6799999999998,1258.1,"sS(s=20,S=80)",42,12,20.0,80.0
0.12091503267973856,4293.6,2,1221.94,1284.2,"sS(s=20,S=80)",42,13,20.0,80.0
0.20718654434250763,4394.0,4,1141.64,1147.0,"sS(s=20,S=80)",42,14,20.0,80.0
0.1388888888888889,4160.2,2,1302.1799999999998,1373.0,"sS(s=20,S=80)",42,15,20.0,80.0
0.20515695067264575,4134.0,1,1305.9599999999998,1388.1,"sS(s=20,S=80)",42,16,20.0,80.0
0.2035211267605634,4626.3,2,1083.56,1088.3,"sS(s=20,S=80)",42,17,20.0,80.0
0.14331896551724138,4368.9,1,1189.08,1239.6,"sS(s=20,S=80)",42,18,20.0,80.0
0.26513409961685824,3931.3,3,1161.8799999999999,1187.1,"sS(s=20,S=80)",42,19,20.0,80.0
0.15891195418754475,4312.4,0,1355.8600000000001,1385.4,"sS(s=20,S=80)",42,20,20.0,80.0
0.22362581085694777,4377.8,3,1297.76,1307.1,"sS(s=20,S=80)",42,21,20.0,80.0
0.21109350237717908,5245.7,2,1585.1399999999999,1664.0,"sS(s=20,S=80)",42,22,20.0,80.0
0.27637130801687765,4794.5,3,1332.84,1388.8,"sS(s=20,S=80)",42,23,20.0,80.0
0.08398856325947104,3972.5,1,1028.12,1065.0,"sS(s=20,S=80)",42,24,20.0,80.0
0.14190609670637702,4242.1,0,1095.3000000000002,1102.4,"sS(s=20,S=80)",42,25,20.0,80.0
0.20889387144992527,4198.9,4,1248.0,1259.5,"sS(s=20,S=80)",42,26,20.0,80.0
0.11627906976744186,4719.9,4,1462.1200000000001,1530.9,"sS(s=20,S=80)",42,27,20.0,80.0
0.19735819735819735,3693.7,0,1063.78,1104.8,"sS(s=20,S=80)",42,28,20.0,80.0
0.19014849692140529,3921.2,0,1302.62,1381.9,"sS(s=20,S=80)",42,29,20.0,80.0
0.16892373485388454,4061.4,0,1123.32,1153.9,"sS(s=20,S=80)",42,30,20.0,80.0
0.1592680447305998,4846.9,0,1303.56,1311.2,"sS(s=20,S=80)",42,31,20.0,80.0
0.19052706552706553,4305.3,0,1088.7,1111.0,"sS(s=20,S=80)",42,32,20.0,80.0
0.2862398822663723,4243.7,1,1576.3399999999997,1742.1,"sS(s=20,S=80)",42,33,20.0,80.0
0.20783711102573954,4270.3,3,1444.6399999999999,1555.9,"sS(s=20,S=80)",42,34,20.0,80.0
0.20372526193247964,3834.2,0,994.46,1027.9,"sS(s=20,S=80)",42,35,20.0,80.0
0.12691391629806056,4863.3,2,1399.7599999999998,1485.3,"sS(s=20,S=80)",42,36,20.0,80.0
0.2189519023689878,4272.1,3,1219.3999999999999,1259.8,"sS(s=20,S=80)",42,37,20.0,80.0
0.22512178148921363,4751.8,0,1517.56,1641.2,"sS(s=20,S=80)",42,38,20.0,80.0
0.24938875305623473,3738.5,1,1084.64,1125.9,"sS(s=20,S=80)",42,39,20.0,80.0
0.24348159509202455,4011.2,3,1150.08,1163.1,"sS(s=20,S=80)",42,40,20.0,80.0
0.20177619893428064,4435.3,0,1129.4199999999998,1150.1,"sS(s=20,S=80)",42,41,20.0,80.0
0.23647499149370535,4959.5,1,1319.56,1326.7,"sS(s=20,S=80)",42,42,20.0,80.0
0.20357578220235675,4018.5,2,1070.4399999999998,1075.6,"sS(s=20,S=80)",42,43,20.0,80.0
0.1330998248686515,3984.0,0,1085.0,1110.0,"sS(s=20,S=80)",42,44,20.0,80.0
0.23719165085388993,4130.6,0,1132.76,1161.7,"sS(s=20,S=80)",42,45,20.0,80.0
0.15540092776673295,4810.8,0,1405.8,1475.5,"sS(s=20,S=80)",42,46,20.0,80.0
0.19731258840169733,4599.2,1,1285.46,1355.5,"sS(s=20,S=80)",42,47,20.0,80.0
0.24313725490196078,3934.9,0,1170.06,1186.8,"sS(s=20,S=80)",42,48,20.0,80.0
0.12922966162706984,4504.7,7,1301.96,1318.2,"sS(s=20,S=80)",42,49,20.0,80.0
0.1984819734345351,4271.6,5,1185.24,1192.8,"sS(s=20,S=85)",42,0,20.0,85.0
0.19949035311248633,3864.8,0,1089.74,1096.5,"sS(s=20,S=85)",42,1,20.0,85.0
0.16869565217391305,4411.3,1,1207.04,1253.8,"sS(s=20,S=85)",42,2,20.0,85.0
0.1662347278785635,4341.9,0,1187.04,1231.7,"sS(s=20,S=85)",42,3,20.0,85.0
0.2726574500768049,3902.7,1,1299.4999999999998,1360.6,"sS(s=20,S=85)",42,4,20.0,85.0
0.1681091877496671,4744.4,2,1275.56,1278.3,"sS(s=20,S=85)",42,5,20.0,85.0
0.3300933125972006,3960.3,2,1233.48,1250.6,"sS(s=20,S=85)",42,6,20.0,85.0
0.1946357375860819,4099.2,1,1151.6799999999998,1170.6,"sS(s=20,S=85)",42,7,20.0,85.0
0.24725676664228238,4221.2,2,1220.6399999999999,1258.8,"sS(s=20,S=85)",42,8,20.0,85.0
0.14363327674023768,4511.6,0,1257.26,1259.0,"sS(s=20,S=85)",42,9,20.0,85.0
0.25125628140703515,4092.4,2,1177.48,1177.7,"sS(s=20,S=85)",42,10,20.0,85.0
0.16387337057728119,3883.2,0,1209.52,1259.4,"sS(s=20,S=85)",42,11,20.0,85.0
0.23290073658365487,4331.7,0,1216.46,1228.9,"sS(s=20,S=85)",42,12,20.0,85.0
0.14270152505446623,4243.1,2,1209.94,1275.2,"sS(s=20,S=85)",42,13,20.0,85.0
0.23585626911314986,4341.5,3,1126.74,1131.5,"sS(s=20,S=85)",42,14,20.0,85.0
0.20014245014245013,4290.1,3,1283.54,1360.5,"sS(s=20,S=85)",42,15,20.0,85.0
0.22944693572496264,4149.0,2,1269.9599999999998,1316.1,"sS(s=20,S=85)",42,16,20.0,85.0
0.21161971830985915,4690.1,2,1177.56,1187.7,"sS(s=20,S=85)",42,17,20.0,85.0
0.16810344827586207,4384.6,1,1181.8799999999999,1230.6,"sS(s=20,S=85)",42,18,20.0,85.0
0.2662835249042146,3913.1,3,1149.96,1169.7,"sS(s=20,S=85)",42,19,20.0,85.0
0.18324982104509663,4332.9,1,1347.1,1360.1,"sS(s=20,S=85)",42,20,20.0,85.0
0.2413793103448276,4297.0,2,1294.04,1311.0,"sS(s=20,S=85)",42,21,20.0,85.0
0.23328050713153725,5194.2,2,1580.34,1659.0,"sS(s=20,S=85)",42,22,20.0,85.0
0.2795358649789029,4921.7,3,1343.8,1400.0,"sS(s=20,S=85)",42,23,20.0,85.0
0.10150107219442459,3972.4,1,1041.6599999999999,1075.0,"sS(s=20,S=85)",42,24,20.0,85.0
0.1629292221443588,4247.1,0,1052.1200000000001,1063.4,"sS(s=20,S=85)",42,25,20.0,85.0
0.24626307922272048,4250.4,5,1252.0,1262.0,"sS(s=20,S=85)",42,26,20.0,85.0
0.13101867016049787,4654.2,4,1444.6,1517.9,"sS(s=20,S=85)",42,27,20.0,85.0
0.22455322455322455,3701.2,0,1054.98,1092.8,"sS(s=20,S=85)",42,28,20.0,85.0
0.21658819268381022,3874.0,0,1279.36,1350.3,"sS(s=20,S=85)",42,29,20.0,85.0
0.19885958660014255,3989.9,0,1125.58,1155.9,"sS(s=20,S=85)",42,30,20.0,85.0
0.14300237207726194,4747.7,0,1281.2,1283.0,"sS(s=20,S=85)",42,31,20.0,85.0
0.22364672364672364,4245.1,0,1094.98,1121.0,"sS(s=20,S=85)",42,32,20.0,85.0
0.30647534952170713,4271.2,1,1591.2399999999998,1769.1,"sS(s=20,S=85)",42,33,20.0,85.0
0.23665001920860546,4217.9,3,1427.6399999999999,1531.9,"sS(s=20,S=85)",42,34,20.0,85.0
0.23205277454404347,3765.1,0,992.84,1034.2,"sS(s=20,S=85)",42,35,20.0,85.0
0.1466485199047295,4828.1,2,1387.34,1474.4,"sS(s=20,S=85)",42,36,20.0,85.0
0.23869346733668342,4263.7,3,1229.04,1278.8,"sS(s=20,S=85)",42,37,20.0,85.0
0.2522616562282533,4702.8,0,1482.36,1597.2,"sS(s=20,S=85)",42,38,20.0,85.0
0.28198859005704974,3753.0,1,1186.84,1259.9,"sS(s=20,S=85)",42,39,20.0,85.0
0.28144171779141103,4033.5,3,1105.56,1108.0,"sS(s=20,S=85)",42,40,20.0,85.0
0.21776198934280638,4402.8,0,1108.4199999999998,1119.6,"sS(s=20,S=85)",42,41,20.0,85.0
0.2636951343994556,4922.0,1,1300.94,1301.0,"sS(s=20,S=85)",42,42,20.0,85.0
0.2303941487200325,4052.8,2,1107.26,1109.8,"sS(s=20,S=85)",42,43,20.0,85.0
0.15411558669001751,4050.0,0,1053.0,1070.0,"sS(s=20,S=85)",42,44,20.0,85.0
0.2667931688804554,4085.8,0,1125.16,1149.7,"sS(s=20,S=85)",42,45,20.0,85.0
0.1918489065606362,4899.8,0,1525.8,1623.0,"sS(s=20,S=85)",42,46,20.0,85.0
0.21782178217821782,4481.6,1,1276.36,1343.5,"sS(s=20,S=85)",42,47,20.0,85.0
0.2619607843137255,3898.9,0,1170.6599999999999,1184.8,"sS(s=20,S=85)",42,48,20.0,85.0
0.1558675305975522,4448.6,6,1281.48,1299.6,"sS(s=20,S=85)",42,49,20.0,85.0
0.19468690702087288,4136.1,4,1136.58,1165.0,"sS(s=20,S=90)",42,0,20.0,90.0
0.23006916636330543,3882.9,0,1127.8600000000001,1135.2,"sS(s=20,S=90)",42,1,20.0,90.0
0.19826086956521738,4381.3,1,1208.9399999999998,1264.3,"sS(s=20,S=90)",42,2,20.0,90.0
0.19029988893002592,4306.1,0,1168.44,1218.2,"sS(s=20,S=90)",42,3,20.0,90.0
0.2956989247311828,3853.2,1,1286.9999999999998,1348.1,"sS(s=20,S=90)",42,4,20.0,90.0
0.1711051930758988,4610.6,2,1273.1599999999999,1299.3,"sS(s=20,S=90)",42,5,20.0,90.0
0.3557542768273717,4002.3,1,1391.4799999999998,1443.1,"sS(s=20,S=90)",42,6,20.0,90.0
0.22689380210221094,4113.2,1,1289.1799999999998,1341.1,"sS(s=20,S=90)",42,7,20.0,90.0
0.2809070958302853,4086.4,1,1200.1599999999999,1243.3,"sS(s=20,S=90)",42,8,20.0,90.0
0.16536502546689305,4509.8,0,1248.8,1269.0,"sS(s=20,S=90)",42,9,20.0,90.0
0.27494615936826994,4027.7,2,1180.3,1180.6,"sS(s=20,S=90)",42,10,20.0,90.0
0.1813780260707635,3819.7,0,1202.6799999999998,1255.6,"sS(s=20,S=90)",42,11,20.0,90.0
0.2539459838653104,4288.7,0,1197.16,1201.4,"sS(s=20,S=90)",42,12,20.0,90.0
0.1644880174291939,4192.6,2,1197.94,1266.2,"sS(s=20,S=90)",42,13,20.0,90.0
0.26452599388379205,4295.5,3,1120.04,1126.0,"sS(s=20,S=90)",42,14,20.0,90.0
0.23397435897435898,4237.1,3,1264.24,1342.5,"sS(s=20,S=90)",42,15,20.0,90.0
0.2537369207772795,4098.4,2,1255.9599999999998,1304.1,"sS(s=20,S=90)",42,16,20.0,90.0
0.23873239436619717,4667.1,2,1200.02,1219.4,"sS(s=20,S=90)",42,17,20.0,90.0
0.19863505747126436,4360.1,1,1179.4799999999998,1227.6,"sS(s=20,S=90)",42,18,20.0,90.0
0.3164750957854406,3878.4,3,1161.64,1182.7,"sS(s=20,S=90)",42,19,20.0,90.0
0.20257695060844666,4251.3,0,1311.28,1332.1,"sS(s=20,S=90)",42,20,20.0,90.0
0.24581768521679753,4227.2,2,1315.6399999999999,1360.0,"sS(s=20,S=90)",42,21,20.0,90.0
0.2554675118858954,5140.0,2,1575.54,1654.0,"sS(s=20,S=90)",42,22,20.0,90.0
0.2587904360056259,4948.8,3,1452.04,1532.8,"sS(s=20,S=90)",42,23,20.0,90.0
0.18656182987848463,4156.1,1,1063.68,1083.2,"sS(s=20,S=90)",42,24,20.0,90.0
0.19726699369306236,4250.2,0,1173.42,1221.9,"sS(s=20,S=90)",42,25,20.0,90.0
0.2686846038863976,4240.9,5,1278.8,1293.0,"sS(s=20,S=90)",42,26,20.0,90.0
0.12414018997707173,4633.5,4,1444.1,1515.9,"sS(s=20,S=90)",42,27,20.0,90.0
0.2517482517482518,3691.1,0,1091.78,1137.8,"sS(s=20,S=90)",42,28,20.0,90.0
0.24302788844621515,3898.0,0,1261.4599999999998,1326.3,"sS(s=20,S=90)",42,29,20.0,90.0
0.23200285103349966,3995.2,0,1283.48,1351.9,"sS(s=20,S=90)",42,30,20.0,90.0
0.16604540833615725,4706.6,0,1286.28,1293.0,"sS(s=20,S=90)",42,31,20.0,90.0
0.25925925925925924,4255.6,0,1114.68,1131.0,"sS(s=20,S=90)",42,32,20.0,90.0
0.32671081677704195,4311.6,1,1649.8199999999997,1838.1,"sS(s=20,S=90)",42,33,20.0,90.0
0.26392623895505185,4132.9,1,1410.6399999999999,1507.9,"sS(s=20,S=90)",42,34,20.0,90.0
0.26581296080714006,3706.8,0,1035.6000000000001,1046.2,"sS(s=20,S=90)",42,35,20.0,90.0
0.1653623681524328,4785.6,1,1364.04,1449.9,"sS(s=20,S=90)",42,36,20.0,90.0
0.23941134242641782,4349.8,3,1246.84,1297.8,"sS(s=20,S=90)",42,37,20.0,90.0
0.27383437717466946,4588.8,0,1449.12,1553.2,"sS(s=20,S=90)",42,38,20.0,90.0
0.3145884270578647,3704.5,1,1180.24,1257.9,"sS(s=20,S=90)",42,39,20.0,90.0
0.27300613496932513,4029.1,3,1108.36,1118.0,"sS(s=20,S=90)",42,40,20.0,90.0
0.23374777975133215,4419.3,0,1192.2199999999998,1226.1,"sS(s=20,S=90)",42,41,20.0,90.0
0.2684586594079619,4878.9,1,1303.74,1311.0,"sS(s=20,S=90)",42,42,20.0,90.0
0.25639983746444533,4072.9,2,1101.8,1118.6,"sS(s=20,S=90)",42,43,20.0,90.0
0.18528896672504377,3982.9,0,1019.32,1027.9,"sS(s=20,S=90)",42,44,20.0,90.0
0.26413662239089186,4183.8,0,1118.98,1131.2,"sS(s=20,S=90)",42,45,20.0,90.0
0.22498343273691188,4856.2,0,1521.0,1614.5,"sS(s=20,S=90)",42,46,20.0,90.0
0.19024045261669023,4398.3,1,1305.6599999999999,1379.5,"sS(s=20,S=90)",42,47,20.0,90.0
0.2823529411764706,4101.2,0,1094.32,1125.1,"sS(s=20,S=90)",42,48,20.0,90.0
0.20626349892008639,4481.2,6,1199.48,1210.6,"sS(s=20,S=90)",42,49,20.0,90.0
0.22011385199240988,4090.3,4,1139.32,1175.0,"sS(s=20,S=95)",42,0,20.0,95.0
0.25555151073898796,3922.4,0,1123.06,1128.7,"sS(s=20,S=95)",42,1,20.0,95.0
0.14817391304347827,4423.4,1,1372.9599999999998,1459.0,"sS(s=20,S=95)",42,2,20.0,95.0
0.22584228063680117,4353.5,0,1224.22,1315.2,"sS(s=20,S=95)",42,3,20.0,95.0
0.2814900153609831,3873.0,1,1333.8799999999999,1413.2,"sS(s=20,S=95)",42,4,20.0,95.0
0.20372836218375498,4582.7,2,1288.86,1320.3,"sS(s=20,S=95)",42,5,20.0,95.0
0.3499222395023328,4111.4,2,1413.4799999999998,1465.6,"sS(s=20,S=95)",42,6,20.0,95.0
0.24972816237767306,4047.1,1,1300.28,1353.6,"sS(s=20,S=95)",42,7,20.0,95.0
0.3108997805413314,4052.7,0,1286.36,1375.8,"sS(s=20,S=95)",42,8,20.0,95.0
0.19524617996604415,4449.6,0,1252.3,1279.0,"sS(s=20,S=95)",42,9,20.0,95.0
0.24910265613783203,4026.6,3,1169.34,1181.6,"sS(s=20,S=95)",42,10,20.0,95.0
0.17057728119180632,3819.2,0,1185.92,1237.9,"sS(s=20,S=95)",42,11,20.0,95.0
0.274991231146966,4312.7,0,1243.3400000000001,1260.7,"sS(s=20,S=95)",42,12,20.0,95.0
0.18482207697893974,4146.5,2,1185.94,1257.2,"sS(s=20,S=95)",42,13,20.0,95.0
0.2916666666666667,4256.6,3,1114.14,1120.5,"sS(s=20,S=95)",42,14,20.0,95.0
0.26282051282051283,4257.6,3,1297.74,1388.0,"sS(s=20,S=95)",42,15,20.0,95.0
0.2559790732436472,4114.1,1,1225.9599999999998,1264.1,"sS(s=20,S=95)",42,16,20.0,95.0
0.22077464788732395,4671.1,2,1300.06,1356.0,"sS(s=20,S=95)",42,17,20.0,95.0
0.23742816091954022,4264.5,1,1363.4799999999998,1457.6,"sS(s=20,S=95)",42,18,20.0,95.0
0.3432950191570881,3902.4,2,1289.94,1341.7,"sS(s=20,S=95)",42,19,20.0,95.0
0.23335719398711524,4249.9,1,1315.5,1325.1,"sS(s=20,S=95)",42,20,20.0,95.0
0.27074086719016727,4562.4,2,1248.18,1264.8,"sS(s=20,S=95)",42,21,20.0,95.0
0.24437400950871632,5149.8,1,1570.74,1649.0,"sS(s=20,S=95)",42,22,20.0,95.0
0.279887482419128,4918.3,3,1450.84,1528.8,"sS(s=20,S=95)",42,23,20.0,95.0
0.16333095067905648,4078.1,1,1070.64,1088.7,"sS(s=20,S=95)",42,24,20.0,95.0
0.18990889978976874,4167.3,0,1169.1200000000001,1223.4,"sS(s=20,S=95)",42,25,20.0,95.0
0.25448430493273544,4187.7,3,1257.44,1263.8,"sS(s=20,S=95)",42,26,20.0,95.0
0.14346544382574516,4551.9,3,1438.0,1506.9,"sS(s=20,S=95)",42,27,20.0,95.0
0.2789432789432789,3566.2,0,1073.3,1115.8,"sS(s=20,S=95)",42,28,20.0,95.0
0.26838102136906916,3852.5,0,1243.56,1302.3,"sS(s=20,S=95)",42,29,20.0,95.0
0.24162508909479685,4006.2,0,1271.46,1335.5,"sS(s=20,S=95)",42,30,20.0,95.0
0.1626567265333785,4827.8,0,1310.1200000000001,1311.9,"sS(s=20,S=95)",42,31,20.0,95.0
0.2938034188034188,4205.6,0,1119.58,1141.0,"sS(s=20,S=95)",42,32,20.0,95.0
0.34694628403237676,4364.8,1,1639.2199999999998,1820.1,"sS(s=20,S=95)",42,33,20.0,95.0
0.2896657702650788,4009.0,1,1391.48,1481.2,"sS(s=20,S=95)",42,34,20.0,95.0
0.306558013193636,3564.3,0,1051.3,1058.2,"sS(s=20,S=95)",42,35,20.0,95.0
0.13780197346036066,4625.5,1,1246.6599999999999,1307.8,"sS(s=20,S=95)",42,36,20.0,95.0
0.26776740847092606,4327.2,3,1257.24,1316.8,"sS(s=20,S=95)",42,37,20.0,95.0
0.29471120389700767,4539.8,0,1419.32,1509.2,"sS(s=20,S=95)",42,38,20.0,95.0
0.33985330073349634,3663.2,1,1170.2199999999998,1247.8,"sS(s=20,S=95)",42,39,20.0,95.0
0.3125,3981.2,3,1112.52,1126.2,"sS(s=20,S=95)",42,40,20.0,95.0
0.22380106571936056,4392.7,0,1141.24,1151.6,"sS(s=20,S=95)",42,41,20.0,95.0
0.2953385505273903,4826.4,1,1306.54,1321.0,"sS(s=20,S=95)",42,42,20.0,95.0
0.2848435595286469,4048.9,2,1116.6,1140.1,"sS(s=20,S=95)",42,43,20.0,95.0
0.21681260945709283,3925.2,0,988.4599999999999,988.8,"sS(s=20,S=95)",42,44,20.0,95.0
0.29715370018975334,4144.3,0,1107.28,1118.2,"sS(s=20,S=95)",42,45,20.0,95.0
0.2551358515573227,4814.7,0,1516.1999999999998,1606.0,"sS(s=20,S=95)",42,46,20.0,95.0
0.214992927864215,4348.8,1,1292.6399999999999,1360.5,"sS(s=20,S=95)",42,47,20.0,95.0
0.31058823529411766,4073.7,0,1098.82,1136.1,"sS(s=20,S=95)",42,48,20.0,95.0
0.2314614830813535,4373.7,6,1163.1799999999998,1193.6,"sS(s=20,S=95)",42,49,20.0,95.0
0.24667931688804554,4128.8,4,1171.42,1185.0,"sS(s=20,S=100)",42,0,20.0,100.0
0.2806698216235894,3890.9,0,1118.26,1122.2,"sS(s=20,S=100)",42,1,20.0,100.0
0.23304347826086957,4335.1,1,1357.28,1455.5,"sS(s=20,S=100)",42,2,20.0,100.0
0.259163272861903,4398.5,0,1223.82,1271.2,"sS(s=20,S=100)",42,3,20.0,100.0
0.2653609831029186,3876.5,1,1318.74,1418.5,"sS(s=20,S=100)",42,4,20.0,100.0
0.23901464713715045,4566.5,2,1305.32,1341.3,"sS(s=20,S=100)",42,5,20.0,100.0
0.37169517884914466,4071.0,0,1435.4799999999998,1488.1,"sS(s=20,S=100)",42,6,20.0,100.0
0.23812975715839071,4037.8,1,1296.3799999999999,1366.1,"sS(s=20,S=100)",42,7,20.0,100.0
0.3013899049012436,4243.2,1,1283.1599999999999,1355.8,"sS(s=20,S=100)",42,8,20.0,100.0
0.21901528013582344,4396.6,0,1259.3999999999999,1289.0,"sS(s=20,S=100)",42,9,20.0,100.0
0.250897343862168,3901.8,2,1170.54,1184.1,"sS(s=20,S=100)",42,10,20.0,100.0
0.2074487895716946,3845.8,0,1238.3600000000001,1305.4,"sS(s=20,S=100)",42,11,20.0,100.0
0.2960364784286215,4264.7,0,1244.64,1269.2,"sS(s=20,S=100)",42,12,20.0,100.0
0.1728395061728395,4186.0,2,1182.06,1256.6,"sS(s=20,S=100)",42,13,20.0,100.0
0.30925076452599387,4240.4,3,1102.64,1108.0,"sS(s=20,S=100)",42,14,20.0,100.0
0.28952991452991456,4290.1,4,1244.84,1285.5,"sS(s=20,S=100)",42,15,20.0,100.0
0.28400597907324365,4145.6,2,1241.44,1260.9,"sS(s=20,S=100)",42,16,20.0,100.0
0.26267605633802815,4630.3,2,1268.62,1321.0,"sS(s=20,S=100)",42,17,20.0,100.0
0.27262931034482757,4228.6,1,1380.12,1478.4,"sS(s=20,S=100)",42,18,20.0,100.0
0.32988505747126434,3913.7,3,1228.64,1263.7,"sS(s=20,S=100)",42,19,20.0,100.0
0.26628489620615603,4296.8,1,1299.8,1318.1,"sS(s=20,S=100)",42,20,20.0,100.0
0.296346876066917,4532.9,2,1236.18,1249.3,"sS(s=20,S=100)",42,21,20.0,100.0
0.2618066561014263,5104.3,1,1565.94,1644.0,"sS(s=20,S=100)",42,22,20.0,100.0
0.3009845288326301,4887.8,3,1449.6399999999999,1524.8,"sS(s=20,S=100)",42,23,20.0,100.0
0.19156540385989992,4114.5,1,1062.16,1094.2,"sS(s=20,S=100)",42,24,20.0,100.0
0.21058163980378417,4109.8,0,1170.78,1231.9,"sS(s=20,S=100)",42,25,20.0,100.0
0.28176382660687593,4250.3,3,1256.0,1259.5,"sS(s=20,S=100)",42,26,20.0,100.0
0.16475597772682607,4402.9,3,1435.1000000000001,1501.9,"sS(s=20,S=100)",42,27,20.0,100.0
0.26961926961926963,3751.0,0,1036.1,1093.8,"sS(s=20,S=100)",42,28,20.0,100.0
0.2868525896414343,3804.6,0,1225.6599999999999,1278.3,"sS(s=20,S=100)",42,29,20.0,100.0
0.27548111190306485,3948.7,0,1258.56,1318.0,"sS(s=20,S=100)",42,30,20.0,100.0
0.1846831582514402,4795.3,0,1308.08,1313.0,"sS(s=20,S=100)",42,31,20.0,100.0
0.32407407407407407,4244.6,0,1120.88,1147.4,"sS(s=20,S=100)",42,32,20.0,100.0
0.3671817512877116,4328.3,1,1628.62,1802.1,"sS(s=20,S=100)",42,33,20.0,100.0
0.3146369573568959,3967.5,1,1363.6799999999998,1443.7,"sS(s=20,S=100)",42,34,20.0,100.0
0.34225844004656575,3531.0,0,1067.0,1070.2,"sS(s=20,S=100)",42,35,20.0,100.0
0.15991833957128274,4584.0,0,1224.84,1284.3,"sS(s=20,S=100)",42,36,20.0,100.0
0.29827709978463746,4199.4,3,1193.72,1243.4,"sS(s=20,S=100)",42,37,20.0,100.0
0.31315240083507306,4495.7,0,1395.96,1479.2,"sS(s=20,S=100)",42,38,20.0,100.0
0.3272208638956805,3648.1,1,1277.9199999999998,1392.5,"sS(s=20,S=100)",42,39,20.0,100.0
0.3508435582822086,3945.6,3,1118.1200000000001,1131.7,"sS(s=20,S=100)",42,40,20.0,100.0
0.24511545293072823,4343.5,0,1141.6999999999998,1157.1,"sS(s=20,S=100)",42,41,20.0,100.0
0.31235113984348417,4704.9,1,1307.54,1331.0,"sS(s=20,S=100)",42,42,20.0,100.0
0.31491263713937423,4127.4,2,1116.1999999999998,1161.6,"sS(s=20,S=100)",42,43,20.0,100.0
0.2021015761821366,4008.9,0,1038.1599999999999,1048.3,"sS(s=20,S=100)",42,44,20.0,100.0
0.3233396584440228,4124.6,0,1084.76,1091.7,"sS(s=20,S=100)",42,45,20.0,100.0
0.28164347249834326,4777.2,0,1510.5,1597.5,"sS(s=20,S=100)",42,46,20.0,100.0
0.23903818953323905,4304.7,1,1286.54,1347.5,"sS(s=20,S=100)",42,47,20.0,100.0
0.3352941176470588,4046.2,0,1103.32,1147.1,"sS(s=20,S=100)",42,48,20.0,100.0
0.22426205903527718,4603.7,6,1241.32,1257.5,"sS(s=20,S=100)",42,49,20.0,100.0
0.027703984819734344,4682.3,6,1156.86,1162.0,"sS(s=25,S=30)",42,0,25.0,30.0
0.024390243902439025,4729.7,0,1215.6,1228.0,"sS(s=25,S=30)",42,1,25.0,30.0
0.017391304347826087,5072.0,2,1460.0,1525.0,"sS(s=25,S=30)",42,2,25.0,30.0
0.018511662347278787,4739.0,0,1293.6,1328.0,"sS(s=25,S=30)",42,3,25.0,30.0
0.026113671274961597,4494.8,2,1266.8,1298.0,"sS(s=25,S=30)",42,4,25.0,30.0
0.03362183754993342,5270.1,4,1268.08,1269.1,"sS(s=25,S=30)",42,5,25.0,30.0
0.045489891135303266,4480.7,2,1215.3,1238.0,"sS(s=25,S=30)",42,6,25.0,30.0
0.01812250815512867,4870.0,1,1216.3999999999999,1252.0,"sS(s=25,S=30)",42,7,25.0,30.0
0.020848573518653987,4817.7,3,1437.0,1454.0,"sS(s=25,S=30)",42,8,25.0,30.0
0.024108658743633278,5190.1,0,1296.8,1302.0,"sS(s=25,S=30)",42,9,25.0,30.0
0.035175879396984924,4769.8,4,1198.8,1209.0,"sS(s=25,S=30)",42,10,25.0,30.0
0.0186219739292365,4647.0,0,1344.8,1382.0,"sS(s=25,S=30)",42,11,25.0,30.0
0.03858295334970186,4915.0,0,1501.2,1554.0,"sS(s=25,S=30)",42,12,25.0,30.0
0.02287581699346405,4898.3,3,1270.46,1288.0,"sS(s=25,S=30)",42,13,25.0,30.0
0.02790519877675841,4624.3,6,1235.24,1256.3,"sS(s=25,S=30)",42,14,25.0,30.0
0.017806267806267807,4838.0,3,1346.2,1358.0,"sS(s=25,S=30)",42,15,25.0,30.0
0.028026905829596414,4651.5,0,1397.08,1430.1,"sS(s=25,S=30)",42,16,25.0,30.0
0.019014084507042252,5021.4,3,1322.8799999999999,1363.0,"sS(s=25,S=30)",42,17,25.0,30.0
0.022988505747126436,4915.4,2,1314.92,1362.4,"sS(s=25,S=30)",42,18,25.0,30.0
0.03524904214559387,4411.2,3,1176.8,1218.0,"sS(s=25,S=30)",42,19,25.0,30.0
0.018611309949892626,4902.2,1,1427.3999999999999,1486.0,"sS(s=25,S=30)",42,20,25.0,30.0
0.05257767156025948,5095.4,4,1411.04,1420.0,"sS(s=25,S=30)",42,21,25.0,30.0
0.016164817749603804,5623.1,1,1592.2,1654.0,"sS(s=25,S=30)",42,22,25.0,30.0
0.047116736990154715,5203.4,2,1352.24,1368.0,"sS(s=25,S=30)",42,23,25.0,30.0
0.02466047176554682,4853.9,1,1224.0,1244.0,"sS(s=25,S=30)",42,24,25.0,30.0
0.0255781359495445,4950.3,0,1334.0,1372.0,"sS(s=25,S=30)",42,25,25.0,30.0
0.01868460388639761,4774.0,8,1249.6,1266.0,"sS(s=25,S=30)",42,26,25.0,30.0
0.033409760890926954,5458.2,4,1589.2,1598.0,"sS(s=25,S=30)",42,27,25.0,30.0
0.019425019425019424,4365.0,0,1237.6,1300.0,"sS(s=25,S=30)",42,28,25.0,30.0
0.0199203187250996,4624.5,0,1527.1999999999998,1673.0,"sS(s=25,S=30)",42,29,25.0,30.0
0.01781895937277263,4829.0,0,1220.8,1236.0,"sS(s=25,S=30)",42,30,25.0,30.0
0.016943409013893594,5239.0,0,1399.6,1438.0,"sS(s=25,S=30)",42,31,25.0,30.0
0.04665242165242165,4925.9,0,1169.64,1176.0,"sS(s=25,S=30)",42,32,25.0,30.0
0.04083885209713024,4712.0,2,1341.22,1356.0,"sS(s=25,S=30)",42,33,25.0,30.0
0.0364963503649635,4603.5,4,1394.0,1484.0,"sS(s=25,S=30)",42,34,25.0,30.0
0.027551416375630577,4454.1,0,1166.56,1197.9,"sS(s=25,S=30)",42,35,25.0,30.0
0.01701258931609391,5101.0,2,1375.6,1403.0,"sS(s=25,S=30)",42,36,25.0,30.0
0.049174443646805455,4904.7,3,1350.3999999999999,1379.0,"sS(s=25,S=30)",42,37,25.0,30.0
0.017397355601948505,5025.0,0,1430.8,1494.0,"sS(s=25,S=30)",42,38,25.0,30.0
0.05215973920130399,4315.8,2,1216.8799999999999,1228.6,"sS(s=25,S=30)",42,39,25.0,30.0
0.024539877300613498,4568.4,2,1267.24,1282.0,"sS(s=25,S=30)",42,40,25.0,30.0
0.034458259325044406,4898.7,0,1232.8799999999999,1260.6,"sS(s=25,S=30)",42,41,25.0,30.0
0.027560394692072134,5239.1,2,1474.56,1535.2,"sS(s=25,S=30)",42,42,25.0,30.0
0.02600568874441284,4319.4,1,1066.52,1077.4,"sS(s=25,S=30)",42,43,25.0,30.0
0.017513134851138354,4927.0,0,1223.2,1240.0,"sS(s=25,S=30)",42,44,25.0,30.0
0.027703984819734344,4572.3,0,1180.6399999999999,1217.3,"sS(s=25,S=30)",42,45,25.0,30.0
0.01656726308813784,5313.0,0,1590.8,1696.0,"sS(s=25,S=30)",42,46,25.0,30.0
0.020155586987270154,5095.7,1,1382.6,1402.0,"sS(s=25,S=30)",42,47,25.0,30.0
0.05529411764705883,4329.1,0,1104.06,1131.8,"sS(s=25,S=30)",42,48,25.0,30.0
0.017998560115190784,5038.0,9,1316.6,1329.0,"sS(s=25,S=30)",42,49,25.0,30.0
0.03529411764705882,4591.3,6,1126.66,1127.0,"sS(s=25,S=35)",42,0,25.0,35.0
0.028030578813250818,4633.7,0,1185.8,1193.0,"sS(s=25,S=35)",42,1,25.0,35.0
0.018782608695652174,4971.4,2,1437.8,1506.0,"sS(s=25,S=35)",42,2,25.0,35.0
0.018511662347278787,4644.0,0,1266.6,1303.0,"sS(s=25,S=35)",42,3,25.0,35.0
0.031874039938556066,4398.3,2,1233.8,1263.0,"sS(s=25,S=35)",42,4,25.0,35.0
0.041944074567243674,5152.6,4,1303.52,1319.0,"sS(s=25,S=35)",42,5,25.0,35.0
0.07076205287713841,4383.2,1,1216.5,1255.0,"sS(s=25,S=35)",42,6,25.0,35.0
0.020659659296846683,4782.7,1,1189.3999999999999,1227.0,"sS(s=25,S=35)",42,7,25.0,35.0
0.03182150694952451,4745.7,3,1400.4,1414.5,"sS(s=25,S=35)",42,8,25.0,35.0
0.03191850594227504,5109.4,0,1269.0,1277.0,"sS(s=25,S=35)",42,9,25.0,35.0
0.04953338119167265,4733.8,4,1189.8,1209.0,"sS(s=25,S=35)",42,10,25.0,35.0
0.02197392923649907,4551.9,0,1319.72,1356.9,"sS(s=25,S=35)",42,11,25.0,35.0
0.05857593826727464,4827.7,0,1458.04,1514.0,"sS(s=25,S=35)",42,12,25.0,35.0
0.024691358024691357,4797.9,3,1244.38,1263.0,"sS(s=25,S=35)",42,13,25.0,35.0
0.03784403669724771,4534.9,5,1214.4399999999998,1242.8,"sS(s=25,S=35)",42,14,25.0,35.0
0.019943019943019943,4719.6,3,1328.48,1349.6,"sS(s=25,S=35)",42,15,25.0,35.0
0.03998505231689088,4590.7,1,1416.02,1460.6,"sS(s=25,S=35)",42,16,25.0,35.0
0.02640845070422535,4939.5,3,1282.5,1318.0,"sS(s=25,S=35)",42,17,25.0,35.0
0.029813218390804596,4847.3,3,1288.72,1327.9,"sS(s=25,S=35)",42,18,25.0,35.0
0.05210727969348659,4314.6,3,1142.68,1183.0,"sS(s=25,S=35)",42,19,25.0,35.0
0.032569792412312094,4840.1,1,1422.0,1471.0,"sS(s=25,S=35)",42,20,25.0,35.0
0.06520996927278935,4986.1,4,1379.34,1385.0,"sS(s=25,S=35)",42,21,25.0,35.0
0.027258320126782885,5556.6,1,1580.2,1639.0,"sS(s=25,S=35)",42,22,25.0,35.0
0.060829817158931085,5140.3,2,1322.5600000000002,1340.4,"sS(s=25,S=35)",42,23,25.0,35.0
0.028234453180843458,4755.9,1,1185.4,1199.0,"sS(s=25,S=35)",42,24,25.0,35.0
0.030833917309039945,4848.8,0,1301.0,1337.0,"sS(s=25,S=35)",42,25,25.0,35.0
0.01868460388639761,4659.0,7,1206.6,1221.0,"sS(s=25,S=35)",42,26,25.0,35.0
0.03996069439895185,5354.6,4,1574.6,1591.0,"sS(s=25,S=35)",42,27,25.0,35.0
0.019425019425019424,4250.0,0,1194.6,1255.0,"sS(s=25,S=35)",42,28,25.0,35.0
0.02825063382832307,4514.8,0,1495.06,1638.0,"sS(s=25,S=35)",42,29,25.0,35.0
0.023877405559515324,4732.7,0,1179.98,1194.4,"sS(s=25,S=35)",42,30,25.0,35.0
0.01762114537444934,5146.2,0,1381.04,1423.0,"sS(s=25,S=35)",42,31,25.0,35.0
0.05911680911680912,4847.9,0,1139.14,1152.0,"sS(s=25,S=35)",42,32,25.0,35.0
0.056291390728476824,4623.2,2,1316.78,1320.2,"sS(s=25,S=35)",42,33,25.0,35.0
0.042258932001536686,4510.0,4,1364.0,1449.0,"sS(s=25,S=35)",42,34,25.0,35.0
0.037252619324796274,4379.6,0,1138.76,1161.4,"sS(s=25,S=35)",42,35,25.0,35.0
0.01701258931609391,5018.0,2,1348.6,1378.0,"sS(s=25,S=35)",42,36,25.0,35.0
0.06532663316582915,4826.0,3,1322.6599999999999,1354.0,"sS(s=25,S=35)",42,37,25.0,35.0
0.017397355601948505,4920.0,0,1387.8,1449.0,"sS(s=25,S=35)",42,38,25.0,35.0
0.06438467807660962,4223.8,2,1179.8799999999999,1191.1,"sS(s=25,S=35)",42,39,25.0,35.0
0.032208588957055216,4485.4,2,1233.54,1247.0,"sS(s=25,S=35)",42,40,25.0,35.0
0.055062166962699825,4865.5,0,1198.04,1220.1,"sS(s=25,S=35)",42,41,25.0,35.0
0.03980945899965975,5187.7,2,1453.58,1514.7,"sS(s=25,S=35)",42,42,25.0,35.0
0.03250711093051605,4242.0,1,1059.1200000000001,1071.9,"sS(s=25,S=35)",42,43,25.0,35.0
0.017513134851138354,4812.0,0,1196.2,1215.0,"sS(s=25,S=35)",42,44,25.0,35.0
0.04326375711574953,4502.4,0,1194.92,1241.4,"sS(s=25,S=35)",42,45,25.0,35.0
0.021206096752816435,5223.4,0,1571.34,1681.0,"sS(s=25,S=35)",42,46,25.0,35.0
0.025813295615275813,5028.3,1,1359.2,1379.0,"sS(s=25,S=35)",42,47,25.0,35.0
0.07490196078431373,4256.1,0,1100.26,1124.3,"sS(s=25,S=35)",42,48,25.0,35.0
0.017998560115190784,4933.0,9,1288.0,1304.0,"sS(s=25,S=35)",42,49,25.0,35.0
0.04971537001897533,4513.1,6,1098.4199999999998,1100.1,"sS(s=25,S=40)",42,0,25.0,40.0
0.03494721514379323,4534.6,0,1165.94,1176.0,"sS(s=25,S=40)",42,1,25.0,40.0
0.025043478260869566,4886.2,2,1412.56,1481.0,"sS(s=25,S=40)",42,2,25.0,40.0
0.018511662347278787,4549.0,0,1239.6,1278.0,"sS(s=25,S=40)",42,3,25.0,40.0
0.039938556067588324,4296.4,2,1206.08,1234.6,"sS(s=25,S=40)",42,4,25.0,40.0
0.05026631158455393,5059.3,4,1285.66,1292.0,"sS(s=25,S=40)",42,5,25.0,40.0
0.09603421461897356,4270.7,1,1188.3,1230.0,"sS(s=25,S=40)",42,6,25.0,40.0
0.02899601304820587,4713.0,1,1175.0,1220.0,"sS(s=25,S=40)",42,7,25.0,40.0
0.04754937820043892,4685.0,2,1377.56,1396.5,"sS(s=25,S=40)",42,8,25.0,40.0
0.04380305602716469,5044.9,0,1250.8,1252.0,"sS(s=25,S=40)",42,9,25.0,40.0
0.06389088298636038,4645.5,3,1180.8,1209.0,"sS(s=25,S=40)",42,10,25.0,40.0
0.027560521415270017,4463.4,0,1307.1200000000001,1347.4,"sS(s=25,S=40)",42,11,25.0,40.0
0.0796211855489302,4789.4,0,1429.9,1496.7,"sS(s=25,S=40)",42,12,25.0,40.0
0.029411764705882353,4702.7,3,1230.38,1254.0,"sS(s=25,S=40)",42,13,25.0,40.0
0.05542813455657492,4483.5,5,1198.36,1227.3,"sS(s=25,S=40)",42,14,25.0,40.0
0.023504273504273504,4605.6,3,1315.72,1347.4,"sS(s=25,S=40)",42,15,25.0,40.0
0.05493273542600897,4515.7,1,1423.12,1474.1,"sS(s=25,S=40)",42,16,25.0,40.0
0.03838028169014084,4877.9,3,1244.2,1273.0,"sS(s=25,S=40)",42,17,25.0,40.0
0.03879310344827586,4759.8,3,1266.92,1309.4,"sS(s=25,S=40)",42,18,25.0,40.0
0.07318007662835249,4315.1,3,1130.6,1168.0,"sS(s=25,S=40)",42,19,25.0,40.0
0.047244094488188976,4778.6,1,1416.6,1456.0,"sS(s=25,S=40)",42,20,25.0,40.0
0.08296346876066917,4893.3,4,1350.48,1354.0,"sS(s=25,S=40)",42,21,25.0,40.0
0.039619651347068144,5513.5,2,1568.2,1624.0,"sS(s=25,S=40)",42,22,25.0,40.0
0.07454289732770746,5085.2,2,1316.64,1340.4,"sS(s=25,S=40)",42,23,25.0,40.0
0.0318084345961401,4646.9,1,1142.4,1154.0,"sS(s=25,S=40)",42,24,25.0,40.0
0.036440084092501754,4741.4,0,1268.8799999999999,1303.1,"sS(s=25,S=40)",42,25,25.0,40.0
0.023542600896860985,4522.3,5,1187.04,1203.3,"sS(s=25,S=40)",42,26,25.0,40.0
0.046511627906976744,5258.6,3,1585.6,1616.0,"sS(s=25,S=40)",42,27,25.0,40.0
0.024475524475524476,4139.3,0,1153.52,1210.0,"sS(s=25,S=40)",42,28,25.0,40.0
0.0373053241579138,4419.3,0,1465.7599999999998,1603.0,"sS(s=25,S=40)",42,29,25.0,40.0
0.03278688524590164,4656.2,0,1138.5600000000002,1152.9,"sS(s=25,S=40)",42,30,25.0,40.0
0.02134869535750593,5063.3,0,1365.0,1408.0,"sS(s=25,S=40)",42,31,25.0,40.0
0.07158119658119658,4761.9,0,1110.24,1128.0,"sS(s=25,S=40)",42,32,25.0,40.0
0.07873436350257543,4568.3,2,1354.2399999999998,1378.1,"sS(s=25,S=40)",42,33,25.0,40.0
0.0530157510564733,4410.8,2,1332.0,1414.0,"sS(s=25,S=40)",42,34,25.0,40.0
0.047729918509895226,4285.3,0,1096.5600000000002,1106.9,"sS(s=25,S=40)",42,35,25.0,40.0
0.01701258931609391,4935.0,2,1321.6,1353.0,"sS(s=25,S=40)",42,36,25.0,40.0
0.08147882268485283,4750.0,2,1298.06,1329.0,"sS(s=25,S=40)",42,37,25.0,40.0
0.022268615170494086,4830.4,0,1352.96,1416.0,"sS(s=25,S=40)",42,38,25.0,40.0
0.07660961695191525,4131.8,2,1142.8799999999999,1153.6,"sS(s=25,S=40)",42,39,25.0,40.0
0.04409509202453988,4410.5,3,1203.44,1212.0,"sS(s=25,S=40)",42,40,25.0,40.0
0.0763765541740675,4793.5,0,1162.54,1176.6,"sS(s=25,S=40)",42,41,25.0,40.0
0.05444028581150051,5145.8,2,1421.0,1473.5,"sS(s=25,S=40)",42,42,25.0,40.0
0.04185290532303942,4186.3,1,1059.72,1076.4,"sS(s=25,S=40)",42,43,25.0,40.0
0.01786339754816112,4698.1,0,1169.2,1190.0,"sS(s=25,S=40)",42,44,25.0,40.0
0.06793168880455408,4449.4,0,1194.32,1246.9,"sS(s=25,S=40)",42,45,25.0,40.0
0.027833001988071572,5140.4,0,1552.54,1666.0,"sS(s=25,S=40)",42,46,25.0,40.0
0.034653465346534656,4973.8,1,1350.2,1374.0,"sS(s=25,S=40)",42,47,25.0,40.0
0.0976470588235294,4167.1,0,1089.26,1107.8,"sS(s=25,S=40)",42,48,25.0,40.0
0.017998560115190784,4844.8,9,1263.0,1279.0,"sS(s=25,S=40)",42,49,25.0,40.0
0.07438330170777989,4476.6,6,1073.54,1075.0,"sS(s=25,S=45)",42,0,25.0,45.0
0.044048052420822714,4446.5,0,1152.82,1161.0,"sS(s=25,S=45)",42,1,25.0,45.0
0.032,4803.2,2,1392.56,1462.0,"sS(s=25,S=45)",42,2,25.0,45.0
0.019622362088115512,4457.3,0,1216.86,1259.0,"sS(s=25,S=45)",42,3,25.0,45.0
0.05337941628264209,4209.9,2,1184.08,1210.6,"sS(s=25,S=45)",42,4,25.0,45.0
0.05858854860186418,4957.3,3,1278.24,1285.3,"sS(s=25,S=45)",42,5,25.0,45.0
0.12013996889580093,4177.7,1,1168.2,1209.0,"sS(s=25,S=45)",42,6,25.0,45.0
0.04204421891989851,4680.6,1,1217.4799999999998,1270.6,"sS(s=25,S=45)",42,7,25.0,45.0
0.06583760058522312,4636.0,2,1368.86,1392.5,"sS(s=25,S=45)",42,8,25.0,45.0
0.05466893039049236,4953.4,0,1221.8,1227.0,"sS(s=25,S=45)",42,9,25.0,45.0
0.07824838478104809,4566.3,3,1174.82,1209.0,"sS(s=25,S=45)",42,10,25.0,45.0
0.03314711359404097,4374.9,0,1294.52,1337.9,"sS(s=25,S=45)",42,11,25.0,45.0
0.1038232199228341,4685.3,0,1382.3799999999999,1444.7,"sS(s=25,S=45)",42,12,25.0,45.0
0.036673928830791576,4588.2,2,1224.18,1259.0,"sS(s=25,S=45)",42,13,25.0,45.0
0.08065749235474007,4444.1,4,1188.3400000000001,1209.9,"sS(s=25,S=45)",42,14,25.0,45.0
0.02849002849002849,4496.0,3,1308.94,1352.4,"sS(s=25,S=45)",42,15,25.0,45.0
0.07137518684603886,4450.9,1,1414.2199999999998,1465.6,"sS(s=25,S=45)",42,16,25.0,45.0
0.04612676056338028,4825.1,3,1206.52,1228.0,"sS(s=25,S=45)",42,17,25.0,45.0
0.051364942528735635,4683.3,3,1246.66,1290.9,"sS(s=25,S=45)",42,18,25.0,45.0
0.08467432950191571,4144.1,3,1120.6,1153.0,"sS(s=25,S=45)",42,19,25.0,45.0
0.05619183965640658,4694.4,1,1394.56,1434.7,"sS(s=25,S=45)",42,20,25.0,45.0
0.0897917377944691,4815.3,4,1346.28,1359.0,"sS(s=25,S=45)",42,21,25.0,45.0
0.060538827258320126,5446.1,1,1556.2,1609.0,"sS(s=25,S=45)",42,22,25.0,45.0
0.08790436005625879,5029.0,2,1311.86,1341.3,"sS(s=25,S=45)",42,23,25.0,45.0
0.03538241601143674,4537.9,1,1099.4,1109.0,"sS(s=25,S=45)",42,24,25.0,45.0
0.046951646811492644,4653.4,0,1250.76,1284.6,"sS(s=25,S=45)",42,25,25.0,45.0
0.02914798206278027,4386.8,5,1186.24,1199.8,"sS(s=25,S=45)",42,26,25.0,45.0
0.05306256141500164,5173.6,3,1598.2,1643.0,"sS(s=25,S=45)",42,27,25.0,45.0
0.04312354312354312,4057.1,0,1123.48,1176.0,"sS(s=25,S=45)",42,28,25.0,45.0
0.05432814197754437,4336.0,0,1444.1,1578.0,"sS(s=25,S=45)",42,29,25.0,45.0
0.042765502494654314,4562.0,0,1099.42,1106.4,"sS(s=25,S=45)",42,30,25.0,45.0
0.029481531684174857,4994.7,0,1355.0,1393.0,"sS(s=25,S=45)",42,31,25.0,45.0
0.0787037037037037,4705.9,0,1103.4,1119.0,"sS(s=25,S=45)",42,32,25.0,45.0
0.1144223693892568,4531.0,1,1402.2399999999998,1453.1,"sS(s=25,S=45)",42,33,25.0,45.0
0.06454091432961967,4379.8,3,1302.0,1379.0,"sS(s=25,S=45)",42,34,25.0,45.0
0.06713232440822663,4190.3,0,1058.44,1062.2,"sS(s=25,S=45)",42,35,25.0,45.0
0.01701258931609391,4852.0,2,1294.6,1328.0,"sS(s=25,S=45)",42,36,25.0,45.0
0.09763101220387653,4657.0,2,1270.06,1304.0,"sS(s=25,S=45)",42,37,25.0,45.0
0.031315240083507306,4754.0,0,1325.48,1391.0,"sS(s=25,S=45)",42,38,25.0,45.0
0.08883455582722087,4021.8,2,1105.8799999999999,1116.1,"sS(s=25,S=45)",42,39,25.0,45.0
0.06096625766871166,4312.9,3,1182.8600000000001,1195.9,"sS(s=25,S=45)",42,40,25.0,45.0
0.09769094138543517,4711.5,0,1127.04,1133.1,"sS(s=25,S=45)",42,41,25.0,45.0
0.07145287512759442,5091.8,2,1385.0,1426.0,"sS(s=25,S=45)",42,42,25.0,45.0
0.056074766355140186,4135.8,1,1041.1200000000001,1056.9,"sS(s=25,S=45)",42,43,25.0,45.0
0.02136602451838879,4594.1,0,1142.2,1165.0,"sS(s=25,S=45)",42,44,25.0,45.0
0.08500948766603415,4390.4,0,1160.1200000000001,1210.4,"sS(s=25,S=45)",42,45,25.0,45.0
0.03777335984095427,5104.4,0,1539.54,1651.0,"sS(s=25,S=45)",42,46,25.0,45.0
0.04526166902404526,4911.8,1,1345.6,1374.5,"sS(s=25,S=45)",42,47,25.0,45.0
0.11764705882352941,4089.2,0,1070.26,1081.3,"sS(s=25,S=45)",42,48,25.0,45.0
0.024478041756659467,4749.6,8,1237.0,1254.0,"sS(s=25,S=45)",42,49,25.0,45.0
0.09943074003795066,4431.0,5,1075.74,1085.0,"sS(s=25,S=50)",42,0,25.0,50.0
0.056789224608664,4397.0,0,1173.82,1188.0,"sS(s=25,S=50)",42,1,25.0,50.0
0.042782608695652175,4754.3,2,1384.56,1447.0,"sS(s=25,S=50)",42,2,25.0,50.0
0.028878193261754906,4389.8,0,1223.32,1280.0,"sS(s=25,S=50)",42,3,25.0,50.0
0.06682027649769585,4147.4,2,1181.28,1210.6,"sS(s=25,S=50)",42,4,25.0,50.0
0.07023968042609853,4868.1,2,1290.2,1310.3,"sS(s=25,S=50)",42,5,25.0,50.0
0.14307931570762053,4144.0,1,1226.84,1277.3,"sS(s=25,S=50)",42,6,25.0,50.0
0.06560347952156578,4593.1,1,1225.4799999999998,1278.1,"sS(s=25,S=50)",42,7,25.0,50.0
0.08412582297000731,4598.0,2,1385.76,1427.5,"sS(s=25,S=50)",42,8,25.0,50.0
0.061460101867572156,4861.9,0,1199.4,1202.0,"sS(s=25,S=50)",42,9,25.0,50.0
0.0936826992103374,4475.3,3,1176.22,1209.0,"sS(s=25,S=50)",42,10,25.0,50.0
0.03165735567970205,4285.5,0,1296.14,1346.4,"sS(s=25,S=50)",42,11,25.0,50.0
0.12662223781129428,4585.8,0,1333.68,1388.2,"sS(s=25,S=50)",42,12,25.0,50.0
0.048293391430646336,4544.8,2,1255.94,1306.2,"sS(s=25,S=50)",42,13,25.0,50.0
0.14029051987767585,4464.6,4,1166.24,1202.4,"sS(s=25,S=50)",42,14,25.0,50.0
0.03917378917378917,4404.0,3,1304.14,1357.4,"sS(s=25,S=50)",42,15,25.0,50.0
0.08781763826606875,4387.1,1,1394.6799999999998,1448.3,"sS(s=25,S=50)",42,16,25.0,50.0
0.06338028169014084,4765.0,3,1174.38,1188.5,"sS(s=25,S=50)",42,17,25.0,50.0
0.06932471264367816,4641.3,3,1228.66,1274.4,"sS(s=25,S=50)",42,18,25.0,50.0
0.10842911877394636,4118.8,3,1169.8,1212.0,"sS(s=25,S=50)",42,19,25.0,50.0
0.06764495347172512,4623.3,1,1371.9,1410.7,"sS(s=25,S=50)",42,20,25.0,50.0
0.11539774667121884,4771.8,4,1357.12,1380.0,"sS(s=25,S=50)",42,21,25.0,50.0
0.08874801901743265,5444.0,2,1544.2,1594.0,"sS(s=25,S=50)",42,22,25.0,50.0
0.11919831223628692,4996.9,2,1299.74,1327.8,"sS(s=25,S=50)",42,23,25.0,50.0
0.04110078627591136,4435.5,1,1061.6799999999998,1070.6,"sS(s=25,S=50)",42,24,25.0,50.0
0.0578135949544499,4595.5,0,1252.26,1285.1,"sS(s=25,S=50)",42,25,25.0,50.0
0.044095665171898356,4295.8,4,1185.44,1196.3,"sS(s=25,S=50)",42,26,25.0,50.0
0.05961349492302653,5072.6,3,1585.2,1638.0,"sS(s=25,S=50)",42,27,25.0,50.0
0.06643356643356643,4011.1,0,1099.3799999999999,1147.5,"sS(s=25,S=50)",42,28,25.0,50.0
0.07750814922129663,4256.4,0,1414.3,1538.0,"sS(s=25,S=50)",42,29,25.0,50.0
0.05523877405559515,4484.5,0,1065.02,1066.9,"sS(s=25,S=50)",42,30,25.0,50.0
0.04303625889528973,4978.7,0,1354.24,1378.0,"sS(s=25,S=50)",42,31,25.0,50.0
0.0787037037037037,4647.9,0,1082.2,1090.0,"sS(s=25,S=50)",42,32,25.0,50.0
0.15194996320824136,4479.0,1,1409.6399999999999,1470.1,"sS(s=25,S=50)",42,33,25.0,50.0
0.09296965040338072,4355.2,3,1432.0,1544.0,"sS(s=25,S=50)",42,34,25.0,50.0
0.083430345362825,4103.8,0,1059.84,1069.2,"sS(s=25,S=50)",42,35,25.0,50.0
0.02824089826471589,4795.3,1,1282.04,1318.3,"sS(s=25,S=50)",42,36,25.0,50.0
0.12239770279971285,4521.7,2,1242.06,1279.0,"sS(s=25,S=50)",42,37,25.0,50.0
0.04314544189283229,4730.4,0,1339.0,1418.0,"sS(s=25,S=50)",42,38,25.0,50.0
0.10431947840260798,3941.9,2,1073.28,1081.9,"sS(s=25,S=50)",42,39,25.0,50.0
0.08588957055214724,4247.6,3,1163.96,1181.9,"sS(s=25,S=50)",42,40,25.0,50.0
0.11900532859680284,4650.5,0,1105.9399999999998,1107.6,"sS(s=25,S=50)",42,41,25.0,50.0
0.08846546444368833,5027.8,1,1341.0,1368.5,"sS(s=25,S=50)",42,42,25.0,50.0
0.07029662738724096,4086.3,1,1022.5200000000001,1037.4,"sS(s=25,S=50)",42,43,25.0,50.0
0.024868651488616462,4490.1,0,1115.2,1140.0,"sS(s=25,S=50)",42,44,25.0,50.0
0.10588235294117647,4329.5,0,1161.72,1212.9,"sS(s=25,S=50)",42,45,25.0,50.0
0.055666003976143144,5068.8,0,1528.1399999999999,1636.0,"sS(s=25,S=50)",42,46,25.0,50.0
0.06117397454031118,4880.3,1,1375.8,1418.5,"sS(s=25,S=50)",42,47,25.0,50.0
0.1411764705882353,4015.5,0,1067.26,1074.8,"sS(s=25,S=50)",42,48,25.0,50.0
0.035637149028077755,4678.7,8,1220.3600000000001,1239.2,"sS(s=25,S=50)",42,49,25.0,50.0
0.1222011385199241,4396.0,5,1094.74,1095.0,"sS(s=25,S=55)",42,0,25.0,55.0
0.06953039679650527,4341.5,0,1157.22,1163.0,"sS(s=25,S=55)",42,1,25.0,55.0
0.050782608695652175,4727.6,2,1404.04,1456.6,"sS(s=25,S=55)",42,2,25.0,55.0
0.0381340244353943,4322.3,0,1202.88,1253.2,"sS(s=25,S=55)",42,3,25.0,55.0
0.08525345622119816,4089.2,2,1160.5,1181.6,"sS(s=25,S=55)",42,4,25.0,55.0
0.08621837549933423,4822.9,2,1310.04,1335.3,"sS(s=25,S=55)",42,5,25.0,55.0
0.16640746500777606,4081.0,1,1211.6399999999999,1253.3,"sS(s=25,S=55)",42,6,25.0,55.0
0.08916274012323305,4492.6,1,1233.4799999999998,1285.6,"sS(s=25,S=55)",42,7,25.0,55.0
0.10241404535479151,4518.0,2,1355.86,1398.5,"sS(s=25,S=55)",42,8,25.0,55.0
0.06825127334465195,4770.4,0,1194.6,1199.0,"sS(s=25,S=55)",42,9,25.0,55.0
0.12060301507537688,4376.3,3,1176.54,1209.0,"sS(s=25,S=55)",42,10,25.0,55.0
0.04283054003724395,4208.5,0,1278.14,1332.4,"sS(s=25,S=55)",42,11,25.0,55.0
0.14942125569975448,4465.8,0,1283.3799999999999,1327.2,"sS(s=25,S=55)",42,12,25.0,55.0
0.06281771968046478,4490.3,2,1249.94,1302.2,"sS(s=25,S=55)",42,13,25.0,55.0
0.16819571865443425,4399.1,3,1155.3400000000001,1194.9,"sS(s=25,S=55)",42,14,25.0,55.0
0.047364672364672365,4327.3,3,1325.36,1393.0,"sS(s=25,S=55)",42,15,25.0,55.0
0.10201793721973094,4327.9,1,1372.12,1428.8,"sS(s=25,S=55)",42,16,25.0,55.0
0.09190140845070423,4709.1,2,1139.8,1151.1,"sS(s=25,S=55)",42,17,25.0,55.0
0.08728448275862069,4636.3,3,1222.66,1265.9,"sS(s=25,S=55)",42,18,25.0,55.0
0.12911877394636015,4040.7,2,1212.6,1263.0,"sS(s=25,S=55)",42,19,25.0,55.0
0.08446671438797423,4568.7,1,1350.44,1386.0,"sS(s=25,S=55)",42,20,25.0,55.0
0.1399795151928986,4680.2,4,1336.52,1355.0,"sS(s=25,S=55)",42,21,25.0,55.0
0.11378763866877971,5382.4,2,1532.2,1579.0,"sS(s=25,S=55)",42,22,25.0,55.0
0.15260196905766527,5014.4,3,1316.74,1346.3,"sS(s=25,S=55)",42,23,25.0,55.0
0.048248749106504646,4337.5,1,1032.28,1036.6,"sS(s=25,S=55)",42,24,25.0,55.0
0.07463209530483532,4518.3,0,1228.76,1256.6,"sS(s=25,S=55)",42,25,25.0,55.0
0.05829596412556054,4229.0,4,1184.6399999999999,1192.8,"sS(s=25,S=55)",42,26,25.0,55.0
0.06911234850966262,4981.5,3,1569.32,1624.9,"sS(s=25,S=55)",42,27,25.0,55.0
0.08391608391608392,4010.6,0,1084.3799999999999,1138.0,"sS(s=25,S=55)",42,28,25.0,55.0
0.10648315827598696,4237.4,0,1384.5,1498.0,"sS(s=25,S=55)",42,29,25.0,55.0
0.0684248039914469,4428.2,0,1054.24,1059.7,"sS(s=25,S=55)",42,30,25.0,55.0
0.0579464588275161,4912.1,0,1338.44,1363.0,"sS(s=25,S=55)",42,31,25.0,55.0
0.09366096866096867,4552.1,0,1061.0,1061.0,"sS(s=25,S=55)",42,32,25.0,55.0
0.1817512877115526,4406.5,1,1417.04,1487.1,"sS(s=25,S=55)",42,33,25.0,55.0
0.11563580484056857,4295.1,3,1425.92,1538.9,"sS(s=25,S=55)",42,34,25.0,55.0
0.09429569266589057,4038.6,0,1065.5,1076.2,"sS(s=25,S=55)",42,35,25.0,55.0
0.0421912215039129,4786.4,2,1307.26,1355.3,"sS(s=25,S=55)",42,36,25.0,55.0
0.14752333094041636,4370.7,2,1214.06,1254.0,"sS(s=25,S=55)",42,37,25.0,55.0
0.06332637439109255,4695.2,0,1328.76,1405.2,"sS(s=25,S=55)",42,38,25.0,55.0
0.12184189079054605,3908.7,1,1074.74,1088.9,"sS(s=25,S=55)",42,39,25.0,55.0
0.11503067484662577,4229.2,4,1147.48,1167.9,"sS(s=25,S=55)",42,40,25.0,55.0
0.12433392539964476,4632.0,0,1098.68,1099.4,"sS(s=25,S=55)",42,41,25.0,55.0
0.10581830554610412,4974.9,1,1317.8,1337.0,"sS(s=25,S=55)",42,42,25.0,55.0
0.08858187728565624,4029.2,1,1007.9399999999999,1017.9,"sS(s=25,S=55)",42,43,25.0,55.0
0.029422066549912435,4389.4,0,1093.8,1121.0,"sS(s=25,S=55)",42,44,25.0,55.0
0.1267552182163188,4302.5,0,1217.72,1280.4,"sS(s=25,S=55)",42,45,25.0,55.0
0.07554671968190854,5025.8,0,1512.1999999999998,1621.0,"sS(s=25,S=55)",42,46,25.0,55.0
0.07567185289957568,4829.4,1,1367.6,1414.5,"sS(s=25,S=55)",42,47,25.0,55.0
0.16470588235294117,3971.5,0,1064.26,1068.3,"sS(s=25,S=55)",42,48,25.0,55.0
0.05003599712023038,4625.9,8,1210.96,1239.7,"sS(s=25,S=55)",42,49,25.0,55.0
0.14724857685009488,4365.2,4,1122.3600000000001,1126.7,"sS(s=25,S=60)",42,0,25.0,60.0
0.08409173643975246,4296.0,0,1140.62,1145.5,"sS(s=25,S=60)",42,1,25.0,60.0
0.07165217391304347,4668.6,2,1408.98,1463.4,"sS(s=25,S=60)",42,2,25.0,60.0
0.04850055534987042,4287.1,0,1171.24,1195.2,"sS(s=25,S=60)",42,3,25.0,60.0
0.12096774193548387,4081.3,1,1233.84,1273.9,"sS(s=25,S=60)",42,4,25.0,60.0
0.10286284953395473,4756.1,2,1317.24,1344.3,"sS(s=25,S=60)",42,5,25.0,60.0
0.18973561430793157,4059.0,2,1196.4399999999998,1229.3,"sS(s=25,S=60)",42,6,25.0,60.0
0.10511054729974628,4405.0,1,1219.8799999999999,1266.1,"sS(s=25,S=60)",42,7,25.0,60.0
0.11777615215801024,4448.1,1,1326.3799999999999,1369.5,"sS(s=25,S=60)",42,8,25.0,60.0
0.07945670628183361,4710.8,0,1198.26,1209.0,"sS(s=25,S=60)",42,9,25.0,60.0
0.14752333094041636,4272.4,3,1180.54,1209.0,"sS(s=25,S=60)",42,10,25.0,60.0
0.055865921787709494,4137.0,0,1256.14,1313.4,"sS(s=25,S=60)",42,11,25.0,60.0
0.1634514205541915,4420.6,0,1291.8799999999999,1351.6,"sS(s=25,S=60)",42,12,25.0,60.0
0.07734204793028322,4431.8,2,1285.1399999999999,1358.2,"sS(s=25,S=60)",42,13,25.0,60.0
0.19495412844036697,4395.1,3,1177.24,1225.9,"sS(s=25,S=60)",42,14,25.0,60.0
0.06517094017094018,4341.3,3,1329.36,1388.0,"sS(s=25,S=60)",42,15,25.0,60.0
0.11995515695067265,4304.5,1,1361.32,1425.8,"sS(s=25,S=60)",42,16,25.0,60.0
0.12183098591549296,4687.6,2,1139.6999999999998,1142.6,"sS(s=25,S=60)",42,17,25.0,60.0
0.10272988505747127,4572.6,3,1210.06,1257.4,"sS(s=25,S=60)",42,18,25.0,60.0
0.13486590038314175,3994.7,2,1202.6,1248.0,"sS(s=25,S=60)",42,19,25.0,60.0
0.09806728704366499,4513.8,1,1331.08,1361.0,"sS(s=25,S=60)",42,20,25.0,60.0
0.14612495732331854,4587.5,4,1337.52,1358.4,"sS(s=25,S=60)",42,21,25.0,60.0
0.12297939778129953,5325.5,1,1530.1399999999999,1578.0,"sS(s=25,S=60)",42,22,25.0,60.0
0.1828410689170183,4974.3,3,1316.34,1350.8,"sS(s=25,S=60)",42,23,25.0,60.0
0.05539671193709793,4274.5,1,1034.28,1036.6,"sS(s=25,S=60)",42,24,25.0,60.0
0.07463209530483532,4452.3,0,1205.26,1228.1,"sS(s=25,S=60)",42,25,25.0,60.0
0.08819133034379671,4189.9,4,1180.8,1185.5,"sS(s=25,S=60)",42,26,25.0,60.0
0.07893874877169997,4897.3,3,1551.52,1608.9,"sS(s=25,S=60)",42,27,25.0,60.0
0.11305361305361306,3891.1,0,1065.04,1114.5,"sS(s=25,S=60)",42,28,25.0,60.0
0.13147410358565736,4212.0,0,1351.82,1454.4,"sS(s=25,S=60)",42,29,25.0,60.0
0.06878118317890235,4393.3,0,1028.48,1031.8,"sS(s=25,S=60)",42,30,25.0,60.0
0.07827854964418841,4879.1,0,1325.0,1348.0,"sS(s=25,S=60)",42,31,25.0,60.0
0.10968660968660969,4420.6,0,1063.2,1071.0,"sS(s=25,S=60)",42,32,25.0,60.0
0.21118469462840322,4354.8,0,1445.7399999999998,1534.1,"sS(s=25,S=60)",42,33,25.0,60.0
0.1386861313868613,4262.1,2,1420.72,1534.9,"sS(s=25,S=60)",42,34,25.0,60.0
0.1113698098564222,3960.3,0,1058.66,1076.2,"sS(s=25,S=60)",42,35,25.0,60.0
0.06022456617897244,4812.7,2,1335.9199999999998,1387.0,"sS(s=25,S=60)",42,36,25.0,60.0
0.16762383345297918,4280.4,2,1195.02,1229.0,"sS(s=25,S=60)",42,37,25.0,60.0
0.09464161447459986,4649.2,0,1325.56,1401.2,"sS(s=25,S=60)",42,38,25.0,60.0
0.14832925835370822,3894.7,1,1056.74,1058.9,"sS(s=25,S=60)",42,39,25.0,60.0
0.14762269938650308,4160.7,4,1138.78,1153.9,"sS(s=25,S=60)",42,40,25.0,60.0
0.1502664298401421,4561.8,0,1086.48,1090.3,"sS(s=25,S=60)",42,41,25.0,60.0
0.1296359305886356,4932.9,0,1289.8,1299.5,"sS(s=25,S=60)",42,42,25.0,60.0
0.10808614384396587,3991.3,1,996.64,998.4,"sS(s=25,S=60)",42,43,25.0,60.0
0.04133099824868652,4293.8,0,1097.8,1126.0,"sS(s=25,S=60)",42,44,25.0,60.0
0.152561669829222,4285.2,0,1212.92,1271.9,"sS(s=25,S=60)",42,45,25.0,60.0
0.10337972166998012,4973.2,0,1502.1999999999998,1606.0,"sS(s=25,S=60)",42,46,25.0,60.0
0.09512022630834512,4841.9,1,1377.8,1433.5,"sS(s=25,S=60)",42,47,25.0,60.0
0.18823529411764706,3904.5,0,1065.82,1067.5,"sS(s=25,S=60)",42,48,25.0,60.0
0.07163426925845932,4547.9,8,1204.18,1240.2,"sS(s=25,S=60)",42,49,25.0,60.0
0.17571157495256168,4365.2,5,1114.34,1115.0,"sS(s=25,S=65)",42,0,25.0,65.0
0.10411357844921733,4208.0,0,1139.62,1147.5,"sS(s=25,S=65)",42,1,25.0,65.0
0.09078260869565218,4628.9,1,1459.04,1531.0,"sS(s=25,S=65)",42,2,25.0,65.0
0.06886338393187708,4242.6,0,1159.64,1186.7,"sS(s=25,S=65)",42,3,25.0,65.0
0.15360983102918588,4100.8,2,1225.34,1255.4,"sS(s=25,S=65)",42,4,25.0,65.0
0.11384820239680427,4755.4,2,1311.6399999999999,1337.3,"sS(s=25,S=65)",42,5,25.0,65.0
0.22317262830482115,4016.6,2,1177.48,1200.6,"sS(s=25,S=65)",42,6,25.0,65.0
0.11634650235592606,4322.1,1,1164.6799999999998,1194.6,"sS(s=25,S=65)",42,7,25.0,65.0
0.13679590343818582,4461.8,2,1320.14,1353.7,"sS(s=25,S=65)",42,8,25.0,65.0
0.09134125636672326,4686.8,0,1209.8,1219.0,"sS(s=25,S=65)",42,9,25.0,65.0
0.15649676956209618,4348.0,3,1191.78,1206.3,"sS(s=25,S=65)",42,10,25.0,65.0
0.06890130353817504,4130.5,0,1252.14,1325.4,"sS(s=25,S=65)",42,11,25.0,65.0
0.1795861101367941,4358.6,0,1261.58,1307.6,"sS(s=25,S=65)",42,12,25.0,65.0
0.09186637618010167,4405.3,2,1257.94,1311.2,"sS(s=25,S=65)",42,13,25.0,65.0
0.20718654434250763,4399.7,3,1152.1799999999998,1181.1,"sS(s=25,S=65)",42,14,25.0,65.0
0.08511396011396011,4252.9,3,1318.84,1384.1,"sS(s=25,S=65)",42,15,25.0,65.0
0.13228699551569506,4257.5,1,1278.36,1339.6,"sS(s=25,S=65)",42,16,25.0,65.0
0.15211267605633802,4701.2,2,1163.3999999999999,1174.1,"sS(s=25,S=65)",42,17,25.0,65.0
0.10775862068965517,4549.0,3,1222.7599999999998,1278.6,"sS(s=25,S=65)",42,18,25.0,65.0
0.16590038314176245,4084.3,3,1192.6,1233.0,"sS(s=25,S=65)",42,19,25.0,65.0
0.10522548317823908,4539.9,2,1362.52,1392.0,"sS(s=25,S=65)",42,20,25.0,65.0
0.16626835097302833,4541.9,4,1309.1000000000001,1309.4,"sS(s=25,S=65)",42,21,25.0,65.0
0.14896988906497624,5242.6,1,1532.34,1583.0,"sS(s=25,S=65)",42,22,25.0,65.0
0.2092123769338959,4935.8,3,1375.1399999999999,1429.3,"sS(s=25,S=65)",42,23,25.0,65.0
0.06397426733380987,4185.9,1,1027.52,1035.0,"sS(s=25,S=65)",42,24,25.0,65.0
0.12263489838822705,4431.4,0,1174.6999999999998,1199.6,"sS(s=25,S=65)",42,25,25.0,65.0
0.12556053811659193,4202.4,6,1188.8,1193.0,"sS(s=25,S=65)",42,26,25.0,65.0
0.0887651490337373,4853.3,2,1504.92,1538.9,"sS(s=25,S=65)",42,27,25.0,65.0
0.14219114219114218,3811.9,0,1048.1399999999999,1091.0,"sS(s=25,S=65)",42,28,25.0,65.0
0.1503078594712061,4097.0,0,1314.82,1405.4,"sS(s=25,S=65)",42,29,25.0,65.0
0.08695652173913043,4309.4,0,1000.56,1001.0,"sS(s=25,S=65)",42,30,25.0,65.0
0.09691629955947137,4826.3,0,1313.4,1331.0,"sS(s=25,S=65)",42,31,25.0,65.0
0.1274928774928775,4352.6,0,1067.16,1081.0,"sS(s=25,S=65)",42,32,25.0,65.0
0.23841059602649006,4429.8,1,1531.6399999999999,1661.1,"sS(s=25,S=65)",42,33,25.0,65.0
0.16173645793315405,4257.3,2,1445.24,1564.9,"sS(s=25,S=65)",42,34,25.0,65.0
0.136592937524253,3907.8,0,1049.66,1073.2,"sS(s=25,S=65)",42,35,25.0,65.0
0.07995916978564137,4773.5,2,1330.22,1384.5,"sS(s=25,S=65)",42,36,25.0,65.0
0.17839195979899497,4294.5,2,1198.96,1201.3,"sS(s=25,S=65)",42,37,25.0,65.0
0.12595685455810718,4683.6,0,1397.56,1491.2,"sS(s=25,S=65)",42,38,25.0,65.0
0.17766911165444174,3874.3,1,1057.4199999999998,1063.1,"sS(s=25,S=65)",42,39,25.0,65.0
0.17446319018404907,4081.2,4,1125.52,1139.9,"sS(s=25,S=65)",42,40,25.0,65.0
0.169449378330373,4504.3,0,1077.18,1081.8,"sS(s=25,S=65)",42,41,25.0,65.0
0.14698877169105137,4951.0,1,1325.4,1341.5,"sS(s=25,S=65)",42,42,25.0,65.0
0.1243396993092239,3995.8,1,1003.26,1011.1,"sS(s=25,S=65)",42,43,25.0,65.0
0.05499124343257443,4247.7,0,1152.2,1194.0,"sS(s=25,S=65)",42,44,25.0,65.0
0.1650853889943074,4315.6,0,1208.1200000000001,1263.4,"sS(s=25,S=65)",42,45,25.0,65.0
0.12491716368455931,4955.6,0,1485.0,1582.0,"sS(s=25,S=65)",42,46,25.0,65.0
0.11987270155586988,4798.9,1,1353.6,1409.5,"sS(s=25,S=65)",42,47,25.0,65.0
0.21176470588235294,3882.0,0,1070.42,1070.5,"sS(s=25,S=65)",42,48,25.0,65.0
0.0939524838012959,4461.4,8,1245.84,1302.7,"sS(s=25,S=65)",42,49,25.0,65.0
0.19772296015180266,4317.6,5,1119.54,1125.0,"sS(s=25,S=70)",42,0,25.0,70.0
0.10921004732435384,4051.9,0,1077.98,1095.1,"sS(s=25,S=70)",42,1,25.0,70.0
0.10782608695652174,4559.3,1,1437.54,1513.0,"sS(s=25,S=70)",42,2,25.0,70.0
0.09181784524250278,4316.8,0,1166.64,1212.2,"sS(s=25,S=70)",42,3,25.0,70.0
0.18625192012288785,4027.3,2,1208.04,1236.9,"sS(s=25,S=70)",42,4,25.0,70.0
0.13315579227696406,4698.2,2,1307.3,1330.3,"sS(s=25,S=70)",42,5,25.0,70.0
0.2581648522550544,4016.1,2,1191.48,1213.1,"sS(s=25,S=70)",42,6,25.0,70.0
0.14244291409931134,4302.1,1,1243.8799999999999,1291.1,"sS(s=25,S=70)",42,7,25.0,70.0
0.14520848573518655,4491.6,2,1339.14,1384.2,"sS(s=25,S=70)",42,8,25.0,70.0
0.10424448217317488,4662.1,0,1222.26,1229.0,"sS(s=25,S=70)",42,9,25.0,70.0
0.17516152189519024,4229.6,3,1185.42,1197.3,"sS(s=25,S=70)",42,10,25.0,70.0
0.08268156424581005,4057.2,0,1229.14,1301.4,"sS(s=25,S=70)",42,11,25.0,70.0
0.19361627499123116,4302.6,0,1231.28,1263.6,"sS(s=25,S=70)",42,12,25.0,70.0
0.10639070442992012,4347.4,2,1245.94,1302.2,"sS(s=25,S=70)",42,13,25.0,70.0
0.23394495412844038,4302.7,3,1146.8799999999999,1178.1,"sS(s=25,S=70)",42,14,25.0,70.0
0.10648148148148148,4166.1,2,1310.84,1384.6,"sS(s=25,S=70)",42,15,25.0,70.0
0.15657698056801195,4191.0,1,1265.1599999999999,1331.1,"sS(s=25,S=70)",42,16,25.0,70.0
0.17394366197183098,4651.6,2,1135.3,1141.1,"sS(s=25,S=70)",42,17,25.0,70.0
0.0966235632183908,4392.9,1,1228.1200000000001,1288.4,"sS(s=25,S=70)",42,18,25.0,70.0
0.19157088122605365,4055.5,3,1182.6,1218.0,"sS(s=25,S=70)",42,19,25.0,70.0
0.10987831066571224,4437.7,1,1342.92,1366.4,"sS(s=25,S=70)",42,20,25.0,70.0
0.16729259132809832,4486.1,3,1293.4,1295.4,"sS(s=25,S=70)",42,21,25.0,70.0
0.16671949286846277,5280.2,2,1594.74,1674.0,"sS(s=25,S=70)",42,22,25.0,70.0
0.23277074542897327,4887.3,3,1360.34,1415.8,"sS(s=25,S=70)",42,23,25.0,70.0
0.07290922087205147,4098.4,1,1027.72,1045.0,"sS(s=25,S=70)",42,24,25.0,70.0
0.13840224246671337,4416.1,0,1155.56,1171.1,"sS(s=25,S=70)",42,25,25.0,70.0
0.13415545590433484,4179.3,6,1196.8,1200.5,"sS(s=25,S=70)",42,26,25.0,70.0
0.1018670160497871,4789.3,2,1480.92,1519.9,"sS(s=25,S=70)",42,27,25.0,70.0
0.16822066822066822,3742.6,0,1031.24,1067.5,"sS(s=25,S=70)",42,28,25.0,70.0
0.16588192683810213,4030.6,0,1292.22,1374.4,"sS(s=25,S=70)",42,29,25.0,70.0
0.10940841054882394,4244.7,0,997.44,1001.0,"sS(s=25,S=70)",42,30,25.0,70.0
0.10843781768891901,4805.5,0,1295.4,1306.0,"sS(s=25,S=70)",42,31,25.0,70.0
0.1517094017094017,4305.7,0,1072.66,1091.0,"sS(s=25,S=70)",42,32,25.0,70.0
0.2608535688005887,4371.8,1,1546.5399999999997,1688.1,"sS(s=25,S=70)",42,33,25.0,70.0
0.17095658855167115,4256.7,2,1432.24,1545.9,"sS(s=25,S=70)",42,34,25.0,70.0
0.17035312378734963,3948.2,0,996.4599999999999,1022.9,"sS(s=25,S=70)",42,35,25.0,70.0
0.09765226267437904,4787.0,1,1312.1,1360.3,"sS(s=25,S=70)",42,36,25.0,70.0
0.19095477386934673,4267.5,2,1204.74,1214.1,"sS(s=25,S=70)",42,37,25.0,70.0
0.1590118302018093,4714.1,0,1506.36,1627.2,"sS(s=25,S=70)",42,38,25.0,70.0
0.20823145884270577,3828.3,1,1039.4199999999998,1041.1,"sS(s=25,S=70)",42,39,25.0,70.0
0.20820552147239263,4013.0,3,1140.3200000000002,1155.9,"sS(s=25,S=70)",42,40,25.0,70.0
0.17513321492007106,4431.9,0,1134.38,1149.9,"sS(s=25,S=70)",42,41,25.0,70.0
0.18033344675059543,4915.8,1,1301.4,1309.0,"sS(s=25,S=70)",42,42,25.0,70.0
0.13327915481511582,3963.3,1,1013.56,1032.6,"sS(s=25,S=70)",42,43,25.0,70.0
0.07600700525394045,4122.7,0,1124.2,1159.0,"sS(s=25,S=70)",42,44,25.0,70.0
0.19924098671726756,4251.9,0,1197.56,1247.7,"sS(s=25,S=70)",42,45,25.0,70.0
0.14314115308151093,4959.1,0,1464.1999999999998,1553.5,"sS(s=25,S=70)",42,46,25.0,70.0
0.14674681753889673,4784.9,1,1358.0,1423.5,"sS(s=25,S=70)",42,47,25.0,70.0
0.23529411764705882,3852.5,0,1079.58,1081.1,"sS(s=25,S=70)",42,48,25.0,70.0
0.11375089992800576,4363.4,7,1228.6399999999999,1293.2,"sS(s=25,S=70)",42,49,25.0,70.0
0.17571157495256168,4262.3,5,1100.74,1135.0,"sS(s=25,S=75)",42,0,25.0,75.0
0.13396432471787403,3978.2,0,1069.1799999999998,1082.1,"sS(s=25,S=75)",42,1,25.0,75.0
0.10260869565217391,4414.3,1,1370.62,1449.0,"sS(s=25,S=75)",42,2,25.0,75.0
0.11810440577563865,4276.9,0,1147.6399999999999,1198.7,"sS(s=25,S=75)",42,3,25.0,75.0
0.21889400921658986,3963.5,1,1218.74,1253.4,"sS(s=25,S=75)",42,4,25.0,75.0
0.131491344873502,4683.7,2,1267.5,1275.3,"sS(s=25,S=75)",42,5,25.0,75.0
0.2931570762052877,3984.1,2,1205.48,1225.6,"sS(s=25,S=75)",42,6,25.0,75.0
0.16781442551649148,4240.1,1,1255.8799999999999,1303.6,"sS(s=25,S=75)",42,7,25.0,75.0
0.16934893928310168,4442.7,2,1309.24,1353.8,"sS(s=25,S=75)",42,8,25.0,75.0
0.12699490662139218,4582.3,0,1227.66,1239.0,"sS(s=25,S=75)",42,9,25.0,75.0
0.19669777458722182,4097.2,3,1160.98,1188.3,"sS(s=25,S=75)",42,10,25.0,75.0
0.10130353817504656,3978.2,0,1209.34,1281.4,"sS(s=25,S=75)",42,11,25.0,75.0
0.1971238162048404,4354.6,0,1200.98,1219.6,"sS(s=25,S=75)",42,12,25.0,75.0
0.12091503267973856,4299.4,2,1233.94,1293.2,"sS(s=25,S=75)",42,13,25.0,75.0
0.2580275229357798,4257.0,3,1140.1799999999998,1175.1,"sS(s=25,S=75)",42,14,25.0,75.0
0.13141025641025642,4105.1,2,1302.76,1381.5,"sS(s=25,S=75)",42,15,25.0,75.0
0.18086696562032886,4179.0,1,1323.9599999999998,1410.1,"sS(s=25,S=75)",42,16,25.0,75.0
0.17640845070422534,4607.6,2,1129.6999999999998,1135.1,"sS(s=25,S=75)",42,17,25.0,75.0
0.11997126436781609,4392.4,1,1228.2,1284.9,"sS(s=25,S=75)",42,18,25.0,75.0
0.23256704980842913,3988.0,3,1172.6,1203.0,"sS(s=25,S=75)",42,19,25.0,75.0
0.13385826771653545,4374.9,0,1330.66,1352.9,"sS(s=25,S=75)",42,20,25.0,75.0
0.19460566746329805,4405.1,3,1279.7,1281.4,"sS(s=25,S=75)",42,21,25.0,75.0
0.1889064976228209,5222.2,1,1589.94,1669.0,"sS(s=25,S=75)",42,22,25.0,75.0
0.25562587904360057,4836.1,3,1345.54,1402.3,"sS(s=25,S=75)",42,23,25.0,75.0
0.0696926375982845,4056.5,1,1027.92,1055.0,"sS(s=25,S=75)",42,24,25.0,75.0
0.15416958654519972,4357.6,0,1128.1599999999999,1142.6,"sS(s=25,S=75)",42,25,25.0,75.0
0.17152466367713004,4235.0,6,1244.0,1257.0,"sS(s=25,S=75)",42,26,25.0,75.0
0.10153946937438585,4732.9,3,1490.52,1542.9,"sS(s=25,S=75)",42,27,25.0,75.0
0.19347319347319347,3687.6,0,1014.34,1044.0,"sS(s=25,S=75)",42,28,25.0,75.0
0.1680550525172039,3946.6,0,1279.22,1355.4,"sS(s=25,S=75)",42,29,25.0,75.0
0.13257305773342837,4228.2,0,997.24,1001.0,"sS(s=25,S=75)",42,30,25.0,75.0
0.12572009488309047,4757.0,0,1277.4,1281.0,"sS(s=25,S=75)",42,31,25.0,75.0
0.16274928774928774,4322.0,0,1085.56,1101.0,"sS(s=25,S=75)",42,32,25.0,75.0
0.26600441501103755,4303.7,1,1561.4399999999998,1715.1,"sS(s=25,S=75)",42,33,25.0,75.0
0.1790242028428736,4268.8,3,1419.24,1526.9,"sS(s=25,S=75)",42,34,25.0,75.0
0.17617384555684906,3855.2,0,1010.86,1025.4,"sS(s=25,S=75)",42,35,25.0,75.0
0.1092208234093229,4787.9,1,1252.6399999999999,1297.3,"sS(s=25,S=75)",42,36,25.0,75.0
0.20351758793969849,4240.5,2,1217.54,1238.6,"sS(s=25,S=75)",42,37,25.0,75.0
0.19206680584551147,4655.0,0,1495.96,1614.2,"sS(s=25,S=75)",42,38,25.0,75.0
0.23634881825590873,3823.2,1,1026.94,1028.0,"sS(s=25,S=75)",42,39,25.0,75.0
0.24079754601226994,4011.9,3,1216.4799999999998,1248.6,"sS(s=25,S=75)",42,40,25.0,75.0
0.18969804618117228,4393.2,0,1137.06,1159.0,"sS(s=25,S=75)",42,41,25.0,75.0
0.2092548485879551,4934.0,1,1287.96,1289.7,"sS(s=25,S=75)",42,42,25.0,75.0
0.17310036570499795,4051.5,2,1054.04,1054.1,"sS(s=25,S=75)",42,43,25.0,75.0
0.09912434325744308,4081.3,0,1123.3999999999999,1158.0,"sS(s=25,S=75)",42,44,25.0,75.0
0.22504743833017077,4199.5,0,1181.96,1225.7,"sS(s=25,S=75)",42,45,25.0,75.0
0.12922465208747516,4809.9,0,1415.3999999999999,1490.0,"sS(s=25,S=75)",42,46,25.0,75.0
0.16973125884016974,4722.9,1,1324.0,1389.5,"sS(s=25,S=75)",42,47,25.0,75.0
0.25529411764705884,3802.2,0,1086.1799999999998,1092.1,"sS(s=25,S=75)",42,48,25.0,75.0
0.128869690424766,4343.1,6,1249.56,1331.7,"sS(s=25,S=75)",42,49,25.0,75.0
0.20037950664136622,4223.8,5,1107.28,1145.0,"sS(s=25,S=80)",42,0,25.0,80.0
0.16672733891518018,3928.7,0,1061.1799999999998,1069.1,"sS(s=25,S=80)",42,1,25.0,80.0
0.11826086956521739,4365.3,1,1353.82,1435.0,"sS(s=25,S=80)",42,2,25.0,80.0
0.14365049981488337,4273.8,0,1138.28,1188.8,"sS(s=25,S=80)",42,3,25.0,80.0
0.24807987711213517,3971.0,2,1314.24,1375.9,"sS(s=25,S=80)",42,4,25.0,80.0
0.15612516644474034,4651.9,2,1264.42,1266.2,"sS(s=25,S=80)",42,5,25.0,80.0
0.3215396578538103,3939.4,2,1219.48,1238.1,"sS(s=25,S=80)",42,6,25.0,80.0
0.17615077926785067,4151.4,1,1143.78,1162.1,"sS(s=25,S=80)",42,7,25.0,80.0
0.2121433796634967,4303.5,2,1239.34,1274.3,"sS(s=25,S=80)",42,8,25.0,80.0
0.15110356536502548,4453.3,0,1233.38,1249.0,"sS(s=25,S=80)",42,9,25.0,80.0
0.22541277817659727,4096.2,2,1164.6200000000001,1172.7,"sS(s=25,S=80)",42,10,25.0,80.0
0.1366852886405959,4012.7,0,1228.52,1278.4,"sS(s=25,S=80)",42,11,25.0,80.0
0.21290775166608208,4321.6,0,1192.6799999999998,1203.1,"sS(s=25,S=80)",42,12,25.0,80.0
0.12091503267973856,4293.6,2,1221.94,1284.2,"sS(s=25,S=80)",42,13,25.0,80.0
0.25688073394495414,4205.4,3,1119.2199999999998,1172.1,"sS(s=25,S=80)",42,14,25.0,80.0
0.1599002849002849,4049.1,2,1289.22,1373.0,"sS(s=25,S=80)",42,15,25.0,80.0
0.20515695067264575,4134.0,1,1305.9599999999998,1388.1,"sS(s=25,S=80)",42,16,25.0,80.0
0.2035211267605634,4626.3,2,1083.56,1088.3,"sS(s=25,S=80)",42,17,25.0,80.0
0.14331896551724138,4368.9,1,1189.08,1239.6,"sS(s=25,S=80)",42,18,25.0,80.0
0.26513409961685824,3931.3,3,1161.8799999999999,1187.1,"sS(s=25,S=80)",42,19,25.0,80.0
0.15891195418754475,4371.4,0,1355.8600000000001,1385.4,"sS(s=25,S=80)",42,20,25.0,80.0
0.22362581085694777,4377.8,3,1297.76,1307.1,"sS(s=25,S=80)",42,21,25.0,80.0
0.21109350237717908,5245.7,2,1585.1399999999999,1664.0,"sS(s=25,S=80)",42,22,25.0,80.0
0.27637130801687765,4794.5,3,1332.84,1388.8,"sS(s=25,S=80)",42,23,25.0,80.0
0.08398856325947104,3972.5,1,1028.12,1065.0,"sS(s=25,S=80)",42,24,25.0,80.0
0.14190609670637702,4242.1,0,1095.3000000000002,1102.4,"sS(s=25,S=80)",42,25,25.0,80.0
0.20889387144992527,4198.9,4,1248.0,1259.5,"sS(s=25,S=80)",42,26,25.0,80.0
0.11627906976744186,4719.9,4,1462.1200000000001,1530.9,"sS(s=25,S=80)",42,27,25.0,80.0
0.21872571872571872,3668.4,0,1063.78,1104.8,"sS(s=25,S=80)",42,28,25.0,80.0
0.19014849692140529,3921.2,0,1302.62,1381.9,"sS(s=25,S=80)",42,29,25.0,80.0
0.16892373485388454,4061.4,0,1123.32,1153.9,"sS(s=25,S=80)",42,30,25.0,80.0
0.137580481192816,4772.5,0,1297.8,1304.0,"sS(s=25,S=80)",42,31,25.0,80.0
0.19052706552706553,4305.3,0,1088.7,1111.0,"sS(s=25,S=80)",42,32,25.0,80.0
0.2862398822663723,4243.7,1,1576.3399999999997,1742.1,"sS(s=25,S=80)",42,33,25.0,80.0
0.20783711102573954,4270.3,3,1444.6399999999999,1555.9,"sS(s=25,S=80)",42,34,25.0,80.0
0.20372526193247964,3834.2,0,994.46,1027.9,"sS(s=25,S=80)",42,35,25.0,80.0
0.1279346716570262,4800.9,1,1248.3999999999999,1291.3,"sS(s=25,S=80)",42,36,25.0,80.0
0.2189519023689878,4272.1,3,1219.3999999999999,1259.8,"sS(s=25,S=80)",42,37,25.0,80.0
0.22512178148921363,4638.8,0,1472.76,1585.2,"sS(s=25,S=80)",42,38,25.0,80.0
0.24938875305623473,3793.5,1,1095.64,1125.9,"sS(s=25,S=80)",42,39,25.0,80.0
0.27338957055214724,3963.4,3,1196.48,1221.1,"sS(s=25,S=80)",42,40,25.0,80.0
0.20177619893428064,4435.3,0,1129.4199999999998,1150.1,"sS(s=25,S=80)",42,41,25.0,80.0
0.23647499149370535,4959.5,1,1319.56,1326.7,"sS(s=25,S=80)",42,42,25.0,80.0
0.20357578220235675,4018.5,2,1070.4399999999998,1075.6,"sS(s=25,S=80)",42,43,25.0,80.0
0.1330998248686515,3984.0,0,1085.0,1110.0,"sS(s=25,S=80)",42,44,25.0,80.0
0.23719165085388993,4130.6,0,1132.76,1161.7,"sS(s=25,S=80)",42,45,25.0,80.0
0.15540092776673295,4810.8,0,1405.8,1475.5,"sS(s=25,S=80)",42,46,25.0,80.0
0.19731258840169733,4599.2,1,1285.46,1355.5,"sS(s=25,S=80)",42,47,25.0,80.0
0.2580392156862745,3835.0,0,1090.58,1103.1,"sS(s=25,S=80)",42,48,25.0,80.0
0.12922966162706984,4448.7,7,1279.56,1318.2,"sS(s=25,S=80)",42,49,25.0,80.0
0.22163187855787475,4236.7,5,1133.38,1155.0,"sS(s=25,S=85)",42,0,25.0,85.0
0.19949035311248633,3864.8,0,1089.74,1096.5,"sS(s=25,S=85)",42,1,25.0,85.0
0.16869565217391305,4411.3,1,1207.04,1253.8,"sS(s=25,S=85)",42,2,25.0,85.0
0.17178822658274714,4222.4,0,1123.04,1185.2,"sS(s=25,S=85)",42,3,25.0,85.0
0.2726574500768049,3902.7,1,1299.4999999999998,1360.6,"sS(s=25,S=85)",42,4,25.0,85.0
0.1681091877496671,4682.4,2,1263.1599999999999,1278.3,"sS(s=25,S=85)",42,5,25.0,85.0
0.3300933125972006,3960.3,2,1233.48,1250.6,"sS(s=25,S=85)",42,6,25.0,85.0
0.1946357375860819,4099.2,1,1151.6799999999998,1170.6,"sS(s=25,S=85)",42,7,25.0,85.0
0.24725676664228238,4221.2,2,1220.6399999999999,1258.8,"sS(s=25,S=85)",42,8,25.0,85.0
0.15585738539898134,4487.2,0,1248.38,1259.0,"sS(s=25,S=85)",42,9,25.0,85.0
0.25125628140703515,4031.4,2,1167.82,1177.7,"sS(s=25,S=85)",42,10,25.0,85.0
0.16387337057728119,3883.2,0,1209.52,1259.4,"sS(s=25,S=85)",42,11,25.0,85.0
0.23290073658365487,4331.7,0,1216.46,1228.9,"sS(s=25,S=85)",42,12,25.0,85.0
0.14270152505446623,4243.1,2,1209.94,1275.2,"sS(s=25,S=85)",42,13,25.0,85.0
0.23585626911314986,4341.5,3,1126.74,1131.5,"sS(s=25,S=85)",42,14,25.0,85.0
0.19266381766381765,4114.0,2,1258.52,1357.5,"sS(s=25,S=85)",42,15,25.0,85.0
0.22944693572496264,4149.0,2,1269.9599999999998,1316.1,"sS(s=25,S=85)",42,16,25.0,85.0
0.23415492957746478,4658.6,2,1119.64,1137.0,"sS(s=25,S=85)",42,17,25.0,85.0
0.16810344827586207,4322.6,1,1181.8799999999999,1230.6,"sS(s=25,S=85)",42,18,25.0,85.0
0.289272030651341,3884.1,3,1149.96,1169.7,"sS(s=25,S=85)",42,19,25.0,85.0
0.18324982104509663,4258.9,0,1332.3,1360.1,"sS(s=25,S=85)",42,20,25.0,85.0
0.2413793103448276,4297.0,2,1294.04,1311.0,"sS(s=25,S=85)",42,21,25.0,85.0
0.23328050713153725,5194.2,2,1580.34,1659.0,"sS(s=25,S=85)",42,22,25.0,85.0
0.2795358649789029,4921.7,3,1343.8,1400.0,"sS(s=25,S=85)",42,23,25.0,85.0
0.10150107219442459,3911.4,1,1029.46,1075.0,"sS(s=25,S=85)",42,24,25.0,85.0
0.1629292221443588,4186.1,0,1067.08,1068.0,"sS(s=25,S=85)",42,25,25.0,85.0
0.24626307922272048,4250.4,5,1252.0,1262.0,"sS(s=25,S=85)",42,26,25.0,85.0
0.13101867016049787,4654.2,4,1444.6,1517.9,"sS(s=25,S=85)",42,27,25.0,85.0
0.22455322455322455,3639.2,0,1054.98,1092.8,"sS(s=25,S=85)",42,28,25.0,85.0
0.21658819268381022,3874.0,0,1279.36,1350.3,"sS(s=25,S=85)",42,29,25.0,85.0
0.19885958660014255,3989.9,0,1125.58,1155.9,"sS(s=25,S=85)",42,30,25.0,85.0
0.18129447644866148,4802.4,0,1281.94,1283.0,"sS(s=25,S=85)",42,31,25.0,85.0
0.22364672364672364,4245.1,0,1094.98,1121.0,"sS(s=25,S=85)",42,32,25.0,85.0
0.30647534952170713,4211.2,1,1591.2399999999998,1769.1,"sS(s=25,S=85)",42,33,25.0,85.0
0.23665001920860546,4217.9,3,1427.6399999999999,1531.9,"sS(s=25,S=85)",42,34,25.0,85.0
0.23205277454404347,3765.1,0,992.84,1034.2,"sS(s=25,S=85)",42,35,25.0,85.0
0.1466485199047295,4828.1,2,1387.34,1474.4,"sS(s=25,S=85)",42,36,25.0,85.0
0.23869346733668342,4263.7,3,1229.04,1278.8,"sS(s=25,S=85)",42,37,25.0,85.0
0.2522616562282533,4702.8,0,1482.36,1597.2,"sS(s=25,S=85)",42,38,25.0,85.0
0.28198859005704974,3680.0,0,1078.04,1123.9,"sS(s=25,S=85)",42,39,25.0,85.0
0.28144171779141103,4033.5,3,1105.56,1108.0,"sS(s=25,S=85)",42,40,25.0,85.0
0.21776198934280638,4402.8,0,1108.4199999999998,1119.6,"sS(s=25,S=85)",42,41,25.0,85.0
0.2636951343994556,4922.0,1,1300.94,1301.0,"sS(s=25,S=85)",42,42,25.0,85.0
0.23161316537992685,3986.1,2,1086.3,1097.1,"sS(s=25,S=85)",42,43,25.0,85.0
0.15411558669001751,3988.0,0,1053.0,1070.0,"sS(s=25,S=85)",42,44,25.0,85.0
0.2667931688804554,4085.8,0,1125.16,1149.7,"sS(s=25,S=85)",42,45,25.0,85.0
0.1918489065606362,4836.8,0,1525.8,1623.0,"sS(s=25,S=85)",42,46,25.0,85.0
0.21782178217821782,4481.6,1,1276.36,1343.5,"sS(s=25,S=85)",42,47,25.0,85.0
0.2741176470588235,3932.4,0,1068.28,1114.1,"sS(s=25,S=85)",42,48,25.0,85.0
0.1558675305975522,4448.6,6,1281.48,1299.6,"sS(s=25,S=85)",42,49,25.0,85.0
0.21707779886148007,4171.0,4,1126.1,1165.0,"sS(s=25,S=90)",42,0,25.0,90.0
0.23006916636330543,3813.9,0,1092.04,1098.5,"sS(s=25,S=90)",42,1,25.0,90.0
0.19826086956521738,4381.3,1,1208.9399999999998,1264.3,"sS(s=25,S=90)",42,2,25.0,90.0
0.20140688633839318,4243.1,0,1202.26,1305.2,"sS(s=25,S=90)",42,3,25.0,90.0
0.2956989247311828,3853.2,1,1286.9999999999998,1348.1,"sS(s=25,S=90)",42,4,25.0,90.0
0.19340878828229027,4691.0,2,1284.06,1299.3,"sS(s=25,S=90)",42,5,25.0,90.0
0.3557542768273717,3935.3,1,1284.28,1309.1,"sS(s=25,S=90)",42,6,25.0,90.0
0.22689380210221094,4113.2,1,1289.1799999999998,1341.1,"sS(s=25,S=90)",42,7,25.0,90.0
0.2809070958302853,4086.4,1,1200.1599999999999,1243.3,"sS(s=25,S=90)",42,8,25.0,90.0
0.1626485568760611,4457.7,0,1264.46,1269.0,"sS(s=25,S=90)",42,9,25.0,90.0
0.27494615936826994,4027.7,2,1180.3,1180.6,"sS(s=25,S=90)",42,10,25.0,90.0
0.1813780260707635,3819.7,0,1202.6799999999998,1255.6,"sS(s=25,S=90)",42,11,25.0,90.0
0.2539459838653104,4288.7,0,1197.16,1201.4,"sS(s=25,S=90)",42,12,25.0,90.0
0.1644880174291939,4192.6,2,1197.94,1266.2,"sS(s=25,S=90)",42,13,25.0,90.0
0.26452599388379205,4295.5,3,1120.04,1126.0,"sS(s=25,S=90)",42,14,25.0,90.0
0.23397435897435898,4237.1,3,1264.24,1342.5,"sS(s=25,S=90)",42,15,25.0,90.0
0.2537369207772795,4098.4,2,1255.9599999999998,1304.1,"sS(s=25,S=90)",42,16,25.0,90.0
0.23873239436619717,4667.1,2,1200.02,1219.4,"sS(s=25,S=90)",42,17,25.0,90.0
0.19863505747126436,4360.1,1,1179.4799999999998,1227.6,"sS(s=25,S=90)",42,18,25.0,90.0
0.3164750957854406,3878.4,3,1161.64,1182.7,"sS(s=25,S=90)",42,19,25.0,90.0
0.2047244094488189,4208.9,0,1302.8,1332.1,"sS(s=25,S=90)",42,20,25.0,90.0
0.24581768521679753,4227.2,2,1315.6399999999999,1360.0,"sS(s=25,S=90)",42,21,25.0,90.0
0.2554675118858954,5140.0,2,1575.54,1654.0,"sS(s=25,S=90)",42,22,25.0,90.0
0.2587904360056259,4948.8,3,1452.04,1532.8,"sS(s=25,S=90)",42,23,25.0,90.0
0.18656182987848463,4156.1,1,1063.68,1083.2,"sS(s=25,S=90)",42,24,25.0,90.0
0.18395234758234058,4258.6,0,1050.3400000000001,1059.9,"sS(s=25,S=90)",42,25,25.0,90.0
0.2686846038863976,4240.9,5,1278.8,1293.0,"sS(s=25,S=90)",42,26,25.0,90.0
0.1457582705535539,4583.9,3,1426.5,1493.9,"sS(s=25,S=90)",42,27,25.0,90.0
0.2517482517482518,3691.1,0,1091.78,1137.8,"sS(s=25,S=90)",42,28,25.0,90.0
0.24302788844621515,3898.0,0,1261.4599999999998,1326.3,"sS(s=25,S=90)",42,29,25.0,90.0
0.23200285103349966,3997.2,0,1176.28,1217.9,"sS(s=25,S=90)",42,30,25.0,90.0
0.16604540833615725,4706.6,0,1286.28,1293.0,"sS(s=25,S=90)",42,31,25.0,90.0
0.25925925925925924,4255.6,0,1114.68,1131.0,"sS(s=25,S=90)",42,32,25.0,90.0
0.32671081677704195,4245.6,1,1597.0199999999998,1772.1,"sS(s=25,S=90)",42,33,25.0,90.0
0.26392623895505185,4132.9,1,1410.6399999999999,1507.9,"sS(s=25,S=90)",42,34,25.0,90.0
0.26581296080714006,3706.8,0,1035.6000000000001,1046.2,"sS(s=25,S=90)",42,35,25.0,90.0
0.1653623681524328,4785.6,1,1364.04,1449.9,"sS(s=25,S=90)",42,36,25.0,90.0
0.23941134242641782,4349.8,3,1246.84,1297.8,"sS(s=25,S=90)",42,37,25.0,90.0
0.27383437717466946,4653.8,0,1449.12,1553.2,"sS(s=25,S=90)",42,38,25.0,90.0
0.3145884270578647,3704.5,1,1180.24,1257.9,"sS(s=25,S=90)",42,39,25.0,90.0
0.31403374233128833,4069.5,3,1223.44,1249.8,"sS(s=25,S=90)",42,40,25.0,90.0
0.23374777975133215,4419.3,0,1192.2199999999998,1226.1,"sS(s=25,S=90)",42,41,25.0,90.0
0.28342973800612453,4894.4,1,1303.74,1311.0,"sS(s=25,S=90)",42,42,25.0,90.0
0.25639983746444533,4072.9,2,1101.8,1118.6,"sS(s=25,S=90)",42,43,25.0,90.0
0.18528896672504377,3982.9,0,1019.32,1027.9,"sS(s=25,S=90)",42,44,25.0,90.0
0.26413662239089186,4183.8,0,1118.98,1131.2,"sS(s=25,S=90)",42,45,25.0,90.0
0.22498343273691188,4856.2,0,1521.0,1614.5,"sS(s=25,S=90)",42,46,25.0,90.0
0.19024045261669023,4329.3,1,1195.26,1241.5,"sS(s=25,S=90)",42,47,25.0,90.0
0.2780392156862745,4040.9,0,1094.32,1125.1,"sS(s=25,S=90)",42,48,25.0,90.0
0.18466522678185746,4403.1,6,1260.28,1277.6,"sS(s=25,S=90)",42,49,25.0,90.0
0.22011385199240988,4090.3,4,1139.32,1175.0,"sS(s=25,S=95)",42,0,25.0,95.0
0.25555151073898796,3851.4,0,1123.06,1128.7,"sS(s=25,S=95)",42,1,25.0,95.0
0.22782608695652173,4351.3,1,1210.84,1274.8,"sS(s=25,S=95)",42,2,25.0,95.0
0.234727878563495,4223.5,0,1189.46,1282.2,"sS(s=25,S=95)",42,3,25.0,95.0
0.3099078341013825,3821.8,1,1270.52,1334.0,"sS(s=25,S=95)",42,4,25.0,95.0
0.20372836218375498,4582.7,2,1288.86,1320.3,"sS(s=25,S=95)",42,5,25.0,95.0
0.3499222395023328,4111.4,2,1413.4799999999998,1465.6,"sS(s=25,S=95)",42,6,25.0,95.0
0.24972816237767306,4047.1,1,1300.28,1353.6,"sS(s=25,S=95)",42,7,25.0,95.0
0.3108997805413314,4050.7,0,1182.76,1227.8,"sS(s=25,S=95)",42,8,25.0,95.0
0.19524617996604415,4449.6,0,1252.3,1279.0,"sS(s=25,S=95)",42,9,25.0,95.0
0.24910265613783203,4026.6,3,1169.34,1181.6,"sS(s=25,S=95)",42,10,25.0,95.0
0.1962756052141527,3648.7,0,1170.6399999999999,1218.8,"sS(s=25,S=95)",42,11,25.0,95.0
0.274991231146966,4312.7,0,1243.3400000000001,1260.7,"sS(s=25,S=95)",42,12,25.0,95.0
0.18482207697893974,4146.5,2,1185.94,1257.2,"sS(s=25,S=95)",42,13,25.0,95.0
0.2916666666666667,4256.6,3,1114.14,1120.5,"sS(s=25,S=95)",42,14,25.0,95.0
0.26282051282051283,4257.6,3,1297.74,1388.0,"sS(s=25,S=95)",42,15,25.0,95.0
0.2828849028400598,4070.2,1,1225.9599999999998,1264.1,"sS(s=25,S=95)",42,16,25.0,95.0
0.2454225352112676,4608.1,2,1249.6599999999999,1293.0,"sS(s=25,S=95)",42,17,25.0,95.0
0.23742816091954022,4264.5,1,1363.4799999999998,1457.6,"sS(s=25,S=95)",42,18,25.0,95.0
0.3432950191570881,3902.4,2,1289.94,1341.7,"sS(s=25,S=95)",42,19,25.0,95.0
0.23335719398711524,4249.9,1,1315.5,1325.1,"sS(s=25,S=95)",42,20,25.0,95.0
0.27074086719016727,4562.4,2,1248.18,1264.8,"sS(s=25,S=95)",42,21,25.0,95.0
0.26782884310618066,5091.7,1,1570.74,1649.0,"sS(s=25,S=95)",42,22,25.0,95.0
0.279887482419128,4918.3,3,1450.84,1528.8,"sS(s=25,S=95)",42,23,25.0,95.0
0.21336669049320944,4105.1,1,1063.28,1088.7,"sS(s=25,S=95)",42,24,25.0,95.0
0.21513665031534687,4201.7,0,1169.1200000000001,1223.4,"sS(s=25,S=95)",42,25,25.0,95.0
0.2836322869955157,4226.4,4,1291.92,1306.9,"sS(s=25,S=95)",42,26,25.0,95.0
0.14346544382574516,4551.9,3,1438.0,1506.9,"sS(s=25,S=95)",42,27,25.0,95.0
0.2789432789432789,3639.2,0,1073.3,1115.8,"sS(s=25,S=95)",42,28,25.0,95.0
0.26838102136906916,3852.5,0,1243.56,1302.3,"sS(s=25,S=95)",42,29,25.0,95.0
0.24162508909479685,4006.2,0,1271.46,1335.5,"sS(s=25,S=95)",42,30,25.0,95.0
0.18773297187394103,4761.2,0,1310.1200000000001,1311.9,"sS(s=25,S=95)",42,31,25.0,95.0
0.2938034188034188,4205.6,0,1119.58,1141.0,"sS(s=25,S=95)",42,32,25.0,95.0
0.34694628403237676,4364.8,1,1639.2199999999998,1820.1,"sS(s=25,S=95)",42,33,25.0,95.0
0.2896657702650788,4009.0,1,1391.48,1481.2,"sS(s=25,S=95)",42,34,25.0,95.0
0.306558013193636,3564.3,0,1051.3,1058.2,"sS(s=25,S=95)",42,35,25.0,95.0
0.13780197346036066,4625.5,1,1246.6599999999999,1307.8,"sS(s=25,S=95)",42,36,25.0,95.0
0.26776740847092606,4327.2,3,1257.24,1316.8,"sS(s=25,S=95)",42,37,25.0,95.0
0.29471120389700767,4539.8,0,1419.32,1509.2,"sS(s=25,S=95)",42,38,25.0,95.0
0.33985330073349634,3663.2,1,1170.2199999999998,1247.8,"sS(s=25,S=95)",42,39,25.0,95.0
0.3125,3981.2,3,1112.52,1126.2,"sS(s=25,S=95)",42,40,25.0,95.0
0.22593250444049734,4447.9,0,1169.36,1173.8,"sS(s=25,S=95)",42,41,25.0,95.0
0.2953385505273903,4826.4,1,1306.54,1321.0,"sS(s=25,S=95)",42,42,25.0,95.0
0.2848435595286469,4048.9,2,1116.6,1140.1,"sS(s=25,S=95)",42,43,25.0,95.0
0.21681260945709283,3925.2,0,988.4599999999999,988.8,"sS(s=25,S=95)",42,44,25.0,95.0
0.29715370018975334,4144.3,0,1107.28,1118.2,"sS(s=25,S=95)",42,45,25.0,95.0
0.2551358515573227,4814.7,0,1516.1999999999998,1606.0,"sS(s=25,S=95)",42,46,25.0,95.0
0.214992927864215,4348.8,1,1292.6399999999999,1360.5,"sS(s=25,S=95)",42,47,25.0,95.0
0.31058823529411766,4073.7,0,1098.82,1136.1,"sS(s=25,S=95)",42,48,25.0,95.0
0.2314614830813535,4443.7,6,1177.1799999999998,1193.6,"sS(s=25,S=95)",42,49,25.0,95.0
0.24667931688804554,4051.8,4,1143.3,1185.0,"sS(s=25,S=100)",42,0,25.0,100.0
0.2806698216235894,3890.9,0,1118.26,1122.2,"sS(s=25,S=100)",42,1,25.0,100.0
0.2048695652173913,4328.5,1,1357.28,1455.5,"sS(s=25,S=100)",42,2,25.0,100.0
0.259163272861903,4398.5,0,1223.82,1271.2,"sS(s=25,S=100)",42,3,25.0,100.0
0.2653609831029186,3876.5,1,1318.74,1418.5,"sS(s=25,S=100)",42,4,25.0,100.0
0.23901464713715045,4566.5,2,1305.32,1341.3,"sS(s=25,S=100)",42,5,25.0,100.0
0.37169517884914466,4071.0,0,1435.4799999999998,1488.1,"sS(s=25,S=100)",42,6,25.0,100.0
0.2805364262413918,3994.4,1,1293.78,1344.1,"sS(s=25,S=100)",42,7,25.0,100.0
0.33430870519385514,4130.2,1,1283.1599999999999,1355.8,"sS(s=25,S=100)",42,8,25.0,100.0
0.21901528013582344,4396.6,0,1259.3999999999999,1289.0,"sS(s=25,S=100)",42,9,25.0,100.0
0.250897343862168,3901.8,2,1170.54,1184.1,"sS(s=25,S=100)",42,10,25.0,100.0
0.2074487895716946,3845.8,0,1238.3600000000001,1305.4,"sS(s=25,S=100)",42,11,25.0,100.0
0.2960364784286215,4264.7,0,1244.64,1269.2,"sS(s=25,S=100)",42,12,25.0,100.0
0.19535221496005808,4123.8,2,1161.2599999999998,1230.6,"sS(s=25,S=100)",42,13,25.0,100.0
0.30925076452599387,4240.4,3,1102.64,1108.0,"sS(s=25,S=100)",42,14,25.0,100.0
0.28952991452991456,4205.1,3,1272.84,1360.5,"sS(s=25,S=100)",42,15,25.0,100.0
0.28400597907324365,4145.6,2,1241.44,1260.9,"sS(s=25,S=100)",42,16,25.0,100.0
0.26267605633802815,4630.3,2,1268.62,1321.0,"sS(s=25,S=100)",42,17,25.0,100.0
0.27262931034482757,4228.6,1,1380.12,1478.4,"sS(s=25,S=100)",42,18,25.0,100.0
0.3701149425287356,3856.5,2,1291.84,1342.7,"sS(s=25,S=100)",42,19,25.0,100.0
0.26628489620615603,4296.8,1,1299.8,1318.1,"sS(s=25,S=100)",42,20,25.0,100.0
0.296346876066917,4532.9,2,1236.18,1249.3,"sS(s=25,S=100)",42,21,25.0,100.0
0.2618066561014263,5104.3,1,1565.94,1644.0,"sS(s=25,S=100)",42,22,25.0,100.0
0.3009845288326301,4887.8,3,1449.6399999999999,1524.8,"sS(s=25,S=100)",42,23,25.0,100.0
0.19156540385989992,4114.5,1,1062.16,1094.2,"sS(s=25,S=100)",42,24,25.0,100.0
0.21058163980378417,4109.8,0,1170.78,1231.9,"sS(s=25,S=100)",42,25,25.0,100.0
0.28176382660687593,4250.3,3,1256.0,1259.5,"sS(s=25,S=100)",42,26,25.0,100.0
0.16475597772682607,4478.9,3,1435.1000000000001,1501.9,"sS(s=25,S=100)",42,27,25.0,100.0
0.3061383061383061,3593.7,0,1054.1,1093.8,"sS(s=25,S=100)",42,28,25.0,100.0
0.2868525896414343,3811.7,0,1225.6599999999999,1278.3,"sS(s=25,S=100)",42,29,25.0,100.0
0.27548111190306485,3948.7,0,1258.56,1318.0,"sS(s=25,S=100)",42,30,25.0,100.0
0.1846831582514402,4795.3,0,1308.08,1313.0,"sS(s=25,S=100)",42,31,25.0,100.0
0.3158831908831909,4163.7,0,1120.88,1147.4,"sS(s=25,S=100)",42,32,25.0,100.0
0.3671817512877116,4328.3,1,1628.62,1802.1,"sS(s=25,S=100)",42,33,25.0,100.0
0.3146369573568959,3967.5,1,1363.6799999999998,1443.7,"sS(s=25,S=100)",42,34,25.0,100.0
0.34225844004656575,3531.0,0,1067.0,1070.2,"sS(s=25,S=100)",42,35,25.0,100.0
0.15991833957128274,4584.0,0,1224.84,1284.3,"sS(s=25,S=100)",42,36,25.0,100.0
0.29827709978463746,4307.2,3,1267.6399999999999,1335.8,"sS(s=25,S=100)",42,37,25.0,100.0
0.31315240083507306,4495.7,0,1395.96,1479.2,"sS(s=25,S=100)",42,38,25.0,100.0
0.3602281988590057,3626.7,1,1157.9199999999998,1232.3,"sS(s=25,S=100)",42,39,25.0,100.0
0.3508435582822086,3945.6,3,1118.1200000000001,1131.7,"sS(s=25,S=100)",42,40,25.0,100.0
0.24511545293072823,4343.5,0,1141.6999999999998,1157.1,"sS(s=25,S=100)",42,41,25.0,100.0
0.27390268798911194,4739.6,1,1307.54,1331.0,"sS(s=25,S=100)",42,42,25.0,100.0
0.31491263713937423,4051.4,2,1131.3999999999999,1161.6,"sS(s=25,S=100)",42,43,25.0,100.0
0.2504378283712785,3948.9,0,989.5,997.6,"sS(s=25,S=100)",42,44,25.0,100.0
0.3233396584440228,4124.6,0,1084.76,1091.7,"sS(s=25,S=100)",42,45,25.0,100.0
0.28164347249834326,4777.2,0,1510.5,1597.5,"sS(s=25,S=100)",42,46,25.0,100.0
0.23903818953323905,4304.7,1,1286.54,1347.5,"sS(s=25,S=100)",42,47,25.0,100.0
0.3352941176470588,4046.2,0,1103.32,1147.1,"sS(s=25,S=100)",42,48,25.0,100.0
0.25125989920806335,4424.7,5,1158.58,1176.6,"sS(s=25,S=100)",42,49,25.0,100.0
0.03529411764705882,4586.3,6,1126.66,1127.0,"sS(s=30,S=35)",42,0,30.0,35.0
0.028030578813250818,4620.7,0,1182.94,1193.0,"sS(s=30,S=35)",42,1,30.0,35.0
0.018782608695652174,4966.4,2,1437.8,1506.0,"sS(s=30,S=35)",42,2,30.0,35.0
0.018511662347278787,4639.0,0,1266.6,1303.0,"sS(s=30,S=35)",42,3,30.0,35.0
0.031874039938556066,4393.3,2,1233.8,1263.0,"sS(s=30,S=35)",42,4,30.0,35.0
0.041944074567243674,5147.6,4,1303.52,1319.0,"sS(s=30,S=35)",42,5,30.0,35.0
0.07076205287713841,4378.2,1,1216.5,1255.0,"sS(s=30,S=35)",42,6,30.0,35.0
0.020659659296846683,4777.7,1,1189.3999999999999,1227.0,"sS(s=30,S=35)",42,7,30.0,35.0
0.03182150694952451,4740.7,3,1400.4,1414.5,"sS(s=30,S=35)",42,8,30.0,35.0
0.03191850594227504,5104.4,0,1269.0,1277.0,"sS(s=30,S=35)",42,9,30.0,35.0
0.04953338119167265,4728.8,4,1185.8,1204.0,"sS(s=30,S=35)",42,10,30.0,35.0
0.02197392923649907,4546.9,0,1319.72,1356.9,"sS(s=30,S=35)",42,11,30.0,35.0
0.05857593826727464,4822.7,0,1458.04,1514.0,"sS(s=30,S=35)",42,12,30.0,35.0
0.024691358024691357,4792.9,3,1244.38,1263.0,"sS(s=30,S=35)",42,13,30.0,35.0
0.03784403669724771,4529.9,5,1214.4399999999998,1242.8,"sS(s=30,S=35)",42,14,30.0,35.0
0.019943019943019943,4714.6,3,1328.48,1349.6,"sS(s=30,S=35)",42,15,30.0,35.0
0.03998505231689088,4576.7,1,1408.82,1451.6,"sS(s=30,S=35)",42,16,30.0,35.0
0.02640845070422535,4934.5,3,1282.5,1318.0,"sS(s=30,S=35)",42,17,30.0,35.0
0.029813218390804596,4836.3,3,1291.1200000000001,1333.9,"sS(s=30,S=35)",42,18,30.0,35.0
0.05210727969348659,4309.6,3,1142.68,1183.0,"sS(s=30,S=35)",42,19,30.0,35.0
0.032569792412312094,4835.1,1,1422.0,1471.0,"sS(s=30,S=35)",42,20,30.0,35.0
0.06520996927278935,4981.1,4,1379.34,1385.0,"sS(s=30,S=35)",42,21,30.0,35.0
0.027258320126782885,5551.6,1,1579.2,1639.0,"sS(s=30,S=35)",42,22,30.0,35.0
0.060829817158931085,5135.3,2,1322.5600000000002,1340.4,"sS(s=30,S=35)",42,23,30.0,35.0
0.028234453180843458,4744.9,1,1183.0,1199.0,"sS(s=30,S=35)",42,24,30.0,35.0
0.030833917309039945,4843.8,0,1301.0,1337.0,"sS(s=30,S=35)",42,25,30.0,35.0
0.01868460388639761,4654.0,7,1206.6,1221.0,"sS(s=30,S=35)",42,26,30.0,35.0
0.03996069439895185,5349.6,4,1574.6,1591.0,"sS(s=30,S=35)",42,27,30.0,35.0
0.019425019425019424,4245.0,0,1194.6,1255.0,"sS(s=30,S=35)",42,28,30.0,35.0
0.02825063382832307,4509.8,0,1495.06,1638.0,"sS(s=30,S=35)",42,29,30.0,35.0
0.023877405559515324,4727.7,0,1179.98,1194.4,"sS(s=30,S=35)",42,30,30.0,35.0
0.01762114537444934,5141.2,0,1381.04,1423.0,"sS(s=30,S=35)",42,31,30.0,35.0
0.05911680911680912,4842.9,0,1139.14,1152.0,"sS(s=30,S=35)",42,32,30.0,35.0
0.056291390728476824,4612.2,2,1316.78,1320.2,"sS(s=30,S=35)",42,33,30.0,35.0
0.042258932001536686,4505.0,4,1363.0,1449.0,"sS(s=30,S=35)",42,34,30.0,35.0
0.037252619324796274,4374.6,0,1138.76,1161.4,"sS(s=30,S=35)",42,35,30.0,35.0
0.01701258931609391,5013.0,2,1348.6,1378.0,"sS(s=30,S=35)",42,36,30.0,35.0
0.06532663316582915,4821.0,3,1322.6599999999999,1354.0,"sS(s=30,S=35)",42,37,30.0,35.0
0.017397355601948505,4915.0,0,1387.8,1449.0,"sS(s=30,S=35)",42,38,30.0,35.0
0.06438467807660962,4218.8,2,1179.8799999999999,1191.1,"sS(s=30,S=35)",42,39,30.0,35.0
0.032208588957055216,4480.4,2,1233.54,1247.0,"sS(s=30,S=35)",42,40,30.0,35.0
0.055062166962699825,4846.5,0,1192.4399999999998,1213.1,"sS(s=30,S=35)",42,41,30.0,35.0
0.03980945899965975,5168.7,2,1447.18,1506.7,"sS(s=30,S=35)",42,42,30.0,35.0
0.03250711093051605,4237.0,1,1059.1200000000001,1071.9,"sS(s=30,S=35)",42,43,30.0,35.0
0.017513134851138354,4807.0,0,1196.2,1215.0,"sS(s=30,S=35)",42,44,30.0,35.0
0.04326375711574953,4497.4,0,1194.92,1241.4,"sS(s=30,S=35)",42,45,30.0,35.0
0.021206096752816435,5218.4,0,1571.34,1681.0,"sS(s=30,S=35)",42,46,30.0,35.0
0.025813295615275813,5023.3,1,1359.2,1379.0,"sS(s=30,S=35)",42,47,30.0,35.0
0.07490196078431373,4243.1,0,1099.26,1124.3,"sS(s=30,S=35)",42,48,30.0,35.0
0.017998560115190784,4928.0,9,1288.0,1304.0,"sS(s=30,S=35)",42,49,30.0,35.0
0.04971537001897533,4503.1,6,1098.4199999999998,1100.1,"sS(s=30,S=40)",42,0,30.0,40.0
0.03494721514379323,4524.6,0,1165.94,1176.0,"sS(s=30,S=40)",42,1,30.0,40.0
0.025043478260869566,4876.2,2,1412.56,1481.0,"sS(s=30,S=40)",42,2,30.0,40.0
0.018511662347278787,4539.0,0,1239.6,1278.0,"sS(s=30,S=40)",42,3,30.0,40.0
0.039938556067588324,4286.4,2,1206.08,1234.6,"sS(s=30,S=40)",42,4,30.0,40.0
0.05026631158455393,5049.3,4,1285.66,1292.0,"sS(s=30,S=40)",42,5,30.0,40.0
0.09603421461897356,4260.7,1,1188.3,1230.0,"sS(s=30,S=40)",42,6,30.0,40.0
0.02899601304820587,4703.0,1,1174.3799999999999,1220.0,"sS(s=30,S=40)",42,7,30.0,40.0
0.04754937820043892,4675.0,2,1377.56,1396.5,"sS(s=30,S=40)",42,8,30.0,40.0
0.04380305602716469,5022.9,0,1246.0,1252.0,"sS(s=30,S=40)",42,9,30.0,40.0
0.06389088298636038,4635.5,3,1172.8,1199.0,"sS(s=30,S=40)",42,10,30.0,40.0
0.027560521415270017,4453.4,0,1307.1200000000001,1347.4,"sS(s=30,S=40)",42,11,30.0,40.0
0.0796211855489302,4753.4,0,1422.1,1483.7,"sS(s=30,S=40)",42,12,30.0,40.0
0.029411764705882353,4692.7,3,1230.38,1254.0,"sS(s=30,S=40)",42,13,30.0,40.0
0.05542813455657492,4462.5,5,1196.1599999999999,1227.3,"sS(s=30,S=40)",42,14,30.0,40.0
0.023504273504273504,4595.6,3,1315.72,1347.4,"sS(s=30,S=40)",42,15,30.0,40.0
0.05493273542600897,4505.7,1,1423.12,1474.1,"sS(s=30,S=40)",42,16,30.0,40.0
0.03838028169014084,4867.9,3,1244.2,1273.0,"sS(s=30,S=40)",42,17,30.0,40.0
0.03879310344827586,4749.8,3,1266.92,1309.4,"sS(s=30,S=40)",42,18,30.0,40.0
0.07318007662835249,4305.1,3,1128.6,1168.0,"sS(s=30,S=40)",42,19,30.0,40.0
0.047244094488188976,4768.6,1,1416.6,1456.0,"sS(s=30,S=40)",42,20,30.0,40.0
0.08296346876066917,4883.3,4,1350.48,1354.0,"sS(s=30,S=40)",42,21,30.0,40.0
0.039619651347068144,5503.5,2,1566.2,1624.0,"sS(s=30,S=40)",42,22,30.0,40.0
0.07454289732770746,5075.2,2,1316.64,1340.4,"sS(s=30,S=40)",42,23,30.0,40.0
0.0318084345961401,4636.9,1,1142.4,1154.0,"sS(s=30,S=40)",42,24,30.0,40.0
0.036440084092501754,4731.4,0,1268.8799999999999,1303.1,"sS(s=30,S=40)",42,25,30.0,40.0
0.023542600896860985,4512.3,5,1185.04,1203.3,"sS(s=30,S=40)",42,26,30.0,40.0
0.046511627906976744,5248.6,3,1585.6,1616.0,"sS(s=30,S=40)",42,27,30.0,40.0
0.024475524475524476,4129.3,0,1153.52,1210.0,"sS(s=30,S=40)",42,28,30.0,40.0
0.0373053241579138,4397.3,0,1463.36,1603.0,"sS(s=30,S=40)",42,29,30.0,40.0
0.03278688524590164,4635.2,0,1147.3600000000001,1163.9,"sS(s=30,S=40)",42,30,30.0,40.0
0.02134869535750593,5053.3,0,1364.6399999999999,1408.0,"sS(s=30,S=40)",42,31,30.0,40.0
0.07158119658119658,4751.9,0,1110.24,1128.0,"sS(s=30,S=40)",42,32,30.0,40.0
0.07873436350257543,4534.3,2,1336.04,1352.1,"sS(s=30,S=40)",42,33,30.0,40.0
0.0530157510564733,4400.8,2,1330.0,1414.0,"sS(s=30,S=40)",42,34,30.0,40.0
0.047729918509895226,4275.3,0,1096.5600000000002,1106.9,"sS(s=30,S=40)",42,35,30.0,40.0
0.01701258931609391,4925.0,2,1321.6,1353.0,"sS(s=30,S=40)",42,36,30.0,40.0
0.08147882268485283,4740.0,2,1298.06,1329.0,"sS(s=30,S=40)",42,37,30.0,40.0
0.022268615170494086,4820.4,0,1352.96,1416.0,"sS(s=30,S=40)",42,38,30.0,40.0
0.07660961695191525,4121.8,2,1142.8799999999999,1153.6,"sS(s=30,S=40)",42,39,30.0,40.0
0.04409509202453988,4400.5,3,1203.44,1212.0,"sS(s=30,S=40)",42,40,30.0,40.0
0.0763765541740675,4783.5,0,1162.54,1176.6,"sS(s=30,S=40)",42,41,30.0,40.0
0.05444028581150051,5121.8,2,1419.0,1473.5,"sS(s=30,S=40)",42,42,30.0,40.0
0.04185290532303942,4162.3,1,1048.52,1062.4,"sS(s=30,S=40)",42,43,30.0,40.0
0.01786339754816112,4688.1,0,1169.2,1190.0,"sS(s=30,S=40)",42,44,30.0,40.0
0.06793168880455408,4439.4,0,1194.32,1246.9,"sS(s=30,S=40)",42,45,30.0,40.0
0.027833001988071572,5130.4,0,1552.54,1666.0,"sS(s=30,S=40)",42,46,30.0,40.0
0.034653465346534656,4963.8,1,1350.2,1374.0,"sS(s=30,S=40)",42,47,30.0,40.0
0.0976470588235294,4157.1,0,1087.26,1107.8,"sS(s=30,S=40)",42,48,30.0,40.0
0.017998560115190784,4834.8,9,1263.0,1279.0,"sS(s=30,S=40)",42,49,30.0,40.0
0.07438330170777989,4461.6,6,1066.16,1067.7,"sS(s=30,S=45)",42,0,30.0,45.0
0.044048052420822714,4431.5,0,1152.82,1161.0,"sS(s=30,S=45)",42,1,30.0,45.0
0.032,4788.2,2,1392.56,1462.0,"sS(s=30,S=45)",42,2,30.0,45.0
0.019622362088115512,4442.3,0,1216.86,1259.0,"sS(s=30,S=45)",42,3,30.0,45.0
0.05337941628264209,4194.9,2,1184.08,1210.6,"sS(s=30,S=45)",42,4,30.0,45.0
0.05858854860186418,4942.3,3,1278.24,1285.3,"sS(s=30,S=45)",42,5,30.0,45.0
0.12013996889580093,4162.7,1,1165.2,1209.0,"sS(s=30,S=45)",42,6,30.0,45.0
0.04204421891989851,4630.6,1,1172.8799999999999,1218.6,"sS(s=30,S=45)",42,7,30.0,45.0
0.06583760058522312,4621.0,2,1368.86,1392.5,"sS(s=30,S=45)",42,8,30.0,45.0
0.05466893039049236,4938.4,0,1221.8,1227.0,"sS(s=30,S=45)",42,9,30.0,45.0
0.07824838478104809,4551.3,3,1162.82,1194.0,"sS(s=30,S=45)",42,10,30.0,45.0
0.03314711359404097,4359.9,0,1294.52,1337.9,"sS(s=30,S=45)",42,11,30.0,45.0
0.1038232199228341,4670.3,0,1382.3799999999999,1444.7,"sS(s=30,S=45)",42,12,30.0,45.0
0.036673928830791576,4590.2,2,1227.58,1259.0,"sS(s=30,S=45)",42,13,30.0,45.0
0.08065749235474007,4411.1,4,1188.3400000000001,1209.9,"sS(s=30,S=45)",42,14,30.0,45.0
0.02849002849002849,4481.0,3,1308.94,1352.4,"sS(s=30,S=45)",42,15,30.0,45.0
0.07137518684603886,4435.9,1,1414.2199999999998,1465.6,"sS(s=30,S=45)",42,16,30.0,45.0
0.0528169014084507,4793.0,3,1203.3,1228.0,"sS(s=30,S=45)",42,17,30.0,45.0
0.051364942528735635,4668.3,3,1246.66,1290.9,"sS(s=30,S=45)",42,18,30.0,45.0
0.09042145593869731,4225.6,3,1117.6,1153.0,"sS(s=30,S=45)",42,19,30.0,45.0
0.05619183965640658,4679.4,1,1394.56,1434.7,"sS(s=30,S=45)",42,20,30.0,45.0
0.0897917377944691,4800.3,4,1346.28,1359.0,"sS(s=30,S=45)",42,21,30.0,45.0
0.060538827258320126,5431.1,1,1553.2,1609.0,"sS(s=30,S=45)",42,22,30.0,45.0
0.08790436005625879,5014.0,2,1311.86,1341.3,"sS(s=30,S=45)",42,23,30.0,45.0
0.03538241601143674,4522.9,1,1099.4,1109.0,"sS(s=30,S=45)",42,24,30.0,45.0
0.046951646811492644,4638.4,0,1250.76,1284.6,"sS(s=30,S=45)",42,25,30.0,45.0
0.02914798206278027,4388.8,5,1183.24,1199.8,"sS(s=30,S=45)",42,26,30.0,45.0
0.05306256141500164,5158.6,3,1598.2,1643.0,"sS(s=30,S=45)",42,27,30.0,45.0
0.04312354312354312,4042.1,0,1123.48,1176.0,"sS(s=30,S=45)",42,28,30.0,45.0
0.05432814197754437,4321.0,0,1441.1,1578.0,"sS(s=30,S=45)",42,29,30.0,45.0
0.042765502494654314,4547.0,0,1099.42,1106.4,"sS(s=30,S=45)",42,30,30.0,45.0
0.029481531684174857,4979.7,0,1352.6399999999999,1393.0,"sS(s=30,S=45)",42,31,30.0,45.0
0.0787037037037037,4675.9,0,1088.4,1104.0,"sS(s=30,S=45)",42,32,30.0,45.0
0.1144223693892568,4500.0,1,1402.2399999999998,1453.1,"sS(s=30,S=45)",42,33,30.0,45.0
0.06454091432961967,4328.8,3,1299.0,1379.0,"sS(s=30,S=45)",42,34,30.0,45.0
0.06713232440822663,4175.3,0,1058.44,1062.2,"sS(s=30,S=45)",42,35,30.0,45.0
0.018033344675059543,4840.3,2,1299.3999999999999,1334.0,"sS(s=30,S=45)",42,36,30.0,45.0
0.09763101220387653,4642.0,2,1270.06,1304.0,"sS(s=30,S=45)",42,37,30.0,45.0
0.031315240083507306,4739.0,0,1325.48,1391.0,"sS(s=30,S=45)",42,38,30.0,45.0
0.08883455582722087,4024.8,2,1105.8799999999999,1116.1,"sS(s=30,S=45)",42,39,30.0,45.0
0.0678680981595092,4318.7,3,1182.8600000000001,1195.9,"sS(s=30,S=45)",42,40,30.0,45.0
0.09769094138543517,4696.5,0,1127.04,1133.1,"sS(s=30,S=45)",42,41,30.0,45.0
0.07145287512759442,5076.8,2,1382.0,1426.0,"sS(s=30,S=45)",42,42,30.0,45.0
0.056074766355140186,4104.8,1,1041.1200000000001,1056.9,"sS(s=30,S=45)",42,43,30.0,45.0
0.02136602451838879,4579.1,0,1142.2,1165.0,"sS(s=30,S=45)",42,44,30.0,45.0
0.08500948766603415,4375.4,0,1160.1200000000001,1210.4,"sS(s=30,S=45)",42,45,30.0,45.0
0.03777335984095427,5053.4,0,1535.9399999999998,1651.0,"sS(s=30,S=45)",42,46,30.0,45.0
0.04526166902404526,4896.8,1,1345.6,1374.5,"sS(s=30,S=45)",42,47,30.0,45.0
0.11764705882352941,4074.2,0,1067.26,1081.3,"sS(s=30,S=45)",42,48,30.0,45.0
0.024478041756659467,4734.6,8,1237.0,1254.0,"sS(s=30,S=45)",42,49,30.0,45.0
0.09943074003795066,4388.0,5,1064.34,1065.0,"sS(s=30,S=50)",42,0,30.0,50.0
0.056789224608664,4356.0,0,1140.22,1146.0,"sS(s=30,S=50)",42,1,30.0,50.0
0.042782608695652175,4712.3,2,1380.1599999999999,1447.0,"sS(s=30,S=50)",42,2,30.0,50.0
0.028878193261754906,4369.8,0,1223.32,1280.0,"sS(s=30,S=50)",42,3,30.0,50.0
0.06797235023041474,4106.7,2,1164.72,1189.9,"sS(s=30,S=50)",42,4,30.0,50.0
0.07023968042609853,4848.1,2,1290.2,1310.3,"sS(s=30,S=50)",42,5,30.0,50.0
0.14307931570762053,4101.0,1,1186.04,1231.3,"sS(s=30,S=50)",42,6,30.0,50.0
0.06560347952156578,4573.1,1,1221.4799999999998,1278.1,"sS(s=30,S=50)",42,7,30.0,50.0
0.08412582297000731,4578.0,2,1385.76,1427.5,"sS(s=30,S=50)",42,8,30.0,50.0
0.061460101867572156,4841.9,0,1195.4,1202.0,"sS(s=30,S=50)",42,9,30.0,50.0
0.0936826992103374,4455.3,3,1160.22,1189.0,"sS(s=30,S=50)",42,10,30.0,50.0
0.03910614525139665,4267.5,0,1281.74,1328.4,"sS(s=30,S=50)",42,11,30.0,50.0
0.12662223781129428,4565.8,0,1333.68,1388.2,"sS(s=30,S=50)",42,12,30.0,50.0
0.048293391430646336,4524.8,2,1255.94,1306.2,"sS(s=30,S=50)",42,13,30.0,50.0
0.14029051987767585,4444.6,4,1166.24,1202.4,"sS(s=30,S=50)",42,14,30.0,50.0
0.03917378917378917,4384.0,3,1304.14,1357.4,"sS(s=30,S=50)",42,15,30.0,50.0
0.08781763826606875,4367.1,1,1394.6799999999998,1448.3,"sS(s=30,S=50)",42,16,30.0,50.0
0.06338028169014084,4745.0,3,1174.38,1188.5,"sS(s=30,S=50)",42,17,30.0,50.0
0.06932471264367816,4621.3,3,1228.66,1274.4,"sS(s=30,S=50)",42,18,30.0,50.0
0.10842911877394636,4058.8,3,1133.8,1172.0,"sS(s=30,S=50)",42,19,30.0,50.0
0.06764495347172512,4603.3,1,1371.9,1410.7,"sS(s=30,S=50)",42,20,30.0,50.0
0.11539774667121884,4751.8,4,1357.12,1380.0,"sS(s=30,S=50)",42,21,30.0,50.0
0.08874801901743265,5424.0,2,1540.2,1594.0,"sS(s=30,S=50)",42,22,30.0,50.0
0.11919831223628692,4976.9,2,1299.74,1327.8,"sS(s=30,S=50)",42,23,30.0,50.0
0.04110078627591136,4415.5,1,1061.6799999999998,1070.6,"sS(s=30,S=50)",42,24,30.0,50.0
0.0578135949544499,4575.5,0,1252.26,1285.1,"sS(s=30,S=50)",42,25,30.0,50.0
0.044095665171898356,4275.8,4,1181.44,1196.3,"sS(s=30,S=50)",42,26,30.0,50.0
0.05961349492302653,5052.6,3,1585.2,1638.0,"sS(s=30,S=50)",42,27,30.0,50.0
0.06954156954156954,3976.9,0,1099.3799999999999,1147.5,"sS(s=30,S=50)",42,28,30.0,50.0
0.07750814922129663,4236.4,0,1410.3,1538.0,"sS(s=30,S=50)",42,29,30.0,50.0
0.05523877405559515,4464.5,0,1065.02,1066.9,"sS(s=30,S=50)",42,30,30.0,50.0
0.04303625889528973,4958.7,0,1354.24,1378.0,"sS(s=30,S=50)",42,31,30.0,50.0
0.08582621082621082,4609.9,0,1078.2,1090.0,"sS(s=30,S=50)",42,32,30.0,50.0
0.15194996320824136,4438.0,1,1409.6399999999999,1470.1,"sS(s=30,S=50)",42,33,30.0,50.0
0.09296965040338072,4335.2,3,1428.0,1544.0,"sS(s=30,S=50)",42,34,30.0,50.0
0.083430345362825,4062.8,0,1055.64,1069.2,"sS(s=30,S=50)",42,35,30.0,50.0
0.02824089826471589,4785.3,2,1299.3999999999999,1340.0,"sS(s=30,S=50)",42,36,30.0,50.0
0.12239770279971285,4501.7,2,1242.06,1279.0,"sS(s=30,S=50)",42,37,30.0,50.0
0.04314544189283229,4666.4,0,1305.28,1374.0,"sS(s=30,S=50)",42,38,30.0,50.0
0.10431947840260798,3921.9,2,1073.28,1081.9,"sS(s=30,S=50)",42,39,30.0,50.0
0.08588957055214724,4227.6,3,1163.96,1181.9,"sS(s=30,S=50)",42,40,30.0,50.0
0.11900532859680284,4630.5,0,1105.9399999999998,1107.6,"sS(s=30,S=50)",42,41,30.0,50.0
0.08846546444368833,5007.8,1,1337.0,1368.5,"sS(s=30,S=50)",42,42,30.0,50.0
0.07029662738724096,4066.3,1,1022.5200000000001,1037.4,"sS(s=30,S=50)",42,43,30.0,50.0
0.024868651488616462,4470.1,0,1115.2,1140.0,"sS(s=30,S=50)",42,44,30.0,50.0
0.10588235294117647,4309.5,0,1159.32,1212.9,"sS(s=30,S=50)",42,45,30.0,50.0
0.055666003976143144,5028.8,0,1524.1399999999999,1636.0,"sS(s=30,S=50)",42,46,30.0,50.0
0.06117397454031118,4860.3,1,1375.8,1418.5,"sS(s=30,S=50)",42,47,30.0,50.0
0.1411764705882353,3995.5,0,1063.26,1074.8,"sS(s=30,S=50)",42,48,30.0,50.0
0.035637149028077755,4658.7,8,1220.3600000000001,1239.2,"sS(s=30,S=50)",42,49,30.0,50.0
0.1222011385199241,4371.0,5,1088.96,1093.7,"sS(s=30,S=55)",42,0,30.0,55.0
0.06953039679650527,4316.5,0,1157.22,1163.0,"sS(s=30,S=55)",42,1,30.0,55.0
0.057043478260869564,4664.4,2,1378.04,1438.6,"sS(s=30,S=55)",42,2,30.0,55.0
0.0381340244353943,4297.3,0,1202.88,1253.2,"sS(s=30,S=55)",42,3,30.0,55.0
0.08525345622119816,4039.2,2,1155.5,1181.6,"sS(s=30,S=55)",42,4,30.0,55.0
0.08621837549933423,4797.9,2,1308.1,1335.3,"sS(s=30,S=55)",42,5,30.0,55.0
0.16640746500777606,4056.0,1,1206.6399999999999,1253.3,"sS(s=30,S=55)",42,6,30.0,55.0
0.08916274012323305,4467.6,1,1228.4799999999998,1285.6,"sS(s=30,S=55)",42,7,30.0,55.0
0.10241404535479151,4493.0,2,1355.86,1398.5,"sS(s=30,S=55)",42,8,30.0,55.0
0.06825127334465195,4745.4,0,1176.4,1177.0,"sS(s=30,S=55)",42,9,30.0,55.0
0.12060301507537688,4358.5,3,1150.78,1176.8,"sS(s=30,S=55)",42,10,30.0,55.0
0.04283054003724395,4183.5,0,1278.14,1332.4,"sS(s=30,S=55)",42,11,30.0,55.0
0.14942125569975448,4466.8,0,1283.3799999999999,1327.2,"sS(s=30,S=55)",42,12,30.0,55.0
0.06281771968046478,4465.3,2,1249.94,1302.2,"sS(s=30,S=55)",42,13,30.0,55.0
0.16819571865443425,4374.1,3,1155.3400000000001,1194.9,"sS(s=30,S=55)",42,14,30.0,55.0
0.047364672364672365,4302.3,3,1325.36,1393.0,"sS(s=30,S=55)",42,15,30.0,55.0
0.10201793721973094,4302.9,1,1372.12,1428.8,"sS(s=30,S=55)",42,16,30.0,55.0
0.09190140845070423,4684.1,2,1139.8,1151.1,"sS(s=30,S=55)",42,17,30.0,55.0
0.08728448275862069,4583.3,3,1217.06,1265.9,"sS(s=30,S=55)",42,18,30.0,55.0
0.12911877394636015,4015.7,2,1207.6,1263.0,"sS(s=30,S=55)",42,19,30.0,55.0
0.08446671438797423,4543.7,1,1350.44,1386.0,"sS(s=30,S=55)",42,20,30.0,55.0
0.1399795151928986,4655.2,4,1336.52,1355.0,"sS(s=30,S=55)",42,21,30.0,55.0
0.11378763866877971,5357.4,2,1527.2,1579.0,"sS(s=30,S=55)",42,22,30.0,55.0
0.15260196905766527,4989.4,3,1316.74,1346.3,"sS(s=30,S=55)",42,23,30.0,55.0
0.048248749106504646,4312.5,1,1027.48,1036.6,"sS(s=30,S=55)",42,24,30.0,55.0
0.07463209530483532,4493.3,0,1228.76,1256.6,"sS(s=30,S=55)",42,25,30.0,55.0
0.05829596412556054,4175.0,4,1179.6399999999999,1192.8,"sS(s=30,S=55)",42,26,30.0,55.0
0.06911234850966262,4956.5,3,1569.32,1624.9,"sS(s=30,S=55)",42,27,30.0,55.0
0.09090909090909091,4005.4,0,1091.58,1138.0,"sS(s=30,S=55)",42,28,30.0,55.0
0.10648315827598696,4186.4,0,1379.5,1498.0,"sS(s=30,S=55)",42,29,30.0,55.0
0.0684248039914469,4403.2,0,1054.24,1059.7,"sS(s=30,S=55)",42,30,30.0,55.0
0.0579464588275161,4887.1,0,1338.44,1363.0,"sS(s=30,S=55)",42,31,30.0,55.0
0.09366096866096867,4527.1,0,1056.0,1061.0,"sS(s=30,S=55)",42,32,30.0,55.0
0.1817512877115526,4355.5,1,1417.04,1487.1,"sS(s=30,S=55)",42,33,30.0,55.0
0.11563580484056857,4270.1,3,1420.92,1538.9,"sS(s=30,S=55)",42,34,30.0,55.0
0.09429569266589057,4013.6,0,1065.5,1076.2,"sS(s=30,S=55)",42,35,30.0,55.0
0.0421912215039129,4732.4,1,1300.62,1347.0,"sS(s=30,S=55)",42,36,30.0,55.0
0.14752333094041636,4345.7,2,1214.06,1254.0,"sS(s=30,S=55)",42,37,30.0,55.0
0.06332637439109255,4644.2,0,1323.76,1405.2,"sS(s=30,S=55)",42,38,30.0,55.0
0.12224938875305623,3857.8,1,1053.14,1061.9,"sS(s=30,S=55)",42,39,30.0,55.0
0.11503067484662577,4178.2,4,1147.48,1167.9,"sS(s=30,S=55)",42,40,30.0,55.0
0.13428063943161633,4581.8,0,1098.68,1099.4,"sS(s=30,S=55)",42,41,30.0,55.0
0.10581830554610412,4949.9,1,1312.8,1337.0,"sS(s=30,S=55)",42,42,30.0,55.0
0.08858187728565624,4004.2,1,1003.92,1017.9,"sS(s=30,S=55)",42,43,30.0,55.0
0.029422066549912435,4364.4,0,1093.0,1121.0,"sS(s=30,S=55)",42,44,30.0,55.0
0.1267552182163188,4277.5,0,1212.72,1280.4,"sS(s=30,S=55)",42,45,30.0,55.0
0.07554671968190854,5000.8,0,1511.82,1621.0,"sS(s=30,S=55)",42,46,30.0,55.0
0.07567185289957568,4804.4,1,1367.6,1414.5,"sS(s=30,S=55)",42,47,30.0,55.0
0.16470588235294117,3946.5,0,1059.26,1068.3,"sS(s=30,S=55)",42,48,30.0,55.0
0.05003599712023038,4592.7,8,1215.96,1239.7,"sS(s=30,S=55)",42,49,30.0,55.0
0.14724857685009488,4335.2,4,1116.3600000000001,1126.7,"sS(s=30,S=60)",42,0,30.0,60.0
0.08409173643975246,4266.0,0,1140.62,1145.5,"sS(s=30,S=60)",42,1,30.0,60.0
0.07165217391304347,4638.6,2,1408.98,1463.4,"sS(s=30,S=60)",42,2,30.0,60.0
0.04850055534987042,4257.1,0,1171.24,1195.2,"sS(s=30,S=60)",42,3,30.0,60.0
0.12096774193548387,4037.3,1,1197.04,1227.9,"sS(s=30,S=60)",42,4,30.0,60.0
0.10286284953395473,4726.1,2,1311.24,1344.3,"sS(s=30,S=60)",42,5,30.0,60.0
0.18973561430793157,4029.0,2,1190.4399999999998,1229.3,"sS(s=30,S=60)",42,6,30.0,60.0
0.11272200072490032,4367.1,1,1213.8799999999999,1266.1,"sS(s=30,S=60)",42,7,30.0,60.0
0.11777615215801024,4418.1,1,1326.3799999999999,1369.5,"sS(s=30,S=60)",42,8,30.0,60.0
0.07945670628183361,4680.8,0,1174.26,1179.0,"sS(s=30,S=60)",42,9,30.0,60.0
0.14321608040201006,4261.6,3,1135.58,1158.3,"sS(s=30,S=60)",42,10,30.0,60.0
0.055865921787709494,4107.0,0,1256.14,1313.4,"sS(s=30,S=60)",42,11,30.0,60.0
0.1634514205541915,4359.6,0,1267.08,1320.6,"sS(s=30,S=60)",42,12,30.0,60.0
0.07734204793028322,4405.8,2,1243.94,1298.2,"sS(s=30,S=60)",42,13,30.0,60.0
0.19495412844036697,4331.1,3,1150.04,1191.9,"sS(s=30,S=60)",42,14,30.0,60.0
0.06517094017094018,4278.3,3,1322.76,1388.0,"sS(s=30,S=60)",42,15,30.0,60.0
0.11995515695067265,4241.5,1,1361.32,1425.8,"sS(s=30,S=60)",42,16,30.0,60.0
0.12183098591549296,4657.6,2,1139.6999999999998,1142.6,"sS(s=30,S=60)",42,17,30.0,60.0
0.10272988505747127,4542.6,3,1210.06,1257.4,"sS(s=30,S=60)",42,18,30.0,60.0
0.15862068965517243,3939.9,2,1196.6,1248.0,"sS(s=30,S=60)",42,19,30.0,60.0
0.09806728704366499,4483.8,1,1331.08,1361.0,"sS(s=30,S=60)",42,20,30.0,60.0
0.15705018777739843,4556.7,3,1313.92,1330.0,"sS(s=30,S=60)",42,21,30.0,60.0
0.13502377179080824,5289.4,1,1524.1399999999999,1578.0,"sS(s=30,S=60)",42,22,30.0,60.0
0.1828410689170183,4944.3,3,1316.34,1350.8,"sS(s=30,S=60)",42,23,30.0,60.0
0.05611150822015726,4211.7,1,1000.72,1002.6,"sS(s=30,S=60)",42,24,30.0,60.0
0.09390329362298529,4418.8,0,1205.26,1228.1,"sS(s=30,S=60)",42,25,30.0,60.0
0.08819133034379671,4159.9,4,1174.8,1185.5,"sS(s=30,S=60)",42,26,30.0,60.0
0.07893874877169997,4867.3,3,1551.52,1608.9,"sS(s=30,S=60)",42,27,30.0,60.0
0.12975912975912976,3908.4,0,1067.08,1114.5,"sS(s=30,S=60)",42,28,30.0,60.0
0.13364722926475914,4156.6,0,1354.34,1466.4,"sS(s=30,S=60)",42,29,30.0,60.0
0.07982893799002139,4335.4,0,1012.94,1015.2,"sS(s=30,S=60)",42,30,30.0,60.0
0.07827854964418841,4849.1,0,1322.6399999999999,1348.0,"sS(s=30,S=60)",42,31,30.0,60.0
0.10968660968660969,4423.6,0,1039.2,1041.0,"sS(s=30,S=60)",42,32,30.0,60.0
0.21118469462840322,4293.8,0,1445.7399999999998,1534.1,"sS(s=30,S=60)",42,33,30.0,60.0
0.1386861313868613,4200.1,2,1414.72,1534.9,"sS(s=30,S=60)",42,34,30.0,60.0
0.1140861466821886,3931.7,0,1072.8,1097.2,"sS(s=30,S=60)",42,35,30.0,60.0
0.052398775093569244,4714.4,2,1342.48,1402.7,"sS(s=30,S=60)",42,36,30.0,60.0
0.16762383345297918,4250.4,2,1195.02,1229.0,"sS(s=30,S=60)",42,37,30.0,60.0
0.09464161447459986,4619.2,0,1320.56,1401.2,"sS(s=30,S=60)",42,38,30.0,60.0
0.15077424612876936,3839.3,1,1050.3400000000001,1058.9,"sS(s=30,S=60)",42,39,30.0,60.0
0.14762269938650308,4130.7,4,1138.78,1153.9,"sS(s=30,S=60)",42,40,30.0,60.0
0.1502664298401421,4531.8,0,1086.48,1090.3,"sS(s=30,S=60)",42,41,30.0,60.0
0.1296359305886356,4902.9,0,1283.8,1299.5,"sS(s=30,S=60)",42,42,30.0,60.0
0.10808614384396587,3961.3,1,990.64,998.4,"sS(s=30,S=60)",42,43,30.0,60.0
0.04133099824868652,4263.8,0,1093.78,1126.0,"sS(s=30,S=60)",42,44,30.0,60.0
0.152561669829222,4225.2,0,1206.92,1271.9,"sS(s=30,S=60)",42,45,30.0,60.0
0.10337972166998012,4943.2,0,1496.1999999999998,1606.0,"sS(s=30,S=60)",42,46,30.0,60.0
0.09512022630834512,4811.9,1,1377.8,1433.5,"sS(s=30,S=60)",42,47,30.0,60.0
0.18823529411764706,3874.5,0,1059.82,1067.5,"sS(s=30,S=60)",42,48,30.0,60.0
0.07163426925845932,4517.9,8,1204.18,1240.2,"sS(s=30,S=60)",42,49,30.0,60.0
0.17571157495256168,4330.2,5,1105.3600000000001,1111.7,"sS(s=30,S=65)",42,0,30.0,65.0
0.10411357844921733,4173.0,0,1139.62,1147.5,"sS(s=30,S=65)",42,1,30.0,65.0
0.09078260869565218,4555.9,1,1398.24,1455.0,"sS(s=30,S=65)",42,2,30.0,65.0
0.06886338393187708,4207.6,0,1159.64,1186.7,"sS(s=30,S=65)",42,3,30.0,65.0
0.15360983102918588,4065.8,2,1225.34,1255.4,"sS(s=30,S=65)",42,4,30.0,65.0
0.11384820239680427,4683.4,2,1304.6399999999999,1337.3,"sS(s=30,S=65)",42,5,30.0,65.0
0.22317262830482115,3981.6,2,1170.4799999999998,1200.6,"sS(s=30,S=65)",42,6,30.0,65.0
0.1293947082276187,4296.7,1,1224.8799999999999,1278.6,"sS(s=30,S=65)",42,7,30.0,65.0
0.13679590343818582,4377.8,1,1310.34,1353.7,"sS(s=30,S=65)",42,8,30.0,65.0
0.09134125636672326,4651.8,0,1181.8,1184.0,"sS(s=30,S=65)",42,9,30.0,65.0
0.1715721464465183,4209.1,3,1110.8799999999999,1112.8,"sS(s=30,S=65)",42,10,30.0,65.0
0.07188081936685288,4104.3,0,1255.34,1325.4,"sS(s=30,S=65)",42,11,30.0,65.0
0.1795861101367941,4323.6,0,1261.58,1307.6,"sS(s=30,S=65)",42,12,30.0,65.0
0.09186637618010167,4370.3,2,1257.94,1311.2,"sS(s=30,S=65)",42,13,30.0,65.0
0.2198012232415902,4342.6,3,1170.94,1222.9,"sS(s=30,S=65)",42,14,30.0,65.0
0.08511396011396011,4217.9,3,1318.84,1384.1,"sS(s=30,S=65)",42,15,30.0,65.0
0.13228699551569506,4222.5,1,1278.36,1339.6,"sS(s=30,S=65)",42,16,30.0,65.0
0.15211267605633802,4627.2,2,1132.1999999999998,1135.1,"sS(s=30,S=65)",42,17,30.0,65.0
0.10775862068965517,4514.0,3,1222.7599999999998,1278.6,"sS(s=30,S=65)",42,18,30.0,65.0
0.16590038314176245,4049.3,3,1185.6,1233.0,"sS(s=30,S=65)",42,19,30.0,65.0
0.11095204008589836,4468.9,2,1311.6399999999999,1336.0,"sS(s=30,S=65)",42,20,30.0,65.0
0.16626835097302833,4506.9,4,1309.1000000000001,1309.4,"sS(s=30,S=65)",42,21,30.0,65.0
0.14896988906497624,5207.6,1,1525.34,1583.0,"sS(s=30,S=65)",42,22,30.0,65.0
0.2092123769338959,4936.8,3,1375.1399999999999,1429.3,"sS(s=30,S=65)",42,23,30.0,65.0
0.06826304503216583,4153.1,1,995.9200000000001,997.6,"sS(s=30,S=65)",42,24,30.0,65.0
0.12403644008409251,4400.8,0,1174.6999999999998,1199.6,"sS(s=30,S=65)",42,25,30.0,65.0
0.12556053811659193,4167.4,6,1181.8,1193.0,"sS(s=30,S=65)",42,26,30.0,65.0
0.0887651490337373,4782.3,2,1519.32,1574.9,"sS(s=30,S=65)",42,27,30.0,65.0
0.16744366744366745,3875.4,0,1053.3799999999999,1091.0,"sS(s=30,S=65)",42,28,30.0,65.0
0.15610286128214415,4079.6,0,1330.54,1437.4,"sS(s=30,S=65)",42,29,30.0,65.0
0.08695652173913043,4274.4,0,996.38,998.8,"sS(s=30,S=65)",42,30,30.0,65.0
0.09691629955947137,4791.3,0,1306.4,1331.0,"sS(s=30,S=65)",42,31,30.0,65.0
0.1274928774928775,4317.6,0,1039.16,1046.0,"sS(s=30,S=65)",42,32,30.0,65.0
0.23841059602649006,4358.8,1,1531.6399999999999,1661.1,"sS(s=30,S=65)",42,33,30.0,65.0
0.16173645793315405,4186.3,2,1409.44,1528.9,"sS(s=30,S=65)",42,34,30.0,65.0
0.14318975552968569,3876.2,0,1084.0,1124.2,"sS(s=30,S=65)",42,35,30.0,65.0
0.0717931269139163,4729.1,1,1362.14,1424.4,"sS(s=30,S=65)",42,36,30.0,65.0
0.17839195979899497,4259.5,2,1198.96,1201.3,"sS(s=30,S=65)",42,37,30.0,65.0
0.12595685455810718,4648.6,0,1395.96,1491.2,"sS(s=30,S=65)",42,38,30.0,65.0
0.18011409942950285,3845.9,1,1057.4199999999998,1063.1,"sS(s=30,S=65)",42,39,30.0,65.0
0.17446319018404907,4046.2,4,1121.28,1139.9,"sS(s=30,S=65)",42,40,30.0,65.0
0.169449378330373,4469.3,0,1077.18,1081.8,"sS(s=30,S=65)",42,41,30.0,65.0
0.15549506634909832,4896.5,0,1262.8,1272.0,"sS(s=30,S=65)",42,42,30.0,65.0
0.1243396993092239,3960.8,1,975.26,976.1,"sS(s=30,S=65)",42,43,30.0,65.0
0.05499124343257443,4212.7,0,1145.2,1194.0,"sS(s=30,S=65)",42,44,30.0,65.0
0.1791271347248577,4217.7,0,1201.1200000000001,1263.4,"sS(s=30,S=65)",42,45,30.0,65.0
0.12491716368455931,4920.6,0,1478.0,1582.0,"sS(s=30,S=65)",42,46,30.0,65.0
0.11987270155586988,4763.9,1,1353.6,1409.5,"sS(s=30,S=65)",42,47,30.0,65.0
0.21176470588235294,3810.0,0,1063.42,1070.5,"sS(s=30,S=65)",42,48,30.0,65.0
0.0939524838012959,4426.4,8,1245.84,1302.7,"sS(s=30,S=65)",42,49,30.0,65.0
0.19772296015180266,4277.6,5,1095.16,1097.7,"sS(s=30,S=70)",42,0,30.0,70.0
0.1241354204586822,4044.0,0,1138.62,1149.5,"sS(s=30,S=70)",42,1,30.0,70.0
0.10782608695652174,4519.3,1,1437.54,1513.0,"sS(s=30,S=70)",42,2,30.0,70.0
0.09440947797112181,4284.5,0,1166.64,1212.2,"sS(s=30,S=70)",42,3,30.0,70.0
0.18625192012288785,3987.3,2,1208.04,1236.9,"sS(s=30,S=70)",42,4,30.0,70.0
0.13315579227696406,4658.2,2,1299.3,1330.3,"sS(s=30,S=70)",42,5,30.0,70.0
0.2581648522550544,3951.2,2,1183.4799999999998,1213.1,"sS(s=30,S=70)",42,6,30.0,70.0
0.14244291409931134,4262.1,1,1235.8799999999999,1291.1,"sS(s=30,S=70)",42,7,30.0,70.0
0.14520848573518655,4408.6,2,1304.74,1341.2,"sS(s=30,S=70)",42,8,30.0,70.0
0.10424448217317488,4582.1,0,1182.26,1189.0,"sS(s=30,S=70)",42,9,30.0,70.0
0.18449389806173727,4156.8,3,1103.3799999999999,1104.3,"sS(s=30,S=70)",42,10,30.0,70.0
0.0893854748603352,4037.0,0,1236.34,1301.4,"sS(s=30,S=70)",42,11,30.0,70.0
0.19361627499123116,4262.6,0,1231.28,1263.6,"sS(s=30,S=70)",42,12,30.0,70.0
0.10639070442992012,4307.4,2,1245.94,1302.2,"sS(s=30,S=70)",42,13,30.0,70.0
0.23394495412844038,4262.7,3,1146.8799999999999,1178.1,"sS(s=30,S=70)",42,14,30.0,70.0
0.10648148148148148,4126.1,2,1310.84,1384.6,"sS(s=30,S=70)",42,15,30.0,70.0
0.15695067264573992,4152.1,1,1265.1599999999999,1331.1,"sS(s=30,S=70)",42,16,30.0,70.0
0.17394366197183098,4611.6,2,1135.3,1141.1,"sS(s=30,S=70)",42,17,30.0,70.0
0.12751436781609196,4434.5,1,1206.7599999999998,1265.6,"sS(s=30,S=70)",42,18,30.0,70.0
0.19157088122605365,3973.5,3,1107.4,1134.0,"sS(s=30,S=70)",42,19,30.0,70.0
0.10987831066571224,4397.7,1,1342.92,1366.4,"sS(s=30,S=70)",42,20,30.0,70.0
0.16729259132809832,4446.1,3,1293.4,1295.4,"sS(s=30,S=70)",42,21,30.0,70.0
0.16671949286846277,5197.2,2,1526.54,1588.0,"sS(s=30,S=70)",42,22,30.0,70.0
0.23277074542897327,4847.3,3,1360.34,1415.8,"sS(s=30,S=70)",42,23,30.0,70.0
0.07791279485346676,4061.6,1,979.88,985.2,"sS(s=30,S=70)",42,24,30.0,70.0
0.14330763840224248,4348.5,0,1151.8799999999999,1171.1,"sS(s=30,S=70)",42,25,30.0,70.0
0.13415545590433484,4099.3,6,1188.8,1200.5,"sS(s=30,S=70)",42,26,30.0,70.0
0.1018670160497871,4749.3,2,1480.92,1519.9,"sS(s=30,S=70)",42,27,30.0,70.0
0.1895881895881896,3832.9,0,1031.3799999999999,1067.5,"sS(s=30,S=70)",42,28,30.0,70.0
0.16950380296993842,4015.8,0,1306.74,1408.4,"sS(s=30,S=70)",42,29,30.0,70.0
0.10940841054882394,4204.7,0,978.76,983.2,"sS(s=30,S=70)",42,30,30.0,70.0
0.10843781768891901,4765.5,0,1287.4,1306.0,"sS(s=30,S=70)",42,31,30.0,70.0
0.1517094017094017,4265.7,0,1040.66,1051.0,"sS(s=30,S=70)",42,32,30.0,70.0
0.2619573215599706,4294.1,1,1546.5399999999997,1688.1,"sS(s=30,S=70)",42,33,30.0,70.0
0.17095658855167115,4216.7,2,1424.24,1545.9,"sS(s=30,S=70)",42,34,30.0,70.0
0.1742336049670159,3852.2,0,1094.3,1151.2,"sS(s=30,S=70)",42,35,30.0,70.0
0.0905069751616196,4651.6,0,1298.04,1348.9,"sS(s=30,S=70)",42,36,30.0,70.0
0.19095477386934673,4227.5,2,1204.74,1214.1,"sS(s=30,S=70)",42,37,30.0,70.0
0.1590118302018093,4674.1,0,1499.76,1627.2,"sS(s=30,S=70)",42,38,30.0,70.0
0.2106764466177669,3833.9,1,1039.4199999999998,1041.1,"sS(s=30,S=70)",42,39,30.0,70.0
0.20820552147239263,3973.0,3,1132.3200000000002,1155.9,"sS(s=30,S=70)",42,40,30.0,70.0
0.17513321492007106,4391.9,0,1134.38,1149.9,"sS(s=30,S=70)",42,41,30.0,70.0
0.18033344675059543,4875.8,1,1293.4,1309.0,"sS(s=30,S=70)",42,42,30.0,70.0
0.13327915481511582,3923.3,1,981.5600000000001,992.6,"sS(s=30,S=70)",42,43,30.0,70.0
0.07600700525394045,4123.7,0,1116.2,1159.0,"sS(s=30,S=70)",42,44,30.0,70.0
0.19924098671726756,4211.9,0,1189.56,1247.7,"sS(s=30,S=70)",42,45,30.0,70.0
0.14314115308151093,4878.1,0,1456.1999999999998,1553.5,"sS(s=30,S=70)",42,46,30.0,70.0
0.14674681753889673,4744.9,1,1358.0,1423.5,"sS(s=30,S=70)",42,47,30.0,70.0
0.23529411764705882,3812.5,0,1067.02,1073.5,"sS(s=30,S=70)",42,48,30.0,70.0
0.11375089992800576,4323.4,7,1228.6399999999999,1293.2,"sS(s=30,S=70)",42,49,30.0,70.0
0.17571157495256168,4168.3,5,1045.1599999999999,1090.0,"sS(s=30,S=75)",42,0,30.0,75.0
0.13396432471787403,3933.2,0,1069.1799999999998,1082.1,"sS(s=30,S=75)",42,1,30.0,75.0
0.10260869565217391,4414.3,1,1406.62,1494.0,"sS(s=30,S=75)",42,2,30.0,75.0
0.12624953720844131,4256.1,0,1147.6399999999999,1198.7,"sS(s=30,S=75)",42,3,30.0,75.0
0.21889400921658986,3918.5,1,1218.74,1253.4,"sS(s=30,S=75)",42,4,30.0,75.0
0.131491344873502,4638.7,2,1258.5,1275.3,"sS(s=30,S=75)",42,5,30.0,75.0
0.2931570762052877,3939.1,2,1196.4799999999998,1225.6,"sS(s=30,S=75)",42,6,30.0,75.0
0.16853932584269662,4197.3,1,1247.32,1303.6,"sS(s=30,S=75)",42,7,30.0,75.0
0.16934893928310168,4397.7,2,1309.24,1353.8,"sS(s=30,S=75)",42,8,30.0,75.0
0.12699490662139218,4537.3,0,1191.66,1194.0,"sS(s=30,S=75)",42,9,30.0,75.0
0.21284996410624551,4083.7,3,1099.6399999999999,1100.6,"sS(s=30,S=75)",42,10,30.0,75.0
0.11173184357541899,3964.0,0,1220.54,1281.4,"sS(s=30,S=75)",42,11,30.0,75.0
0.1971238162048404,4309.6,0,1200.98,1219.6,"sS(s=30,S=75)",42,12,30.0,75.0
0.12345679012345678,4262.1,2,1233.94,1293.2,"sS(s=30,S=75)",42,13,30.0,75.0
0.2580275229357798,4212.0,3,1140.1799999999998,1175.1,"sS(s=30,S=75)",42,14,30.0,75.0
0.13141025641025642,4060.1,2,1302.76,1381.5,"sS(s=30,S=75)",42,15,30.0,75.0
0.18497757847533633,4100.1,1,1250.36,1318.1,"sS(s=30,S=75)",42,16,30.0,75.0
0.18626760563380282,4563.6,2,1122.5,1126.1,"sS(s=30,S=75)",42,17,30.0,75.0
0.11997126436781609,4299.4,1,1218.6,1284.9,"sS(s=30,S=75)",42,18,30.0,75.0
0.23256704980842913,3943.0,3,1163.6,1203.0,"sS(s=30,S=75)",42,19,30.0,75.0
0.13385826771653545,4329.9,0,1330.66,1352.9,"sS(s=30,S=75)",42,20,30.0,75.0
0.19460566746329805,4360.1,3,1279.7,1281.4,"sS(s=30,S=75)",42,21,30.0,75.0
0.1889064976228209,5177.2,1,1580.9399999999998,1669.0,"sS(s=30,S=75)",42,22,30.0,75.0
0.25562587904360057,4791.1,3,1345.54,1402.3,"sS(s=30,S=75)",42,23,30.0,75.0
0.09471050750536097,4037.8,1,934.48,938.2,"sS(s=30,S=75)",42,24,30.0,75.0
0.16257883672039244,4333.0,0,1129.48,1142.6,"sS(s=30,S=75)",42,25,30.0,75.0
0.17152466367713004,4190.0,6,1235.0,1257.0,"sS(s=30,S=75)",42,26,30.0,75.0
0.10153946937438585,4687.9,3,1490.52,1542.9,"sS(s=30,S=75)",42,27,30.0,75.0
0.22261072261072262,3758.9,0,1014.34,1044.0,"sS(s=30,S=75)",42,28,30.0,75.0
0.16153567547989858,3972.7,0,1311.46,1416.4,"sS(s=30,S=75)",42,29,30.0,75.0
0.13257305773342837,4183.2,0,976.96,982.2,"sS(s=30,S=75)",42,30,30.0,75.0
0.12572009488309047,4712.0,0,1268.4,1281.0,"sS(s=30,S=75)",42,31,30.0,75.0
0.17663817663817663,4250.2,0,1049.56,1056.0,"sS(s=30,S=75)",42,32,30.0,75.0
0.27078734363502577,4227.0,1,1561.4399999999998,1715.1,"sS(s=30,S=75)",42,33,30.0,75.0
0.1978486361890127,4169.7,2,1410.24,1526.9,"sS(s=30,S=75)",42,34,30.0,75.0
0.20527745440434614,3826.3,0,1165.62,1254.2,"sS(s=30,S=75)",42,35,30.0,75.0
0.09765226267437904,4666.7,1,1278.4199999999998,1329.0,"sS(s=30,S=75)",42,36,30.0,75.0
0.20351758793969849,4195.5,2,1217.54,1238.6,"sS(s=30,S=75)",42,37,30.0,75.0
0.19206680584551147,4610.0,0,1486.96,1614.2,"sS(s=30,S=75)",42,38,30.0,75.0
0.23879380603096984,3778.8,1,1026.94,1028.0,"sS(s=30,S=75)",42,39,30.0,75.0
0.24079754601226994,3966.9,3,1207.4799999999998,1248.6,"sS(s=30,S=75)",42,40,30.0,75.0
0.18969804618117228,4348.2,0,1137.06,1159.0,"sS(s=30,S=75)",42,41,30.0,75.0
0.2092548485879551,4889.0,1,1278.96,1289.7,"sS(s=30,S=75)",42,42,30.0,75.0
0.17310036570499795,4006.5,2,1044.86,1053.8,"sS(s=30,S=75)",42,43,30.0,75.0
0.09912434325744308,4036.3,0,1114.3999999999999,1158.0,"sS(s=30,S=75)",42,44,30.0,75.0
0.22504743833017077,4154.5,0,1172.96,1225.7,"sS(s=30,S=75)",42,45,30.0,75.0
0.12922465208747516,4764.9,0,1406.3999999999999,1490.0,"sS(s=30,S=75)",42,46,30.0,75.0
0.16973125884016974,4677.9,1,1324.0,1389.5,"sS(s=30,S=75)",42,47,30.0,75.0
0.25529411764705884,3757.2,0,1059.42,1062.5,"sS(s=30,S=75)",42,48,30.0,75.0
0.128869690424766,4295.1,6,1220.16,1283.7,"sS(s=30,S=75)",42,49,30.0,75.0
0.20037950664136622,4173.8,5,1067.28,1095.0,"sS(s=30,S=80)",42,0,30.0,80.0
0.16672733891518018,3878.7,0,1061.1799999999998,1069.1,"sS(s=30,S=80)",42,1,30.0,80.0
0.11826086956521739,4315.3,1,1353.82,1435.0,"sS(s=30,S=80)",42,2,30.0,80.0
0.15734912995186967,4307.5,0,1138.28,1188.8,"sS(s=30,S=80)",42,3,30.0,80.0
0.24807987711213517,3921.0,2,1314.24,1375.9,"sS(s=30,S=80)",42,4,30.0,80.0
0.15612516644474034,4601.9,2,1254.42,1266.2,"sS(s=30,S=80)",42,5,30.0,80.0
0.3215396578538103,3889.4,2,1209.4799999999998,1238.1,"sS(s=30,S=80)",42,6,30.0,80.0
0.19681043856469735,4136.1,1,1259.4199999999998,1316.1,"sS(s=30,S=80)",42,7,30.0,80.0
0.2121433796634967,4253.5,2,1239.34,1274.3,"sS(s=30,S=80)",42,8,30.0,80.0
0.15110356536502548,4457.3,0,1193.38,1199.0,"sS(s=30,S=80)",42,9,30.0,80.0
0.24335965541995694,4051.2,2,1159.78,1172.7,"sS(s=30,S=80)",42,10,30.0,80.0
0.1340782122905028,3937.0,0,1218.34,1257.4,"sS(s=30,S=80)",42,11,30.0,80.0
0.21290775166608208,4271.6,0,1192.6799999999998,1203.1,"sS(s=30,S=80)",42,12,30.0,80.0
0.1270878721859114,4208.3,2,1135.54,1176.2,"sS(s=30,S=80)",42,13,30.0,80.0
0.27714067278287463,4173.0,3,1130.8799999999999,1172.1,"sS(s=30,S=80)",42,14,30.0,80.0
0.1599002849002849,3999.1,2,1289.22,1373.0,"sS(s=30,S=80)",42,15,30.0,80.0
0.21300448430493274,4107.1,1,1305.9599999999998,1388.1,"sS(s=30,S=80)",42,16,30.0,80.0
0.2035211267605634,4576.3,2,1083.56,1088.3,"sS(s=30,S=80)",42,17,30.0,80.0
0.14331896551724138,4288.9,1,1220.8,1281.4,"sS(s=30,S=80)",42,18,30.0,80.0
0.26513409961685824,3881.3,3,1151.8799999999999,1187.1,"sS(s=30,S=80)",42,19,30.0,80.0
0.15891195418754475,4321.4,0,1355.8600000000001,1385.4,"sS(s=30,S=80)",42,20,30.0,80.0
0.22362581085694777,4327.8,3,1297.76,1307.1,"sS(s=30,S=80)",42,21,30.0,80.0
0.21109350237717908,5195.7,2,1575.1399999999999,1664.0,"sS(s=30,S=80)",42,22,30.0,80.0
0.27637130801687765,4744.5,3,1329.54,1388.8,"sS(s=30,S=80)",42,23,30.0,80.0
0.11794138670478914,4027.8,1,970.64,978.5,"sS(s=30,S=80)",42,24,30.0,80.0
0.18185003503854238,4308.5,0,1097.72,1102.4,"sS(s=30,S=80)",42,25,30.0,80.0
0.20889387144992527,4148.9,4,1238.0,1259.5,"sS(s=30,S=80)",42,26,30.0,80.0
0.11627906976744186,4609.9,3,1472.1200000000001,1530.9,"sS(s=30,S=80)",42,27,30.0,80.0
0.25485625485625485,3708.1,0,996.34,1020.5,"sS(s=30,S=80)",42,28,30.0,80.0
0.18725099601593626,3950.3,0,1290.96,1382.4,"sS(s=30,S=80)",42,29,30.0,80.0
0.1557377049180328,4114.7,0,976.76,983.2,"sS(s=30,S=80)",42,30,30.0,80.0
0.137580481192816,4722.5,0,1287.8,1304.0,"sS(s=30,S=80)",42,31,30.0,80.0
0.19052706552706553,4255.3,0,1048.7,1061.0,"sS(s=30,S=80)",42,32,30.0,80.0
0.2947019867549669,4168.0,1,1576.3399999999997,1742.1,"sS(s=30,S=80)",42,33,30.0,80.0
0.20783711102573954,4220.3,3,1434.6399999999999,1555.9,"sS(s=30,S=80)",42,34,30.0,80.0
0.23476911136980985,3823.3,0,1173.08,1271.2,"sS(s=30,S=80)",42,35,30.0,80.0
0.12112963593058863,4657.7,1,1242.72,1289.0,"sS(s=30,S=80)",42,36,30.0,80.0
0.2189519023689878,4222.1,3,1219.3999999999999,1259.8,"sS(s=30,S=80)",42,37,30.0,80.0
0.22512178148921363,4588.8,0,1462.76,1585.2,"sS(s=30,S=80)",42,38,30.0,80.0
0.25183374083129584,3743.1,1,1095.64,1125.9,"sS(s=30,S=80)",42,39,30.0,80.0
0.27338957055214724,3913.4,3,1186.4799999999998,1221.1,"sS(s=30,S=80)",42,40,30.0,80.0
0.20568383658969805,4321.3,0,1129.4199999999998,1150.1,"sS(s=30,S=80)",42,41,30.0,80.0
0.23647499149370535,4856.2,1,1265.0,1271.0,"sS(s=30,S=80)",42,42,30.0,80.0
0.20357578220235675,3968.5,2,1044.96,1049.8,"sS(s=30,S=80)",42,43,30.0,80.0
0.1330998248686515,3934.0,0,1075.0,1110.0,"sS(s=30,S=80)",42,44,30.0,80.0
0.23719165085388993,4080.6,0,1122.76,1161.7,"sS(s=30,S=80)",42,45,30.0,80.0
0.15540092776673295,4760.8,0,1395.8,1475.5,"sS(s=30,S=80)",42,46,30.0,80.0
0.19731258840169733,4599.2,1,1295.46,1355.5,"sS(s=30,S=80)",42,47,30.0,80.0
0.2749019607843137,3699.7,0,1050.58,1053.1,"sS(s=30,S=80)",42,48,30.0,80.0
0.1493880489560835,4290.1,6,1247.6399999999999,1318.2,"sS(s=30,S=80)",42,49,30.0,80.0
0.22163187855787475,4181.7,5,1089.38,1100.0,"sS(s=30,S=85)",42,0,30.0,85.0
0.19949035311248633,3811.8,0,1058.46,1062.7,"sS(s=30,S=85)",42,1,30.0,85.0
0.17704347826086955,4313.7,1,1192.82,1240.5,"sS(s=30,S=85)",42,2,30.0,85.0
0.19104035542391706,4257.6,0,1135.86,1185.2,"sS(s=30,S=85)",42,3,30.0,85.0
0.2726574500768049,3847.7,1,1299.4999999999998,1360.6,"sS(s=30,S=85)",42,4,30.0,85.0
0.17876165113182424,4617.3,2,1238.66,1242.5,"sS(s=30,S=85)",42,5,30.0,85.0
0.3300933125972006,3905.3,2,1222.4799999999998,1250.6,"sS(s=30,S=85)",42,6,30.0,85.0
0.21964479884015947,4075.1,1,1271.52,1328.6,"sS(s=30,S=85)",42,7,30.0,85.0
0.24725676664228238,4166.2,2,1220.6399999999999,1258.8,"sS(s=30,S=85)",42,8,30.0,85.0
0.1697792869269949,4349.3,0,1205.52,1205.9,"sS(s=30,S=85)",42,9,30.0,85.0
0.2709978463747308,3981.9,2,1165.28,1177.7,"sS(s=30,S=85)",42,10,30.0,85.0
0.18175046554934823,3918.0,0,1243.52,1259.4,"sS(s=30,S=85)",42,11,30.0,85.0
0.23290073658365487,4276.7,0,1216.46,1228.9,"sS(s=30,S=85)",42,12,30.0,85.0
0.15250544662309368,4217.8,2,1209.94,1275.2,"sS(s=30,S=85)",42,13,30.0,85.0
0.26376146788990823,4156.2,3,1106.96,1163.4,"sS(s=30,S=85)",42,14,30.0,85.0
0.19266381766381765,4059.0,2,1258.52,1357.5,"sS(s=30,S=85)",42,15,30.0,85.0
0.24103139013452915,4192.1,3,1269.9599999999998,1316.1,"sS(s=30,S=85)",42,16,30.0,85.0
0.23415492957746478,4545.6,2,1073.24,1079.0,"sS(s=30,S=85)",42,17,30.0,85.0
0.16810344827586207,4267.6,1,1176.4399999999998,1230.6,"sS(s=30,S=85)",42,18,30.0,85.0
0.289272030651341,3829.1,3,1138.96,1169.7,"sS(s=30,S=85)",42,19,30.0,85.0
0.18360773085182533,4265.0,0,1333.82,1362.0,"sS(s=30,S=85)",42,20,30.0,85.0
0.2413793103448276,4242.0,2,1294.04,1311.0,"sS(s=30,S=85)",42,21,30.0,85.0
0.23328050713153725,5139.2,2,1569.34,1659.0,"sS(s=30,S=85)",42,22,30.0,85.0
0.2795358649789029,4866.7,3,1332.8,1400.0,"sS(s=30,S=85)",42,23,30.0,85.0
0.14760543245175126,4033.6,1,989.24,1001.5,"sS(s=30,S=85)",42,24,30.0,85.0
0.17834618079887876,4213.5,0,1092.08,1098.1,"sS(s=30,S=85)",42,25,30.0,85.0
0.24626307922272048,4195.4,5,1241.0,1262.0,"sS(s=30,S=85)",42,26,30.0,85.0
0.13101867016049787,4599.2,4,1443.92,1517.9,"sS(s=30,S=85)",42,27,30.0,85.0
0.2801087801087801,3751.4,0,1054.98,1092.8,"sS(s=30,S=85)",42,28,30.0,85.0
0.208982252806954,3899.8,0,1255.8600000000001,1334.9,"sS(s=30,S=85)",42,29,30.0,85.0
0.19885958660014255,3934.9,0,1114.58,1155.9,"sS(s=30,S=85)",42,30,30.0,85.0
0.1796001355472721,4750.9,0,1276.1000000000001,1287.7,"sS(s=30,S=85)",42,31,30.0,85.0
0.22364672364672364,4190.1,0,1050.98,1066.0,"sS(s=30,S=85)",42,32,30.0,85.0
0.318616629874908,4188.5,1,1591.2399999999998,1769.1,"sS(s=30,S=85)",42,33,30.0,85.0
0.23665001920860546,4162.9,3,1416.6399999999999,1531.9,"sS(s=30,S=85)",42,34,30.0,85.0
0.2607683352735739,3802.1,0,1189.1,1288.2,"sS(s=30,S=85)",42,35,30.0,85.0
0.13848247703300443,4668.7,1,1207.02,1249.0,"sS(s=30,S=85)",42,36,30.0,85.0
0.23869346733668342,4208.7,3,1229.04,1278.8,"sS(s=30,S=85)",42,37,30.0,85.0
0.2522616562282533,4647.8,0,1478.9199999999998,1597.2,"sS(s=30,S=85)",42,38,30.0,85.0
0.2844335778321108,3619.6,0,1078.04,1123.9,"sS(s=30,S=85)",42,39,30.0,85.0
0.28182515337423314,3912.9,3,1138.28,1159.6,"sS(s=30,S=85)",42,40,30.0,85.0
0.21776198934280638,4347.8,0,1108.4199999999998,1119.6,"sS(s=30,S=85)",42,41,30.0,85.0
0.2636951343994556,4867.0,1,1289.76,1300.7,"sS(s=30,S=85)",42,42,30.0,85.0
0.23161316537992685,3931.1,2,1042.8999999999999,1043.1,"sS(s=30,S=85)",42,43,30.0,85.0
0.16532399299474607,3792.2,0,1042.0,1070.0,"sS(s=30,S=85)",42,44,30.0,85.0
0.2667931688804554,4030.8,0,1114.16,1149.7,"sS(s=30,S=85)",42,45,30.0,85.0
0.1918489065606362,4723.8,0,1422.0,1507.0,"sS(s=30,S=85)",42,46,30.0,85.0
0.21782178217821782,4483.6,1,1276.36,1343.5,"sS(s=30,S=85)",42,47,30.0,85.0
0.2741176470588235,3877.4,0,1024.28,1059.1,"sS(s=30,S=85)",42,48,30.0,85.0
0.1558675305975522,4393.6,6,1281.48,1299.6,"sS(s=30,S=85)",42,49,30.0,85.0
0.22011385199240988,4043.8,3,1058.1599999999999,1105.0,"sS(s=30,S=90)",42,0,30.0,90.0
0.23006916636330543,3753.9,0,1092.04,1098.5,"sS(s=30,S=90)",42,1,30.0,90.0
0.19826086956521738,4321.3,1,1208.9399999999998,1264.3,"sS(s=30,S=90)",42,2,30.0,90.0
0.22362088115512774,4227.5,0,1136.66,1185.2,"sS(s=30,S=90)",42,3,30.0,90.0
0.2956989247311828,3793.2,1,1286.9999999999998,1348.1,"sS(s=30,S=90)",42,4,30.0,90.0
0.19340878828229027,4631.0,2,1236.06,1239.3,"sS(s=30,S=90)",42,5,30.0,90.0
0.3557542768273717,3875.3,1,1272.28,1309.1,"sS(s=30,S=90)",42,6,30.0,90.0
0.24139180862631388,4019.2,1,1283.62,1341.1,"sS(s=30,S=90)",42,7,30.0,90.0
0.2809070958302853,4026.4,1,1200.1599999999999,1243.3,"sS(s=30,S=90)",42,8,30.0,90.0
0.1626485568760611,4397.7,0,1238.84,1246.3,"sS(s=30,S=90)",42,9,30.0,90.0
0.2964824120603015,3973.7,2,1180.3,1180.6,"sS(s=30,S=90)",42,10,30.0,90.0
0.20297951582867785,3855.5,0,1238.6799999999998,1255.6,"sS(s=30,S=90)",42,11,30.0,90.0
0.25429673798667135,4229.8,0,1197.16,1201.4,"sS(s=30,S=90)",42,12,30.0,90.0
0.17792302106027597,4226.3,2,1198.1,1266.2,"sS(s=30,S=90)",42,13,30.0,90.0
0.29434250764525993,4095.2,2,1092.22,1150.9,"sS(s=30,S=90)",42,14,30.0,90.0
0.23397435897435898,4053.1,3,1213.04,1278.5,"sS(s=30,S=90)",42,15,30.0,90.0
0.26905829596412556,4132.5,2,1255.9599999999998,1304.1,"sS(s=30,S=90)",42,16,30.0,90.0
0.2602112676056338,4579.7,2,1115.0,1124.6,"sS(s=30,S=90)",42,17,30.0,90.0
0.19863505747126436,4300.1,1,1171.6399999999999,1227.6,"sS(s=30,S=90)",42,18,30.0,90.0
0.3164750957854406,3818.4,3,1149.64,1182.7,"sS(s=30,S=90)",42,19,30.0,90.0
0.20687186828919113,4161.5,0,1311.9199999999998,1343.5,"sS(s=30,S=90)",42,20,30.0,90.0
0.26220553089791737,4205.2,2,1264.24,1281.3,"sS(s=30,S=90)",42,21,30.0,90.0
0.2554675118858954,5080.0,2,1563.54,1654.0,"sS(s=30,S=90)",42,22,30.0,90.0
0.2587904360056259,4888.8,3,1440.04,1532.8,"sS(s=30,S=90)",42,23,30.0,90.0
0.17333809864188707,3872.3,0,968.16,974.9,"sS(s=30,S=90)",42,24,30.0,90.0
0.20287316047652418,4234.0,0,1098.78,1128.6,"sS(s=30,S=90)",42,25,30.0,90.0
0.2686846038863976,4180.9,5,1266.8,1293.0,"sS(s=30,S=90)",42,26,30.0,90.0
0.1457582705535539,4523.9,3,1416.92,1493.9,"sS(s=30,S=90)",42,27,30.0,90.0
0.3034188034188034,3744.8,0,1091.78,1137.8,"sS(s=30,S=90)",42,28,30.0,90.0
0.23252444766388988,3848.7,0,1220.76,1287.4,"sS(s=30,S=90)",42,29,30.0,90.0
0.23200285103349966,3873.2,0,1113.08,1153.9,"sS(s=30,S=90)",42,30,30.0,90.0
0.19823788546255505,4708.4,0,1263.26,1274.2,"sS(s=30,S=90)",42,31,30.0,90.0
0.25925925925925924,4195.6,0,1066.68,1071.0,"sS(s=30,S=90)",42,32,30.0,90.0
0.34253127299484915,4218.9,1,1597.0199999999998,1772.1,"sS(s=30,S=90)",42,33,30.0,90.0
0.26392623895505185,4072.9,1,1398.6399999999999,1507.9,"sS(s=30,S=90)",42,34,30.0,90.0
0.29064804035700426,3661.3,0,1206.8,1305.2,"sS(s=30,S=90)",42,35,30.0,90.0
0.15889758421231712,4616.7,1,1172.3999999999999,1209.0,"sS(s=30,S=90)",42,36,30.0,90.0
0.23941134242641782,4289.8,3,1246.84,1297.8,"sS(s=30,S=90)",42,37,30.0,90.0
0.27383437717466946,4593.8,0,1449.12,1553.2,"sS(s=30,S=90)",42,38,30.0,90.0
0.31703341483292585,3561.1,0,1071.44,1121.9,"sS(s=30,S=90)",42,39,30.0,90.0
0.31403374233128833,4009.5,3,1211.4399999999998,1249.8,"sS(s=30,S=90)",42,40,30.0,90.0
0.23374777975133215,4310.3,0,1087.4199999999998,1089.1,"sS(s=30,S=90)",42,41,30.0,90.0
0.28342973800612453,4834.4,1,1269.96,1274.7,"sS(s=30,S=90)",42,42,30.0,90.0
0.26127590410402274,3904.5,2,1051.6399999999999,1058.6,"sS(s=30,S=90)",42,43,30.0,90.0
0.18528896672504377,3922.9,0,1007.32,1027.9,"sS(s=30,S=90)",42,44,30.0,90.0
0.26413662239089186,4123.8,0,1118.98,1131.2,"sS(s=30,S=90)",42,45,30.0,90.0
0.22498343273691188,4733.2,0,1509.0,1614.5,"sS(s=30,S=90)",42,46,30.0,90.0
0.19024045261669023,4269.3,1,1195.26,1241.5,"sS(s=30,S=90)",42,47,30.0,90.0
0.30941176470588233,3937.5,0,1037.6399999999999,1065.1,"sS(s=30,S=90)",42,48,30.0,90.0
0.18466522678185746,4343.1,6,1260.28,1277.6,"sS(s=30,S=90)",42,49,30.0,90.0
0.22011385199240988,4025.3,4,1087.32,1110.0,"sS(s=30,S=95)",42,0,30.0,95.0
0.25555151073898796,3786.4,0,1123.06,1128.7,"sS(s=30,S=95)",42,1,30.0,95.0
0.22782608695652173,4286.3,1,1210.84,1274.8,"sS(s=30,S=95)",42,2,30.0,95.0
0.2587930396149574,4274.9,0,1214.86,1282.2,"sS(s=30,S=95)",42,3,30.0,95.0
0.3099078341013825,3756.8,1,1270.52,1334.0,"sS(s=30,S=95)",42,4,30.0,95.0
0.20372836218375498,4517.7,2,1236.86,1255.3,"sS(s=30,S=95)",42,5,30.0,95.0
0.3499222395023328,4046.4,2,1400.4799999999998,1465.6,"sS(s=30,S=95)",42,6,30.0,95.0
0.2577020659659297,3992.3,1,1295.7199999999998,1353.6,"sS(s=30,S=95)",42,7,30.0,95.0
0.3108997805413314,3985.7,0,1182.76,1227.8,"sS(s=30,S=95)",42,8,30.0,95.0
0.19524617996604415,4384.6,0,1200.3,1214.0,"sS(s=30,S=95)",42,9,30.0,95.0
0.3180186647523331,3903.7,2,1180.1,1181.6,"sS(s=30,S=95)",42,10,30.0,95.0
0.21973929236499068,3814.9,0,1252.08,1274.6,"sS(s=30,S=95)",42,11,30.0,95.0
0.27884952648193617,4192.8,0,1189.74,1193.7,"sS(s=30,S=95)",42,12,30.0,95.0
0.20043572984749455,4176.8,2,1191.1,1257.2,"sS(s=30,S=95)",42,13,30.0,95.0
0.32492354740061163,4044.2,2,1084.32,1138.4,"sS(s=30,S=95)",42,14,30.0,95.0
0.26282051282051283,4124.6,3,1243.34,1320.0,"sS(s=30,S=95)",42,15,30.0,95.0
0.30194319880418535,4105.3,1,1225.9599999999998,1264.1,"sS(s=30,S=95)",42,16,30.0,95.0
0.26091549295774646,4572.2,2,1257.82,1293.0,"sS(s=30,S=95)",42,17,30.0,95.0
0.23742816091954022,4199.5,1,1350.4799999999998,1457.6,"sS(s=30,S=95)",42,18,30.0,95.0
0.3432950191570881,3837.4,2,1276.94,1341.7,"sS(s=30,S=95)",42,19,30.0,95.0
0.23729420186113098,4208.0,1,1332.22,1346.0,"sS(s=30,S=95)",42,20,30.0,95.0
0.2826903379993172,4248.9,2,1173.58,1175.6,"sS(s=30,S=95)",42,21,30.0,95.0
0.26782884310618066,5026.7,1,1557.74,1649.0,"sS(s=30,S=95)",42,22,30.0,95.0
0.279887482419128,4853.3,3,1437.84,1528.8,"sS(s=30,S=95)",42,23,30.0,95.0
0.21622587562544673,3936.4,0,975.46,979.7,"sS(s=30,S=95)",42,24,30.0,95.0
0.24211632796075683,4239.4,0,1286.72,1370.4,"sS(s=30,S=95)",42,25,30.0,95.0
0.2836322869955157,4161.4,4,1278.92,1306.9,"sS(s=30,S=95)",42,26,30.0,95.0
0.14346544382574516,4486.9,3,1425.0,1506.9,"sS(s=30,S=95)",42,27,30.0,95.0
0.32672882672882675,3682.2,0,1073.3,1115.8,"sS(s=30,S=95)",42,28,30.0,95.0
0.2462875769648678,3761.2,0,1143.68,1189.9,"sS(s=30,S=95)",42,29,30.0,95.0
0.2655024946543122,3813.9,0,1151.26,1201.5,"sS(s=30,S=95)",42,30,30.0,95.0
0.18231108098949508,4628.5,0,1244.8600000000001,1252.2,"sS(s=30,S=95)",42,31,30.0,95.0
0.2938034188034188,4140.6,0,1067.58,1076.0,"sS(s=30,S=95)",42,32,30.0,95.0
0.36644591611479027,4266.1,1,1639.2199999999998,1820.1,"sS(s=30,S=95)",42,33,30.0,95.0
0.29120245870149825,4015.4,1,1379.36,1481.2,"sS(s=30,S=95)",42,34,30.0,95.0
0.32673651532790066,3576.7,0,1224.02,1322.2,"sS(s=30,S=95)",42,35,30.0,95.0
0.18203470568220484,4573.5,1,1151.94,1177.8,"sS(s=30,S=95)",42,36,30.0,95.0
0.26776740847092606,4262.2,3,1257.24,1316.8,"sS(s=30,S=95)",42,37,30.0,95.0
0.29471120389700767,4539.8,0,1419.32,1509.2,"sS(s=30,S=95)",42,38,30.0,95.0
0.3422982885085575,3582.8,1,1170.2199999999998,1247.8,"sS(s=30,S=95)",42,39,30.0,95.0
0.34662576687116564,3963.9,3,1210.48,1247.8,"sS(s=30,S=95)",42,40,30.0,95.0
0.2497335701598579,4329.3,0,1185.52,1218.6,"sS(s=30,S=95)",42,41,30.0,95.0
0.2534875808097993,4776.1,1,1262.22,1265.8,"sS(s=30,S=95)",42,42,30.0,95.0
0.2848435595286469,3983.9,2,1064.6,1075.1,"sS(s=30,S=95)",42,43,30.0,95.0
0.21681260945709283,3860.2,0,975.4599999999999,988.8,"sS(s=30,S=95)",42,44,30.0,95.0
0.29715370018975334,4079.3,0,1107.28,1118.2,"sS(s=30,S=95)",42,45,30.0,95.0
0.2551358515573227,4749.7,0,1503.1999999999998,1606.0,"sS(s=30,S=95)",42,46,30.0,95.0
0.214992927864215,4214.8,1,1180.56,1222.5,"sS(s=30,S=95)",42,47,30.0,95.0
0.31058823529411766,4008.7,0,1046.82,1071.1,"sS(s=30,S=95)",42,48,30.0,95.0
0.2314614830813535,4378.7,6,1177.1799999999998,1193.6,"sS(s=30,S=95)",42,49,30.0,95.0
0.24667931688804554,3981.8,4,1087.3,1115.0,"sS(s=30,S=100)",42,0,30.0,100.0
0.2806698216235894,3749.9,0,1118.26,1122.2,"sS(s=30,S=100)",42,1,30.0,100.0
0.2546086956521739,4229.8,1,1203.7399999999998,1276.8,"sS(s=30,S=100)",42,2,30.0,100.0
0.2743428359866716,4337.2,0,1145.14,1191.2,"sS(s=30,S=100)",42,3,30.0,100.0
0.32373271889400923,3718.7,0,1244.8600000000001,1307.9,"sS(s=30,S=100)",42,4,30.0,100.0
0.23901464713715045,4496.5,2,1249.32,1271.3,"sS(s=30,S=100)",42,5,30.0,100.0
0.37169517884914466,4001.0,0,1421.4799999999998,1488.1,"sS(s=30,S=100)",42,6,30.0,100.0
0.28416092787241753,3919.1,1,1307.82,1366.1,"sS(s=30,S=100)",42,7,30.0,100.0
0.33430870519385514,3986.2,1,1179.56,1207.8,"sS(s=30,S=100)",42,8,30.0,100.0
0.21901528013582344,4326.6,0,1203.4,1219.0,"sS(s=30,S=100)",42,9,30.0,100.0
0.2760229720028715,3838.8,2,1157.9399999999998,1184.1,"sS(s=30,S=100)",42,10,30.0,100.0
0.24655493482309124,3641.1,0,1193.8799999999999,1203.8,"sS(s=30,S=100)",42,11,30.0,100.0
0.303402314977201,4217.8,0,1244.64,1269.2,"sS(s=30,S=100)",42,12,30.0,100.0
0.21278140885984023,4149.6,2,1170.02,1230.6,"sS(s=30,S=100)",42,13,30.0,100.0
0.35244648318042815,3996.7,2,1076.42,1125.9,"sS(s=30,S=100)",42,14,30.0,100.0
0.28952991452991456,4135.1,3,1272.84,1360.5,"sS(s=30,S=100)",42,15,30.0,100.0
0.3195067264573991,4037.5,1,1090.92,1096.9,"sS(s=30,S=100)",42,16,30.0,100.0
0.2834507042253521,4527.1,2,1228.32,1258.0,"sS(s=30,S=100)",42,17,30.0,100.0
0.27262931034482757,4158.6,1,1366.12,1478.4,"sS(s=30,S=100)",42,18,30.0,100.0
0.3701149425287356,3786.5,2,1277.84,1342.7,"sS(s=30,S=100)",42,19,30.0,100.0
0.22548317823908376,4225.4,1,1353.32,1385.0,"sS(s=30,S=100)",42,20,30.0,100.0
0.25742574257425743,4461.5,3,1206.66,1212.4,"sS(s=30,S=100)",42,21,30.0,100.0
0.2618066561014263,5034.3,1,1551.9399999999998,1644.0,"sS(s=30,S=100)",42,22,30.0,100.0
0.3009845288326301,4817.8,3,1435.6399999999999,1524.8,"sS(s=30,S=100)",42,23,30.0,100.0
0.2562544674767691,3896.9,0,955.94,957.5,"sS(s=30,S=100)",42,24,30.0,100.0
0.24456902592852137,4145.5,0,1293.98,1385.9,"sS(s=30,S=100)",42,25,30.0,100.0
0.28176382660687593,4180.9,3,1241.82,1259.5,"sS(s=30,S=100)",42,26,30.0,100.0
0.16475597772682607,4408.9,3,1421.1,1501.9,"sS(s=30,S=100)",42,27,30.0,100.0
0.34887334887334887,3627.7,0,1054.1,1093.8,"sS(s=30,S=100)",42,28,30.0,100.0
0.27345164795363996,3711.2,0,1111.18,1152.4,"sS(s=30,S=100)",42,29,30.0,100.0
0.27548111190306485,3878.7,0,1244.56,1318.0,"sS(s=30,S=100)",42,30,30.0,100.0
0.16672314469671298,4716.8,0,1280.4,1288.4,"sS(s=30,S=100)",42,31,30.0,100.0
0.3158831908831909,4093.7,0,1064.88,1077.4,"sS(s=30,S=100)",42,32,30.0,100.0
0.3903605592347314,4293.6,1,1628.62,1802.1,"sS(s=30,S=100)",42,33,30.0,100.0
0.3180945063388398,3979.4,1,1351.6599999999999,1443.7,"sS(s=30,S=100)",42,34,30.0,100.0
0.359720605355064,3457.7,0,1240.52,1339.2,"sS(s=30,S=100)",42,35,30.0,100.0
0.20551207893841442,4530.2,0,1131.4,1146.5,"sS(s=30,S=100)",42,36,30.0,100.0
0.29827709978463746,4237.2,3,1267.6399999999999,1335.8,"sS(s=30,S=100)",42,37,30.0,100.0
0.31315240083507306,4425.7,0,1395.96,1479.2,"sS(s=30,S=100)",42,38,30.0,100.0
0.3671556642216789,3542.7,1,1156.1,1229.6,"sS(s=30,S=100)",42,39,30.0,100.0
0.3508435582822086,3875.6,3,1063.3799999999999,1063.8,"sS(s=30,S=100)",42,40,30.0,100.0
0.24369449378330374,4349.7,0,1156.5,1157.1,"sS(s=30,S=100)",42,41,30.0,100.0
0.27390268798911194,4688.6,1,1248.62,1249.8,"sS(s=30,S=100)",42,42,30.0,100.0
0.31491263713937423,3981.4,2,1075.3999999999999,1091.6,"sS(s=30,S=100)",42,43,30.0,100.0
0.2504378283712785,3804.9,0,963.36,972.3,"sS(s=30,S=100)",42,44,30.0,100.0
0.3233396584440228,4054.6,0,1080.7,1091.7,"sS(s=30,S=100)",42,45,30.0,100.0
0.28164347249834326,4707.2,0,1496.5,1597.5,"sS(s=30,S=100)",42,46,30.0,100.0
0.23903818953323905,4164.7,1,1169.06,1207.5,"sS(s=30,S=100)",42,47,30.0,100.0
0.3352941176470588,3976.2,0,1047.32,1077.1,"sS(s=30,S=100)",42,48,30.0,100.0
0.25125989920806335,4354.7,5,1158.58,1176.6,"sS(s=30,S=100)",42,49,30.0,100.0
0.04971537001897533,4503.1,6,1098.4199999999998,1100.1,"sS(s=35,S=40)",42,0,35.0,40.0
0.03494721514379323,4524.6,0,1165.94,1176.0,"sS(s=35,S=40)",42,1,35.0,40.0
0.025043478260869566,4876.2,2,1412.56,1481.0,"sS(s=35,S=40)",42,2,35.0,40.0
0.018511662347278787,4539.0,0,1239.6,1278.0,"sS(s=35,S=40)",42,3,35.0,40.0
0.039938556067588324,4286.4,2,1206.08,1234.6,"sS(s=35,S=40)",42,4,35.0,40.0
0.05026631158455393,5049.3,4,1285.66,1292.0,"sS(s=35,S=40)",42,5,35.0,40.0
0.09603421461897356,4260.7,1,1188.3,1230.0,"sS(s=35,S=40)",42,6,35.0,40.0
0.02899601304820587,4703.0,1,1174.3799999999999,1220.0,"sS(s=35,S=40)",42,7,35.0,40.0
0.04754937820043892,4668.0,2,1377.56,1396.5,"sS(s=35,S=40)",42,8,35.0,40.0
0.04380305602716469,5022.9,0,1246.0,1252.0,"sS(s=35,S=40)",42,9,35.0,40.0
0.06389088298636038,4635.5,3,1172.8,1199.0,"sS(s=35,S=40)",42,10,35.0,40.0
0.027560521415270017,4453.4,0,1307.1200000000001,1347.4,"sS(s=35,S=40)",42,11,35.0,40.0
0.0796211855489302,4753.4,0,1422.1,1483.7,"sS(s=35,S=40)",42,12,35.0,40.0
0.029411764705882353,4692.7,3,1230.38,1254.0,"sS(s=35,S=40)",42,13,35.0,40.0
0.05542813455657492,4462.5,5,1196.1599999999999,1227.3,"sS(s=35,S=40)",42,14,35.0,40.0
0.023504273504273504,4595.6,3,1315.72,1347.4,"sS(s=35,S=40)",42,15,35.0,40.0
0.05493273542600897,4499.7,1,1413.52,1462.1,"sS(s=35,S=40)",42,16,35.0,40.0
0.03838028169014084,4861.9,3,1243.0,1273.0,"sS(s=35,S=40)",42,17,35.0,40.0
0.03879310344827586,4749.8,3,1266.92,1309.4,"sS(s=35,S=40)",42,18,35.0,40.0
0.07318007662835249,4300.1,3,1128.6,1168.0,"sS(s=35,S=40)",42,19,35.0,40.0
0.047244094488188976,4768.6,1,1416.6,1456.0,"sS(s=35,S=40)",42,20,35.0,40.0
0.08296346876066917,4883.3,4,1350.48,1354.0,"sS(s=35,S=40)",42,21,35.0,40.0
0.039619651347068144,5484.5,1,1566.2,1624.0,"sS(s=35,S=40)",42,22,35.0,40.0
0.07454289732770746,5075.2,2,1316.64,1340.4,"sS(s=35,S=40)",42,23,35.0,40.0
0.0318084345961401,4636.9,1,1142.4,1154.0,"sS(s=35,S=40)",42,24,35.0,40.0
0.036440084092501754,4731.4,0,1268.8799999999999,1303.1,"sS(s=35,S=40)",42,25,35.0,40.0
0.023542600896860985,4512.3,5,1185.04,1203.3,"sS(s=35,S=40)",42,26,35.0,40.0
0.046511627906976744,5248.6,3,1585.6,1616.0,"sS(s=35,S=40)",42,27,35.0,40.0
0.024475524475524476,4129.3,0,1153.52,1210.0,"sS(s=35,S=40)",42,28,35.0,40.0
0.0373053241579138,4397.3,0,1463.36,1603.0,"sS(s=35,S=40)",42,29,35.0,40.0
0.03278688524590164,4635.2,0,1147.3600000000001,1163.9,"sS(s=35,S=40)",42,30,35.0,40.0
0.02134869535750593,5053.3,0,1364.6399999999999,1408.0,"sS(s=35,S=40)",42,31,35.0,40.0
0.07158119658119658,4751.9,0,1110.24,1128.0,"sS(s=35,S=40)",42,32,35.0,40.0
0.07873436350257543,4534.3,2,1336.04,1352.1,"sS(s=35,S=40)",42,33,35.0,40.0
0.0530157510564733,4400.8,2,1330.0,1414.0,"sS(s=35,S=40)",42,34,35.0,40.0
0.047729918509895226,4275.3,0,1096.5600000000002,1106.9,"sS(s=35,S=40)",42,35,35.0,40.0
0.01701258931609391,4925.0,2,1321.6,1353.0,"sS(s=35,S=40)",42,36,35.0,40.0
0.08147882268485283,4733.0,2,1296.6599999999999,1329.0,"sS(s=35,S=40)",42,37,35.0,40.0
0.022268615170494086,4820.4,0,1352.96,1416.0,"sS(s=35,S=40)",42,38,35.0,40.0
0.07660961695191525,4121.8,2,1142.8799999999999,1153.6,"sS(s=35,S=40)",42,39,35.0,40.0
0.04409509202453988,4392.5,3,1201.84,1212.0,"sS(s=35,S=40)",42,40,35.0,40.0
0.0763765541740675,4783.5,0,1162.54,1176.6,"sS(s=35,S=40)",42,41,35.0,40.0
0.05444028581150051,5121.8,2,1419.0,1473.5,"sS(s=35,S=40)",42,42,35.0,40.0
0.04185290532303942,4162.3,1,1048.52,1062.4,"sS(s=35,S=40)",42,43,35.0,40.0
0.01786339754816112,4688.1,0,1169.2,1190.0,"sS(s=35,S=40)",42,44,35.0,40.0
0.06793168880455408,4439.4,0,1194.32,1246.9,"sS(s=35,S=40)",42,45,35.0,40.0
0.027833001988071572,5130.4,0,1552.54,1666.0,"sS(s=35,S=40)",42,46,35.0,40.0
0.034653465346534656,4963.8,1,1350.2,1374.0,"sS(s=35,S=40)",42,47,35.0,40.0
0.0976470588235294,4157.1,0,1087.26,1107.8,"sS(s=35,S=40)",42,48,35.0,40.0
0.017998560115190784,4834.8,9,1263.0,1279.0,"sS(s=35,S=40)",42,49,35.0,40.0
0.07438330170777989,4449.6,6,1066.16,1067.7,"sS(s=35,S=45)",42,0,35.0,45.0
0.044048052420822714,4431.5,0,1152.82,1161.0,"sS(s=35,S=45)",42,1,35.0,45.0
0.032,4788.2,2,1392.56,1462.0,"sS(s=35,S=45)",42,2,35.0,45.0
0.019622362088115512,4442.3,0,1216.86,1259.0,"sS(s=35,S=45)",42,3,35.0,45.0
0.05337941628264209,4194.9,2,1184.08,1210.6,"sS(s=35,S=45)",42,4,35.0,45.0
0.05858854860186418,4942.3,3,1278.24,1285.3,"sS(s=35,S=45)",42,5,35.0,45.0
0.12013996889580093,4162.7,1,1165.2,1209.0,"sS(s=35,S=45)",42,6,35.0,45.0
0.04204421891989851,4630.6,1,1172.8799999999999,1218.6,"sS(s=35,S=45)",42,7,35.0,45.0
0.06583760058522312,4610.0,2,1366.6599999999999,1392.5,"sS(s=35,S=45)",42,8,35.0,45.0
0.05466893039049236,4938.4,0,1221.8,1227.0,"sS(s=35,S=45)",42,9,35.0,45.0
0.07824838478104809,4541.3,3,1160.6399999999999,1194.0,"sS(s=35,S=45)",42,10,35.0,45.0
0.03314711359404097,4359.9,0,1294.52,1337.9,"sS(s=35,S=45)",42,11,35.0,45.0
0.1038232199228341,4670.3,0,1382.3799999999999,1444.7,"sS(s=35,S=45)",42,12,35.0,45.0
0.036673928830791576,4590.2,2,1227.58,1259.0,"sS(s=35,S=45)",42,13,35.0,45.0
0.08065749235474007,4411.1,4,1188.3400000000001,1209.9,"sS(s=35,S=45)",42,14,35.0,45.0
0.02849002849002849,4481.0,3,1308.94,1352.4,"sS(s=35,S=45)",42,15,35.0,45.0
0.07137518684603886,4435.9,1,1414.2199999999998,1465.6,"sS(s=35,S=45)",42,16,35.0,45.0
0.0528169014084507,4793.0,3,1203.3,1228.0,"sS(s=35,S=45)",42,17,35.0,45.0
0.051364942528735635,4668.3,3,1246.66,1290.9,"sS(s=35,S=45)",42,18,35.0,45.0
0.09042145593869731,4225.6,3,1117.6,1153.0,"sS(s=35,S=45)",42,19,35.0,45.0
0.05619183965640658,4679.4,1,1394.56,1434.7,"sS(s=35,S=45)",42,20,35.0,45.0
0.0897917377944691,4800.3,4,1346.28,1359.0,"sS(s=35,S=45)",42,21,35.0,45.0
0.060538827258320126,5431.1,1,1553.2,1609.0,"sS(s=35,S=45)",42,22,35.0,45.0
0.08790436005625879,5001.0,2,1301.46,1328.3,"sS(s=35,S=45)",42,23,35.0,45.0
0.03538241601143674,4522.9,1,1099.4,1109.0,"sS(s=35,S=45)",42,24,35.0,45.0
0.046951646811492644,4638.4,0,1250.76,1284.6,"sS(s=35,S=45)",42,25,35.0,45.0
0.02914798206278027,4388.8,5,1183.24,1199.8,"sS(s=35,S=45)",42,26,35.0,45.0
0.05306256141500164,5158.6,3,1598.2,1643.0,"sS(s=35,S=45)",42,27,35.0,45.0
0.04312354312354312,4042.1,0,1123.48,1176.0,"sS(s=35,S=45)",42,28,35.0,45.0
0.05432814197754437,4311.0,0,1433.1,1568.0,"sS(s=35,S=45)",42,29,35.0,45.0
0.042765502494654314,4547.0,0,1099.42,1106.4,"sS(s=35,S=45)",42,30,35.0,45.0
0.029481531684174857,4979.7,0,1352.6399999999999,1393.0,"sS(s=35,S=45)",42,31,35.0,45.0
0.0787037037037037,4675.9,0,1088.4,1104.0,"sS(s=35,S=45)",42,32,35.0,45.0
0.1144223693892568,4500.0,1,1402.2399999999998,1453.1,"sS(s=35,S=45)",42,33,35.0,45.0
0.06454091432961967,4328.8,3,1299.0,1379.0,"sS(s=35,S=45)",42,34,35.0,45.0
0.06713232440822663,4175.3,0,1058.44,1062.2,"sS(s=35,S=45)",42,35,35.0,45.0
0.018033344675059543,4840.3,2,1299.3999999999999,1334.0,"sS(s=35,S=45)",42,36,35.0,45.0
0.09763101220387653,4642.0,2,1270.06,1304.0,"sS(s=35,S=45)",42,37,35.0,45.0
0.031315240083507306,4739.0,0,1325.48,1391.0,"sS(s=35,S=45)",42,38,35.0,45.0
0.08883455582722087,4024.8,2,1105.8799999999999,1116.1,"sS(s=35,S=45)",42,39,35.0,45.0
0.0678680981595092,4318.7,3,1182.8600000000001,1195.9,"sS(s=35,S=45)",42,40,35.0,45.0
0.09769094138543517,4696.5,0,1127.04,1133.1,"sS(s=35,S=45)",42,41,35.0,45.0
0.07145287512759442,5076.8,2,1382.0,1426.0,"sS(s=35,S=45)",42,42,35.0,45.0
0.056074766355140186,4104.8,1,1041.1200000000001,1056.9,"sS(s=35,S=45)",42,43,35.0,45.0
0.02136602451838879,4579.1,0,1142.2,1165.0,"sS(s=35,S=45)",42,44,35.0,45.0
0.08500948766603415,4361.4,0,1171.32,1224.4,"sS(s=35,S=45)",42,45,35.0,45.0
0.03777335984095427,5053.4,0,1535.9399999999998,1651.0,"sS(s=35,S=45)",42,46,35.0,45.0
0.04526166902404526,4896.8,1,1345.6,1374.5,"sS(s=35,S=45)",42,47,35.0,45.0
0.1188235294117647,4067.5,0,1075.26,1091.3,"sS(s=35,S=45)",42,48,35.0,45.0
0.024478041756659467,4734.6,8,1237.0,1254.0,"sS(s=35,S=45)",42,49,35.0,45.0
0.09943074003795066,4388.0,5,1064.34,1065.0,"sS(s=35,S=50)",42,0,35.0,50.0
0.056789224608664,4356.0,0,1140.22,1146.0,"sS(s=35,S=50)",42,1,35.0,50.0
0.042782608695652175,4712.3,2,1380.1599999999999,1447.0,"sS(s=35,S=50)",42,2,35.0,50.0
0.028878193261754906,4369.8,0,1223.32,1280.0,"sS(s=35,S=50)",42,3,35.0,50.0
0.06797235023041474,4106.7,2,1164.72,1189.9,"sS(s=35,S=50)",42,4,35.0,50.0
0.07023968042609853,4848.1,2,1290.2,1310.3,"sS(s=35,S=50)",42,5,35.0,50.0
0.14307931570762053,4101.0,1,1186.04,1231.3,"sS(s=35,S=50)",42,6,35.0,50.0
0.06560347952156578,4573.1,1,1221.4799999999998,1278.1,"sS(s=35,S=50)",42,7,35.0,50.0
0.08412582297000731,4563.0,2,1373.76,1412.5,"sS(s=35,S=50)",42,8,35.0,50.0
0.061460101867572156,4841.9,0,1195.4,1202.0,"sS(s=35,S=50)",42,9,35.0,50.0
0.0936826992103374,4455.3,3,1160.22,1189.0,"sS(s=35,S=50)",42,10,35.0,50.0
0.03910614525139665,4267.5,0,1281.74,1328.4,"sS(s=35,S=50)",42,11,35.0,50.0
0.12662223781129428,4565.8,0,1333.68,1388.2,"sS(s=35,S=50)",42,12,35.0,50.0
0.048293391430646336,4541.8,2,1259.34,1306.2,"sS(s=35,S=50)",42,13,35.0,50.0
0.14029051987767585,4444.6,4,1166.24,1202.4,"sS(s=35,S=50)",42,14,35.0,50.0
0.03917378917378917,4384.0,3,1304.14,1357.4,"sS(s=35,S=50)",42,15,35.0,50.0
0.08781763826606875,4367.1,1,1394.6799999999998,1448.3,"sS(s=35,S=50)",42,16,35.0,50.0
0.06338028169014084,4745.0,3,1174.38,1188.5,"sS(s=35,S=50)",42,17,35.0,50.0
0.06932471264367816,4605.3,3,1228.66,1274.4,"sS(s=35,S=50)",42,18,35.0,50.0
0.10842911877394636,4058.8,3,1133.8,1172.0,"sS(s=35,S=50)",42,19,35.0,50.0
0.06764495347172512,4603.3,1,1371.9,1410.7,"sS(s=35,S=50)",42,20,35.0,50.0
0.11539774667121884,4735.8,4,1334.72,1348.0,"sS(s=35,S=50)",42,21,35.0,50.0
0.08874801901743265,5424.0,2,1540.2,1594.0,"sS(s=35,S=50)",42,22,35.0,50.0
0.11919831223628692,4976.9,2,1299.74,1327.8,"sS(s=35,S=50)",42,23,35.0,50.0
0.04110078627591136,4415.5,1,1061.6799999999998,1070.6,"sS(s=35,S=50)",42,24,35.0,50.0
0.0578135949544499,4556.5,0,1237.06,1266.1,"sS(s=35,S=50)",42,25,35.0,50.0
0.044095665171898356,4275.8,4,1181.44,1196.3,"sS(s=35,S=50)",42,26,35.0,50.0
0.05961349492302653,5052.6,3,1585.2,1638.0,"sS(s=35,S=50)",42,27,35.0,50.0
0.06954156954156954,3976.9,0,1099.3799999999999,1147.5,"sS(s=35,S=50)",42,28,35.0,50.0
0.07750814922129663,4236.4,0,1410.3,1538.0,"sS(s=35,S=50)",42,29,35.0,50.0
0.05523877405559515,4464.5,0,1065.02,1066.9,"sS(s=35,S=50)",42,30,35.0,50.0
0.04303625889528973,4923.7,0,1343.84,1378.0,"sS(s=35,S=50)",42,31,35.0,50.0
0.08582621082621082,4609.9,0,1078.2,1090.0,"sS(s=35,S=50)",42,32,35.0,50.0
0.15194996320824136,4438.0,1,1409.6399999999999,1470.1,"sS(s=35,S=50)",42,33,35.0,50.0
0.10026892047637341,4318.1,3,1428.0,1544.0,"sS(s=35,S=50)",42,34,35.0,50.0
0.083430345362825,4080.8,0,1055.64,1069.2,"sS(s=35,S=50)",42,35,35.0,50.0
0.02824089826471589,4785.3,2,1299.3999999999999,1340.0,"sS(s=35,S=50)",42,36,35.0,50.0
0.12239770279971285,4501.7,2,1242.06,1279.0,"sS(s=35,S=50)",42,37,35.0,50.0
0.04314544189283229,4666.4,0,1305.28,1374.0,"sS(s=35,S=50)",42,38,35.0,50.0
0.10431947840260798,3939.9,2,1073.28,1081.9,"sS(s=35,S=50)",42,39,35.0,50.0
0.09279141104294479,4235.2,4,1163.96,1181.9,"sS(s=35,S=50)",42,40,35.0,50.0
0.11900532859680284,4630.5,0,1105.9399999999998,1107.6,"sS(s=35,S=50)",42,41,35.0,50.0
0.08846546444368833,5007.8,1,1337.0,1368.5,"sS(s=35,S=50)",42,42,35.0,50.0
0.07029662738724096,4033.3,1,1022.5200000000001,1037.4,"sS(s=35,S=50)",42,43,35.0,50.0
0.024868651488616462,4470.1,0,1115.2,1140.0,"sS(s=35,S=50)",42,44,35.0,50.0
0.10588235294117647,4309.5,0,1159.32,1212.9,"sS(s=35,S=50)",42,45,35.0,50.0
0.055666003976143144,5028.8,0,1524.1399999999999,1636.0,"sS(s=35,S=50)",42,46,35.0,50.0
0.06117397454031118,4860.3,1,1375.8,1418.5,"sS(s=35,S=50)",42,47,35.0,50.0
0.1411764705882353,3995.5,0,1063.26,1074.8,"sS(s=35,S=50)",42,48,35.0,50.0
0.035637149028077755,4658.7,8,1220.3600000000001,1239.2,"sS(s=35,S=50)",42,49,35.0,50.0
0.1222011385199241,4349.0,5,1065.94,1070.0,"sS(s=35,S=55)",42,0,35.0,55.0
0.06953039679650527,4296.5,0,1153.22,1163.0,"sS(s=35,S=55)",42,1,35.0,55.0
0.057043478260869564,4664.4,2,1378.04,1438.6,"sS(s=35,S=55)",42,2,35.0,55.0
0.0381340244353943,4297.3,0,1202.88,1253.2,"sS(s=35,S=55)",42,3,35.0,55.0
0.08525345622119816,4039.2,2,1155.5,1181.6,"sS(s=35,S=55)",42,4,35.0,55.0
0.08621837549933423,4797.9,2,1308.1,1335.3,"sS(s=35,S=55)",42,5,35.0,55.0
0.16640746500777606,4056.0,1,1206.6399999999999,1253.3,"sS(s=35,S=55)",42,6,35.0,55.0
0.08916274012323305,4489.6,1,1228.4799999999998,1285.6,"sS(s=35,S=55)",42,7,35.0,55.0
0.10241404535479151,4493.0,2,1355.86,1398.5,"sS(s=35,S=55)",42,8,35.0,55.0
0.06825127334465195,4745.4,0,1176.4,1177.0,"sS(s=35,S=55)",42,9,35.0,55.0
0.12060301507537688,4358.5,3,1150.78,1176.8,"sS(s=35,S=55)",42,10,35.0,55.0
0.04283054003724395,4183.5,0,1278.14,1332.4,"sS(s=35,S=55)",42,11,35.0,55.0
0.14942125569975448,4466.8,0,1283.3799999999999,1327.2,"sS(s=35,S=55)",42,12,35.0,55.0
0.06281771968046478,4465.3,2,1249.94,1302.2,"sS(s=35,S=55)",42,13,35.0,55.0
0.16819571865443425,4374.1,3,1155.3400000000001,1194.9,"sS(s=35,S=55)",42,14,35.0,55.0
0.05235042735042735,4294.7,3,1300.88,1362.4,"sS(s=35,S=55)",42,15,35.0,55.0
0.10201793721973094,4302.9,1,1372.12,1428.8,"sS(s=35,S=55)",42,16,35.0,55.0
0.09190140845070423,4684.1,2,1139.8,1151.1,"sS(s=35,S=55)",42,17,35.0,55.0
0.08728448275862069,4561.3,3,1217.06,1265.9,"sS(s=35,S=55)",42,18,35.0,55.0
0.12911877394636015,4015.7,2,1207.6,1263.0,"sS(s=35,S=55)",42,19,35.0,55.0
0.08446671438797423,4543.7,1,1350.44,1386.0,"sS(s=35,S=55)",42,20,35.0,55.0
0.1399795151928986,4655.2,4,1336.52,1355.0,"sS(s=35,S=55)",42,21,35.0,55.0
0.11378763866877971,5357.4,2,1527.2,1579.0,"sS(s=35,S=55)",42,22,35.0,55.0
0.15260196905766527,4957.4,2,1291.1399999999999,1314.3,"sS(s=35,S=55)",42,23,35.0,55.0
0.048248749106504646,4312.5,1,1027.48,1036.6,"sS(s=35,S=55)",42,24,35.0,55.0
0.07463209530483532,4493.3,0,1228.76,1256.6,"sS(s=35,S=55)",42,25,35.0,55.0
0.05829596412556054,4175.0,4,1179.6399999999999,1192.8,"sS(s=35,S=55)",42,26,35.0,55.0
0.06911234850966262,4956.5,3,1569.32,1624.9,"sS(s=35,S=55)",42,27,35.0,55.0
0.09090909090909091,3981.4,0,1091.58,1138.0,"sS(s=35,S=55)",42,28,35.0,55.0
0.10648315827598696,4186.4,0,1379.5,1498.0,"sS(s=35,S=55)",42,29,35.0,55.0
0.0684248039914469,4403.2,0,1054.24,1059.7,"sS(s=35,S=55)",42,30,35.0,55.0
0.0579464588275161,4887.1,0,1338.44,1363.0,"sS(s=35,S=55)",42,31,35.0,55.0
0.09366096866096867,4527.1,0,1056.0,1061.0,"sS(s=35,S=55)",42,32,35.0,55.0
0.1817512877115526,4355.5,1,1417.04,1487.1,"sS(s=35,S=55)",42,33,35.0,55.0
0.11563580484056857,4270.1,3,1420.92,1538.9,"sS(s=35,S=55)",42,34,35.0,55.0
0.09701202949165696,3978.3,0,1055.64,1076.2,"sS(s=35,S=55)",42,35,35.0,55.0
0.0421912215039129,4732.4,1,1300.62,1347.0,"sS(s=35,S=55)",42,36,35.0,55.0
0.14752333094041636,4345.7,2,1214.06,1254.0,"sS(s=35,S=55)",42,37,35.0,55.0
0.06332637439109255,4644.2,0,1323.76,1405.2,"sS(s=35,S=55)",42,38,35.0,55.0
0.12224938875305623,3857.8,1,1053.14,1061.9,"sS(s=35,S=55)",42,39,35.0,55.0
0.11503067484662577,4178.2,4,1147.48,1167.9,"sS(s=35,S=55)",42,40,35.0,55.0
0.13428063943161633,4581.8,0,1098.68,1099.4,"sS(s=35,S=55)",42,41,35.0,55.0
0.10581830554610412,4949.9,1,1312.8,1337.0,"sS(s=35,S=55)",42,42,35.0,55.0
0.08858187728565624,4004.2,1,1003.92,1017.9,"sS(s=35,S=55)",42,43,35.0,55.0
0.029422066549912435,4364.4,0,1093.0,1121.0,"sS(s=35,S=55)",42,44,35.0,55.0
0.1267552182163188,4277.5,0,1212.72,1280.4,"sS(s=35,S=55)",42,45,35.0,55.0
0.07554671968190854,4979.8,0,1509.74,1621.0,"sS(s=35,S=55)",42,46,35.0,55.0
0.07567185289957568,4804.4,1,1367.6,1414.5,"sS(s=35,S=55)",42,47,35.0,55.0
0.16470588235294117,3924.5,0,1059.26,1068.3,"sS(s=35,S=55)",42,48,35.0,55.0
0.05003599712023038,4592.7,8,1215.96,1239.7,"sS(s=35,S=55)",42,49,35.0,55.0
0.14724857685009488,4335.2,4,1116.3600000000001,1126.7,"sS(s=35,S=60)",42,0,35.0,60.0
0.08409173643975246,4240.0,0,1140.62,1145.5,"sS(s=35,S=60)",42,1,35.0,60.0
0.07165217391304347,4638.6,2,1408.98,1463.4,"sS(s=35,S=60)",42,2,35.0,60.0
0.052943354313217325,4241.3,0,1176.68,1219.2,"sS(s=35,S=60)",42,3,35.0,60.0
0.12096774193548387,4037.3,1,1197.04,1227.9,"sS(s=35,S=60)",42,4,35.0,60.0
0.10286284953395473,4726.1,2,1311.24,1344.3,"sS(s=35,S=60)",42,5,35.0,60.0
0.18973561430793157,3992.0,1,1190.4399999999998,1229.3,"sS(s=35,S=60)",42,6,35.0,60.0
0.11272200072490032,4394.1,1,1235.4799999999998,1293.1,"sS(s=35,S=60)",42,7,35.0,60.0
0.11777615215801024,4418.1,1,1326.3799999999999,1369.5,"sS(s=35,S=60)",42,8,35.0,60.0
0.07945670628183361,4680.8,0,1174.26,1179.0,"sS(s=35,S=60)",42,9,35.0,60.0
0.14321608040201006,4286.6,3,1135.58,1158.3,"sS(s=35,S=60)",42,10,35.0,60.0
0.055865921787709494,4107.0,0,1256.14,1313.4,"sS(s=35,S=60)",42,11,35.0,60.0
0.1634514205541915,4359.6,0,1267.08,1320.6,"sS(s=35,S=60)",42,12,35.0,60.0
0.07734204793028322,4405.8,2,1243.94,1298.2,"sS(s=35,S=60)",42,13,35.0,60.0
0.19495412844036697,4331.1,3,1150.04,1191.9,"sS(s=35,S=60)",42,14,35.0,60.0
0.06517094017094018,4222.3,3,1316.96,1388.0,"sS(s=35,S=60)",42,15,35.0,60.0
0.11995515695067265,4241.5,1,1361.32,1425.8,"sS(s=35,S=60)",42,16,35.0,60.0
0.12183098591549296,4657.6,2,1139.6999999999998,1142.6,"sS(s=35,S=60)",42,17,35.0,60.0
0.10272988505747127,4542.6,3,1210.06,1257.4,"sS(s=35,S=60)",42,18,35.0,60.0
0.15862068965517243,3939.9,2,1196.6,1248.0,"sS(s=35,S=60)",42,19,35.0,60.0
0.09806728704366499,4483.8,1,1331.08,1361.0,"sS(s=35,S=60)",42,20,35.0,60.0
0.15705018777739843,4556.7,3,1313.92,1330.0,"sS(s=35,S=60)",42,21,35.0,60.0
0.13502377179080824,5289.4,1,1524.1399999999999,1578.0,"sS(s=35,S=60)",42,22,35.0,60.0
0.1828410689170183,4944.3,3,1316.34,1350.8,"sS(s=35,S=60)",42,23,35.0,60.0
0.05611150822015726,4211.7,1,1000.72,1002.6,"sS(s=35,S=60)",42,24,35.0,60.0
0.09390329362298529,4418.8,0,1205.26,1228.1,"sS(s=35,S=60)",42,25,35.0,60.0
0.08819133034379671,4130.9,4,1174.8,1185.5,"sS(s=35,S=60)",42,26,35.0,60.0
0.07893874877169997,4867.3,3,1551.52,1608.9,"sS(s=35,S=60)",42,27,35.0,60.0
0.12975912975912976,3908.4,0,1067.08,1114.5,"sS(s=35,S=60)",42,28,35.0,60.0
0.13364722926475914,4156.6,0,1354.34,1466.4,"sS(s=35,S=60)",42,29,35.0,60.0
0.08267997148966501,4317.2,0,1025.74,1031.2,"sS(s=35,S=60)",42,30,35.0,60.0
0.07827854964418841,4849.1,0,1322.6399999999999,1348.0,"sS(s=35,S=60)",42,31,35.0,60.0
0.10968660968660969,4423.6,0,1039.2,1041.0,"sS(s=35,S=60)",42,32,35.0,60.0
0.21118469462840322,4293.8,0,1445.7399999999998,1534.1,"sS(s=35,S=60)",42,33,35.0,60.0
0.1386861313868613,4200.1,2,1414.72,1534.9,"sS(s=35,S=60)",42,34,35.0,60.0
0.1140861466821886,3931.7,0,1072.8,1097.2,"sS(s=35,S=60)",42,35,35.0,60.0
0.06022456617897244,4702.7,1,1311.52,1364.0,"sS(s=35,S=60)",42,36,35.0,60.0
0.16762383345297918,4250.4,2,1195.02,1229.0,"sS(s=35,S=60)",42,37,35.0,60.0
0.09464161447459986,4619.2,0,1320.56,1401.2,"sS(s=35,S=60)",42,38,35.0,60.0
0.15077424612876936,3839.3,1,1050.3400000000001,1058.9,"sS(s=35,S=60)",42,39,35.0,60.0
0.14762269938650308,4101.7,4,1132.98,1153.9,"sS(s=35,S=60)",42,40,35.0,60.0
0.1502664298401421,4531.8,0,1086.48,1090.3,"sS(s=35,S=60)",42,41,35.0,60.0
0.1296359305886356,4902.9,0,1283.8,1299.5,"sS(s=35,S=60)",42,42,35.0,60.0
0.10808614384396587,3961.3,1,990.64,998.4,"sS(s=35,S=60)",42,43,35.0,60.0
0.04133099824868652,4263.8,0,1093.78,1126.0,"sS(s=35,S=60)",42,44,35.0,60.0
0.152561669829222,4225.2,0,1206.92,1271.9,"sS(s=35,S=60)",42,45,35.0,60.0
0.10337972166998012,4943.2,0,1496.1999999999998,1606.0,"sS(s=35,S=60)",42,46,35.0,60.0
0.09512022630834512,4760.9,1,1357.8,1408.5,"sS(s=35,S=60)",42,47,35.0,60.0
0.18823529411764706,3874.5,0,1059.82,1067.5,"sS(s=35,S=60)",42,48,35.0,60.0
0.064434845212383,4529.9,8,1207.56,1240.2,"sS(s=35,S=60)",42,49,35.0,60.0
0.17571157495256168,4330.2,5,1105.3600000000001,1111.7,"sS(s=35,S=65)",42,0,35.0,65.0
0.10411357844921733,4173.0,0,1139.62,1147.5,"sS(s=35,S=65)",42,1,35.0,65.0
0.09078260869565218,4555.9,1,1398.24,1455.0,"sS(s=35,S=65)",42,2,35.0,65.0
0.06886338393187708,4207.6,0,1159.64,1186.7,"sS(s=35,S=65)",42,3,35.0,65.0
0.15360983102918588,4031.8,2,1218.54,1255.4,"sS(s=35,S=65)",42,4,35.0,65.0
0.11384820239680427,4683.4,2,1304.6399999999999,1337.3,"sS(s=35,S=65)",42,5,35.0,65.0
0.22317262830482115,3975.6,2,1196.08,1232.6,"sS(s=35,S=65)",42,6,35.0,65.0
0.1293947082276187,4296.7,1,1224.8799999999999,1278.6,"sS(s=35,S=65)",42,7,35.0,65.0
0.13679590343818582,4377.8,1,1310.34,1353.7,"sS(s=35,S=65)",42,8,35.0,65.0
0.09134125636672326,4651.8,0,1181.8,1184.0,"sS(s=35,S=65)",42,9,35.0,65.0
0.1715721464465183,4209.1,3,1110.8799999999999,1112.8,"sS(s=35,S=65)",42,10,35.0,65.0
0.07188081936685288,4039.3,0,1237.34,1294.4,"sS(s=35,S=65)",42,11,35.0,65.0
0.1795861101367941,4323.6,0,1261.58,1307.6,"sS(s=35,S=65)",42,12,35.0,65.0
0.09186637618010167,4371.3,2,1277.94,1344.2,"sS(s=35,S=65)",42,13,35.0,65.0
0.2198012232415902,4278.6,3,1143.74,1188.9,"sS(s=35,S=65)",42,14,35.0,65.0
0.08511396011396011,4217.9,3,1318.84,1384.1,"sS(s=35,S=65)",42,15,35.0,65.0
0.14237668161434977,4244.5,1,1349.32,1428.3,"sS(s=35,S=65)",42,16,35.0,65.0
0.15211267605633802,4597.2,2,1117.5,1120.6,"sS(s=35,S=65)",42,17,35.0,65.0
0.11961206896551724,4484.3,3,1199.0,1248.9,"sS(s=35,S=65)",42,18,35.0,65.0
0.1896551724137931,4024.5,3,1185.6,1233.0,"sS(s=35,S=65)",42,19,35.0,65.0
0.11238367931281316,4420.3,1,1312.08,1336.0,"sS(s=35,S=65)",42,20,35.0,65.0
0.16626835097302833,4506.9,4,1309.1000000000001,1309.4,"sS(s=35,S=65)",42,21,35.0,65.0
0.14896988906497624,5207.6,1,1525.34,1583.0,"sS(s=35,S=65)",42,22,35.0,65.0
0.2092123769338959,4905.8,3,1325.54,1367.3,"sS(s=35,S=65)",42,23,35.0,65.0
0.06826304503216583,4153.1,1,995.9200000000001,997.6,"sS(s=35,S=65)",42,24,35.0,65.0
0.1145760336370007,4377.8,0,1181.76,1199.6,"sS(s=35,S=65)",42,25,35.0,65.0
0.12556053811659193,4167.4,6,1181.8,1193.0,"sS(s=35,S=65)",42,26,35.0,65.0
0.0887651490337373,4782.3,2,1519.32,1574.9,"sS(s=35,S=65)",42,27,35.0,65.0
0.16744366744366745,3875.4,0,1053.3799999999999,1091.0,"sS(s=35,S=65)",42,28,35.0,65.0
0.15610286128214415,4079.6,0,1330.54,1437.4,"sS(s=35,S=65)",42,29,35.0,65.0
0.08695652173913043,4274.4,0,996.38,998.8,"sS(s=35,S=65)",42,30,35.0,65.0
0.09691629955947137,4791.3,0,1306.4,1331.0,"sS(s=35,S=65)",42,31,35.0,65.0
0.1274928774928775,4347.6,0,1039.16,1046.0,"sS(s=35,S=65)",42,32,35.0,65.0
0.23841059602649006,4328.8,1,1531.6399999999999,1661.1,"sS(s=35,S=65)",42,33,35.0,65.0
0.16173645793315405,4186.3,2,1409.44,1528.9,"sS(s=35,S=65)",42,34,35.0,65.0
0.14318975552968569,3876.2,0,1084.0,1124.2,"sS(s=35,S=65)",42,35,35.0,65.0
0.0717931269139163,4699.1,1,1338.14,1394.4,"sS(s=35,S=65)",42,36,35.0,65.0
0.17839195979899497,4226.5,2,1185.76,1201.3,"sS(s=35,S=65)",42,37,35.0,65.0
0.12595685455810718,4583.6,0,1337.76,1425.2,"sS(s=35,S=65)",42,38,35.0,65.0
0.18011409942950285,3845.9,1,1057.4199999999998,1063.1,"sS(s=35,S=65)",42,39,35.0,65.0
0.17446319018404907,4046.2,4,1121.28,1139.9,"sS(s=35,S=65)",42,40,35.0,65.0
0.169449378330373,4469.3,0,1077.18,1081.8,"sS(s=35,S=65)",42,41,35.0,65.0
0.15549506634909832,4896.5,0,1262.8,1272.0,"sS(s=35,S=65)",42,42,35.0,65.0
0.1243396993092239,3960.8,1,975.26,976.1,"sS(s=35,S=65)",42,43,35.0,65.0
0.05464098073555167,4165.6,0,1094.8,1131.0,"sS(s=35,S=65)",42,44,35.0,65.0
0.1791271347248577,4217.7,0,1201.1200000000001,1263.4,"sS(s=35,S=65)",42,45,35.0,65.0
0.12491716368455931,4920.6,0,1478.0,1582.0,"sS(s=35,S=65)",42,46,35.0,65.0
0.11987270155586988,4763.9,1,1353.6,1409.5,"sS(s=35,S=65)",42,47,35.0,65.0
0.21176470588235294,3810.0,0,1063.42,1070.5,"sS(s=35,S=65)",42,48,35.0,65.0
0.0939524838012959,4427.4,8,1196.24,1240.7,"sS(s=35,S=65)",42,49,35.0,65.0
0.19772296015180266,4277.6,5,1095.16,1097.7,"sS(s=35,S=70)",42,0,35.0,70.0
0.1241354204586822,4080.0,0,1138.62,1149.5,"sS(s=35,S=70)",42,1,35.0,70.0
0.10782608695652174,4519.3,1,1437.54,1513.0,"sS(s=35,S=70)",42,2,35.0,70.0
0.09440947797112181,4173.5,0,1146.64,1178.2,"sS(s=35,S=70)",42,3,35.0,70.0
0.18625192012288785,3987.3,2,1208.04,1236.9,"sS(s=35,S=70)",42,4,35.0,70.0
0.13315579227696406,4658.2,2,1299.3,1330.3,"sS(s=35,S=70)",42,5,35.0,70.0
0.2581648522550544,3951.2,2,1183.4799999999998,1213.1,"sS(s=35,S=70)",42,6,35.0,70.0
0.15549111997100398,4229.7,1,1235.8799999999999,1291.1,"sS(s=35,S=70)",42,7,35.0,70.0
0.14520848573518655,4408.6,2,1304.74,1341.2,"sS(s=35,S=70)",42,8,35.0,70.0
0.10424448217317488,4582.1,0,1182.26,1189.0,"sS(s=35,S=70)",42,9,35.0,70.0
0.18449389806173727,4195.8,3,1103.3799999999999,1104.3,"sS(s=35,S=70)",42,10,35.0,70.0
0.09013035381750466,4000.2,0,1245.74,1303.4,"sS(s=35,S=70)",42,11,35.0,70.0
0.19361627499123116,4297.6,0,1231.28,1263.6,"sS(s=35,S=70)",42,12,35.0,70.0
0.10639070442992012,4307.4,2,1245.94,1302.2,"sS(s=35,S=70)",42,13,35.0,70.0
0.23891437308868502,4258.6,3,1161.64,1219.9,"sS(s=35,S=70)",42,14,35.0,70.0
0.10648148148148148,4126.1,2,1310.84,1384.6,"sS(s=35,S=70)",42,15,35.0,70.0
0.15695067264573992,4152.1,1,1265.1599999999999,1331.1,"sS(s=35,S=70)",42,16,35.0,70.0
0.17394366197183098,4611.6,2,1135.3,1141.1,"sS(s=35,S=70)",42,17,35.0,70.0
0.12751436781609196,4434.5,1,1206.7599999999998,1265.6,"sS(s=35,S=70)",42,18,35.0,70.0
0.20613026819923372,3981.3,3,1174.6,1218.0,"sS(s=35,S=70)",42,19,35.0,70.0
0.10987831066571224,4397.7,1,1342.92,1366.4,"sS(s=35,S=70)",42,20,35.0,70.0
0.18846022533287812,4414.9,3,1293.4,1295.4,"sS(s=35,S=70)",42,21,35.0,70.0
0.16671949286846277,5197.2,2,1526.54,1588.0,"sS(s=35,S=70)",42,22,35.0,70.0
0.23277074542897327,4883.3,3,1360.34,1415.8,"sS(s=35,S=70)",42,23,35.0,70.0
0.07791279485346676,4061.6,1,979.88,985.2,"sS(s=35,S=70)",42,24,35.0,70.0
0.14330763840224248,4348.5,0,1151.8799999999999,1171.1,"sS(s=35,S=70)",42,25,35.0,70.0
0.1476083707025411,4099.9,5,1188.8,1200.5,"sS(s=35,S=70)",42,26,35.0,70.0
0.1018670160497871,4749.3,2,1480.92,1519.9,"sS(s=35,S=70)",42,27,35.0,70.0
0.1895881895881896,3832.9,0,1031.3799999999999,1067.5,"sS(s=35,S=70)",42,28,35.0,70.0
0.16950380296993842,4015.8,0,1306.74,1408.4,"sS(s=35,S=70)",42,29,35.0,70.0
0.10940841054882394,4204.7,0,978.76,983.2,"sS(s=35,S=70)",42,30,35.0,70.0
0.11385970857336496,4753.3,0,1287.4,1306.0,"sS(s=35,S=70)",42,31,35.0,70.0
0.1517094017094017,4265.7,0,1040.66,1051.0,"sS(s=35,S=70)",42,32,35.0,70.0
0.2619573215599706,4294.1,1,1546.5399999999997,1688.1,"sS(s=35,S=70)",42,33,35.0,70.0
0.1847867844794468,4184.3,2,1424.24,1545.9,"sS(s=35,S=70)",42,34,35.0,70.0
0.1742336049670159,3852.2,0,1094.3,1151.2,"sS(s=35,S=70)",42,35,35.0,70.0
0.0905069751616196,4651.6,0,1298.04,1348.9,"sS(s=35,S=70)",42,36,35.0,70.0
0.19095477386934673,4227.5,2,1204.74,1214.1,"sS(s=35,S=70)",42,37,35.0,70.0
0.1590118302018093,4600.1,0,1411.76,1517.2,"sS(s=35,S=70)",42,38,35.0,70.0
0.2106764466177669,3794.9,1,1039.4199999999998,1041.1,"sS(s=35,S=70)",42,39,35.0,70.0
0.20820552147239263,3973.0,3,1132.3200000000002,1155.9,"sS(s=35,S=70)",42,40,35.0,70.0
0.19680284191829484,4384.5,0,1082.54,1085.1,"sS(s=35,S=70)",42,41,35.0,70.0
0.18033344675059543,4875.8,1,1293.4,1309.0,"sS(s=35,S=70)",42,42,35.0,70.0
0.16416091019910606,3984.9,1,987.64,992.6,"sS(s=35,S=70)",42,43,35.0,70.0
0.07600700525394045,4123.7,0,1116.2,1159.0,"sS(s=35,S=70)",42,44,35.0,70.0
0.19924098671726756,4211.9,0,1189.56,1247.7,"sS(s=35,S=70)",42,45,35.0,70.0
0.14314115308151093,4878.1,0,1456.1999999999998,1553.5,"sS(s=35,S=70)",42,46,35.0,70.0
0.14674681753889673,4706.9,1,1327.6,1385.5,"sS(s=35,S=70)",42,47,35.0,70.0
0.23529411764705882,3781.8,0,1067.02,1073.5,"sS(s=35,S=70)",42,48,35.0,70.0
0.11375089992800576,4323.4,7,1228.6399999999999,1293.2,"sS(s=35,S=70)",42,49,35.0,70.0
0.20910815939278937,4242.1,5,1088.74,1090.0,"sS(s=35,S=75)",42,0,35.0,75.0
0.13396432471787403,3933.2,0,1069.1799999999998,1082.1,"sS(s=35,S=75)",42,1,35.0,75.0
0.10260869565217391,4414.3,1,1406.62,1494.0,"sS(s=35,S=75)",42,2,35.0,75.0
0.12624953720844131,4256.1,0,1147.6399999999999,1198.7,"sS(s=35,S=75)",42,3,35.0,75.0
0.21889400921658986,3918.5,1,1218.74,1253.4,"sS(s=35,S=75)",42,4,35.0,75.0
0.15712383488681758,4614.7,2,1296.8999999999999,1323.3,"sS(s=35,S=75)",42,5,35.0,75.0
0.2931570762052877,3939.1,2,1196.4799999999998,1225.6,"sS(s=35,S=75)",42,6,35.0,75.0
0.16853932584269662,4197.3,1,1247.32,1303.6,"sS(s=35,S=75)",42,7,35.0,75.0
0.16934893928310168,4397.7,2,1309.24,1353.8,"sS(s=35,S=75)",42,8,35.0,75.0
0.12699490662139218,4537.3,0,1191.66,1194.0,"sS(s=35,S=75)",42,9,35.0,75.0
0.21284996410624551,4083.7,3,1099.6399999999999,1100.6,"sS(s=35,S=75)",42,10,35.0,75.0
0.11657355679702049,3934.3,0,1239.74,1294.4,"sS(s=35,S=75)",42,11,35.0,75.0
0.1971238162048404,4309.6,0,1200.98,1219.6,"sS(s=35,S=75)",42,12,35.0,75.0
0.12345679012345678,4262.1,2,1233.94,1293.2,"sS(s=35,S=75)",42,13,35.0,75.0
0.2580275229357798,4212.0,3,1140.1799999999998,1175.1,"sS(s=35,S=75)",42,14,35.0,75.0
0.13141025641025642,4060.1,2,1302.76,1381.5,"sS(s=35,S=75)",42,15,35.0,75.0
0.18497757847533633,4100.1,1,1250.36,1318.1,"sS(s=35,S=75)",42,16,35.0,75.0
0.18626760563380282,4563.6,2,1122.5,1126.1,"sS(s=35,S=75)",42,17,35.0,75.0
0.1343390804597701,4263.4,1,1189.8,1248.9,"sS(s=35,S=75)",42,18,35.0,75.0
0.23256704980842913,3943.0,3,1163.6,1203.0,"sS(s=35,S=75)",42,19,35.0,75.0
0.13385826771653545,4329.9,0,1330.66,1352.9,"sS(s=35,S=75)",42,20,35.0,75.0
0.19460566746329805,4360.1,3,1279.7,1281.4,"sS(s=35,S=75)",42,21,35.0,75.0
0.1889064976228209,5177.2,1,1580.9399999999998,1669.0,"sS(s=35,S=75)",42,22,35.0,75.0
0.25562587904360057,4791.1,3,1345.54,1402.3,"sS(s=35,S=75)",42,23,35.0,75.0
0.09471050750536097,3994.8,1,968.88,981.2,"sS(s=35,S=75)",42,24,35.0,75.0
0.16257883672039244,4333.0,0,1129.48,1142.6,"sS(s=35,S=75)",42,25,35.0,75.0
0.17152466367713004,4139.8,6,1195.8,1208.0,"sS(s=35,S=75)",42,26,35.0,75.0
0.11496888306583689,4680.3,2,1456.92,1500.9,"sS(s=35,S=75)",42,27,35.0,75.0
0.22261072261072262,3758.9,0,1014.34,1044.0,"sS(s=35,S=75)",42,28,35.0,75.0
0.19014849692140529,3988.3,0,1338.16,1457.4,"sS(s=35,S=75)",42,29,35.0,75.0
0.13257305773342837,4183.2,0,976.96,982.2,"sS(s=35,S=75)",42,30,35.0,75.0
0.12572009488309047,4712.0,0,1268.4,1281.0,"sS(s=35,S=75)",42,31,35.0,75.0
0.17663817663817663,4250.2,0,1049.56,1056.0,"sS(s=35,S=75)",42,32,35.0,75.0
0.27851361295069904,4209.1,1,1561.4399999999998,1715.1,"sS(s=35,S=75)",42,33,35.0,75.0
0.1978486361890127,4169.7,2,1410.24,1526.9,"sS(s=35,S=75)",42,34,35.0,75.0
0.20527745440434614,3826.3,0,1165.62,1254.2,"sS(s=35,S=75)",42,35,35.0,75.0
0.1092208234093229,4651.1,0,1265.94,1313.4,"sS(s=35,S=75)",42,36,35.0,75.0
0.20351758793969849,4195.5,2,1217.54,1238.6,"sS(s=35,S=75)",42,37,35.0,75.0
0.19206680584551147,4610.0,0,1486.96,1614.2,"sS(s=35,S=75)",42,38,35.0,75.0
0.23879380603096984,3778.8,1,1026.94,1028.0,"sS(s=35,S=75)",42,39,35.0,75.0
0.24079754601226994,3966.9,3,1207.4799999999998,1248.6,"sS(s=35,S=75)",42,40,35.0,75.0
0.21065719360568383,4343.2,0,1049.06,1049.3,"sS(s=35,S=75)",42,41,35.0,75.0
0.2092548485879551,4889.0,1,1278.96,1289.7,"sS(s=35,S=75)",42,42,35.0,75.0
0.17310036570499795,4006.5,2,1044.86,1053.8,"sS(s=35,S=75)",42,43,35.0,75.0
0.09912434325744308,4036.3,0,1114.3999999999999,1158.0,"sS(s=35,S=75)",42,44,35.0,75.0
0.22504743833017077,4154.5,0,1172.96,1225.7,"sS(s=35,S=75)",42,45,35.0,75.0
0.12922465208747516,4764.9,0,1406.3999999999999,1490.0,"sS(s=35,S=75)",42,46,35.0,75.0
0.16973125884016974,4677.9,1,1324.0,1389.5,"sS(s=35,S=75)",42,47,35.0,75.0
0.25529411764705884,3757.2,0,1059.42,1062.5,"sS(s=35,S=75)",42,48,35.0,75.0
0.128869690424766,4295.1,6,1220.16,1283.7,"sS(s=35,S=75)",42,49,35.0,75.0
0.20037950664136622,4173.8,5,1067.28,1095.0,"sS(s=35,S=80)",42,0,35.0,80.0
0.16672733891518018,3878.7,0,1061.1799999999998,1069.1,"sS(s=35,S=80)",42,1,35.0,80.0
0.1262608695652174,4293.6,1,1298.86,1366.3,"sS(s=35,S=80)",42,2,35.0,80.0
0.15734912995186967,4307.5,0,1138.28,1188.8,"sS(s=35,S=80)",42,3,35.0,80.0
0.24807987711213517,3921.0,2,1314.24,1375.9,"sS(s=35,S=80)",42,4,35.0,80.0
0.15612516644474034,4601.9,2,1254.42,1266.2,"sS(s=35,S=80)",42,5,35.0,80.0
0.3215396578538103,3889.4,2,1209.4799999999998,1238.1,"sS(s=35,S=80)",42,6,35.0,80.0
0.19681043856469735,4136.1,1,1259.4199999999998,1316.1,"sS(s=35,S=80)",42,7,35.0,80.0
0.1964155084125823,4353.6,2,1278.54,1323.3,"sS(s=35,S=80)",42,8,35.0,80.0
0.15110356536502548,4457.3,0,1193.38,1199.0,"sS(s=35,S=80)",42,9,35.0,80.0
0.24335965541995694,4051.2,2,1159.78,1172.7,"sS(s=35,S=80)",42,10,35.0,80.0
0.14711359404096835,3926.5,0,1244.94,1278.4,"sS(s=35,S=80)",42,11,35.0,80.0
0.21290775166608208,4271.6,0,1192.6799999999998,1203.1,"sS(s=35,S=80)",42,12,35.0,80.0
0.1270878721859114,4208.3,2,1135.54,1176.2,"sS(s=35,S=80)",42,13,35.0,80.0
0.27714067278287463,4173.0,3,1130.8799999999999,1172.1,"sS(s=35,S=80)",42,14,35.0,80.0
0.1599002849002849,3999.1,2,1289.22,1373.0,"sS(s=35,S=80)",42,15,35.0,80.0
0.21300448430493274,4061.1,1,1232.36,1296.1,"sS(s=35,S=80)",42,16,35.0,80.0
0.2035211267605634,4576.3,2,1083.56,1088.3,"sS(s=35,S=80)",42,17,35.0,80.0
0.14331896551724138,4288.9,1,1220.8,1281.4,"sS(s=35,S=80)",42,18,35.0,80.0
0.26513409961685824,3881.3,3,1151.8799999999999,1187.1,"sS(s=35,S=80)",42,19,35.0,80.0
0.15891195418754475,4275.4,0,1319.0600000000002,1339.4,"sS(s=35,S=80)",42,20,35.0,80.0
0.22362581085694777,4281.8,3,1260.96,1261.1,"sS(s=35,S=80)",42,21,35.0,80.0
0.21109350237717908,5140.7,1,1575.1399999999999,1664.0,"sS(s=35,S=80)",42,22,35.0,80.0
0.27637130801687765,4744.5,3,1329.54,1388.8,"sS(s=35,S=80)",42,23,35.0,80.0
0.11794138670478914,4027.8,1,970.64,978.5,"sS(s=35,S=80)",42,24,35.0,80.0
0.18185003503854238,4262.5,0,1097.72,1102.4,"sS(s=35,S=80)",42,25,35.0,80.0
0.20889387144992527,4148.9,4,1238.0,1259.5,"sS(s=35,S=80)",42,26,35.0,80.0
0.11627906976744186,4609.9,3,1472.1200000000001,1530.9,"sS(s=35,S=80)",42,27,35.0,80.0
0.25485625485625485,3708.1,0,996.34,1020.5,"sS(s=35,S=80)",42,28,35.0,80.0
0.18725099601593626,3950.3,0,1290.96,1382.4,"sS(s=35,S=80)",42,29,35.0,80.0
0.1557377049180328,4114.7,0,976.76,983.2,"sS(s=35,S=80)",42,30,35.0,80.0
0.137580481192816,4674.5,0,1249.4,1256.0,"sS(s=35,S=80)",42,31,35.0,80.0
0.19052706552706553,4208.1,0,1048.7,1061.0,"sS(s=35,S=80)",42,32,35.0,80.0
0.2947019867549669,4168.0,1,1576.3399999999997,1742.1,"sS(s=35,S=80)",42,33,35.0,80.0
0.20783711102573954,4172.3,3,1396.24,1507.9,"sS(s=35,S=80)",42,34,35.0,80.0
0.23476911136980985,3778.3,0,1172.32,1271.2,"sS(s=35,S=80)",42,35,35.0,80.0
0.12112963593058863,4610.7,1,1242.72,1289.0,"sS(s=35,S=80)",42,36,35.0,80.0
0.2189519023689878,4165.1,2,1228.8,1259.8,"sS(s=35,S=80)",42,37,35.0,80.0
0.22512178148921363,4588.8,0,1462.76,1585.2,"sS(s=35,S=80)",42,38,35.0,80.0
0.26120619396903016,3727.3,1,1022.74,1026.0,"sS(s=35,S=80)",42,39,35.0,80.0
0.27338957055214724,3913.4,3,1186.4799999999998,1221.1,"sS(s=35,S=80)",42,40,35.0,80.0
0.20568383658969805,4321.3,0,1129.4199999999998,1150.1,"sS(s=35,S=80)",42,41,35.0,80.0
0.23647499149370535,4856.2,1,1265.0,1271.0,"sS(s=35,S=80)",42,42,35.0,80.0
0.20357578220235675,3968.5,2,1044.96,1049.8,"sS(s=35,S=80)",42,43,35.0,80.0
0.1330998248686515,3934.0,0,1075.0,1110.0,"sS(s=35,S=80)",42,44,35.0,80.0
0.22277039848197344,4184.0,0,1166.28,1216.1,"sS(s=35,S=80)",42,45,35.0,80.0
0.15540092776673295,4760.8,0,1395.8,1475.5,"sS(s=35,S=80)",42,46,35.0,80.0
0.19731258840169733,4599.2,1,1295.46,1355.5,"sS(s=35,S=80)",42,47,35.0,80.0
0.2749019607843137,3699.7,0,1050.58,1053.1,"sS(s=35,S=80)",42,48,35.0,80.0
0.1493880489560835,4290.1,6,1247.6399999999999,1318.2,"sS(s=35,S=80)",42,49,35.0,80.0
0.22163187855787475,4128.7,5,1068.18,1100.0,"sS(s=35,S=85)",42,0,35.0,85.0
0.19949035311248633,3811.8,0,1058.46,1062.7,"sS(s=35,S=85)",42,1,35.0,85.0
0.15339130434782608,4256.9,1,1283.06,1353.3,"sS(s=35,S=85)",42,2,35.0,85.0
0.19104035542391706,4257.6,0,1135.86,1185.2,"sS(s=35,S=85)",42,3,35.0,85.0
0.2726574500768049,3847.7,1,1299.4999999999998,1360.6,"sS(s=35,S=85)",42,4,35.0,85.0
0.18209054593874835,4570.7,2,1256.02,1264.2,"sS(s=35,S=85)",42,5,35.0,85.0
0.3300933125972006,3905.3,2,1222.4799999999998,1250.6,"sS(s=35,S=85)",42,6,35.0,85.0
0.21964479884015947,4075.1,1,1271.52,1328.6,"sS(s=35,S=85)",42,7,35.0,85.0
0.24725676664228238,4166.2,2,1220.6399999999999,1258.8,"sS(s=35,S=85)",42,8,35.0,85.0
0.1697792869269949,4349.3,0,1205.52,1205.9,"sS(s=35,S=85)",42,9,35.0,85.0
0.2709978463747308,3981.9,2,1165.28,1177.7,"sS(s=35,S=85)",42,10,35.0,85.0
0.18175046554934823,3971.0,0,1243.52,1259.4,"sS(s=35,S=85)",42,11,35.0,85.0
0.23290073658365487,4276.7,0,1216.46,1228.9,"sS(s=35,S=85)",42,12,35.0,85.0
0.15250544662309368,4217.8,2,1209.94,1275.2,"sS(s=35,S=85)",42,13,35.0,85.0
0.26376146788990823,4106.2,3,1106.96,1163.4,"sS(s=35,S=85)",42,14,35.0,85.0
0.19266381766381765,4006.0,2,1258.52,1357.5,"sS(s=35,S=85)",42,15,35.0,85.0
0.24103139013452915,4068.1,1,1287.9599999999998,1366.1,"sS(s=35,S=85)",42,16,35.0,85.0
0.23415492957746478,4545.6,2,1073.24,1079.0,"sS(s=35,S=85)",42,17,35.0,85.0
0.16810344827586207,4267.6,1,1176.4399999999998,1230.6,"sS(s=35,S=85)",42,18,35.0,85.0
0.289272030651341,3829.1,3,1138.96,1169.7,"sS(s=35,S=85)",42,19,35.0,85.0
0.18360773085182533,4265.0,0,1333.82,1362.0,"sS(s=35,S=85)",42,20,35.0,85.0
0.2413793103448276,4188.0,2,1250.84,1257.0,"sS(s=35,S=85)",42,21,35.0,85.0
0.23328050713153725,5139.2,2,1569.34,1659.0,"sS(s=35,S=85)",42,22,35.0,85.0
0.2858649789029536,4796.5,3,1332.8,1400.0,"sS(s=35,S=85)",42,23,35.0,85.0
0.14760543245175126,4033.6,1,989.24,1001.5,"sS(s=35,S=85)",42,24,35.0,85.0
0.17834618079887876,4213.5,0,1092.08,1098.1,"sS(s=35,S=85)",42,25,35.0,85.0
0.24626307922272048,4134.4,4,1241.0,1262.0,"sS(s=35,S=85)",42,26,35.0,85.0
0.13101867016049787,4599.2,4,1443.92,1517.9,"sS(s=35,S=85)",42,27,35.0,85.0
0.2801087801087801,3708.6,0,978.34,997.0,"sS(s=35,S=85)",42,28,35.0,85.0
0.208982252806954,3899.8,0,1255.8600000000001,1334.9,"sS(s=35,S=85)",42,29,35.0,85.0
0.19885958660014255,3934.9,0,1114.58,1155.9,"sS(s=35,S=85)",42,30,35.0,85.0
0.1796001355472721,4750.9,0,1276.1000000000001,1287.7,"sS(s=35,S=85)",42,31,35.0,85.0
0.22364672364672364,4190.1,0,1050.98,1066.0,"sS(s=35,S=85)",42,32,35.0,85.0
0.318616629874908,4136.5,1,1591.2399999999998,1769.1,"sS(s=35,S=85)",42,33,35.0,85.0
0.23665001920860546,4162.9,3,1416.6399999999999,1531.9,"sS(s=35,S=85)",42,34,35.0,85.0
0.2607683352735739,3802.1,0,1189.1,1288.2,"sS(s=35,S=85)",42,35,35.0,85.0
0.1449472609731201,4595.7,1,1207.02,1249.0,"sS(s=35,S=85)",42,36,35.0,85.0
0.23869346733668342,4208.7,3,1229.04,1278.8,"sS(s=35,S=85)",42,37,35.0,85.0
0.2522616562282533,4647.8,0,1478.9199999999998,1597.2,"sS(s=35,S=85)",42,38,35.0,85.0
0.2844335778321108,3619.6,0,1078.04,1123.9,"sS(s=35,S=85)",42,39,35.0,85.0
0.28182515337423314,3912.9,3,1138.28,1159.6,"sS(s=35,S=85)",42,40,35.0,85.0
0.21776198934280638,4347.8,0,1108.4199999999998,1119.6,"sS(s=35,S=85)",42,41,35.0,85.0
0.2636951343994556,4867.0,1,1289.76,1300.7,"sS(s=35,S=85)",42,42,35.0,85.0
0.23161316537992685,3931.1,2,1042.8999999999999,1043.1,"sS(s=35,S=85)",42,43,35.0,85.0
0.16532399299474607,3845.2,0,1042.0,1070.0,"sS(s=35,S=85)",42,44,35.0,85.0
0.2667931688804554,4030.8,0,1114.16,1149.7,"sS(s=35,S=85)",42,45,35.0,85.0
0.1918489065606362,4723.8,0,1422.0,1507.0,"sS(s=35,S=85)",42,46,35.0,85.0
0.21782178217821782,4483.6,1,1276.36,1343.5,"sS(s=35,S=85)",42,47,35.0,85.0
0.2741176470588235,3877.4,0,1024.28,1059.1,"sS(s=35,S=85)",42,48,35.0,85.0
0.1558675305975522,4343.6,6,1261.4799999999998,1299.6,"sS(s=35,S=85)",42,49,35.0,85.0
0.22011385199240988,4043.8,3,1058.1599999999999,1105.0,"sS(s=35,S=90)",42,0,35.0,90.0
0.23006916636330543,3812.9,0,1139.24,1157.5,"sS(s=35,S=90)",42,1,35.0,90.0
0.19826086956521738,4321.3,1,1208.9399999999998,1264.3,"sS(s=35,S=90)",42,2,35.0,90.0
0.22362088115512774,4227.5,0,1136.66,1185.2,"sS(s=35,S=90)",42,3,35.0,90.0
0.2956989247311828,3793.2,1,1286.9999999999998,1348.1,"sS(s=35,S=90)",42,4,35.0,90.0
0.19340878828229027,4631.0,2,1236.06,1239.3,"sS(s=35,S=90)",42,5,35.0,90.0
0.3557542768273717,3875.3,1,1272.28,1309.1,"sS(s=35,S=90)",42,6,35.0,90.0
0.24139180862631388,4019.2,1,1283.62,1341.1,"sS(s=35,S=90)",42,7,35.0,90.0
0.2809070958302853,4084.4,1,1200.1599999999999,1243.3,"sS(s=35,S=90)",42,8,35.0,90.0
0.18607809847198642,4243.6,0,1238.84,1246.3,"sS(s=35,S=90)",42,9,35.0,90.0
0.2964824120603015,3917.7,2,1169.1,1180.6,"sS(s=35,S=90)",42,10,35.0,90.0
0.20297951582867785,3855.5,0,1238.6799999999998,1255.6,"sS(s=35,S=90)",42,11,35.0,90.0
0.25429673798667135,4229.8,0,1197.16,1201.4,"sS(s=35,S=90)",42,12,35.0,90.0
0.17792302106027597,4226.3,2,1198.1,1266.2,"sS(s=35,S=90)",42,13,35.0,90.0
0.29434250764525993,4095.2,2,1092.22,1150.9,"sS(s=35,S=90)",42,14,35.0,90.0
0.2282763532763533,4001.5,2,1236.32,1334.5,"sS(s=35,S=90)",42,15,35.0,90.0
0.26905829596412556,4132.5,2,1255.9599999999998,1304.1,"sS(s=35,S=90)",42,16,35.0,90.0
0.2602112676056338,4579.7,2,1115.0,1124.6,"sS(s=35,S=90)",42,17,35.0,90.0
0.19863505747126436,4300.1,1,1171.6399999999999,1227.6,"sS(s=35,S=90)",42,18,35.0,90.0
0.3164750957854406,3818.4,3,1149.64,1182.7,"sS(s=35,S=90)",42,19,35.0,90.0
0.20687186828919113,4220.5,0,1311.9199999999998,1343.5,"sS(s=35,S=90)",42,20,35.0,90.0
0.26220553089791737,4205.2,2,1264.24,1281.3,"sS(s=35,S=90)",42,21,35.0,90.0
0.2554675118858954,5080.0,2,1563.54,1654.0,"sS(s=35,S=90)",42,22,35.0,90.0
0.29360056258790435,4843.2,3,1353.3999999999999,1424.5,"sS(s=35,S=90)",42,23,35.0,90.0
0.18012866333095068,4005.2,1,968.16,974.9,"sS(s=35,S=90)",42,24,35.0,90.0
0.20287316047652418,4178.0,0,1109.98,1128.6,"sS(s=35,S=90)",42,25,35.0,90.0
0.2686846038863976,4180.9,5,1266.8,1293.0,"sS(s=35,S=90)",42,26,35.0,90.0
0.1457582705535539,4523.9,3,1416.92,1493.9,"sS(s=35,S=90)",42,27,35.0,90.0
0.3034188034188034,3687.8,0,1046.1799999999998,1080.8,"sS(s=35,S=90)",42,28,35.0,90.0
0.23252444766388988,3848.7,0,1220.76,1287.4,"sS(s=35,S=90)",42,29,35.0,90.0
0.23200285103349966,3873.2,0,1113.08,1153.9,"sS(s=35,S=90)",42,30,35.0,90.0
0.19823788546255505,4708.4,0,1263.26,1274.2,"sS(s=35,S=90)",42,31,35.0,90.0
0.25925925925925924,4136.6,0,1054.8799999999999,1071.0,"sS(s=35,S=90)",42,32,35.0,90.0
0.34253127299484915,4218.9,1,1597.0199999999998,1772.1,"sS(s=35,S=90)",42,33,35.0,90.0
0.26392623895505185,4072.9,1,1398.6399999999999,1507.9,"sS(s=35,S=90)",42,34,35.0,90.0
0.29064804035700426,3661.3,0,1206.8,1305.2,"sS(s=35,S=90)",42,35,35.0,90.0
0.15889758421231712,4616.7,1,1172.3999999999999,1209.0,"sS(s=35,S=90)",42,36,35.0,90.0
0.23941134242641782,4234.8,3,1246.84,1297.8,"sS(s=35,S=90)",42,37,35.0,90.0
0.27383437717466946,4593.8,0,1449.12,1553.2,"sS(s=35,S=90)",42,38,35.0,90.0
0.31703341483292585,3561.1,0,1071.44,1121.9,"sS(s=35,S=90)",42,39,35.0,90.0
0.31403374233128833,3951.5,3,1118.6399999999999,1133.8,"sS(s=35,S=90)",42,40,35.0,90.0
0.23374777975133215,4310.3,0,1087.4199999999998,1089.1,"sS(s=35,S=90)",42,41,35.0,90.0
0.28342973800612453,4834.4,1,1269.96,1274.7,"sS(s=35,S=90)",42,42,35.0,90.0
0.26127590410402274,3904.5,2,1051.6399999999999,1058.6,"sS(s=35,S=90)",42,43,35.0,90.0
0.18528896672504377,3865.9,0,1007.32,1027.9,"sS(s=35,S=90)",42,44,35.0,90.0
0.2876660341555977,4000.5,0,1107.72,1140.4,"sS(s=35,S=90)",42,45,35.0,90.0
0.22498343273691188,4733.2,0,1509.0,1614.5,"sS(s=35,S=90)",42,46,35.0,90.0
0.23196605374823195,4379.1,1,1281.6599999999999,1349.5,"sS(s=35,S=90)",42,47,35.0,90.0
0.2996078431372549,3875.4,0,1016.8799999999999,1065.1,"sS(s=35,S=90)",42,48,35.0,90.0
0.18466522678185746,4343.1,6,1260.28,1277.6,"sS(s=35,S=90)",42,49,35.0,90.0
0.2394686907020873,4069.4,4,1082.7,1110.0,"sS(s=35,S=95)",42,0,35.0,95.0
0.25555151073898796,3786.4,0,1123.06,1128.7,"sS(s=35,S=95)",42,1,35.0,95.0
0.22782608695652173,4286.3,1,1210.84,1274.8,"sS(s=35,S=95)",42,2,35.0,95.0
0.2587930396149574,4274.9,0,1214.86,1282.2,"sS(s=35,S=95)",42,3,35.0,95.0
0.3099078341013825,3756.8,1,1270.52,1334.0,"sS(s=35,S=95)",42,4,35.0,95.0
0.20372836218375498,4517.7,2,1236.86,1255.3,"sS(s=35,S=95)",42,5,35.0,95.0
0.3499222395023328,4046.4,2,1400.4799999999998,1465.6,"sS(s=35,S=95)",42,6,35.0,95.0
0.2577020659659297,3992.3,1,1295.7199999999998,1353.6,"sS(s=35,S=95)",42,7,35.0,95.0
0.3108997805413314,3985.7,0,1182.76,1227.8,"sS(s=35,S=95)",42,8,35.0,95.0
0.18573853989813244,4336.0,0,1236.6399999999999,1242.3,"sS(s=35,S=95)",42,9,35.0,95.0
0.3180186647523331,3903.7,2,1180.1,1181.6,"sS(s=35,S=95)",42,10,35.0,95.0
0.21973929236499068,3814.9,0,1252.08,1274.6,"sS(s=35,S=95)",42,11,35.0,95.0
0.27884952648193617,4192.8,0,1189.74,1193.7,"sS(s=35,S=95)",42,12,35.0,95.0
0.20043572984749455,4176.8,2,1191.1,1257.2,"sS(s=35,S=95)",42,13,35.0,95.0
0.32492354740061163,4044.2,2,1084.32,1138.4,"sS(s=35,S=95)",42,14,35.0,95.0
0.26282051282051283,4000.6,3,1192.1399999999999,1256.0,"sS(s=35,S=95)",42,15,35.0,95.0
0.30194319880418535,4105.3,1,1225.9599999999998,1264.1,"sS(s=35,S=95)",42,16,35.0,95.0
0.26091549295774646,4508.2,2,1257.82,1293.0,"sS(s=35,S=95)",42,17,35.0,95.0
0.22916666666666666,4270.6,1,1166.84,1224.6,"sS(s=35,S=95)",42,18,35.0,95.0
0.3432950191570881,3773.4,2,1174.54,1213.7,"sS(s=35,S=95)",42,19,35.0,95.0
0.23729420186113098,4208.0,1,1332.22,1346.0,"sS(s=35,S=95)",42,20,35.0,95.0
0.2826903379993172,4248.9,2,1173.58,1175.6,"sS(s=35,S=95)",42,21,35.0,95.0
0.26782884310618066,5026.7,1,1557.74,1649.0,"sS(s=35,S=95)",42,22,35.0,95.0
0.279887482419128,4853.3,3,1437.84,1528.8,"sS(s=35,S=95)",42,23,35.0,95.0
0.21622587562544673,3936.4,0,975.46,979.7,"sS(s=35,S=95)",42,24,35.0,95.0
0.24211632796075683,4239.4,0,1286.72,1370.4,"sS(s=35,S=95)",42,25,35.0,95.0
0.2836322869955157,4161.4,4,1278.92,1306.9,"sS(s=35,S=95)",42,26,35.0,95.0
0.16344579102522108,4446.8,2,1403.4,1479.9,"sS(s=35,S=95)",42,27,35.0,95.0
0.32672882672882675,3682.2,0,1073.3,1115.8,"sS(s=35,S=95)",42,28,35.0,95.0
0.2462875769648678,3761.2,0,1143.68,1189.9,"sS(s=35,S=95)",42,29,35.0,95.0
0.2655024946543122,3876.9,0,1151.26,1201.5,"sS(s=35,S=95)",42,30,35.0,95.0
0.22161978990172823,4689.8,0,1251.66,1260.7,"sS(s=35,S=95)",42,31,35.0,95.0
0.2938034188034188,4140.6,0,1067.58,1076.0,"sS(s=35,S=95)",42,32,35.0,95.0
0.36644591611479027,4266.1,1,1639.2199999999998,1820.1,"sS(s=35,S=95)",42,33,35.0,95.0
0.29120245870149825,4015.4,1,1379.36,1481.2,"sS(s=35,S=95)",42,34,35.0,95.0
0.32673651532790066,3576.7,0,1224.02,1322.2,"sS(s=35,S=95)",42,35,35.0,95.0
0.18203470568220484,4573.5,1,1151.94,1177.8,"sS(s=35,S=95)",42,36,35.0,95.0
0.26776740847092606,4262.2,3,1257.24,1316.8,"sS(s=35,S=95)",42,37,35.0,95.0
0.29471120389700767,4539.8,0,1419.32,1509.2,"sS(s=35,S=95)",42,38,35.0,95.0
0.3422982885085575,3509.8,0,1061.4199999999998,1111.8,"sS(s=35,S=95)",42,39,35.0,95.0
0.34662576687116564,3963.9,3,1210.48,1247.8,"sS(s=35,S=95)",42,40,35.0,95.0
0.2497335701598579,4329.3,0,1185.52,1218.6,"sS(s=35,S=95)",42,41,35.0,95.0
0.29703980945899966,4818.9,1,1262.22,1265.8,"sS(s=35,S=95)",42,42,35.0,95.0
0.29581470946769606,3895.6,2,1046.9399999999998,1075.1,"sS(s=35,S=95)",42,43,35.0,95.0
0.21681260945709283,3860.2,0,975.4599999999999,988.8,"sS(s=35,S=95)",42,44,35.0,95.0
0.29715370018975334,4079.3,0,1107.28,1118.2,"sS(s=35,S=95)",42,45,35.0,95.0
0.2551358515573227,4686.7,0,1503.1999999999998,1606.0,"sS(s=35,S=95)",42,46,35.0,95.0
0.214992927864215,4214.8,1,1180.56,1222.5,"sS(s=35,S=95)",42,47,35.0,95.0
0.3380392156862745,3950.3,0,1035.4399999999998,1071.1,"sS(s=35,S=95)",42,48,35.0,95.0
0.2134629229661627,4292.6,6,1239.08,1255.6,"sS(s=35,S=95)",42,49,35.0,95.0
0.24667931688804554,3981.8,4,1087.3,1115.0,"sS(s=35,S=100)",42,0,35.0,100.0
0.2806698216235894,3749.9,0,1118.26,1122.2,"sS(s=35,S=100)",42,1,35.0,100.0
0.2546086956521739,4229.8,1,1203.7399999999998,1276.8,"sS(s=35,S=100)",42,2,35.0,100.0
0.2743428359866716,4337.2,0,1145.14,1191.2,"sS(s=35,S=100)",42,3,35.0,100.0
0.32373271889400923,3718.7,0,1244.8600000000001,1307.9,"sS(s=35,S=100)",42,4,35.0,100.0
0.23901464713715045,4496.5,2,1249.32,1271.3,"sS(s=35,S=100)",42,5,35.0,100.0
0.37169517884914466,4001.0,0,1421.4799999999998,1488.1,"sS(s=35,S=100)",42,6,35.0,100.0
0.28416092787241753,3988.1,1,1307.82,1366.1,"sS(s=35,S=100)",42,7,35.0,100.0
0.33430870519385514,3974.2,0,1163.76,1207.8,"sS(s=35,S=100)",42,8,35.0,100.0
0.21901528013582344,4326.6,0,1203.4,1219.0,"sS(s=35,S=100)",42,9,35.0,100.0
0.29935391241923903,3893.1,2,1166.74,1184.1,"sS(s=35,S=100)",42,10,35.0,100.0
0.24655493482309124,3641.1,0,1193.8799999999999,1203.8,"sS(s=35,S=100)",42,11,35.0,100.0
0.303402314977201,4217.8,0,1244.64,1269.2,"sS(s=35,S=100)",42,12,35.0,100.0
0.21278140885984023,4149.6,2,1170.02,1230.6,"sS(s=35,S=100)",42,13,35.0,100.0
0.35244648318042815,3996.7,2,1076.42,1125.9,"sS(s=35,S=100)",42,14,35.0,100.0
0.28952991452991456,4135.1,3,1272.84,1360.5,"sS(s=35,S=100)",42,15,35.0,100.0
0.3337070254110613,4075.3,1,1208.6599999999999,1232.6,"sS(s=35,S=100)",42,16,35.0,100.0
0.2834507042253521,4527.1,2,1228.32,1258.0,"sS(s=35,S=100)",42,17,35.0,100.0
0.27262931034482757,4158.6,1,1366.12,1478.4,"sS(s=35,S=100)",42,18,35.0,100.0
0.3701149425287356,3786.5,2,1277.84,1342.7,"sS(s=35,S=100)",42,19,35.0,100.0
0.2720114531138153,4260.4,1,1324.12,1348.5,"sS(s=35,S=100)",42,20,35.0,100.0
0.30829634687606694,4419.4,3,1263.0600000000002,1280.4,"sS(s=35,S=100)",42,21,35.0,100.0
0.2618066561014263,5034.3,1,1551.9399999999998,1644.0,"sS(s=35,S=100)",42,22,35.0,100.0
0.3009845288326301,4817.8,3,1435.6399999999999,1524.8,"sS(s=35,S=100)",42,23,35.0,100.0
0.2562544674767691,3896.9,0,955.94,957.5,"sS(s=35,S=100)",42,24,35.0,100.0
0.24456902592852137,4145.5,0,1293.98,1385.9,"sS(s=35,S=100)",42,25,35.0,100.0
0.2985799701046338,4152.6,4,1283.26,1311.3,"sS(s=35,S=100)",42,26,35.0,100.0
0.16475597772682607,4408.9,3,1421.1,1501.9,"sS(s=35,S=100)",42,27,35.0,100.0
0.34887334887334887,3627.7,0,1054.1,1093.8,"sS(s=35,S=100)",42,28,35.0,100.0
0.27345164795363996,3711.2,0,1111.18,1152.4,"sS(s=35,S=100)",42,29,35.0,100.0
0.27548111190306485,3811.7,0,1141.54,1184.0,"sS(s=35,S=100)",42,30,35.0,100.0
0.20467638088783463,4608.1,0,1236.1399999999999,1242.3,"sS(s=35,S=100)",42,31,35.0,100.0
0.3158831908831909,4093.7,0,1064.88,1077.4,"sS(s=35,S=100)",42,32,35.0,100.0
0.3903605592347314,4293.6,1,1628.62,1802.1,"sS(s=35,S=100)",42,33,35.0,100.0
0.3180945063388398,3979.4,1,1351.6599999999999,1443.7,"sS(s=35,S=100)",42,34,35.0,100.0
0.359720605355064,3457.7,0,1240.52,1339.2,"sS(s=35,S=100)",42,35,35.0,100.0
0.20551207893841442,4530.2,0,1131.4,1146.5,"sS(s=35,S=100)",42,36,35.0,100.0
0.29827709978463746,4237.2,3,1267.6399999999999,1335.8,"sS(s=35,S=100)",42,37,35.0,100.0
0.31315240083507306,4490.7,0,1395.96,1479.2,"sS(s=35,S=100)",42,38,35.0,100.0
0.3671556642216789,3542.7,1,1156.1,1229.6,"sS(s=35,S=100)",42,39,35.0,100.0
0.37921779141104295,3920.4,3,1208.98,1245.8,"sS(s=35,S=100)",42,40,35.0,100.0
0.26714031971580815,4296.9,0,1185.54,1223.1,"sS(s=35,S=100)",42,41,35.0,100.0
0.27390268798911194,4753.6,1,1248.62,1249.8,"sS(s=35,S=100)",42,42,35.0,100.0
0.31491263713937423,3981.4,2,1075.3999999999999,1091.6,"sS(s=35,S=100)",42,43,35.0,100.0
0.2504378283712785,3804.9,0,963.36,972.3,"sS(s=35,S=100)",42,44,35.0,100.0
0.3233396584440228,4054.6,0,1080.7,1091.7,"sS(s=35,S=100)",42,45,35.0,100.0
0.28164347249834326,4707.2,0,1496.5,1597.5,"sS(s=35,S=100)",42,46,35.0,100.0
0.23903818953323905,4164.7,1,1169.06,1207.5,"sS(s=35,S=100)",42,47,35.0,100.0
0.3352941176470588,3976.2,0,1047.32,1077.1,"sS(s=35,S=100)",42,48,35.0,100.0
0.25125989920806335,4354.7,5,1158.58,1176.6,"sS(s=35,S=100)",42,49,35.0,100.0
0.07438330170777989,4444.6,6,1066.08,1067.7,"sS(s=40,S=45)",42,0,40.0,45.0
0.044048052420822714,4426.5,0,1152.82,1161.0,"sS(s=40,S=45)",42,1,40.0,45.0
0.032,4783.2,2,1392.56,1462.0,"sS(s=40,S=45)",42,2,40.0,45.0
0.019622362088115512,4437.3,0,1216.86,1259.0,"sS(s=40,S=45)",42,3,40.0,45.0
0.05337941628264209,4189.9,2,1184.08,1210.6,"sS(s=40,S=45)",42,4,40.0,45.0
0.05858854860186418,4937.3,3,1278.24,1285.3,"sS(s=40,S=45)",42,5,40.0,45.0
0.12013996889580093,4157.7,1,1164.2,1209.0,"sS(s=40,S=45)",42,6,40.0,45.0
0.04204421891989851,4625.6,1,1171.8799999999999,1218.6,"sS(s=40,S=45)",42,7,40.0,45.0
0.06583760058522312,4605.0,2,1366.6599999999999,1392.5,"sS(s=40,S=45)",42,8,40.0,45.0
0.05466893039049236,4933.4,0,1221.8,1227.0,"sS(s=40,S=45)",42,9,40.0,45.0
0.07824838478104809,4536.3,3,1156.6399999999999,1189.0,"sS(s=40,S=45)",42,10,40.0,45.0
0.03314711359404097,4354.9,0,1294.52,1337.9,"sS(s=40,S=45)",42,11,40.0,45.0
0.1038232199228341,4665.3,0,1382.3799999999999,1444.7,"sS(s=40,S=45)",42,12,40.0,45.0
0.036673928830791576,4585.2,2,1227.58,1259.0,"sS(s=40,S=45)",42,13,40.0,45.0
0.08065749235474007,4406.1,4,1188.3400000000001,1209.9,"sS(s=40,S=45)",42,14,40.0,45.0
0.02849002849002849,4476.0,3,1308.94,1352.4,"sS(s=40,S=45)",42,15,40.0,45.0
0.07137518684603886,4422.9,1,1412.62,1465.6,"sS(s=40,S=45)",42,16,40.0,45.0
0.0528169014084507,4788.0,3,1203.3,1228.0,"sS(s=40,S=45)",42,17,40.0,45.0
0.051364942528735635,4663.3,3,1246.66,1290.9,"sS(s=40,S=45)",42,18,40.0,45.0
0.09042145593869731,4215.6,3,1116.6,1153.0,"sS(s=40,S=45)",42,19,40.0,45.0
0.05619183965640658,4674.4,1,1394.56,1434.7,"sS(s=40,S=45)",42,20,40.0,45.0
0.09149880505291909,4795.8,4,1346.28,1359.0,"sS(s=40,S=45)",42,21,40.0,45.0
0.060538827258320126,5426.1,1,1552.2,1609.0,"sS(s=40,S=45)",42,22,40.0,45.0
0.08790436005625879,4996.0,2,1301.46,1328.3,"sS(s=40,S=45)",42,23,40.0,45.0
0.03538241601143674,4517.9,1,1099.4,1109.0,"sS(s=40,S=45)",42,24,40.0,45.0
0.046951646811492644,4633.4,0,1250.76,1284.6,"sS(s=40,S=45)",42,25,40.0,45.0
0.02914798206278027,4383.8,5,1182.24,1199.8,"sS(s=40,S=45)",42,26,40.0,45.0
0.05306256141500164,5153.6,3,1598.2,1643.0,"sS(s=40,S=45)",42,27,40.0,45.0
0.04312354312354312,4037.1,0,1123.48,1176.0,"sS(s=40,S=45)",42,28,40.0,45.0
0.05432814197754437,4306.0,0,1432.1,1568.0,"sS(s=40,S=45)",42,29,40.0,45.0
0.042765502494654314,4542.0,0,1099.42,1106.4,"sS(s=40,S=45)",42,30,40.0,45.0
0.029481531684174857,4974.7,0,1352.6399999999999,1393.0,"sS(s=40,S=45)",42,31,40.0,45.0
0.0787037037037037,4670.9,0,1087.64,1104.0,"sS(s=40,S=45)",42,32,40.0,45.0
0.1144223693892568,4486.0,1,1389.6399999999999,1435.1,"sS(s=40,S=45)",42,33,40.0,45.0
0.06454091432961967,4323.8,3,1298.0,1379.0,"sS(s=40,S=45)",42,34,40.0,45.0
0.06713232440822663,4170.3,0,1050.44,1052.2,"sS(s=40,S=45)",42,35,40.0,45.0
0.018033344675059543,4835.3,2,1299.3999999999999,1334.0,"sS(s=40,S=45)",42,36,40.0,45.0
0.09763101220387653,4637.0,2,1270.06,1304.0,"sS(s=40,S=45)",42,37,40.0,45.0
0.031315240083507306,4734.0,0,1325.48,1391.0,"sS(s=40,S=45)",42,38,40.0,45.0
0.08883455582722087,4019.8,2,1105.8799999999999,1116.1,"sS(s=40,S=45)",42,39,40.0,45.0
0.0678680981595092,4313.7,3,1182.8600000000001,1195.9,"sS(s=40,S=45)",42,40,40.0,45.0
0.09769094138543517,4691.5,0,1127.04,1133.1,"sS(s=40,S=45)",42,41,40.0,45.0
0.07145287512759442,5071.8,2,1381.22,1426.0,"sS(s=40,S=45)",42,42,40.0,45.0
0.056074766355140186,4099.8,1,1041.1200000000001,1056.9,"sS(s=40,S=45)",42,43,40.0,45.0
0.02136602451838879,4574.1,0,1142.2,1165.0,"sS(s=40,S=45)",42,44,40.0,45.0
0.08500948766603415,4356.4,0,1171.32,1224.4,"sS(s=40,S=45)",42,45,40.0,45.0
0.03777335984095427,5048.4,0,1535.9399999999998,1651.0,"sS(s=40,S=45)",42,46,40.0,45.0
0.04526166902404526,4891.8,1,1345.6,1374.5,"sS(s=40,S=45)",42,47,40.0,45.0
0.1188235294117647,4062.5,0,1074.26,1091.3,"sS(s=40,S=45)",42,48,40.0,45.0
0.024478041756659467,4729.6,8,1237.0,1254.0,"sS(s=40,S=45)",42,49,40.0,45.0
0.09943074003795066,4378.0,5,1060.3600000000001,1061.7,"sS(s=40,S=50)",42,0,40.0,50.0
0.056789224608664,4346.0,0,1140.22,1146.0,"sS(s=40,S=50)",42,1,40.0,50.0
0.042782608695652175,4702.3,2,1380.1599999999999,1447.0,"sS(s=40,S=50)",42,2,40.0,50.0
0.028878193261754906,4359.8,0,1223.32,1280.0,"sS(s=40,S=50)",42,3,40.0,50.0
0.06797235023041474,4096.7,2,1164.72,1189.9,"sS(s=40,S=50)",42,4,40.0,50.0
0.07023968042609853,4838.1,2,1290.2,1310.3,"sS(s=40,S=50)",42,5,40.0,50.0
0.14307931570762053,4091.0,1,1184.04,1231.3,"sS(s=40,S=50)",42,6,40.0,50.0
0.06560347952156578,4542.1,1,1185.8799999999999,1236.1,"sS(s=40,S=50)",42,7,40.0,50.0
0.08412582297000731,4541.0,2,1356.96,1388.5,"sS(s=40,S=50)",42,8,40.0,50.0
0.061460101867572156,4831.9,0,1193.4,1202.0,"sS(s=40,S=50)",42,9,40.0,50.0
0.0936826992103374,4445.3,3,1152.22,1179.0,"sS(s=40,S=50)",42,10,40.0,50.0
0.03910614525139665,4257.5,0,1281.74,1328.4,"sS(s=40,S=50)",42,11,40.0,50.0
0.12662223781129428,4555.8,0,1333.68,1388.2,"sS(s=40,S=50)",42,12,40.0,50.0
0.048293391430646336,4519.8,2,1240.14,1282.2,"sS(s=40,S=50)",42,13,40.0,50.0
0.14029051987767585,4420.6,4,1168.64,1202.4,"sS(s=40,S=50)",42,14,40.0,50.0
0.03917378917378917,4374.0,3,1304.14,1357.4,"sS(s=40,S=50)",42,15,40.0,50.0
0.08781763826606875,4357.1,1,1394.6799999999998,1448.3,"sS(s=40,S=50)",42,16,40.0,50.0
0.0721830985915493,4723.5,3,1170.2,1188.5,"sS(s=40,S=50)",42,17,40.0,50.0
0.06932471264367816,4595.3,3,1228.66,1274.4,"sS(s=40,S=50)",42,18,40.0,50.0
0.11226053639846743,4149.8,3,1131.8,1172.0,"sS(s=40,S=50)",42,19,40.0,50.0
0.06764495347172512,4593.3,1,1371.9,1410.7,"sS(s=40,S=50)",42,20,40.0,50.0
0.11539774667121884,4712.8,4,1334.72,1348.0,"sS(s=40,S=50)",42,21,40.0,50.0
0.08874801901743265,5400.0,2,1538.2,1594.0,"sS(s=40,S=50)",42,22,40.0,50.0
0.11919831223628692,4966.9,2,1299.74,1327.8,"sS(s=40,S=50)",42,23,40.0,50.0
0.04110078627591136,4405.5,1,1061.6799999999998,1070.6,"sS(s=40,S=50)",42,24,40.0,50.0
0.0578135949544499,4546.5,0,1237.06,1266.1,"sS(s=40,S=50)",42,25,40.0,50.0
0.044095665171898356,4265.8,4,1179.44,1196.3,"sS(s=40,S=50)",42,26,40.0,50.0
0.05961349492302653,5042.6,3,1585.2,1638.0,"sS(s=40,S=50)",42,27,40.0,50.0
0.06954156954156954,3966.9,0,1099.3799999999999,1147.5,"sS(s=40,S=50)",42,28,40.0,50.0
0.07750814922129663,4226.4,0,1408.3,1538.0,"sS(s=40,S=50)",42,29,40.0,50.0
0.05523877405559515,4454.5,0,1065.02,1066.9,"sS(s=40,S=50)",42,30,40.0,50.0
0.04303625889528973,4913.7,0,1343.84,1378.0,"sS(s=40,S=50)",42,31,40.0,50.0
0.08582621082621082,4589.9,0,1068.2,1080.0,"sS(s=40,S=50)",42,32,40.0,50.0
0.15194996320824136,4428.0,1,1409.6399999999999,1470.1,"sS(s=40,S=50)",42,33,40.0,50.0
0.10026892047637341,4308.1,3,1426.0,1544.0,"sS(s=40,S=50)",42,34,40.0,50.0
0.083430345362825,4070.8,0,1039.64,1049.2,"sS(s=40,S=50)",42,35,40.0,50.0
0.02824089826471589,4775.3,2,1299.3999999999999,1340.0,"sS(s=40,S=50)",42,36,40.0,50.0
0.12239770279971285,4491.7,2,1242.06,1279.0,"sS(s=40,S=50)",42,37,40.0,50.0
0.04314544189283229,4656.4,0,1305.28,1374.0,"sS(s=40,S=50)",42,38,40.0,50.0
0.10472697636511817,3931.0,2,1073.28,1081.9,"sS(s=40,S=50)",42,39,40.0,50.0
0.09279141104294479,4203.2,3,1163.96,1181.9,"sS(s=40,S=50)",42,40,40.0,50.0
0.11900532859680284,4620.5,0,1105.9399999999998,1107.6,"sS(s=40,S=50)",42,41,40.0,50.0
0.08846546444368833,4997.8,1,1335.0,1368.5,"sS(s=40,S=50)",42,42,40.0,50.0
0.07029662738724096,4023.3,1,1022.5200000000001,1037.4,"sS(s=40,S=50)",42,43,40.0,50.0
0.024868651488616462,4460.1,0,1115.2,1140.0,"sS(s=40,S=50)",42,44,40.0,50.0
0.10588235294117647,4299.5,0,1159.32,1212.9,"sS(s=40,S=50)",42,45,40.0,50.0
0.055666003976143144,4992.8,0,1521.54,1636.0,"sS(s=40,S=50)",42,46,40.0,50.0
0.06117397454031118,4836.3,1,1353.3999999999999,1390.5,"sS(s=40,S=50)",42,47,40.0,50.0
0.1411764705882353,3985.5,0,1061.26,1074.8,"sS(s=40,S=50)",42,48,40.0,50.0
0.035637149028077755,4648.7,8,1220.3600000000001,1239.2,"sS(s=40,S=50)",42,49,40.0,50.0
0.1222011385199241,4316.0,5,1065.16,1067.7,"sS(s=40,S=55)",42,0,40.0,55.0
0.06953039679650527,4265.5,0,1127.62,1131.0,"sS(s=40,S=55)",42,1,40.0,55.0
0.057043478260869564,4632.4,2,1374.6399999999999,1438.6,"sS(s=40,S=55)",42,2,40.0,55.0
0.0381340244353943,4282.3,0,1202.88,1253.2,"sS(s=40,S=55)",42,3,40.0,55.0
0.08832565284178187,4014.0,2,1147.3400000000001,1171.4,"sS(s=40,S=55)",42,4,40.0,55.0
0.08621837549933423,4782.9,2,1308.1,1335.3,"sS(s=40,S=55)",42,5,40.0,55.0
0.16640746500777606,4041.0,1,1203.6399999999999,1253.3,"sS(s=40,S=55)",42,6,40.0,55.0
0.08916274012323305,4474.6,1,1225.4799999999998,1285.6,"sS(s=40,S=55)",42,7,40.0,55.0
0.10241404535479151,4478.0,2,1355.86,1398.5,"sS(s=40,S=55)",42,8,40.0,55.0
0.06825127334465195,4730.4,0,1173.4,1177.0,"sS(s=40,S=55)",42,9,40.0,55.0
0.12060301507537688,4343.5,3,1138.78,1161.8,"sS(s=40,S=55)",42,10,40.0,55.0
0.048417132216014895,4170.0,0,1267.34,1318.9,"sS(s=40,S=55)",42,11,40.0,55.0
0.14942125569975448,4451.8,0,1283.3799999999999,1327.2,"sS(s=40,S=55)",42,12,40.0,55.0
0.06281771968046478,4467.3,2,1253.34,1302.2,"sS(s=40,S=55)",42,13,40.0,55.0
0.16819571865443425,4359.1,3,1155.3400000000001,1194.9,"sS(s=40,S=55)",42,14,40.0,55.0
0.05235042735042735,4279.7,3,1300.88,1362.4,"sS(s=40,S=55)",42,15,40.0,55.0
0.10201793721973094,4287.9,1,1372.12,1428.8,"sS(s=40,S=55)",42,16,40.0,55.0
0.09190140845070423,4669.1,2,1139.8,1151.1,"sS(s=40,S=55)",42,17,40.0,55.0
0.08728448275862069,4546.3,3,1217.06,1265.9,"sS(s=40,S=55)",42,18,40.0,55.0
0.13486590038314175,4104.2,3,1175.8,1227.0,"sS(s=40,S=55)",42,19,40.0,55.0
0.08446671438797423,4528.7,1,1350.44,1386.0,"sS(s=40,S=55)",42,20,40.0,55.0
0.1399795151928986,4640.2,4,1336.52,1355.0,"sS(s=40,S=55)",42,21,40.0,55.0
0.11378763866877971,5342.4,2,1524.2,1579.0,"sS(s=40,S=55)",42,22,40.0,55.0
0.15260196905766527,4942.4,2,1291.1399999999999,1314.3,"sS(s=40,S=55)",42,23,40.0,55.0
0.048248749106504646,4297.5,1,1027.48,1036.6,"sS(s=40,S=55)",42,24,40.0,55.0
0.07463209530483532,4478.3,0,1228.76,1256.6,"sS(s=40,S=55)",42,25,40.0,55.0
0.05829596412556054,4160.0,4,1176.6399999999999,1192.8,"sS(s=40,S=55)",42,26,40.0,55.0
0.06911234850966262,4941.5,3,1569.32,1624.9,"sS(s=40,S=55)",42,27,40.0,55.0
0.09751359751359752,3901.1,0,1078.48,1123.0,"sS(s=40,S=55)",42,28,40.0,55.0
0.10648315827598696,4154.4,0,1376.5,1498.0,"sS(s=40,S=55)",42,29,40.0,55.0
0.0684248039914469,4370.2,0,1039.8400000000001,1041.7,"sS(s=40,S=55)",42,30,40.0,55.0
0.0579464588275161,4872.1,0,1338.44,1363.0,"sS(s=40,S=55)",42,31,40.0,55.0
0.09366096866096867,4512.1,0,1053.0,1061.0,"sS(s=40,S=55)",42,32,40.0,55.0
0.1817512877115526,4340.5,1,1417.04,1487.1,"sS(s=40,S=55)",42,33,40.0,55.0
0.12293507491356127,4239.1,3,1417.12,1537.9,"sS(s=40,S=55)",42,34,40.0,55.0
0.09701202949165696,3963.3,0,1031.64,1046.2,"sS(s=40,S=55)",42,35,40.0,55.0
0.0421912215039129,4717.4,1,1300.62,1347.0,"sS(s=40,S=55)",42,36,40.0,55.0
0.14752333094041636,4330.7,2,1214.06,1254.0,"sS(s=40,S=55)",42,37,40.0,55.0
0.06332637439109255,4612.2,0,1324.96,1405.2,"sS(s=40,S=55)",42,38,40.0,55.0
0.12836185819070906,3877.3,1,1053.14,1061.9,"sS(s=40,S=55)",42,39,40.0,55.0
0.12193251533742332,4130.8,4,1147.48,1167.9,"sS(s=40,S=55)",42,40,40.0,55.0
0.14031971580817051,4551.5,0,1093.46,1095.8,"sS(s=40,S=55)",42,41,40.0,55.0
0.10581830554610412,4934.9,1,1309.8,1337.0,"sS(s=40,S=55)",42,42,40.0,55.0
0.09183258837870784,3982.0,1,1003.92,1017.9,"sS(s=40,S=55)",42,43,40.0,55.0
0.029422066549912435,4349.4,0,1093.0,1121.0,"sS(s=40,S=55)",42,44,40.0,55.0
0.1267552182163188,4262.5,0,1210.52,1280.4,"sS(s=40,S=55)",42,45,40.0,55.0
0.07554671968190854,4964.8,0,1509.74,1621.0,"sS(s=40,S=55)",42,46,40.0,55.0
0.07567185289957568,4789.4,1,1367.6,1414.5,"sS(s=40,S=55)",42,47,40.0,55.0
0.16470588235294117,3909.5,0,1056.26,1068.3,"sS(s=40,S=55)",42,48,40.0,55.0
0.05003599712023038,4577.7,8,1215.96,1239.7,"sS(s=40,S=55)",42,49,40.0,55.0
0.14724857685009488,4315.2,4,1112.3600000000001,1126.7,"sS(s=40,S=60)",42,0,40.0,60.0
0.08409173643975246,4220.0,0,1140.62,1145.5,"sS(s=40,S=60)",42,1,40.0,60.0
0.07791304347826086,4614.4,2,1394.58,1445.4,"sS(s=40,S=60)",42,2,40.0,60.0
0.052943354313217325,4221.3,0,1176.68,1219.2,"sS(s=40,S=60)",42,3,40.0,60.0
0.12096774193548387,3997.3,1,1193.04,1227.9,"sS(s=40,S=60)",42,4,40.0,60.0
0.10286284953395473,4706.1,2,1307.24,1344.3,"sS(s=40,S=60)",42,5,40.0,60.0
0.18973561430793157,3972.0,1,1186.4399999999998,1229.3,"sS(s=40,S=60)",42,6,40.0,60.0
0.11272200072490032,4374.1,1,1231.4799999999998,1293.1,"sS(s=40,S=60)",42,7,40.0,60.0
0.11777615215801024,4398.1,1,1326.3799999999999,1369.5,"sS(s=40,S=60)",42,8,40.0,60.0
0.07945670628183361,4660.8,0,1158.26,1159.0,"sS(s=40,S=60)",42,9,40.0,60.0
0.14321608040201006,4243.6,3,1117.18,1138.3,"sS(s=40,S=60)",42,10,40.0,60.0
0.055865921787709494,4087.0,0,1256.14,1313.4,"sS(s=40,S=60)",42,11,40.0,60.0
0.1634514205541915,4360.6,0,1267.08,1320.6,"sS(s=40,S=60)",42,12,40.0,60.0
0.07734204793028322,4385.8,2,1243.94,1298.2,"sS(s=40,S=60)",42,13,40.0,60.0
0.19495412844036697,4311.1,3,1150.04,1191.9,"sS(s=40,S=60)",42,14,40.0,60.0
0.06517094017094018,4202.3,3,1316.96,1388.0,"sS(s=40,S=60)",42,15,40.0,60.0
0.1203288490284006,4222.6,1,1361.32,1425.8,"sS(s=40,S=60)",42,16,40.0,60.0
0.12183098591549296,4617.6,2,1123.0,1128.1,"sS(s=40,S=60)",42,17,40.0,60.0
0.10272988505747127,4499.6,3,1205.46,1257.4,"sS(s=40,S=60)",42,18,40.0,60.0
0.15862068965517243,3919.9,2,1192.6,1248.0,"sS(s=40,S=60)",42,19,40.0,60.0
0.09806728704366499,4463.8,1,1331.08,1361.0,"sS(s=40,S=60)",42,20,40.0,60.0
0.15705018777739843,4536.7,3,1313.92,1330.0,"sS(s=40,S=60)",42,21,40.0,60.0
0.13502377179080824,5269.4,1,1520.1399999999999,1578.0,"sS(s=40,S=60)",42,22,40.0,60.0
0.1828410689170183,4924.3,3,1316.34,1350.8,"sS(s=40,S=60)",42,23,40.0,60.0
0.05611150822015726,4191.7,1,996.72,1002.6,"sS(s=40,S=60)",42,24,40.0,60.0
0.09880868955851436,4414.2,0,1205.26,1228.1,"sS(s=40,S=60)",42,25,40.0,60.0
0.08819133034379671,4110.9,4,1170.8,1185.5,"sS(s=40,S=60)",42,26,40.0,60.0
0.07893874877169997,4847.3,3,1551.52,1608.9,"sS(s=40,S=60)",42,27,40.0,60.0
0.12975912975912976,3910.4,0,1067.08,1114.5,"sS(s=40,S=60)",42,28,40.0,60.0
0.13364722926475914,4095.6,0,1350.34,1466.4,"sS(s=40,S=60)",42,29,40.0,60.0
0.08267997148966501,4297.2,0,1025.74,1031.2,"sS(s=40,S=60)",42,30,40.0,60.0
0.07827854964418841,4829.1,0,1322.6399999999999,1348.0,"sS(s=40,S=60)",42,31,40.0,60.0
0.10968660968660969,4403.6,0,1029.8,1032.0,"sS(s=40,S=60)",42,32,40.0,60.0
0.21118469462840322,4273.8,0,1445.7399999999998,1534.1,"sS(s=40,S=60)",42,33,40.0,60.0
0.1386861313868613,4180.1,2,1410.72,1534.9,"sS(s=40,S=60)",42,34,40.0,60.0
0.1140861466821886,3890.7,0,1036.6000000000001,1057.2,"sS(s=40,S=60)",42,35,40.0,60.0
0.06022456617897244,4682.7,1,1311.52,1364.0,"sS(s=40,S=60)",42,36,40.0,60.0
0.16762383345297918,4230.4,2,1195.02,1229.0,"sS(s=40,S=60)",42,37,40.0,60.0
0.09464161447459986,4599.2,0,1320.56,1401.2,"sS(s=40,S=60)",42,38,40.0,60.0
0.15892420537897312,3841.3,1,1050.3400000000001,1058.9,"sS(s=40,S=60)",42,39,40.0,60.0
0.14762269938650308,4060.7,4,1132.98,1153.9,"sS(s=40,S=60)",42,40,40.0,60.0
0.15843694493783303,4491.1,0,1086.48,1090.3,"sS(s=40,S=60)",42,41,40.0,60.0
0.1296359305886356,4882.9,0,1279.8,1299.5,"sS(s=40,S=60)",42,42,40.0,60.0
0.10808614384396587,3941.3,1,986.64,998.4,"sS(s=40,S=60)",42,43,40.0,60.0
0.04133099824868652,4243.8,0,1093.78,1126.0,"sS(s=40,S=60)",42,44,40.0,60.0
0.152561669829222,4205.2,0,1202.92,1271.9,"sS(s=40,S=60)",42,45,40.0,60.0
0.10337972166998012,4923.2,0,1492.1999999999998,1606.0,"sS(s=40,S=60)",42,46,40.0,60.0
0.09512022630834512,4740.9,1,1357.8,1408.5,"sS(s=40,S=60)",42,47,40.0,60.0
0.18823529411764706,3854.5,0,1055.82,1067.5,"sS(s=40,S=60)",42,48,40.0,60.0
0.064434845212383,4506.7,8,1211.56,1240.2,"sS(s=40,S=60)",42,49,40.0,60.0
0.17571157495256168,4305.2,5,1100.3600000000001,1111.7,"sS(s=40,S=65)",42,0,40.0,65.0
0.10411357844921733,4148.0,0,1139.62,1147.5,"sS(s=40,S=65)",42,1,40.0,65.0
0.09078260869565218,4530.9,1,1398.24,1455.0,"sS(s=40,S=65)",42,2,40.0,65.0
0.06886338393187708,4182.6,0,1159.64,1186.7,"sS(s=40,S=65)",42,3,40.0,65.0
0.15360983102918588,3967.8,1,1218.54,1255.4,"sS(s=40,S=65)",42,4,40.0,65.0
0.11950732356857523,4650.1,2,1299.6399999999999,1337.3,"sS(s=40,S=65)",42,5,40.0,65.0
0.22317262830482115,3950.6,2,1191.08,1232.6,"sS(s=40,S=65)",42,6,40.0,65.0
0.1293947082276187,4271.7,1,1219.8799999999999,1278.6,"sS(s=40,S=65)",42,7,40.0,65.0
0.13679590343818582,4352.8,1,1310.34,1353.7,"sS(s=40,S=65)",42,8,40.0,65.0
0.09134125636672326,4597.8,0,1154.36,1159.0,"sS(s=40,S=65)",42,9,40.0,65.0
0.1715721464465183,4157.1,3,1101.68,1114.8,"sS(s=40,S=65)",42,10,40.0,65.0
0.07188081936685288,4014.3,0,1237.34,1294.4,"sS(s=40,S=65)",42,11,40.0,65.0
0.1795861101367941,4323.6,0,1261.58,1307.6,"sS(s=40,S=65)",42,12,40.0,65.0
0.0962236746550472,4334.5,2,1237.94,1294.2,"sS(s=40,S=65)",42,13,40.0,65.0
0.2198012232415902,4253.6,3,1143.74,1188.9,"sS(s=40,S=65)",42,14,40.0,65.0
0.08511396011396011,4192.9,3,1318.84,1384.1,"sS(s=40,S=65)",42,15,40.0,65.0
0.148355754857997,4181.1,1,1354.9199999999998,1428.3,"sS(s=40,S=65)",42,16,40.0,65.0
0.15211267605633802,4572.2,2,1117.5,1120.6,"sS(s=40,S=65)",42,17,40.0,65.0
0.11961206896551724,4459.3,3,1199.0,1248.9,"sS(s=40,S=65)",42,18,40.0,65.0
0.2,4002.2,3,1180.6,1233.0,"sS(s=40,S=65)",42,19,40.0,65.0
0.11238367931281316,4395.3,1,1312.08,1336.0,"sS(s=40,S=65)",42,20,40.0,65.0
0.17548651416865824,4447.6,3,1296.8400000000001,1309.4,"sS(s=40,S=65)",42,21,40.0,65.0
0.1572107765451664,5190.4,1,1520.34,1583.0,"sS(s=40,S=65)",42,22,40.0,65.0
0.2092123769338959,4880.8,3,1325.54,1367.3,"sS(s=40,S=65)",42,23,40.0,65.0
0.06826304503216583,4099.1,1,967.72,968.6,"sS(s=40,S=65)",42,24,40.0,65.0
0.12333566923615978,4353.3,0,1181.76,1199.6,"sS(s=40,S=65)",42,25,40.0,65.0
0.12556053811659193,4105.4,5,1176.8,1193.0,"sS(s=40,S=65)",42,26,40.0,65.0
0.0887651490337373,4757.3,2,1519.32,1574.9,"sS(s=40,S=65)",42,27,40.0,65.0
0.16744366744366745,3823.4,0,1048.1399999999999,1091.0,"sS(s=40,S=65)",42,28,40.0,65.0
0.15610286128214415,4054.6,0,1325.54,1437.4,"sS(s=40,S=65)",42,29,40.0,65.0
0.0962223806129722,4226.0,0,984.44,986.7,"sS(s=40,S=65)",42,30,40.0,65.0
0.09691629955947137,4766.3,0,1304.54,1331.0,"sS(s=40,S=65)",42,31,40.0,65.0
0.1274928774928775,4322.6,0,1019.16,1021.0,"sS(s=40,S=65)",42,32,40.0,65.0
0.23841059602649006,4268.8,0,1488.6399999999999,1601.1,"sS(s=40,S=65)",42,33,40.0,65.0
0.16173645793315405,4134.3,2,1404.44,1528.9,"sS(s=40,S=65)",42,34,40.0,65.0
0.14318975552968569,3851.2,0,1044.0,1074.2,"sS(s=40,S=65)",42,35,40.0,65.0
0.0717931269139163,4649.1,1,1333.14,1394.4,"sS(s=40,S=65)",42,36,40.0,65.0
0.17839195979899497,4201.5,2,1185.76,1201.3,"sS(s=40,S=65)",42,37,40.0,65.0
0.12595685455810718,4558.6,0,1336.76,1425.2,"sS(s=40,S=65)",42,38,40.0,65.0
0.19030154849225753,3840.4,1,1035.82,1036.1,"sS(s=40,S=65)",42,39,40.0,65.0
0.17446319018404907,4021.2,4,1121.28,1139.9,"sS(s=40,S=65)",42,40,40.0,65.0
0.17975133214920072,4418.2,0,1086.52,1087.7,"sS(s=40,S=65)",42,41,40.0,65.0
0.15549506634909832,4871.5,0,1257.8,1272.0,"sS(s=40,S=65)",42,42,40.0,65.0
0.1243396993092239,3935.8,1,967.74,971.9,"sS(s=40,S=65)",42,43,40.0,65.0
0.05464098073555167,4140.6,0,1094.44,1131.0,"sS(s=40,S=65)",42,44,40.0,65.0
0.1791271347248577,4167.7,0,1196.1200000000001,1263.4,"sS(s=40,S=65)",42,45,40.0,65.0
0.12491716368455931,4869.6,0,1473.0,1582.0,"sS(s=40,S=65)",42,46,40.0,65.0
0.11987270155586988,4738.9,1,1353.6,1409.5,"sS(s=40,S=65)",42,47,40.0,65.0
0.21176470588235294,3785.0,0,1058.42,1070.5,"sS(s=40,S=65)",42,48,40.0,65.0
0.0939524838012959,4402.4,8,1196.24,1240.7,"sS(s=40,S=65)",42,49,40.0,65.0
0.19772296015180266,4247.6,5,1089.16,1097.7,"sS(s=40,S=70)",42,0,40.0,70.0
0.1241354204586822,4050.0,0,1138.62,1149.5,"sS(s=40,S=70)",42,1,40.0,70.0
0.10782608695652174,4489.3,1,1437.54,1513.0,"sS(s=40,S=70)",42,2,40.0,70.0
0.09440947797112181,4143.5,0,1146.64,1178.2,"sS(s=40,S=70)",42,3,40.0,70.0
0.18509984639016897,3960.0,2,1209.1200000000001,1236.9,"sS(s=40,S=70)",42,4,40.0,70.0
0.13315579227696406,4596.2,2,1293.3,1330.3,"sS(s=40,S=70)",42,5,40.0,70.0
0.2581648522550544,3921.2,2,1177.4799999999998,1213.1,"sS(s=40,S=70)",42,6,40.0,70.0
0.15549111997100398,4199.7,1,1229.8799999999999,1291.1,"sS(s=40,S=70)",42,7,40.0,70.0
0.15691294806144843,4349.8,2,1304.74,1341.2,"sS(s=40,S=70)",42,8,40.0,70.0
0.10424448217317488,4552.1,0,1158.26,1159.0,"sS(s=40,S=70)",42,9,40.0,70.0
0.19669777458722182,4096.2,3,1094.6200000000001,1099.7,"sS(s=40,S=70)",42,10,40.0,70.0
0.09013035381750466,3970.2,0,1245.74,1303.4,"sS(s=40,S=70)",42,11,40.0,70.0
0.19361627499123116,4267.6,0,1231.28,1263.6,"sS(s=40,S=70)",42,12,40.0,70.0
0.11619462599854757,4341.1,2,1252.74,1302.2,"sS(s=40,S=70)",42,13,40.0,70.0
0.23891437308868502,4194.6,3,1134.44,1185.9,"sS(s=40,S=70)",42,14,40.0,70.0
0.10648148148148148,4096.1,2,1310.84,1384.6,"sS(s=40,S=70)",42,15,40.0,70.0
0.1681614349775785,4155.1,1,1265.1599999999999,1331.1,"sS(s=40,S=70)",42,16,40.0,70.0
0.17394366197183098,4547.6,2,1111.1,1112.1,"sS(s=40,S=70)",42,17,40.0,70.0
0.12751436781609196,4404.5,1,1206.7599999999998,1265.6,"sS(s=40,S=70)",42,18,40.0,70.0
0.22988505747126436,3926.5,3,1168.6,1218.0,"sS(s=40,S=70)",42,19,40.0,70.0
0.12813171080887617,4381.8,2,1297.54,1315.4,"sS(s=40,S=70)",42,20,40.0,70.0
0.18846022533287812,4384.9,3,1293.4,1295.4,"sS(s=40,S=70)",42,21,40.0,70.0
0.17274167987321712,5144.1,1,1520.54,1588.0,"sS(s=40,S=70)",42,22,40.0,70.0
0.23277074542897327,4853.3,3,1360.34,1415.8,"sS(s=40,S=70)",42,23,40.0,70.0
0.07791279485346676,4031.6,1,957.9200000000001,958.6,"sS(s=40,S=70)",42,24,40.0,70.0
0.15381920112123335,4377.5,0,1151.8799999999999,1171.1,"sS(s=40,S=70)",42,25,40.0,70.0
0.1591928251121076,4112.0,6,1182.8,1200.5,"sS(s=40,S=70)",42,26,40.0,70.0
0.1018670160497871,4688.3,2,1493.32,1550.9,"sS(s=40,S=70)",42,27,40.0,70.0
0.1895881895881896,3802.9,0,1031.3799999999999,1067.5,"sS(s=40,S=70)",42,28,40.0,70.0
0.17602318000724376,3972.6,0,1300.74,1408.4,"sS(s=40,S=70)",42,29,40.0,70.0
0.10940841054882394,4174.7,0,976.58,983.2,"sS(s=40,S=70)",42,30,40.0,70.0
0.11385970857336496,4723.3,0,1281.6399999999999,1306.0,"sS(s=40,S=70)",42,31,40.0,70.0
0.1517094017094017,4235.7,0,1014.5,1017.4,"sS(s=40,S=70)",42,32,40.0,70.0
0.2619573215599706,4264.1,1,1546.5399999999997,1688.1,"sS(s=40,S=70)",42,33,40.0,70.0
0.1847867844794468,4123.3,2,1393.44,1514.9,"sS(s=40,S=70)",42,34,40.0,70.0
0.1742336049670159,3822.2,0,1046.3,1091.2,"sS(s=40,S=70)",42,35,40.0,70.0
0.0905069751616196,4621.6,0,1298.04,1348.9,"sS(s=40,S=70)",42,36,40.0,70.0
0.19095477386934673,4197.5,2,1204.74,1214.1,"sS(s=40,S=70)",42,37,40.0,70.0
0.1590118302018093,4570.1,0,1411.76,1517.2,"sS(s=40,S=70)",42,38,40.0,70.0
0.22290138549307253,3806.9,1,1039.4199999999998,1041.1,"sS(s=40,S=70)",42,39,40.0,70.0
0.20820552147239263,3943.0,3,1126.32,1155.9,"sS(s=40,S=70)",42,40,40.0,70.0
0.19680284191829484,4354.5,0,1082.54,1085.1,"sS(s=40,S=70)",42,41,40.0,70.0
0.18611772711806737,4826.5,0,1235.8,1244.5,"sS(s=40,S=70)",42,42,40.0,70.0
0.16416091019910606,3954.9,1,966.76,967.8,"sS(s=40,S=70)",42,43,40.0,70.0
0.07600700525394045,4093.7,0,1113.1399999999999,1159.0,"sS(s=40,S=70)",42,44,40.0,70.0
0.19924098671726756,4181.9,0,1183.56,1247.7,"sS(s=40,S=70)",42,45,40.0,70.0
0.14314115308151093,4848.1,0,1450.1999999999998,1553.5,"sS(s=40,S=70)",42,46,40.0,70.0
0.14674681753889673,4676.9,1,1327.6,1385.5,"sS(s=40,S=70)",42,47,40.0,70.0
0.23529411764705882,3721.8,0,1061.02,1073.5,"sS(s=40,S=70)",42,48,40.0,70.0
0.11375089992800576,4325.4,7,1228.6399999999999,1293.2,"sS(s=40,S=70)",42,49,40.0,70.0
0.20910815939278937,4207.1,5,1077.96,1083.7,"sS(s=40,S=75)",42,0,40.0,75.0
0.14743356388787768,3931.9,0,1137.62,1151.5,"sS(s=40,S=75)",42,1,40.0,75.0
0.12452173913043478,4377.6,1,1408.24,1494.0,"sS(s=40,S=75)",42,2,40.0,75.0
0.12624953720844131,4221.1,0,1147.6399999999999,1198.7,"sS(s=40,S=75)",42,3,40.0,75.0
0.21390168970814133,3895.2,1,1223.42,1253.4,"sS(s=40,S=75)",42,4,40.0,75.0
0.15712383488681758,4579.7,2,1289.8999999999999,1323.3,"sS(s=40,S=75)",42,5,40.0,75.0
0.2931570762052877,3904.1,2,1189.4799999999998,1225.6,"sS(s=40,S=75)",42,6,40.0,75.0
0.18158753171438927,4129.9,1,1240.32,1303.6,"sS(s=40,S=75)",42,7,40.0,75.0
0.16934893928310168,4362.7,2,1309.24,1353.8,"sS(s=40,S=75)",42,8,40.0,75.0
0.12699490662139218,4467.3,0,1156.66,1159.0,"sS(s=40,S=75)",42,9,40.0,75.0
0.21284996410624551,4048.7,3,1092.6399999999999,1100.6,"sS(s=40,S=75)",42,10,40.0,75.0
0.11657355679702049,3899.3,0,1239.74,1294.4,"sS(s=40,S=75)",42,11,40.0,75.0
0.20975096457383374,4218.2,0,1200.98,1219.6,"sS(s=40,S=75)",42,12,40.0,75.0
0.13616557734204793,4298.6,2,1233.94,1293.2,"sS(s=40,S=75)",42,13,40.0,75.0
0.2198012232415902,4096.1,3,1144.24,1216.9,"sS(s=40,S=75)",42,14,40.0,75.0
0.13141025641025642,4025.1,2,1302.76,1381.5,"sS(s=40,S=75)",42,15,40.0,75.0
0.19805680119581465,4142.6,2,1250.36,1318.1,"sS(s=40,S=75)",42,16,40.0,75.0
0.18626760563380282,4528.6,2,1122.5,1126.1,"sS(s=40,S=75)",42,17,40.0,75.0
0.1476293103448276,4341.1,1,1192.7599999999998,1252.6,"sS(s=40,S=75)",42,18,40.0,75.0
0.23256704980842913,3908.0,3,1156.6,1203.0,"sS(s=40,S=75)",42,19,40.0,75.0
0.13385826771653545,4294.9,0,1330.66,1352.9,"sS(s=40,S=75)",42,20,40.0,75.0
0.19460566746329805,4325.1,3,1279.7,1281.4,"sS(s=40,S=75)",42,21,40.0,75.0
0.1889064976228209,5104.2,1,1520.74,1593.0,"sS(s=40,S=75)",42,22,40.0,75.0
0.25562587904360057,4792.1,3,1345.54,1402.3,"sS(s=40,S=75)",42,23,40.0,75.0
0.09471050750536097,3959.8,1,940.88,946.2,"sS(s=40,S=75)",42,24,40.0,75.0
0.15487035739313246,4259.3,0,1144.8400000000001,1145.4,"sS(s=40,S=75)",42,25,40.0,75.0
0.17152466367713004,4042.8,6,1188.8,1208.0,"sS(s=40,S=75)",42,26,40.0,75.0
0.11496888306583689,4645.3,2,1456.92,1500.9,"sS(s=40,S=75)",42,27,40.0,75.0
0.22261072261072262,3723.9,0,1014.34,1044.0,"sS(s=40,S=75)",42,28,40.0,75.0
0.19014849692140529,3914.3,0,1275.94,1379.4,"sS(s=40,S=75)",42,29,40.0,75.0
0.13257305773342837,4109.2,0,969.96,982.2,"sS(s=40,S=75)",42,30,40.0,75.0
0.12572009488309047,4677.0,0,1266.0,1281.0,"sS(s=40,S=75)",42,31,40.0,75.0
0.17663817663817663,4178.2,0,1006.6,1008.4,"sS(s=40,S=75)",42,32,40.0,75.0
0.27851361295069904,4174.1,1,1561.4399999999998,1715.1,"sS(s=40,S=75)",42,33,40.0,75.0
0.1978486361890127,4134.7,2,1403.24,1526.9,"sS(s=40,S=75)",42,34,40.0,75.0
0.20527745440434614,3753.3,0,1048.82,1108.2,"sS(s=40,S=75)",42,35,40.0,75.0
0.1092208234093229,4579.1,0,1265.94,1313.4,"sS(s=40,S=75)",42,36,40.0,75.0
0.20351758793969849,4160.5,2,1217.54,1238.6,"sS(s=40,S=75)",42,37,40.0,75.0
0.19206680584551147,4575.0,0,1484.36,1614.2,"sS(s=40,S=75)",42,38,40.0,75.0
0.2530562347188264,3747.3,1,1026.94,1028.0,"sS(s=40,S=75)",42,39,40.0,75.0
0.24079754601226994,3896.9,3,1144.4799999999998,1178.6,"sS(s=40,S=75)",42,40,40.0,75.0
0.21065719360568383,4308.2,0,1049.06,1049.3,"sS(s=40,S=75)",42,41,40.0,75.0
0.2092548485879551,4815.0,1,1271.96,1289.7,"sS(s=40,S=75)",42,42,40.0,75.0
0.18650954896383584,3959.9,2,1037.86,1053.8,"sS(s=40,S=75)",42,43,40.0,75.0
0.09912434325744308,4001.3,0,1109.36,1158.0,"sS(s=40,S=75)",42,44,40.0,75.0
0.22504743833017077,4119.5,0,1165.96,1225.7,"sS(s=40,S=75)",42,45,40.0,75.0
0.16136514247846256,4826.6,0,1427.3999999999999,1525.0,"sS(s=40,S=75)",42,46,40.0,75.0
0.16973125884016974,4642.9,1,1324.0,1389.5,"sS(s=40,S=75)",42,47,40.0,75.0
0.25529411764705884,3702.0,0,1052.42,1062.5,"sS(s=40,S=75)",42,48,40.0,75.0
0.128869690424766,4260.1,6,1220.16,1283.7,"sS(s=40,S=75)",42,49,40.0,75.0
0.20037950664136622,4140.1,5,1028.8,1046.9,"sS(s=40,S=80)",42,0,40.0,80.0
0.16672733891518018,3838.7,0,1061.1799999999998,1069.1,"sS(s=40,S=80)",42,1,40.0,80.0
0.13321739130434782,4295.6,1,1294.62,1361.0,"sS(s=40,S=80)",42,2,40.0,80.0
0.15734912995186967,4184.5,0,1130.28,1188.8,"sS(s=40,S=80)",42,3,40.0,80.0
0.24155145929339478,3908.3,2,1321.32,1375.9,"sS(s=40,S=80)",42,4,40.0,80.0
0.15612516644474034,4561.9,2,1246.42,1266.2,"sS(s=40,S=80)",42,5,40.0,80.0
0.3215396578538103,3849.4,2,1201.4799999999998,1238.1,"sS(s=40,S=80)",42,6,40.0,80.0
0.19681043856469735,4096.1,1,1251.4199999999998,1316.1,"sS(s=40,S=80)",42,7,40.0,80.0
0.2121433796634967,4253.6,2,1280.6999999999998,1323.3,"sS(s=40,S=80)",42,8,40.0,80.0
0.15110356536502548,4417.3,0,1168.52,1170.9,"sS(s=40,S=80)",42,9,40.0,80.0
0.24335965541995694,3967.2,2,1103.4199999999998,1108.1,"sS(s=40,S=80)",42,10,40.0,80.0
0.14711359404096835,3844.5,0,1228.14,1278.4,"sS(s=40,S=80)",42,11,40.0,80.0
0.22027358821466153,4254.7,0,1192.6799999999998,1203.1,"sS(s=40,S=80)",42,12,40.0,80.0
0.1568627450980392,4251.5,2,1221.94,1284.2,"sS(s=40,S=80)",42,13,40.0,80.0
0.27714067278287463,4133.0,3,1130.8799999999999,1172.1,"sS(s=40,S=80)",42,14,40.0,80.0
0.1599002849002849,3959.1,2,1289.22,1373.0,"sS(s=40,S=80)",42,15,40.0,80.0
0.22795216741405083,4094.1,2,1232.36,1296.1,"sS(s=40,S=80)",42,16,40.0,80.0
0.2035211267605634,4492.3,2,1104.54,1108.6,"sS(s=40,S=80)",42,17,40.0,80.0
0.16163793103448276,4182.0,1,1183.4,1245.4,"sS(s=40,S=80)",42,18,40.0,80.0
0.26513409961685824,3841.3,3,1143.8799999999999,1187.1,"sS(s=40,S=80)",42,19,40.0,80.0
0.15891195418754475,4235.4,0,1319.0600000000002,1339.4,"sS(s=40,S=80)",42,20,40.0,80.0
0.22362581085694777,4241.8,3,1260.96,1261.1,"sS(s=40,S=80)",42,21,40.0,80.0
0.21109350237717908,5100.7,1,1567.1399999999999,1664.0,"sS(s=40,S=80)",42,22,40.0,80.0
0.27637130801687765,4746.5,3,1329.54,1388.8,"sS(s=40,S=80)",42,23,40.0,80.0
0.11794138670478914,3945.8,1,898.26,899.2,"sS(s=40,S=80)",42,24,40.0,80.0
0.18640504555010512,4214.8,0,1182.0,1201.9,"sS(s=40,S=80)",42,25,40.0,80.0
0.20889387144992527,4108.9,4,1230.0,1259.5,"sS(s=40,S=80)",42,26,40.0,80.0
0.11627906976744186,4569.9,3,1472.1200000000001,1530.9,"sS(s=40,S=80)",42,27,40.0,80.0
0.25485625485625485,3668.1,0,996.34,1020.5,"sS(s=40,S=80)",42,28,40.0,80.0
0.18725099601593626,3910.3,0,1290.96,1382.4,"sS(s=40,S=80)",42,29,40.0,80.0
0.1557377049180328,4074.7,0,968.76,983.2,"sS(s=40,S=80)",42,30,40.0,80.0
0.137580481192816,4634.5,0,1242.0,1256.0,"sS(s=40,S=80)",42,31,40.0,80.0
0.20548433048433049,4103.3,0,998.34,999.4,"sS(s=40,S=80)",42,32,40.0,80.0
0.2947019867549669,4128.0,1,1576.3399999999997,1742.1,"sS(s=40,S=80)",42,33,40.0,80.0
0.2247406838263542,4082.7,2,1388.24,1507.9,"sS(s=40,S=80)",42,34,40.0,80.0
0.23476911136980985,3738.3,0,1108.32,1191.2,"sS(s=40,S=80)",42,35,40.0,80.0
0.12112963593058863,4570.7,1,1242.72,1289.0,"sS(s=40,S=80)",42,36,40.0,80.0
0.2189519023689878,4125.1,2,1228.8,1259.8,"sS(s=40,S=80)",42,37,40.0,80.0
0.22512178148921363,4548.8,0,1454.76,1585.2,"sS(s=40,S=80)",42,38,40.0,80.0
0.2775061124694376,3691.3,1,1022.74,1026.0,"sS(s=40,S=80)",42,39,40.0,80.0
0.27338957055214724,3873.4,3,1178.4799999999998,1221.1,"sS(s=40,S=80)",42,40,40.0,80.0
0.20568383658969805,4281.3,0,1129.4199999999998,1150.1,"sS(s=40,S=80)",42,41,40.0,80.0
0.23647499149370535,4816.2,1,1257.0,1271.0,"sS(s=40,S=80)",42,42,40.0,80.0
0.20357578220235675,3928.5,2,1036.96,1049.8,"sS(s=40,S=80)",42,43,40.0,80.0
0.1330998248686515,3894.0,0,1069.6599999999999,1110.0,"sS(s=40,S=80)",42,44,40.0,80.0
0.22277039848197344,4144.0,0,1158.28,1216.1,"sS(s=40,S=80)",42,45,40.0,80.0
0.15540092776673295,4720.8,0,1387.8,1475.5,"sS(s=40,S=80)",42,46,40.0,80.0
0.19731258840169733,4559.2,1,1295.46,1355.5,"sS(s=40,S=80)",42,47,40.0,80.0
0.2749019607843137,3659.7,0,1035.02,1040.5,"sS(s=40,S=80)",42,48,40.0,80.0
0.1493880489560835,4207.1,6,1213.24,1275.2,"sS(s=40,S=80)",42,49,40.0,80.0
0.22504743833017077,4100.6,5,1019.7,1037.9,"sS(s=40,S=85)",42,0,40.0,85.0
0.19949035311248633,3766.8,0,1058.46,1062.7,"sS(s=40,S=85)",42,1,40.0,85.0
0.16452173913043477,4215.1,1,1242.4999999999998,1302.6,"sS(s=40,S=85)",42,2,40.0,85.0
0.19104035542391706,4212.6,0,1135.86,1185.2,"sS(s=40,S=85)",42,3,40.0,85.0
0.27035330261136714,3855.5,1,1307.1799999999998,1360.6,"sS(s=40,S=85)",42,4,40.0,85.0
0.18209054593874835,4525.7,2,1247.02,1264.2,"sS(s=40,S=85)",42,5,40.0,85.0
0.3300933125972006,3860.3,2,1213.4799999999998,1250.6,"sS(s=40,S=85)",42,6,40.0,85.0
0.21964479884015947,4030.1,1,1262.52,1328.6,"sS(s=40,S=85)",42,7,40.0,85.0
0.25091441111923923,4146.0,2,1226.3999999999999,1258.8,"sS(s=40,S=85)",42,8,40.0,85.0
0.1697792869269949,4255.3,0,1158.58,1159.0,"sS(s=40,S=85)",42,9,40.0,85.0
0.2709978463747308,3936.9,2,1165.28,1177.7,"sS(s=40,S=85)",42,10,40.0,85.0
0.16312849162011173,3905.8,0,1228.94,1259.4,"sS(s=40,S=85)",42,11,40.0,85.0
0.24552788495264818,4271.3,0,1216.46,1228.9,"sS(s=40,S=85)",42,12,40.0,85.0
0.16884531590413943,4235.3,2,1209.94,1275.2,"sS(s=40,S=85)",42,13,40.0,85.0
0.26376146788990823,4061.2,3,1106.96,1163.4,"sS(s=40,S=85)",42,14,40.0,85.0
0.19266381766381765,3914.0,2,1267.9199999999998,1357.5,"sS(s=40,S=85)",42,15,40.0,85.0
0.257847533632287,4045.6,2,1214.36,1274.1,"sS(s=40,S=85)",42,16,40.0,85.0
0.23415492957746478,4500.6,2,1073.24,1079.0,"sS(s=40,S=85)",42,17,40.0,85.0
0.17708333333333334,4221.7,1,1214.28,1277.9,"sS(s=40,S=85)",42,18,40.0,85.0
0.289272030651341,3784.1,3,1129.96,1169.7,"sS(s=40,S=85)",42,19,40.0,85.0
0.18360773085182533,4220.0,0,1333.82,1362.0,"sS(s=40,S=85)",42,20,40.0,85.0
0.2413793103448276,4143.0,2,1250.84,1257.0,"sS(s=40,S=85)",42,21,40.0,85.0
0.23328050713153725,5094.2,2,1560.34,1659.0,"sS(s=40,S=85)",42,22,40.0,85.0
0.28727144866385373,4751.5,3,1323.42,1392.4,"sS(s=40,S=85)",42,23,40.0,85.0
0.14760543245175126,3988.6,1,980.24,1001.5,"sS(s=40,S=85)",42,24,40.0,85.0
0.21793973370707778,4170.8,0,1283.52,1337.4,"sS(s=40,S=85)",42,25,40.0,85.0
0.24626307922272048,4089.4,4,1232.0,1262.0,"sS(s=40,S=85)",42,26,40.0,85.0
0.13101867016049787,4499.2,3,1452.92,1517.9,"sS(s=40,S=85)",42,27,40.0,85.0
0.2801087801087801,3615.6,0,978.34,997.0,"sS(s=40,S=85)",42,28,40.0,85.0
0.208982252806954,3854.8,0,1255.8600000000001,1334.9,"sS(s=40,S=85)",42,29,40.0,85.0
0.18389166072701355,4005.6,0,950.62,962.2,"sS(s=40,S=85)",42,30,40.0,85.0
0.1494408675025415,4634.0,0,1254.9,1274.0,"sS(s=40,S=85)",42,31,40.0,85.0
0.23575498575498577,4052.8,0,989.54,990.4,"sS(s=40,S=85)",42,32,40.0,85.0
0.318616629874908,4091.5,1,1591.2399999999998,1769.1,"sS(s=40,S=85)",42,33,40.0,85.0
0.23665001920860546,4117.9,3,1407.6399999999999,1531.9,"sS(s=40,S=85)",42,34,40.0,85.0
0.2607683352735739,3757.1,0,1117.1,1198.2,"sS(s=40,S=85)",42,35,40.0,85.0
0.1449472609731201,4550.7,1,1207.02,1249.0,"sS(s=40,S=85)",42,36,40.0,85.0
0.23869346733668342,4163.7,3,1229.04,1278.8,"sS(s=40,S=85)",42,37,40.0,85.0
0.2522616562282533,4602.8,0,1478.9199999999998,1597.2,"sS(s=40,S=85)",42,38,40.0,85.0
0.30277098614506925,3592.3,0,1078.04,1123.9,"sS(s=40,S=85)",42,39,40.0,85.0
0.3040644171779141,3812.6,2,1167.6799999999998,1207.6,"sS(s=40,S=85)",42,40,40.0,85.0
0.2216696269982238,4243.8,0,1108.4199999999998,1119.6,"sS(s=40,S=85)",42,41,40.0,85.0
0.2636951343994556,4822.0,1,1280.76,1300.7,"sS(s=40,S=85)",42,42,40.0,85.0
0.23161316537992685,3886.1,2,1033.8999999999999,1043.1,"sS(s=40,S=85)",42,43,40.0,85.0
0.16532399299474607,3800.2,0,1035.22,1070.0,"sS(s=40,S=85)",42,44,40.0,85.0
0.2667931688804554,3985.8,0,1105.16,1149.7,"sS(s=40,S=85)",42,45,40.0,85.0
0.1918489065606362,4678.8,0,1413.0,1507.0,"sS(s=40,S=85)",42,46,40.0,85.0
0.22277227722772278,4484.3,1,1274.1599999999999,1329.5,"sS(s=40,S=85)",42,47,40.0,85.0
0.2733333333333333,3734.5,0,999.06,1014.1,"sS(s=40,S=85)",42,48,40.0,85.0
0.17098632109431244,4217.9,6,1236.34,1299.6,"sS(s=40,S=85)",42,49,40.0,85.0
0.24971537001897534,4096.1,4,1026.6000000000001,1028.9,"sS(s=40,S=90)",42,0,40.0,90.0
0.23370950127411722,3721.9,0,1063.66,1066.2,"sS(s=40,S=90)",42,1,40.0,90.0
0.19826086956521738,4271.3,1,1208.9399999999998,1264.3,"sS(s=40,S=90)",42,2,40.0,90.0
0.22362088115512774,4177.5,0,1136.66,1185.2,"sS(s=40,S=90)",42,3,40.0,90.0
0.2630568356374808,3705.1,1,1281.3999999999999,1348.1,"sS(s=40,S=90)",42,4,40.0,90.0
0.19340878828229027,4529.0,2,1185.6599999999999,1189.3,"sS(s=40,S=90)",42,5,40.0,90.0
0.3557542768273717,3825.3,1,1262.28,1309.1,"sS(s=40,S=90)",42,6,40.0,90.0
0.24139180862631388,3969.2,1,1273.62,1341.1,"sS(s=40,S=90)",42,7,40.0,90.0
0.2900512070226774,4084.1,1,1209.3,1243.3,"sS(s=40,S=90)",42,8,40.0,90.0
0.1966044142614601,4179.7,0,1165.72,1167.4,"sS(s=40,S=90)",42,9,40.0,90.0
0.2964824120603015,3867.7,2,1169.1,1180.6,"sS(s=40,S=90)",42,10,40.0,90.0
0.20297951582867785,3805.5,0,1238.6799999999998,1255.6,"sS(s=40,S=90)",42,11,40.0,90.0
0.2686776569624693,4258.5,0,1190.02,1191.0,"sS(s=40,S=90)",42,12,40.0,90.0
0.19607843137254902,4181.3,2,1197.94,1266.2,"sS(s=40,S=90)",42,13,40.0,90.0
0.29434250764525993,4045.2,2,1091.26,1150.9,"sS(s=40,S=90)",42,14,40.0,90.0
0.2282763532763533,3951.5,2,1236.32,1334.5,"sS(s=40,S=90)",42,15,40.0,90.0
0.2802690582959641,4092.1,2,1255.9599999999998,1304.1,"sS(s=40,S=90)",42,16,40.0,90.0
0.2584507042253521,4528.7,2,1117.8,1128.1,"sS(s=40,S=90)",42,17,40.0,90.0
0.20977011494252873,4284.2,1,1171.6399999999999,1227.6,"sS(s=40,S=90)",42,18,40.0,90.0
0.335632183908046,3695.5,3,1139.64,1182.7,"sS(s=40,S=90)",42,19,40.0,90.0
0.20687186828919113,4170.5,0,1311.9199999999998,1343.5,"sS(s=40,S=90)",42,20,40.0,90.0
0.26220553089791737,4105.2,2,1224.24,1231.3,"sS(s=40,S=90)",42,21,40.0,90.0
0.2554675118858954,5030.0,2,1553.54,1654.0,"sS(s=40,S=90)",42,22,40.0,90.0
0.29852320675105487,4793.2,3,1326.46,1397.9,"sS(s=40,S=90)",42,23,40.0,90.0
0.18012866333095068,3955.2,1,958.16,974.9,"sS(s=40,S=90)",42,24,40.0,90.0
0.25227750525578135,4132.4,0,1286.22,1348.9,"sS(s=40,S=90)",42,25,40.0,90.0
0.2686846038863976,4133.6,5,1256.26,1293.0,"sS(s=40,S=90)",42,26,40.0,90.0
0.1457582705535539,4473.9,3,1416.92,1493.9,"sS(s=40,S=90)",42,27,40.0,90.0
0.3034188034188034,3583.5,0,960.34,973.5,"sS(s=40,S=90)",42,28,40.0,90.0
0.23252444766388988,3798.7,0,1220.76,1287.4,"sS(s=40,S=90)",42,29,40.0,90.0
0.23200285103349966,3823.2,0,1103.08,1153.9,"sS(s=40,S=90)",42,30,40.0,90.0
0.19823788546255505,4658.4,0,1260.6000000000001,1274.2,"sS(s=40,S=90)",42,31,40.0,90.0
0.23005698005698005,4059.4,0,1008.84,1027.2,"sS(s=40,S=90)",42,32,40.0,90.0
0.34253127299484915,4168.9,1,1597.0199999999998,1772.1,"sS(s=40,S=90)",42,33,40.0,90.0
0.26392623895505185,4022.9,1,1388.6399999999999,1507.9,"sS(s=40,S=90)",42,34,40.0,90.0
0.29064804035700426,3665.3,0,1126.8,1205.2,"sS(s=40,S=90)",42,35,40.0,90.0
0.1687648860156516,4483.7,1,1171.32,1209.0,"sS(s=40,S=90)",42,36,40.0,90.0
0.25843503230437903,4147.7,3,1238.1399999999999,1297.8,"sS(s=40,S=90)",42,37,40.0,90.0
0.27383437717466946,4543.8,0,1449.12,1553.2,"sS(s=40,S=90)",42,38,40.0,90.0
0.3374083129584352,3545.8,0,1071.44,1121.9,"sS(s=40,S=90)",42,39,40.0,90.0
0.31441717791411045,3834.4,3,1155.28,1192.1,"sS(s=40,S=90)",42,40,40.0,90.0
0.23374777975133215,4260.3,0,1087.4199999999998,1089.1,"sS(s=40,S=90)",42,41,40.0,90.0
0.28342973800612453,4784.4,1,1259.96,1274.7,"sS(s=40,S=90)",42,42,40.0,90.0
0.26127590410402274,3854.5,2,1020.76,1023.8,"sS(s=40,S=90)",42,43,40.0,90.0
0.2,3676.1,0,1000.74,1027.9,"sS(s=40,S=90)",42,44,40.0,90.0
0.27400379506641365,4066.4,0,1150.36,1205.3,"sS(s=40,S=90)",42,45,40.0,90.0
0.22498343273691188,4683.2,0,1499.0,1614.5,"sS(s=40,S=90)",42,46,40.0,90.0
0.24398868458274398,4330.8,1,1254.46,1315.5,"sS(s=40,S=90)",42,47,40.0,90.0
0.2996078431372549,3825.4,0,976.88,1015.1,"sS(s=40,S=90)",42,48,40.0,90.0
0.18466522678185746,4293.1,6,1260.28,1277.6,"sS(s=40,S=90)",42,49,40.0,90.0
0.25996204933586337,4037.2,3,1015.18,1019.9,"sS(s=40,S=95)",42,0,40.0,95.0
0.2628321805606116,3753.4,0,1141.54,1159.5,"sS(s=40,S=95)",42,1,40.0,95.0
0.22782608695652173,4231.3,1,1210.84,1274.8,"sS(s=40,S=95)",42,2,40.0,95.0
0.2587930396149574,4219.9,0,1214.86,1282.2,"sS(s=40,S=95)",42,3,40.0,95.0
0.2868663594470046,3713.3,0,1265.1,1320.1,"sS(s=40,S=95)",42,4,40.0,95.0
0.20372836218375498,4462.7,2,1192.86,1200.3,"sS(s=40,S=95)",42,5,40.0,95.0
0.3499222395023328,3991.4,2,1389.4799999999998,1465.6,"sS(s=40,S=95)",42,6,40.0,95.0
0.26640086988039147,3904.7,1,1284.7199999999998,1353.6,"sS(s=40,S=95)",42,7,40.0,95.0
0.324067300658376,3995.1,1,1194.1999999999998,1227.8,"sS(s=40,S=95)",42,8,40.0,95.0
0.21494057724957555,4116.6,0,1225.6399999999999,1242.3,"sS(s=40,S=95)",42,9,40.0,95.0
0.3180186647523331,3848.7,2,1180.1,1181.6,"sS(s=40,S=95)",42,10,40.0,95.0
0.21973929236499068,3759.9,0,1252.08,1274.6,"sS(s=40,S=95)",42,11,40.0,95.0
0.29323044545773413,4203.5,0,1198.42,1210.5,"sS(s=40,S=95)",42,12,40.0,95.0
0.2204066811909949,4139.4,2,1185.94,1257.2,"sS(s=40,S=95)",42,13,40.0,95.0
0.32492354740061163,3989.2,2,1077.56,1138.4,"sS(s=40,S=95)",42,14,40.0,95.0
0.26282051282051283,3945.6,3,1192.1399999999999,1256.0,"sS(s=40,S=95)",42,15,40.0,95.0
0.3038116591928251,4057.4,1,1225.9599999999998,1264.1,"sS(s=40,S=95)",42,16,40.0,95.0
0.2764084507042254,4495.6,1,1130.4,1139.5,"sS(s=40,S=95)",42,17,40.0,95.0
0.23886494252873564,4313.3,1,1171.6399999999999,1224.6,"sS(s=40,S=95)",42,18,40.0,95.0
0.3432950191570881,3718.4,2,1163.54,1213.7,"sS(s=40,S=95)",42,19,40.0,95.0
0.23729420186113098,4212.0,1,1332.22,1346.0,"sS(s=40,S=95)",42,20,40.0,95.0
0.2826903379993172,4136.9,2,1219.1799999999998,1232.6,"sS(s=40,S=95)",42,21,40.0,95.0
0.26782884310618066,4971.7,1,1546.74,1649.0,"sS(s=40,S=95)",42,22,40.0,95.0
0.3161040787623066,4764.7,3,1326.26,1403.4,"sS(s=40,S=95)",42,23,40.0,95.0
0.21622587562544673,3881.4,0,975.46,979.7,"sS(s=40,S=95)",42,24,40.0,95.0
0.28065872459705676,4222.9,0,1266.72,1345.4,"sS(s=40,S=95)",42,25,40.0,95.0
0.29260089686098656,4018.2,5,1204.9399999999998,1231.1,"sS(s=40,S=95)",42,26,40.0,95.0
0.16344579102522108,4391.8,2,1401.7,1479.9,"sS(s=40,S=95)",42,27,40.0,95.0
0.32672882672882675,3627.2,0,1073.3,1115.8,"sS(s=40,S=95)",42,28,40.0,95.0
0.2462875769648678,3706.2,0,1143.68,1189.9,"sS(s=40,S=95)",42,29,40.0,95.0
0.2655024946543122,3821.9,0,1140.26,1201.5,"sS(s=40,S=95)",42,30,40.0,95.0
0.22161978990172823,4634.8,0,1247.96,1260.7,"sS(s=40,S=95)",42,31,40.0,95.0
0.25462962962962965,3988.6,0,991.88,1007.0,"sS(s=40,S=95)",42,32,40.0,95.0
0.36644591611479027,4211.1,1,1639.2199999999998,1820.1,"sS(s=40,S=95)",42,33,40.0,95.0
0.29120245870149825,3960.4,1,1368.36,1481.2,"sS(s=40,S=95)",42,34,40.0,95.0
0.32673651532790066,3521.7,0,1136.02,1212.2,"sS(s=40,S=95)",42,35,40.0,95.0
0.18203470568220484,4518.5,1,1142.6599999999999,1177.8,"sS(s=40,S=95)",42,36,40.0,95.0
0.26776740847092606,4207.2,3,1257.24,1316.8,"sS(s=40,S=95)",42,37,40.0,95.0
0.29471120389700767,4484.8,0,1419.32,1509.2,"sS(s=40,S=95)",42,38,40.0,95.0
0.35493072534637327,3558.3,0,1057.02,1087.8,"sS(s=40,S=95)",42,39,40.0,95.0
0.34662576687116564,3852.9,2,1097.8799999999999,1127.8,"sS(s=40,S=95)",42,40,40.0,95.0
0.2497335701598579,4217.8,0,1089.88,1097.7,"sS(s=40,S=95)",42,41,40.0,95.0
0.29703980945899966,4763.9,1,1251.22,1265.8,"sS(s=40,S=95)",42,42,40.0,95.0
0.29581470946769606,3840.6,2,1002.9399999999999,1020.1,"sS(s=40,S=95)",42,43,40.0,95.0
0.21681260945709283,3805.2,0,964.4599999999999,988.8,"sS(s=40,S=95)",42,44,40.0,95.0
0.29715370018975334,4024.3,0,1107.28,1118.2,"sS(s=40,S=95)",42,45,40.0,95.0
0.2551358515573227,4631.7,0,1492.1999999999998,1606.0,"sS(s=40,S=95)",42,46,40.0,95.0
0.2652050919377652,4279.3,1,1243.76,1301.5,"sS(s=40,S=95)",42,47,40.0,95.0
0.3380392156862745,3838.0,0,991.4399999999999,1016.1,"sS(s=40,S=95)",42,48,40.0,95.0
0.2134629229661627,4237.6,6,1239.08,1255.6,"sS(s=40,S=95)",42,49,40.0,95.0
0.2846299810246679,4114.2,4,1006.3,1017.9,"sS(s=40,S=100)",42,0,40.0,100.0
0.29159082635602473,3722.9,0,1118.26,1122.2,"sS(s=40,S=100)",42,1,40.0,100.0
0.2546086956521739,4169.8,1,1203.7399999999998,1276.8,"sS(s=40,S=100)",42,2,40.0,100.0
0.2743428359866716,4217.2,0,1097.14,1131.2,"sS(s=40,S=100)",42,3,40.0,100.0
0.28993855606758834,3742.1,0,1265.04,1325.9,"sS(s=40,S=100)",42,4,40.0,100.0
0.23901464713715045,4436.5,2,1201.32,1211.3,"sS(s=40,S=100)",42,5,40.0,100.0
0.37169517884914466,3945.2,0,1408.2199999999998,1488.1,"sS(s=40,S=100)",42,6,40.0,100.0
0.28416092787241753,3928.1,1,1295.82,1366.1,"sS(s=40,S=100)",42,7,40.0,100.0
0.3149231894659839,3967.3,2,1193.42,1207.8,"sS(s=40,S=100)",42,8,40.0,100.0
0.20950764006791173,4208.5,0,1221.54,1238.3,"sS(s=40,S=100)",42,9,40.0,100.0
0.33955491744436467,3772.7,1,1180.6,1184.1,"sS(s=40,S=100)",42,10,40.0,100.0
0.24655493482309124,3581.1,0,1193.8799999999999,1203.8,"sS(s=40,S=100)",42,11,40.0,100.0
0.31778323395299896,4148.5,0,1206.82,1230.0,"sS(s=40,S=100)",42,12,40.0,100.0
0.2345679012345679,4124.2,2,1161.12,1230.6,"sS(s=40,S=100)",42,13,40.0,100.0
0.35244648318042815,3936.7,2,1064.42,1125.9,"sS(s=40,S=100)",42,14,40.0,100.0
0.28952991452991456,3888.1,3,1171.24,1233.5,"sS(s=40,S=100)",42,15,40.0,100.0
0.32623318385650224,4019.9,1,1208.6599999999999,1232.6,"sS(s=40,S=100)",42,16,40.0,100.0
0.2792253521126761,4351.2,1,1227.6,1260.1,"sS(s=40,S=100)",42,17,40.0,100.0
0.26221264367816094,4281.8,1,1172.9399999999998,1230.6,"sS(s=40,S=100)",42,18,40.0,100.0
0.3701149425287356,3732.1,2,1264.58,1342.7,"sS(s=40,S=100)",42,19,40.0,100.0
0.26449534717251255,4119.5,1,1333.74,1348.5,"sS(s=40,S=100)",42,20,40.0,100.0
0.30829634687606694,4359.4,3,1263.0600000000002,1280.4,"sS(s=40,S=100)",42,21,40.0,100.0
0.2618066561014263,4974.3,1,1551.54,1644.0,"sS(s=40,S=100)",42,22,40.0,100.0
0.33368495077355836,4741.7,3,1330.46,1414.4,"sS(s=40,S=100)",42,23,40.0,100.0
0.2562544674767691,3836.9,0,955.94,957.5,"sS(s=40,S=100)",42,24,40.0,100.0
0.3037841625788367,4251.2,0,1302.78,1396.9,"sS(s=40,S=100)",42,25,40.0,100.0
0.2806427503736921,4058.5,3,1248.6200000000001,1290.9,"sS(s=40,S=100)",42,26,40.0,100.0
0.16770389780543726,4358.8,3,1417.8,1501.9,"sS(s=40,S=100)",42,27,40.0,100.0
0.34887334887334887,3567.7,0,1054.1,1093.8,"sS(s=40,S=100)",42,28,40.0,100.0
0.27345164795363996,3651.2,0,1111.18,1152.4,"sS(s=40,S=100)",42,29,40.0,100.0
0.27548111190306485,3751.7,0,1141.54,1184.0,"sS(s=40,S=100)",42,30,40.0,100.0
0.2436462216197899,4615.8,0,1235.76,1247.2,"sS(s=40,S=100)",42,31,40.0,100.0
0.2799145299145299,3932.4,0,981.0799999999999,994.5,"sS(s=40,S=100)",42,32,40.0,100.0
0.3903605592347314,4233.6,1,1628.62,1802.1,"sS(s=40,S=100)",42,33,40.0,100.0
0.3180945063388398,3919.4,1,1339.6599999999999,1443.7,"sS(s=40,S=100)",42,34,40.0,100.0
0.359720605355064,3397.7,0,1144.52,1219.2,"sS(s=40,S=100)",42,35,40.0,100.0
0.20551207893841442,4470.2,0,1119.4,1146.5,"sS(s=40,S=100)",42,36,40.0,100.0
0.29827709978463746,4177.2,3,1267.6399999999999,1335.8,"sS(s=40,S=100)",42,37,40.0,100.0
0.31315240083507306,4430.7,0,1395.96,1479.2,"sS(s=40,S=100)",42,38,40.0,100.0
0.3671556642216789,3523.3,0,1023.8199999999999,1038.8,"sS(s=40,S=100)",42,39,40.0,100.0
0.37921779141104295,3813.4,2,1083.78,1115.8,"sS(s=40,S=100)",42,40,40.0,100.0
0.26714031971580815,4236.9,0,1185.54,1223.1,"sS(s=40,S=100)",42,41,40.0,100.0
0.27390268798911194,4693.6,1,1236.62,1249.8,"sS(s=40,S=100)",42,42,40.0,100.0
0.33197887037789514,3761.6,2,995.4399999999998,1031.6,"sS(s=40,S=100)",42,43,40.0,100.0
0.25148861646234677,3748.2,0,952.02,972.3,"sS(s=40,S=100)",42,44,40.0,100.0
0.3233396584440228,3994.6,0,1080.7,1091.7,"sS(s=40,S=100)",42,45,40.0,100.0
0.28164347249834326,4584.2,0,1484.5,1597.5,"sS(s=40,S=100)",42,46,40.0,100.0
0.28995756718529,4233.8,1,1233.06,1287.5,"sS(s=40,S=100)",42,47,40.0,100.0
0.3596078431372549,3842.8,0,985.24,1017.1,"sS(s=40,S=100)",42,48,40.0,100.0
0.25125989920806335,4294.7,5,1158.58,1176.6,"sS(s=40,S=100)",42,49,40.0,100.0
0.09943074003795066,4378.0,5,1060.3600000000001,1061.7,"sS(s=45,S=50)",42,0,45.0,50.0
0.056789224608664,4346.0,0,1140.22,1146.0,"sS(s=45,S=50)",42,1,45.0,50.0
0.042782608695652175,4702.3,2,1380.1599999999999,1447.0,"sS(s=45,S=50)",42,2,45.0,50.0
0.028878193261754906,4359.8,0,1223.32,1280.0,"sS(s=45,S=50)",42,3,45.0,50.0
0.06797235023041474,4096.7,2,1164.72,1189.9,"sS(s=45,S=50)",42,4,45.0,50.0
0.07023968042609853,4838.1,2,1290.2,1310.3,"sS(s=45,S=50)",42,5,45.0,50.0
0.14307931570762053,4091.0,1,1184.04,1231.3,"sS(s=45,S=50)",42,6,45.0,50.0
0.06560347952156578,4542.1,1,1185.8799999999999,1236.1,"sS(s=45,S=50)",42,7,45.0,50.0
0.08412582297000731,4535.0,2,1355.76,1388.5,"sS(s=45,S=50)",42,8,45.0,50.0
0.061460101867572156,4831.9,0,1193.4,1202.0,"sS(s=45,S=50)",42,9,45.0,50.0
0.0936826992103374,4437.3,3,1149.02,1179.0,"sS(s=45,S=50)",42,10,45.0,50.0
0.03910614525139665,4257.5,0,1281.74,1328.4,"sS(s=45,S=50)",42,11,45.0,50.0
0.12662223781129428,4555.8,0,1333.68,1388.2,"sS(s=45,S=50)",42,12,45.0,50.0
0.048293391430646336,4519.8,2,1240.14,1282.2,"sS(s=45,S=50)",42,13,45.0,50.0
0.14029051987767585,4420.6,4,1168.64,1202.4,"sS(s=45,S=50)",42,14,45.0,50.0
0.03917378917378917,4374.0,3,1304.14,1357.4,"sS(s=45,S=50)",42,15,45.0,50.0
0.08781763826606875,4357.1,1,1394.6799999999998,1448.3,"sS(s=45,S=50)",42,16,45.0,50.0
0.0721830985915493,4723.5,3,1170.2,1188.5,"sS(s=45,S=50)",42,17,45.0,50.0
0.06932471264367816,4595.3,3,1228.66,1274.4,"sS(s=45,S=50)",42,18,45.0,50.0
0.11226053639846743,4149.8,3,1131.8,1172.0,"sS(s=45,S=50)",42,19,45.0,50.0
0.06764495347172512,4593.3,1,1371.9,1410.7,"sS(s=45,S=50)",42,20,45.0,50.0
0.11539774667121884,4712.8,4,1334.72,1348.0,"sS(s=45,S=50)",42,21,45.0,50.0
0.08874801901743265,5394.0,2,1538.2,1594.0,"sS(s=45,S=50)",42,22,45.0,50.0
0.11919831223628692,4958.9,2,1293.34,1319.8,"sS(s=45,S=50)",42,23,45.0,50.0
0.04110078627591136,4405.5,1,1061.6799999999998,1070.6,"sS(s=45,S=50)",42,24,45.0,50.0
0.0578135949544499,4546.5,0,1237.06,1266.1,"sS(s=45,S=50)",42,25,45.0,50.0
0.044095665171898356,4272.8,4,1179.44,1196.3,"sS(s=45,S=50)",42,26,45.0,50.0
0.05961349492302653,5042.6,3,1585.2,1638.0,"sS(s=45,S=50)",42,27,45.0,50.0
0.06954156954156954,3966.9,0,1099.3799999999999,1147.5,"sS(s=45,S=50)",42,28,45.0,50.0
0.07750814922129663,4221.4,0,1404.3,1533.0,"sS(s=45,S=50)",42,29,45.0,50.0
0.05523877405559515,4454.5,0,1065.02,1066.9,"sS(s=45,S=50)",42,30,45.0,50.0
0.04303625889528973,4913.7,0,1343.84,1378.0,"sS(s=45,S=50)",42,31,45.0,50.0
0.08582621082621082,4589.9,0,1068.2,1080.0,"sS(s=45,S=50)",42,32,45.0,50.0
0.15194996320824136,4428.0,1,1409.6399999999999,1470.1,"sS(s=45,S=50)",42,33,45.0,50.0
0.10295812524010757,4301.8,3,1426.0,1544.0,"sS(s=45,S=50)",42,34,45.0,50.0
0.083430345362825,4070.8,0,1039.64,1049.2,"sS(s=45,S=50)",42,35,45.0,50.0
0.02824089826471589,4775.3,2,1299.3999999999999,1340.0,"sS(s=45,S=50)",42,36,45.0,50.0
0.12239770279971285,4491.7,2,1242.06,1279.0,"sS(s=45,S=50)",42,37,45.0,50.0
0.04314544189283229,4656.4,0,1305.28,1374.0,"sS(s=45,S=50)",42,38,45.0,50.0
0.10472697636511817,3931.0,2,1073.28,1081.9,"sS(s=45,S=50)",42,39,45.0,50.0
0.09279141104294479,4212.2,3,1163.96,1181.9,"sS(s=45,S=50)",42,40,45.0,50.0
0.11900532859680284,4620.5,0,1105.9399999999998,1107.6,"sS(s=45,S=50)",42,41,45.0,50.0
0.08846546444368833,4997.8,1,1335.0,1368.5,"sS(s=45,S=50)",42,42,45.0,50.0
0.07029662738724096,4023.3,1,1022.5200000000001,1037.4,"sS(s=45,S=50)",42,43,45.0,50.0
0.024868651488616462,4460.1,0,1115.2,1140.0,"sS(s=45,S=50)",42,44,45.0,50.0
0.10588235294117647,4299.5,0,1159.32,1212.9,"sS(s=45,S=50)",42,45,45.0,50.0
0.055666003976143144,4992.8,0,1521.54,1636.0,"sS(s=45,S=50)",42,46,45.0,50.0
0.06117397454031118,4836.3,1,1353.3999999999999,1390.5,"sS(s=45,S=50)",42,47,45.0,50.0
0.1411764705882353,3985.5,0,1061.26,1074.8,"sS(s=45,S=50)",42,48,45.0,50.0
0.035637149028077755,4648.7,8,1220.3600000000001,1239.2,"sS(s=45,S=50)",42,49,45.0,50.0
0.1222011385199241,4316.0,5,1065.16,1067.7,"sS(s=45,S=55)",42,0,45.0,55.0
0.06953039679650527,4265.5,0,1127.62,1131.0,"sS(s=45,S=55)",42,1,45.0,55.0
0.057043478260869564,4632.4,2,1374.6399999999999,1438.6,"sS(s=45,S=55)",42,2,45.0,55.0
0.0381340244353943,4282.3,0,1202.88,1253.2,"sS(s=45,S=55)",42,3,45.0,55.0
0.08832565284178187,4014.0,2,1147.3400000000001,1171.4,"sS(s=45,S=55)",42,4,45.0,55.0
0.08621837549933423,4770.9,2,1305.6999999999998,1335.3,"sS(s=45,S=55)",42,5,45.0,55.0
0.16640746500777606,4041.0,1,1203.6399999999999,1253.3,"sS(s=45,S=55)",42,6,45.0,55.0
0.08916274012323305,4474.6,1,1225.4799999999998,1285.6,"sS(s=45,S=55)",42,7,45.0,55.0
0.10241404535479151,4468.0,2,1347.86,1388.5,"sS(s=45,S=55)",42,8,45.0,55.0
0.06825127334465195,4730.4,0,1173.4,1177.0,"sS(s=45,S=55)",42,9,45.0,55.0
0.12060301507537688,4343.5,3,1138.78,1161.8,"sS(s=45,S=55)",42,10,45.0,55.0
0.048417132216014895,4170.0,0,1267.34,1318.9,"sS(s=45,S=55)",42,11,45.0,55.0
0.14942125569975448,4451.8,0,1283.3799999999999,1327.2,"sS(s=45,S=55)",42,12,45.0,55.0
0.06281771968046478,4467.3,2,1253.34,1302.2,"sS(s=45,S=55)",42,13,45.0,55.0
0.16819571865443425,4359.1,3,1155.3400000000001,1194.9,"sS(s=45,S=55)",42,14,45.0,55.0
0.05235042735042735,4279.7,3,1300.88,1362.4,"sS(s=45,S=55)",42,15,45.0,55.0
0.10201793721973094,4287.9,1,1372.12,1428.8,"sS(s=45,S=55)",42,16,45.0,55.0
0.09190140845070423,4669.1,2,1139.8,1151.1,"sS(s=45,S=55)",42,17,45.0,55.0
0.08728448275862069,4535.3,3,1217.06,1265.9,"sS(s=45,S=55)",42,18,45.0,55.0
0.13486590038314175,4091.2,3,1155.0,1201.0,"sS(s=45,S=55)",42,19,45.0,55.0
0.08446671438797423,4528.7,1,1350.44,1386.0,"sS(s=45,S=55)",42,20,45.0,55.0
0.1399795151928986,4629.2,4,1321.12,1333.0,"sS(s=45,S=55)",42,21,45.0,55.0
0.11378763866877971,5342.4,2,1524.2,1579.0,"sS(s=45,S=55)",42,22,45.0,55.0
0.15260196905766527,4931.4,2,1288.94,1314.3,"sS(s=45,S=55)",42,23,45.0,55.0
0.048248749106504646,4297.5,1,1027.48,1036.6,"sS(s=45,S=55)",42,24,45.0,55.0
0.07463209530483532,4478.3,0,1228.76,1256.6,"sS(s=45,S=55)",42,25,45.0,55.0
0.05829596412556054,4160.0,4,1176.6399999999999,1192.8,"sS(s=45,S=55)",42,26,45.0,55.0
0.06911234850966262,4941.5,3,1569.32,1624.9,"sS(s=45,S=55)",42,27,45.0,55.0
0.09751359751359752,3901.1,0,1078.48,1123.0,"sS(s=45,S=55)",42,28,45.0,55.0
0.10648315827598696,4154.4,0,1376.5,1498.0,"sS(s=45,S=55)",42,29,45.0,55.0
0.0684248039914469,4370.2,0,1039.8400000000001,1041.7,"sS(s=45,S=55)",42,30,45.0,55.0
0.0579464588275161,4859.1,0,1335.84,1363.0,"sS(s=45,S=55)",42,31,45.0,55.0
0.09722222222222222,4503.1,0,1053.0,1061.0,"sS(s=45,S=55)",42,32,45.0,55.0
0.1817512877115526,4340.5,1,1417.04,1487.1,"sS(s=45,S=55)",42,33,45.0,55.0
0.12293507491356127,4239.1,3,1417.12,1537.9,"sS(s=45,S=55)",42,34,45.0,55.0
0.09701202949165696,3963.3,0,1031.64,1046.2,"sS(s=45,S=55)",42,35,45.0,55.0
0.0421912215039129,4717.4,1,1300.62,1347.0,"sS(s=45,S=55)",42,36,45.0,55.0
0.14752333094041636,4330.7,2,1214.06,1254.0,"sS(s=45,S=55)",42,37,45.0,55.0
0.06332637439109255,4612.2,0,1324.96,1405.2,"sS(s=45,S=55)",42,38,45.0,55.0
0.12836185819070906,3877.3,1,1053.14,1061.9,"sS(s=45,S=55)",42,39,45.0,55.0
0.12193251533742332,4130.8,4,1147.48,1167.9,"sS(s=45,S=55)",42,40,45.0,55.0
0.14031971580817051,4551.5,0,1093.46,1095.8,"sS(s=45,S=55)",42,41,45.0,55.0
0.10581830554610412,4934.9,1,1309.8,1337.0,"sS(s=45,S=55)",42,42,45.0,55.0
0.09183258837870784,3982.0,1,1003.92,1017.9,"sS(s=45,S=55)",42,43,45.0,55.0
0.029422066549912435,4349.4,0,1093.0,1121.0,"sS(s=45,S=55)",42,44,45.0,55.0
0.1267552182163188,4248.5,0,1188.1200000000001,1252.4,"sS(s=45,S=55)",42,45,45.0,55.0
0.07554671968190854,4964.8,0,1509.74,1621.0,"sS(s=45,S=55)",42,46,45.0,55.0
0.07567185289957568,4776.4,1,1346.8,1388.5,"sS(s=45,S=55)",42,47,45.0,55.0
0.16470588235294117,3909.5,0,1056.26,1068.3,"sS(s=45,S=55)",42,48,45.0,55.0
0.05003599712023038,4577.7,8,1215.96,1239.7,"sS(s=45,S=55)",42,49,45.0,55.0
0.14724857685009488,4281.2,4,1057.96,1058.7,"sS(s=45,S=60)",42,0,45.0,60.0
0.08409173643975246,4201.0,0,1118.3799999999999,1121.1,"sS(s=45,S=60)",42,1,45.0,60.0
0.07791304347826086,4595.4,2,1386.98,1445.4,"sS(s=45,S=60)",42,2,45.0,60.0
0.052943354313217325,4221.3,0,1176.68,1219.2,"sS(s=45,S=60)",42,3,45.0,60.0
0.12096774193548387,3978.3,1,1177.84,1208.9,"sS(s=45,S=60)",42,4,45.0,60.0
0.10286284953395473,4706.1,2,1307.24,1344.3,"sS(s=45,S=60)",42,5,45.0,60.0
0.18973561430793157,3972.0,1,1186.4399999999998,1229.3,"sS(s=45,S=60)",42,6,45.0,60.0
0.11272200072490032,4374.1,1,1231.4799999999998,1293.1,"sS(s=45,S=60)",42,7,45.0,60.0
0.11777615215801024,4398.1,1,1326.3799999999999,1369.5,"sS(s=45,S=60)",42,8,45.0,60.0
0.07945670628183361,4660.8,0,1158.26,1159.0,"sS(s=45,S=60)",42,9,45.0,60.0
0.14321608040201006,4243.6,3,1117.18,1138.3,"sS(s=45,S=60)",42,10,45.0,60.0
0.055865921787709494,4087.0,0,1256.14,1313.4,"sS(s=45,S=60)",42,11,45.0,60.0
0.1634514205541915,4360.6,0,1267.08,1320.6,"sS(s=45,S=60)",42,12,45.0,60.0
0.07734204793028322,4402.8,2,1247.34,1298.2,"sS(s=45,S=60)",42,13,45.0,60.0
0.19495412844036697,4311.1,3,1150.04,1191.9,"sS(s=45,S=60)",42,14,45.0,60.0
0.07015669515669516,4199.7,3,1300.48,1367.4,"sS(s=45,S=60)",42,15,45.0,60.0
0.1203288490284006,4222.6,1,1361.32,1425.8,"sS(s=45,S=60)",42,16,45.0,60.0
0.12183098591549296,4617.6,2,1123.0,1128.1,"sS(s=45,S=60)",42,17,45.0,60.0
0.10344827586206896,4480.8,3,1207.06,1259.4,"sS(s=45,S=60)",42,18,45.0,60.0
0.16551724137931034,4051.7,3,1192.6,1248.0,"sS(s=45,S=60)",42,19,45.0,60.0
0.09806728704366499,4463.8,1,1331.08,1361.0,"sS(s=45,S=60)",42,20,45.0,60.0
0.15705018777739843,4536.7,3,1313.92,1330.0,"sS(s=45,S=60)",42,21,45.0,60.0
0.13502377179080824,5269.4,1,1520.1399999999999,1578.0,"sS(s=45,S=60)",42,22,45.0,60.0
0.1828410689170183,4924.3,3,1316.34,1350.8,"sS(s=45,S=60)",42,23,45.0,60.0
0.05611150822015726,4191.7,1,996.72,1002.6,"sS(s=45,S=60)",42,24,45.0,60.0
0.09880868955851436,4414.2,0,1205.26,1228.1,"sS(s=45,S=60)",42,25,45.0,60.0
0.08819133034379671,4110.9,4,1170.8,1185.5,"sS(s=45,S=60)",42,26,45.0,60.0
0.07893874877169997,4847.3,3,1551.52,1608.9,"sS(s=45,S=60)",42,27,45.0,60.0
0.12975912975912976,3891.4,0,1068.84,1114.5,"sS(s=45,S=60)",42,28,45.0,60.0
0.13364722926475914,4095.6,0,1350.34,1466.4,"sS(s=45,S=60)",42,29,45.0,60.0
0.08267997148966501,4297.2,0,1025.74,1031.2,"sS(s=45,S=60)",42,30,45.0,60.0
0.07827854964418841,4818.1,0,1321.54,1348.0,"sS(s=45,S=60)",42,31,45.0,60.0
0.10968660968660969,4403.6,0,1029.8,1032.0,"sS(s=45,S=60)",42,32,45.0,60.0
0.21118469462840322,4273.8,0,1445.7399999999998,1534.1,"sS(s=45,S=60)",42,33,45.0,60.0
0.145985401459854,4175.1,2,1401.92,1523.9,"sS(s=45,S=60)",42,34,45.0,60.0
0.1140861466821886,3890.7,0,1036.6000000000001,1057.2,"sS(s=45,S=60)",42,35,45.0,60.0
0.06022456617897244,4682.7,1,1311.52,1364.0,"sS(s=45,S=60)",42,36,45.0,60.0
0.16762383345297918,4230.4,2,1195.02,1229.0,"sS(s=45,S=60)",42,37,45.0,60.0
0.09464161447459986,4599.2,0,1320.56,1401.2,"sS(s=45,S=60)",42,38,45.0,60.0
0.15892420537897312,3859.3,1,1050.3400000000001,1058.9,"sS(s=45,S=60)",42,39,45.0,60.0
0.1545245398773006,4046.3,4,1132.98,1153.9,"sS(s=45,S=60)",42,40,45.0,60.0
0.1570159857904085,4494.7,0,1090.28,1090.3,"sS(s=45,S=60)",42,41,45.0,60.0
0.1296359305886356,4882.9,0,1279.8,1299.5,"sS(s=45,S=60)",42,42,45.0,60.0
0.12108898821617228,3960.5,1,986.64,998.4,"sS(s=45,S=60)",42,43,45.0,60.0
0.04133099824868652,4243.8,0,1093.78,1126.0,"sS(s=45,S=60)",42,44,45.0,60.0
0.152561669829222,4205.2,0,1202.92,1271.9,"sS(s=45,S=60)",42,45,45.0,60.0
0.10337972166998012,4923.2,0,1492.1999999999998,1606.0,"sS(s=45,S=60)",42,46,45.0,60.0
0.09512022630834512,4740.9,1,1357.8,1408.5,"sS(s=45,S=60)",42,47,45.0,60.0
0.18823529411764706,3854.5,0,1055.82,1067.5,"sS(s=45,S=60)",42,48,45.0,60.0
0.064434845212383,4506.7,8,1211.56,1240.2,"sS(s=45,S=60)",42,49,45.0,60.0
0.17571157495256168,4271.2,4,1100.3600000000001,1111.7,"sS(s=45,S=65)",42,0,45.0,65.0
0.10411357844921733,4103.0,0,1106.3799999999999,1108.1,"sS(s=45,S=65)",42,1,45.0,65.0
0.09078260869565218,4530.9,1,1398.24,1455.0,"sS(s=45,S=65)",42,2,45.0,65.0
0.06886338393187708,4182.6,0,1159.64,1186.7,"sS(s=45,S=65)",42,3,45.0,65.0
0.15360983102918588,3967.8,1,1218.54,1255.4,"sS(s=45,S=65)",42,4,45.0,65.0
0.11950732356857523,4650.1,2,1299.6399999999999,1337.3,"sS(s=45,S=65)",42,5,45.0,65.0
0.22317262830482115,3950.6,2,1191.08,1232.6,"sS(s=45,S=65)",42,6,45.0,65.0
0.1377310619789779,4296.0,1,1237.4799999999998,1300.6,"sS(s=45,S=65)",42,7,45.0,65.0
0.13679590343818582,4352.8,1,1310.34,1353.7,"sS(s=45,S=65)",42,8,45.0,65.0
0.09134125636672326,4597.8,0,1154.36,1159.0,"sS(s=45,S=65)",42,9,45.0,65.0
0.1715721464465183,4157.1,3,1101.68,1114.8,"sS(s=45,S=65)",42,10,45.0,65.0
0.07188081936685288,4014.3,0,1237.34,1294.4,"sS(s=45,S=65)",42,11,45.0,65.0
0.1795861101367941,4323.6,0,1261.58,1307.6,"sS(s=45,S=65)",42,12,45.0,65.0
0.0962236746550472,4334.5,2,1237.94,1294.2,"sS(s=45,S=65)",42,13,45.0,65.0
0.2198012232415902,4253.6,3,1143.74,1188.9,"sS(s=45,S=65)",42,14,45.0,65.0
0.08511396011396011,4123.9,3,1309.4399999999998,1384.1,"sS(s=45,S=65)",42,15,45.0,65.0
0.148355754857997,4181.1,1,1354.9199999999998,1428.3,"sS(s=45,S=65)",42,16,45.0,65.0
0.15211267605633802,4572.2,2,1117.5,1120.6,"sS(s=45,S=65)",42,17,45.0,65.0
0.11961206896551724,4459.3,3,1199.0,1248.9,"sS(s=45,S=65)",42,18,45.0,65.0
0.2,3982.2,3,1180.6,1233.0,"sS(s=45,S=65)",42,19,45.0,65.0
0.11238367931281316,4395.3,1,1312.08,1336.0,"sS(s=45,S=65)",42,20,45.0,65.0
0.17548651416865824,4447.6,3,1296.8400000000001,1309.4,"sS(s=45,S=65)",42,21,45.0,65.0
0.1572107765451664,5190.4,1,1520.34,1583.0,"sS(s=45,S=65)",42,22,45.0,65.0
0.2092123769338959,4880.8,3,1325.54,1367.3,"sS(s=45,S=65)",42,23,45.0,65.0
0.06826304503216583,4099.1,1,967.72,968.6,"sS(s=45,S=65)",42,24,45.0,65.0
0.12333566923615978,4353.3,0,1181.76,1199.6,"sS(s=45,S=65)",42,25,45.0,65.0
0.12556053811659193,4072.4,4,1176.8,1193.0,"sS(s=45,S=65)",42,26,45.0,65.0
0.0887651490337373,4757.3,2,1519.32,1574.9,"sS(s=45,S=65)",42,27,45.0,65.0
0.16744366744366745,3823.4,0,1048.1399999999999,1091.0,"sS(s=45,S=65)",42,28,45.0,65.0
0.15610286128214415,4054.6,0,1325.54,1437.4,"sS(s=45,S=65)",42,29,45.0,65.0
0.09693513898788311,4206.2,0,987.64,990.7,"sS(s=45,S=65)",42,30,45.0,65.0
0.09691629955947137,4766.3,0,1304.54,1331.0,"sS(s=45,S=65)",42,31,45.0,65.0
0.1274928774928775,4322.6,0,1019.16,1021.0,"sS(s=45,S=65)",42,32,45.0,65.0
0.23841059602649006,4246.8,0,1488.6399999999999,1601.1,"sS(s=45,S=65)",42,33,45.0,65.0
0.16173645793315405,4134.3,2,1404.44,1528.9,"sS(s=45,S=65)",42,34,45.0,65.0
0.14318975552968569,3830.2,0,1039.8,1074.2,"sS(s=45,S=65)",42,35,45.0,65.0
0.07927866621299762,4651.3,1,1317.3,1374.6,"sS(s=45,S=65)",42,36,45.0,65.0
0.17839195979899497,4201.5,2,1185.76,1201.3,"sS(s=45,S=65)",42,37,45.0,65.0
0.12595685455810718,4558.6,0,1336.76,1425.2,"sS(s=45,S=65)",42,38,45.0,65.0
0.19030154849225753,3818.4,1,1030.58,1034.7,"sS(s=45,S=65)",42,39,45.0,65.0
0.17446319018404907,4021.2,4,1121.28,1139.9,"sS(s=45,S=65)",42,40,45.0,65.0
0.17975133214920072,4418.2,0,1086.52,1087.7,"sS(s=45,S=65)",42,41,45.0,65.0
0.15549506634909832,4847.5,0,1257.8,1272.0,"sS(s=45,S=65)",42,42,45.0,65.0
0.14303128809427063,3945.9,1,967.74,971.9,"sS(s=45,S=65)",42,43,45.0,65.0
0.05464098073555167,4140.6,0,1094.44,1131.0,"sS(s=45,S=65)",42,44,45.0,65.0
0.1791271347248577,4167.7,0,1196.1200000000001,1263.4,"sS(s=45,S=65)",42,45,45.0,65.0
0.12491716368455931,4869.6,0,1473.0,1582.0,"sS(s=45,S=65)",42,46,45.0,65.0
0.11987270155586988,4718.9,1,1337.6,1389.5,"sS(s=45,S=65)",42,47,45.0,65.0
0.21176470588235294,3785.0,0,1058.42,1070.5,"sS(s=45,S=65)",42,48,45.0,65.0
0.08279337652987762,4440.0,8,1206.64,1240.7,"sS(s=45,S=65)",42,49,45.0,65.0
0.19772296015180266,4247.6,5,1089.16,1097.7,"sS(s=45,S=70)",42,0,45.0,70.0
0.1241354204586822,4021.0,0,1094.3799999999999,1095.1,"sS(s=45,S=70)",42,1,45.0,70.0
0.10782608695652174,4436.3,1,1387.74,1457.0,"sS(s=45,S=70)",42,2,45.0,70.0
0.09440947797112181,4143.5,0,1146.64,1178.2,"sS(s=45,S=70)",42,3,45.0,70.0
0.18509984639016897,3933.0,2,1203.72,1236.9,"sS(s=45,S=70)",42,4,45.0,70.0
0.13315579227696406,4596.2,2,1293.3,1330.3,"sS(s=45,S=70)",42,5,45.0,70.0
0.2581648522550544,3922.1,2,1199.08,1240.1,"sS(s=45,S=70)",42,6,45.0,70.0
0.15549111997100398,4199.7,1,1229.8799999999999,1291.1,"sS(s=45,S=70)",42,7,45.0,70.0
0.15691294806144843,4310.8,1,1296.94,1341.2,"sS(s=45,S=70)",42,8,45.0,70.0
0.10424448217317488,4552.1,0,1158.26,1159.0,"sS(s=45,S=70)",42,9,45.0,70.0
0.19669777458722182,4096.2,3,1094.6200000000001,1099.7,"sS(s=45,S=70)",42,10,45.0,70.0
0.09013035381750466,3944.2,0,1224.94,1277.4,"sS(s=45,S=70)",42,11,45.0,70.0
0.19361627499123116,4267.6,0,1231.28,1263.6,"sS(s=45,S=70)",42,12,45.0,70.0
0.11619462599854757,4313.1,2,1263.94,1330.2,"sS(s=45,S=70)",42,13,45.0,70.0
0.23891437308868502,4194.6,3,1134.44,1185.9,"sS(s=45,S=70)",42,14,45.0,70.0
0.10648148148148148,4096.1,2,1310.84,1384.6,"sS(s=45,S=70)",42,15,45.0,70.0
0.1681614349775785,4155.1,1,1265.1599999999999,1331.1,"sS(s=45,S=70)",42,16,45.0,70.0
0.17394366197183098,4522.6,2,1106.1,1112.1,"sS(s=45,S=70)",42,17,45.0,70.0
0.13757183908045978,4379.3,1,1186.6,1240.4,"sS(s=45,S=70)",42,18,45.0,70.0
0.22988505747126436,3926.5,3,1168.6,1218.0,"sS(s=45,S=70)",42,19,45.0,70.0
0.12813171080887617,4331.2,1,1296.6000000000001,1315.4,"sS(s=45,S=70)",42,20,45.0,70.0
0.18846022533287812,4384.9,3,1293.4,1295.4,"sS(s=45,S=70)",42,21,45.0,70.0
0.17274167987321712,5144.1,1,1520.54,1588.0,"sS(s=45,S=70)",42,22,45.0,70.0
0.23277074542897327,4853.3,3,1360.34,1415.8,"sS(s=45,S=70)",42,23,45.0,70.0
0.07791279485346676,4031.6,1,957.9200000000001,958.6,"sS(s=45,S=70)",42,24,45.0,70.0
0.14786264891380518,4317.8,0,1158.26,1171.1,"sS(s=45,S=70)",42,25,45.0,70.0
0.1591928251121076,4073.0,5,1182.8,1200.5,"sS(s=45,S=70)",42,26,45.0,70.0
0.1018670160497871,4688.3,2,1493.32,1550.9,"sS(s=45,S=70)",42,27,45.0,70.0
0.1993006993006993,3782.6,0,1031.24,1067.5,"sS(s=45,S=70)",42,28,45.0,70.0
0.17602318000724376,3972.6,0,1300.74,1408.4,"sS(s=45,S=70)",42,29,45.0,70.0
0.11903064861012116,4150.4,0,957.14,958.9,"sS(s=45,S=70)",42,30,45.0,70.0
0.11385970857336496,4723.3,0,1281.6399999999999,1306.0,"sS(s=45,S=70)",42,31,45.0,70.0
0.1517094017094017,4235.7,0,1014.5,1017.4,"sS(s=45,S=70)",42,32,45.0,70.0
0.2619573215599706,4235.1,1,1546.5399999999997,1688.1,"sS(s=45,S=70)",42,33,45.0,70.0
0.1847867844794468,4123.3,2,1393.44,1514.9,"sS(s=45,S=70)",42,34,45.0,70.0
0.1742336049670159,3796.2,0,1046.3,1091.2,"sS(s=45,S=70)",42,35,45.0,70.0
0.0905069751616196,4621.6,0,1298.04,1348.9,"sS(s=45,S=70)",42,36,45.0,70.0
0.19095477386934673,4197.5,2,1204.74,1214.1,"sS(s=45,S=70)",42,37,45.0,70.0
0.1590118302018093,4542.1,0,1366.96,1461.2,"sS(s=45,S=70)",42,38,45.0,70.0
0.22290138549307253,3806.9,1,1039.4199999999998,1041.1,"sS(s=45,S=70)",42,39,45.0,70.0
0.20820552147239263,3943.0,3,1126.32,1155.9,"sS(s=45,S=70)",42,40,45.0,70.0
0.19680284191829484,4354.5,0,1082.54,1085.1,"sS(s=45,S=70)",42,41,45.0,70.0
0.18611772711806737,4826.5,0,1235.8,1244.5,"sS(s=45,S=70)",42,42,45.0,70.0
0.16416091019910606,3954.9,1,966.76,967.8,"sS(s=45,S=70)",42,43,45.0,70.0
0.06935201401050788,4063.8,0,1128.34,1178.0,"sS(s=45,S=70)",42,44,45.0,70.0
0.19924098671726756,4154.9,0,1183.56,1247.7,"sS(s=45,S=70)",42,45,45.0,70.0
0.14314115308151093,4848.1,0,1450.1999999999998,1553.5,"sS(s=45,S=70)",42,46,45.0,70.0
0.14674681753889673,4676.9,1,1327.6,1385.5,"sS(s=45,S=70)",42,47,45.0,70.0
0.23529411764705882,3721.8,0,1061.02,1073.5,"sS(s=45,S=70)",42,48,45.0,70.0
0.11375089992800576,4299.4,7,1187.04,1241.2,"sS(s=45,S=70)",42,49,45.0,70.0
0.20910815939278937,4207.1,5,1077.96,1083.7,"sS(s=45,S=75)",42,0,45.0,75.0
0.14743356388787768,3901.9,0,1089.62,1091.5,"sS(s=45,S=75)",42,1,45.0,75.0
0.12452173913043478,4377.6,1,1408.24,1494.0,"sS(s=45,S=75)",42,2,45.0,75.0
0.1266197704553869,4126.2,0,1130.64,1169.7,"sS(s=45,S=75)",42,3,45.0,75.0
0.21390168970814133,3895.2,1,1223.42,1253.4,"sS(s=45,S=75)",42,4,45.0,75.0
0.15712383488681758,4579.7,2,1289.8999999999999,1323.3,"sS(s=45,S=75)",42,5,45.0,75.0
0.2931570762052877,3917.7,2,1189.4799999999998,1225.6,"sS(s=45,S=75)",42,6,45.0,75.0
0.18158753171438927,4129.9,1,1240.32,1303.6,"sS(s=45,S=75)",42,7,45.0,75.0
0.18141916605705927,4291.9,2,1282.84,1320.8,"sS(s=45,S=75)",42,8,45.0,75.0
0.12699490662139218,4467.3,0,1156.66,1159.0,"sS(s=45,S=75)",42,9,45.0,75.0
0.21284996410624551,4048.7,3,1092.6399999999999,1100.6,"sS(s=45,S=75)",42,10,45.0,75.0
0.11657355679702049,3899.3,0,1239.74,1294.4,"sS(s=45,S=75)",42,11,45.0,75.0
0.20975096457383374,4218.2,0,1200.98,1219.6,"sS(s=45,S=75)",42,12,45.0,75.0
0.13616557734204793,4299.6,2,1240.74,1293.2,"sS(s=45,S=75)",42,13,45.0,75.0
0.24273700305810397,4103.1,3,1123.64,1182.9,"sS(s=45,S=75)",42,14,45.0,75.0
0.13141025641025642,4025.1,2,1302.76,1381.5,"sS(s=45,S=75)",42,15,45.0,75.0
0.19805680119581465,4142.6,2,1250.36,1318.1,"sS(s=45,S=75)",42,16,45.0,75.0
0.18626760563380282,4528.6,2,1122.5,1126.1,"sS(s=45,S=75)",42,17,45.0,75.0
0.1476293103448276,4341.1,1,1192.7599999999998,1252.6,"sS(s=45,S=75)",42,18,45.0,75.0
0.2655172413793103,3857.9,3,1163.0,1211.0,"sS(s=45,S=75)",42,19,45.0,75.0
0.13385826771653545,4294.9,0,1330.66,1352.9,"sS(s=45,S=75)",42,20,45.0,75.0
0.2103106862410379,4300.0,3,1279.7,1281.4,"sS(s=45,S=75)",42,21,45.0,75.0
0.1889064976228209,5104.2,1,1520.74,1593.0,"sS(s=45,S=75)",42,22,45.0,75.0
0.25562587904360057,4792.1,3,1345.54,1402.3,"sS(s=45,S=75)",42,23,45.0,75.0
0.09471050750536097,3959.8,1,940.88,946.2,"sS(s=45,S=75)",42,24,45.0,75.0
0.15487035739313246,4259.3,0,1144.8400000000001,1145.4,"sS(s=45,S=75)",42,25,45.0,75.0
0.18310911808669655,4059.4,5,1188.8,1208.0,"sS(s=45,S=75)",42,26,45.0,75.0
0.11496888306583689,4645.3,2,1456.92,1500.9,"sS(s=45,S=75)",42,27,45.0,75.0
0.22261072261072262,3723.9,0,1014.34,1044.0,"sS(s=45,S=75)",42,28,45.0,75.0
0.19014849692140529,3914.3,0,1275.94,1379.4,"sS(s=45,S=75)",42,29,45.0,75.0
0.14397719173200285,4072.3,0,962.04,972.3,"sS(s=45,S=75)",42,30,45.0,75.0
0.13588614029142662,4706.3,0,1259.74,1274.0,"sS(s=45,S=75)",42,31,45.0,75.0
0.17663817663817663,4178.2,0,1006.6,1008.4,"sS(s=45,S=75)",42,32,45.0,75.0
0.27851361295069904,4174.1,1,1561.4399999999998,1715.1,"sS(s=45,S=75)",42,33,45.0,75.0
0.1978486361890127,4134.7,2,1403.24,1526.9,"sS(s=45,S=75)",42,34,45.0,75.0
0.20527745440434614,3753.3,0,1048.82,1108.2,"sS(s=45,S=75)",42,35,45.0,75.0
0.1092208234093229,4579.1,0,1265.94,1313.4,"sS(s=45,S=75)",42,36,45.0,75.0
0.20351758793969849,4160.5,2,1217.54,1238.6,"sS(s=45,S=75)",42,37,45.0,75.0
0.19206680584551147,4542.0,0,1457.96,1581.2,"sS(s=45,S=75)",42,38,45.0,75.0
0.2530562347188264,3747.3,1,1026.94,1028.0,"sS(s=45,S=75)",42,39,45.0,75.0
0.24079754601226994,3896.9,3,1144.4799999999998,1178.6,"sS(s=45,S=75)",42,40,45.0,75.0
0.2163410301953819,4295.5,0,1074.74,1081.1,"sS(s=45,S=75)",42,41,45.0,75.0
0.2092548485879551,4815.0,1,1271.96,1289.7,"sS(s=45,S=75)",42,42,45.0,75.0
0.18650954896383584,3959.9,2,1037.86,1053.8,"sS(s=45,S=75)",42,43,45.0,75.0
0.09912434325744308,4000.3,0,1082.1599999999999,1124.0,"sS(s=45,S=75)",42,44,45.0,75.0
0.22504743833017077,4119.5,0,1165.96,1225.7,"sS(s=45,S=75)",42,45,45.0,75.0
0.16136514247846256,4826.6,0,1427.3999999999999,1525.0,"sS(s=45,S=75)",42,46,45.0,75.0
0.16973125884016974,4642.9,1,1324.0,1389.5,"sS(s=45,S=75)",42,47,45.0,75.0
0.25529411764705884,3702.0,0,1052.42,1062.5,"sS(s=45,S=75)",42,48,45.0,75.0
0.128869690424766,4260.1,6,1220.16,1283.7,"sS(s=45,S=75)",42,49,45.0,75.0
0.20037950664136622,4101.1,5,1013.2,1046.9,"sS(s=45,S=80)",42,0,45.0,80.0
0.16672733891518018,3838.7,0,1061.1799999999998,1069.1,"sS(s=45,S=80)",42,1,45.0,80.0
0.13321739130434782,4295.6,1,1294.62,1361.0,"sS(s=45,S=80)",42,2,45.0,80.0
0.15734912995186967,4184.5,0,1130.28,1188.8,"sS(s=45,S=80)",42,3,45.0,80.0
0.24155145929339478,3908.3,2,1321.32,1375.9,"sS(s=45,S=80)",42,4,45.0,80.0
0.177762982689747,4539.7,2,1281.9399999999998,1310.6,"sS(s=45,S=80)",42,5,45.0,80.0
0.3215396578538103,3849.4,2,1201.4799999999998,1238.1,"sS(s=45,S=80)",42,6,45.0,80.0
0.19681043856469735,4096.1,1,1251.4199999999998,1316.1,"sS(s=45,S=80)",42,7,45.0,80.0
0.2121433796634967,4253.6,2,1280.6999999999998,1323.3,"sS(s=45,S=80)",42,8,45.0,80.0
0.15110356536502548,4417.3,0,1168.52,1170.9,"sS(s=45,S=80)",42,9,45.0,80.0
0.24335965541995694,3967.2,2,1103.4199999999998,1108.1,"sS(s=45,S=80)",42,10,45.0,80.0
0.14711359404096835,3844.5,0,1228.14,1278.4,"sS(s=45,S=80)",42,11,45.0,80.0
0.22027358821466153,4254.7,0,1192.6799999999998,1203.1,"sS(s=45,S=80)",42,12,45.0,80.0
0.1568627450980392,4251.5,2,1221.94,1284.2,"sS(s=45,S=80)",42,13,45.0,80.0
0.2484709480122324,4074.6,2,1136.14,1213.9,"sS(s=45,S=80)",42,14,45.0,80.0
0.1599002849002849,3959.1,2,1289.22,1373.0,"sS(s=45,S=80)",42,15,45.0,80.0
0.22795216741405083,4094.1,2,1232.36,1296.1,"sS(s=45,S=80)",42,16,45.0,80.0
0.2035211267605634,4492.3,2,1104.54,1108.6,"sS(s=45,S=80)",42,17,45.0,80.0
0.16163793103448276,4182.0,1,1183.4,1245.4,"sS(s=45,S=80)",42,18,45.0,80.0
0.26513409961685824,3841.3,3,1143.8799999999999,1187.1,"sS(s=45,S=80)",42,19,45.0,80.0
0.15891195418754475,4235.4,0,1319.0600000000002,1339.4,"sS(s=45,S=80)",42,20,45.0,80.0
0.22362581085694777,4241.8,3,1260.96,1261.1,"sS(s=45,S=80)",42,21,45.0,80.0
0.21109350237717908,5100.7,1,1567.1399999999999,1664.0,"sS(s=45,S=80)",42,22,45.0,80.0
0.27637130801687765,4746.5,3,1329.54,1388.8,"sS(s=45,S=80)",42,23,45.0,80.0
0.11794138670478914,3907.8,1,928.6600000000001,937.2,"sS(s=45,S=80)",42,24,45.0,80.0
0.18640504555010512,4214.8,0,1182.0,1201.9,"sS(s=45,S=80)",42,25,45.0,80.0
0.20889387144992527,4063.7,4,1194.8,1215.5,"sS(s=45,S=80)",42,26,45.0,80.0
0.12807075008188668,4570.7,2,1435.32,1484.9,"sS(s=45,S=80)",42,27,45.0,80.0
0.25485625485625485,3668.1,0,996.34,1020.5,"sS(s=45,S=80)",42,28,45.0,80.0
0.20862006519377038,3891.9,0,1304.46,1418.4,"sS(s=45,S=80)",42,29,45.0,80.0
0.16892373485388454,4024.3,0,974.04,989.8,"sS(s=45,S=80)",42,30,45.0,80.0
0.137580481192816,4634.5,0,1242.0,1256.0,"sS(s=45,S=80)",42,31,45.0,80.0
0.20156695156695156,4120.7,0,998.34,999.4,"sS(s=45,S=80)",42,32,45.0,80.0
0.2947019867549669,4128.0,1,1576.3399999999997,1742.1,"sS(s=45,S=80)",42,33,45.0,80.0
0.2247406838263542,4082.7,2,1388.24,1507.9,"sS(s=45,S=80)",42,34,45.0,80.0
0.23476911136980985,3738.3,0,1108.32,1191.2,"sS(s=45,S=80)",42,35,45.0,80.0
0.12112963593058863,4570.7,1,1242.72,1289.0,"sS(s=45,S=80)",42,36,45.0,80.0
0.2189519023689878,4125.1,2,1228.8,1259.8,"sS(s=45,S=80)",42,37,45.0,80.0
0.22512178148921363,4548.8,0,1454.76,1585.2,"sS(s=45,S=80)",42,38,45.0,80.0
0.2775061124694376,3691.3,1,1022.74,1026.0,"sS(s=45,S=80)",42,39,45.0,80.0
0.27338957055214724,3873.4,3,1178.4799999999998,1221.1,"sS(s=45,S=80)",42,40,45.0,80.0
0.2330373001776199,4245.1,0,1071.66,1077.9,"sS(s=45,S=80)",42,41,45.0,80.0
0.23647499149370535,4816.2,1,1257.0,1271.0,"sS(s=45,S=80)",42,42,45.0,80.0
0.20357578220235675,3928.5,2,1036.96,1049.8,"sS(s=45,S=80)",42,43,45.0,80.0
0.1330998248686515,3894.0,0,1069.6599999999999,1110.0,"sS(s=45,S=80)",42,44,45.0,80.0
0.23719165085388993,4109.8,0,1130.92,1181.9,"sS(s=45,S=80)",42,45,45.0,80.0
0.15540092776673295,4684.8,0,1387.8,1475.5,"sS(s=45,S=80)",42,46,45.0,80.0
0.19731258840169733,4559.2,1,1295.46,1355.5,"sS(s=45,S=80)",42,47,45.0,80.0
0.2749019607843137,3650.0,0,1035.02,1040.5,"sS(s=45,S=80)",42,48,45.0,80.0
0.1493880489560835,4207.1,6,1213.24,1275.2,"sS(s=45,S=80)",42,49,45.0,80.0
0.22504743833017077,4100.6,5,1019.7,1037.9,"sS(s=45,S=85)",42,0,45.0,85.0
0.19949035311248633,3785.8,0,1058.46,1062.7,"sS(s=45,S=85)",42,1,45.0,85.0
0.16452173913043477,4215.1,1,1242.4999999999998,1302.6,"sS(s=45,S=85)",42,2,45.0,85.0
0.19104035542391706,4212.6,0,1135.86,1185.2,"sS(s=45,S=85)",42,3,45.0,85.0
0.27035330261136714,3855.5,1,1307.1799999999998,1360.6,"sS(s=45,S=85)",42,4,45.0,85.0
0.18209054593874835,4525.7,2,1247.02,1264.2,"sS(s=45,S=85)",42,5,45.0,85.0
0.3468118195956454,3809.9,2,1213.4799999999998,1250.6,"sS(s=45,S=85)",42,6,45.0,85.0
0.21964479884015947,4030.1,1,1262.52,1328.6,"sS(s=45,S=85)",42,7,45.0,85.0
0.25091441111923923,4146.0,2,1226.3999999999999,1258.8,"sS(s=45,S=85)",42,8,45.0,85.0
0.1697792869269949,4299.3,0,1158.58,1159.0,"sS(s=45,S=85)",42,9,45.0,85.0
0.2709978463747308,3936.9,2,1165.28,1177.7,"sS(s=45,S=85)",42,10,45.0,85.0
0.1787709497206704,3868.0,0,1228.94,1259.4,"sS(s=45,S=85)",42,11,45.0,85.0
0.24552788495264818,4271.3,0,1216.46,1228.9,"sS(s=45,S=85)",42,12,45.0,85.0
0.16884531590413943,4235.3,2,1209.94,1275.2,"sS(s=45,S=85)",42,13,45.0,85.0
0.26376146788990823,4061.2,3,1106.96,1163.4,"sS(s=45,S=85)",42,14,45.0,85.0
0.19266381766381765,3914.0,2,1267.9199999999998,1357.5,"sS(s=45,S=85)",42,15,45.0,85.0
0.257847533632287,4045.6,2,1214.36,1274.1,"sS(s=45,S=85)",42,16,45.0,85.0
0.23415492957746478,4500.6,2,1073.24,1079.0,"sS(s=45,S=85)",42,17,45.0,85.0
0.19145114942528735,4185.7,1,1187.9999999999998,1246.1,"sS(s=45,S=85)",42,18,45.0,85.0
0.289272030651341,3784.1,3,1129.96,1169.7,"sS(s=45,S=85)",42,19,45.0,85.0
0.18360773085182533,4220.0,0,1333.82,1362.0,"sS(s=45,S=85)",42,20,45.0,85.0
0.2413793103448276,4143.0,2,1250.84,1257.0,"sS(s=45,S=85)",42,21,45.0,85.0
0.23328050713153725,5094.2,2,1560.34,1659.0,"sS(s=45,S=85)",42,22,45.0,85.0
0.28727144866385373,4751.5,3,1323.42,1392.4,"sS(s=45,S=85)",42,23,45.0,85.0
0.14760543245175126,3988.6,1,980.24,1001.5,"sS(s=45,S=85)",42,24,45.0,85.0
0.21793973370707778,4170.8,0,1283.52,1337.4,"sS(s=45,S=85)",42,25,45.0,85.0
0.24626307922272048,4089.4,4,1232.0,1262.0,"sS(s=45,S=85)",42,26,45.0,85.0
0.13101867016049787,4499.2,3,1452.92,1517.9,"sS(s=45,S=85)",42,27,45.0,85.0
0.2801087801087801,3615.6,0,978.34,997.0,"sS(s=45,S=85)",42,28,45.0,85.0
0.208982252806954,3813.8,0,1247.66,1334.9,"sS(s=45,S=85)",42,29,45.0,85.0
0.19885958660014255,3931.8,0,987.5799999999999,1008.4,"sS(s=45,S=85)",42,30,45.0,85.0
0.1494408675025415,4591.0,0,1220.5,1231.0,"sS(s=45,S=85)",42,31,45.0,85.0
0.23575498575498577,4052.8,0,989.54,990.4,"sS(s=45,S=85)",42,32,45.0,85.0
0.318616629874908,4091.5,1,1591.2399999999998,1769.1,"sS(s=45,S=85)",42,33,45.0,85.0
0.23665001920860546,4074.9,3,1373.24,1488.9,"sS(s=45,S=85)",42,34,45.0,85.0
0.2607683352735739,3673.1,0,1107.02,1198.2,"sS(s=45,S=85)",42,35,45.0,85.0
0.1449472609731201,4508.7,1,1207.02,1249.0,"sS(s=45,S=85)",42,36,45.0,85.0
0.23869346733668342,4111.7,2,1237.4399999999998,1278.8,"sS(s=45,S=85)",42,37,45.0,85.0
0.2522616562282533,4561.8,0,1446.12,1556.2,"sS(s=45,S=85)",42,38,45.0,85.0
0.3019559902200489,3638.5,0,1018.54,1024.0,"sS(s=45,S=85)",42,39,45.0,85.0
0.3040644171779141,3812.6,2,1167.6799999999998,1207.6,"sS(s=45,S=85)",42,40,45.0,85.0
0.2216696269982238,4243.8,0,1108.4199999999998,1119.6,"sS(s=45,S=85)",42,41,45.0,85.0
0.2636951343994556,4778.2,1,1240.6,1250.5,"sS(s=45,S=85)",42,42,45.0,85.0
0.23161316537992685,3886.1,2,1033.8999999999999,1043.1,"sS(s=45,S=85)",42,43,45.0,85.0
0.16532399299474607,3800.2,0,1035.22,1070.0,"sS(s=45,S=85)",42,44,45.0,85.0
0.2667931688804554,4050.9,0,1124.4399999999998,1173.8,"sS(s=45,S=85)",42,45,45.0,85.0
0.1918489065606362,4678.8,0,1413.0,1507.0,"sS(s=45,S=85)",42,46,45.0,85.0
0.22277227722772278,4484.3,1,1274.1599999999999,1329.5,"sS(s=45,S=85)",42,47,45.0,85.0
0.28980392156862744,3619.4,0,1008.52,1014.1,"sS(s=45,S=85)",42,48,45.0,85.0
0.17098632109431244,4217.9,6,1236.34,1299.6,"sS(s=45,S=85)",42,49,45.0,85.0
0.24971537001897534,4051.1,4,1008.6,1028.9,"sS(s=45,S=90)",42,0,45.0,90.0
0.23370950127411722,3721.9,0,1063.66,1066.2,"sS(s=45,S=90)",42,1,45.0,90.0
0.19582608695652173,4180.6,1,1230.4999999999998,1294.1,"sS(s=45,S=90)",42,2,45.0,90.0
0.22362088115512774,4177.5,0,1136.66,1185.2,"sS(s=45,S=90)",42,3,45.0,90.0
0.2991551459293395,3821.5,1,1295.28,1348.1,"sS(s=45,S=90)",42,4,45.0,90.0
0.2103861517976032,4497.2,2,1247.6200000000001,1262.2,"sS(s=45,S=90)",42,5,45.0,90.0
0.3557542768273717,3825.3,1,1262.28,1309.1,"sS(s=45,S=90)",42,6,45.0,90.0
0.24139180862631388,3969.2,1,1273.62,1341.1,"sS(s=45,S=90)",42,7,45.0,90.0
0.2900512070226774,4084.1,1,1209.3,1243.3,"sS(s=45,S=90)",42,8,45.0,90.0
0.1966044142614601,4179.7,0,1165.72,1167.4,"sS(s=45,S=90)",42,9,45.0,90.0
0.2964824120603015,3867.7,2,1169.1,1180.6,"sS(s=45,S=90)",42,10,45.0,90.0
0.20297951582867785,3853.5,0,1238.6799999999998,1255.6,"sS(s=45,S=90)",42,11,45.0,90.0
0.2686776569624693,4258.5,0,1190.02,1191.0,"sS(s=45,S=90)",42,12,45.0,90.0
0.19607843137254902,4181.3,2,1197.94,1266.2,"sS(s=45,S=90)",42,13,45.0,90.0
0.29434250764525993,4045.2,2,1091.26,1150.9,"sS(s=45,S=90)",42,14,45.0,90.0
0.2282763532763533,3903.5,2,1236.32,1334.5,"sS(s=45,S=90)",42,15,45.0,90.0
0.2802690582959641,4046.1,2,1182.36,1212.1,"sS(s=45,S=90)",42,16,45.0,90.0
0.2584507042253521,4480.7,2,1079.3999999999999,1080.1,"sS(s=45,S=90)",42,17,45.0,90.0
0.20977011494252873,4237.2,1,1171.6399999999999,1227.6,"sS(s=45,S=90)",42,18,45.0,90.0
0.335632183908046,3695.5,3,1139.64,1182.7,"sS(s=45,S=90)",42,19,45.0,90.0
0.20687186828919113,4170.5,0,1311.9199999999998,1343.5,"sS(s=45,S=90)",42,20,45.0,90.0
0.26220553089791737,4105.2,2,1224.24,1231.3,"sS(s=45,S=90)",42,21,45.0,90.0
0.2554675118858954,5030.0,2,1553.54,1654.0,"sS(s=45,S=90)",42,22,45.0,90.0
0.29852320675105487,4793.2,3,1326.46,1397.9,"sS(s=45,S=90)",42,23,45.0,90.0
0.18012866333095068,3955.2,1,958.16,974.9,"sS(s=45,S=90)",42,24,45.0,90.0
0.25227750525578135,4132.4,0,1286.22,1348.9,"sS(s=45,S=90)",42,25,45.0,90.0
0.2686846038863976,4133.6,5,1256.26,1293.0,"sS(s=45,S=90)",42,26,45.0,90.0
0.1457582705535539,4473.9,3,1416.92,1493.9,"sS(s=45,S=90)",42,27,45.0,90.0
0.3034188034188034,3583.5,0,960.34,973.5,"sS(s=45,S=90)",42,28,45.0,90.0
0.23252444766388988,3752.7,0,1211.56,1287.4,"sS(s=45,S=90)",42,29,45.0,90.0
0.23200285103349966,3823.2,0,1103.08,1153.9,"sS(s=45,S=90)",42,30,45.0,90.0
0.19823788546255505,4658.4,0,1260.6000000000001,1274.2,"sS(s=45,S=90)",42,31,45.0,90.0
0.266025641025641,4007.8,0,980.74,981.4,"sS(s=45,S=90)",42,32,45.0,90.0
0.34253127299484915,4121.9,1,1597.0199999999998,1772.1,"sS(s=45,S=90)",42,33,45.0,90.0
0.26392623895505185,4022.9,1,1388.6399999999999,1507.9,"sS(s=45,S=90)",42,34,45.0,90.0
0.29064804035700426,3665.3,0,1126.8,1205.2,"sS(s=45,S=90)",42,35,45.0,90.0
0.1687648860156516,4483.7,1,1171.32,1209.0,"sS(s=45,S=90)",42,36,45.0,90.0
0.25843503230437903,4147.7,3,1238.1399999999999,1297.8,"sS(s=45,S=90)",42,37,45.0,90.0
0.27383437717466946,4543.8,0,1449.12,1553.2,"sS(s=45,S=90)",42,38,45.0,90.0
0.3374083129584352,3545.8,0,1071.44,1121.9,"sS(s=45,S=90)",42,39,45.0,90.0
0.31441717791411045,3834.4,3,1155.28,1192.1,"sS(s=45,S=90)",42,40,45.0,90.0
0.23374777975133215,4260.3,0,1087.4199999999998,1089.1,"sS(s=45,S=90)",42,41,45.0,90.0
0.28342973800612453,4784.4,1,1259.96,1274.7,"sS(s=45,S=90)",42,42,45.0,90.0
0.26127590410402274,3854.5,2,1020.76,1023.8,"sS(s=45,S=90)",42,43,45.0,90.0
0.2,3724.1,0,1000.74,1027.9,"sS(s=45,S=90)",42,44,45.0,90.0
0.27400379506641365,4066.4,0,1150.36,1205.3,"sS(s=45,S=90)",42,45,45.0,90.0
0.22498343273691188,4683.2,0,1499.0,1614.5,"sS(s=45,S=90)",42,46,45.0,90.0
0.24398868458274398,4377.8,1,1254.46,1315.5,"sS(s=45,S=90)",42,47,45.0,90.0
0.2996078431372549,3825.4,0,976.88,1015.1,"sS(s=45,S=90)",42,48,45.0,90.0
0.18466522678185746,4293.1,6,1260.28,1277.6,"sS(s=45,S=90)",42,49,45.0,90.0
0.25996204933586337,3983.2,3,993.5799999999999,1019.9,"sS(s=45,S=95)",42,0,45.0,95.0
0.2628321805606116,3753.4,0,1141.54,1159.5,"sS(s=45,S=95)",42,1,45.0,95.0
0.22782608695652173,4231.3,1,1210.84,1274.8,"sS(s=45,S=95)",42,2,45.0,95.0
0.2587930396149574,4169.9,0,1134.86,1182.2,"sS(s=45,S=95)",42,3,45.0,95.0
0.2868663594470046,3713.3,0,1265.1,1320.1,"sS(s=45,S=95)",42,4,45.0,95.0
0.2210386151797603,4525.1,2,1196.98,1200.3,"sS(s=45,S=95)",42,5,45.0,95.0
0.3701399688958009,3855.8,1,1389.4799999999998,1465.6,"sS(s=45,S=95)",42,6,45.0,95.0
0.26640086988039147,3904.7,1,1284.7199999999998,1353.6,"sS(s=45,S=95)",42,7,45.0,95.0
0.324067300658376,4048.1,1,1194.1999999999998,1227.8,"sS(s=45,S=95)",42,8,45.0,95.0
0.21494057724957555,4116.6,0,1225.6399999999999,1242.3,"sS(s=45,S=95)",42,9,45.0,95.0
0.3180186647523331,3797.7,2,1165.3999999999999,1174.1,"sS(s=45,S=95)",42,10,45.0,95.0
0.21973929236499068,3759.9,0,1252.08,1274.6,"sS(s=45,S=95)",42,11,45.0,95.0
0.29323044545773413,4203.5,0,1198.42,1210.5,"sS(s=45,S=95)",42,12,45.0,95.0
0.2204066811909949,4139.4,2,1185.94,1257.2,"sS(s=45,S=95)",42,13,45.0,95.0
0.32492354740061163,3989.2,2,1077.56,1138.4,"sS(s=45,S=95)",42,14,45.0,95.0
0.26282051282051283,3890.0,2,1211.62,1307.0,"sS(s=45,S=95)",42,15,45.0,95.0
0.3038116591928251,4057.4,1,1225.9599999999998,1264.1,"sS(s=45,S=95)",42,16,45.0,95.0
0.2764084507042254,4443.6,1,1144.7,1146.0,"sS(s=45,S=95)",42,17,45.0,95.0
0.23886494252873564,4259.3,1,1166.84,1224.6,"sS(s=45,S=95)",42,18,45.0,95.0
0.3432950191570881,3718.4,2,1163.54,1213.7,"sS(s=45,S=95)",42,19,45.0,95.0
0.23729420186113098,4148.0,0,1319.42,1346.0,"sS(s=45,S=95)",42,20,45.0,95.0
0.2826903379993172,4136.9,2,1219.1799999999998,1232.6,"sS(s=45,S=95)",42,21,45.0,95.0
0.26782884310618066,4971.7,1,1546.74,1649.0,"sS(s=45,S=95)",42,22,45.0,95.0
0.3161040787623066,4764.7,3,1326.26,1403.4,"sS(s=45,S=95)",42,23,45.0,95.0
0.21622587562544673,3878.4,0,952.14,958.5,"sS(s=45,S=95)",42,24,45.0,95.0
0.28065872459705676,4118.9,0,1276.92,1345.4,"sS(s=45,S=95)",42,25,45.0,95.0
0.29260089686098656,4068.2,5,1204.9399999999998,1231.1,"sS(s=45,S=95)",42,26,45.0,95.0
0.16344579102522108,4391.8,2,1401.7,1479.9,"sS(s=45,S=95)",42,27,45.0,95.0
0.32672882672882675,3523.2,0,947.6999999999999,958.8,"sS(s=45,S=95)",42,28,45.0,95.0
0.2560666425208258,3703.7,0,1175.46,1239.9,"sS(s=45,S=95)",42,29,45.0,95.0
0.2655024946543122,3767.9,0,1097.06,1147.5,"sS(s=45,S=95)",42,30,45.0,95.0
0.22161978990172823,4634.8,0,1247.96,1260.7,"sS(s=45,S=95)",42,31,45.0,95.0
0.25462962962962965,3988.6,0,991.88,1007.0,"sS(s=45,S=95)",42,32,45.0,95.0
0.36644591611479027,4211.1,1,1639.2199999999998,1820.1,"sS(s=45,S=95)",42,33,45.0,95.0
0.29120245870149825,3960.4,1,1368.36,1481.2,"sS(s=45,S=95)",42,34,45.0,95.0
0.32673651532790066,3521.7,0,1136.02,1212.2,"sS(s=45,S=95)",42,35,45.0,95.0
0.19530452534875808,4425.5,1,1142.6599999999999,1177.8,"sS(s=45,S=95)",42,36,45.0,95.0
0.26776740847092606,4207.2,3,1257.24,1316.8,"sS(s=45,S=95)",42,37,45.0,95.0
0.29471120389700767,4484.8,0,1419.32,1509.2,"sS(s=45,S=95)",42,38,45.0,95.0
0.35493072534637327,3505.3,0,1042.22,1087.8,"sS(s=45,S=95)",42,39,45.0,95.0
0.34662576687116564,3852.9,2,1097.8799999999999,1127.8,"sS(s=45,S=95)",42,40,45.0,95.0
0.2497335701598579,4217.8,0,1089.88,1097.7,"sS(s=45,S=95)",42,41,45.0,95.0
0.29703980945899966,4763.9,1,1251.22,1265.8,"sS(s=45,S=95)",42,42,45.0,95.0
0.29581470946769606,3847.5,2,1013.74,1020.1,"sS(s=45,S=95)",42,43,45.0,95.0
0.21681260945709283,3753.2,0,964.4599999999999,988.8,"sS(s=45,S=95)",42,44,45.0,95.0
0.29715370018975334,4024.3,0,1107.28,1118.2,"sS(s=45,S=95)",42,45,45.0,95.0
0.2551358515573227,4631.7,0,1492.1999999999998,1606.0,"sS(s=45,S=95)",42,46,45.0,95.0
0.2652050919377652,4279.3,1,1243.76,1301.5,"sS(s=45,S=95)",42,47,45.0,95.0
0.3380392156862745,3838.0,0,991.4399999999999,1016.1,"sS(s=45,S=95)",42,48,45.0,95.0
0.2134629229661627,4237.6,6,1239.08,1255.6,"sS(s=45,S=95)",42,49,45.0,95.0
0.2846299810246679,4056.2,4,1006.3,1017.9,"sS(s=45,S=100)",42,0,45.0,100.0
0.29159082635602473,3781.9,0,1153.64,1161.5,"sS(s=45,S=100)",42,1,45.0,100.0
0.2546086956521739,4169.8,1,1203.7399999999998,1276.8,"sS(s=45,S=100)",42,2,45.0,100.0
0.2939651980747871,4208.9,0,1192.26,1253.2,"sS(s=45,S=100)",42,3,45.0,100.0
0.28993855606758834,3742.1,0,1265.04,1325.9,"sS(s=45,S=100)",42,4,45.0,100.0
0.23901464713715045,4436.5,2,1201.32,1211.3,"sS(s=45,S=100)",42,5,45.0,100.0
0.37169517884914466,3945.2,0,1408.2199999999998,1488.1,"sS(s=45,S=100)",42,6,45.0,100.0
0.28416092787241753,3870.1,1,1203.02,1250.1,"sS(s=45,S=100)",42,7,45.0,100.0
0.3149231894659839,3910.3,2,1173.0800000000002,1192.9,"sS(s=45,S=100)",42,8,45.0,100.0
0.24380305602716468,4035.6,0,1221.54,1238.3,"sS(s=45,S=100)",42,9,45.0,100.0
0.33955491744436467,3772.7,1,1180.6,1184.1,"sS(s=45,S=100)",42,10,45.0,100.0
0.24655493482309124,3581.1,0,1193.8799999999999,1203.8,"sS(s=45,S=100)",42,11,45.0,100.0
0.31778323395299896,4148.5,0,1206.82,1230.0,"sS(s=45,S=100)",42,12,45.0,100.0
0.2345679012345679,4124.2,2,1161.12,1230.6,"sS(s=45,S=100)",42,13,45.0,100.0
0.35244648318042815,3936.7,2,1064.42,1125.9,"sS(s=45,S=100)",42,14,45.0,100.0
0.28952991452991456,3888.1,3,1171.24,1233.5,"sS(s=45,S=100)",42,15,45.0,100.0
0.32623318385650224,4019.9,1,1208.6599999999999,1232.6,"sS(s=45,S=100)",42,16,45.0,100.0
0.2792253521126761,4351.2,1,1227.6,1260.1,"sS(s=45,S=100)",42,17,45.0,100.0
0.26221264367816094,4281.8,1,1172.9399999999998,1230.6,"sS(s=45,S=100)",42,18,45.0,100.0
0.3701149425287356,3676.1,2,1174.98,1230.7,"sS(s=45,S=100)",42,19,45.0,100.0
0.26449534717251255,4178.5,1,1333.74,1348.5,"sS(s=45,S=100)",42,20,45.0,100.0
0.29156708774325707,4349.9,2,1177.76,1183.7,"sS(s=45,S=100)",42,21,45.0,100.0
0.2618066561014263,4974.3,1,1551.54,1644.0,"sS(s=45,S=100)",42,22,45.0,100.0
0.33368495077355836,4741.7,3,1330.46,1414.4,"sS(s=45,S=100)",42,23,45.0,100.0
0.2562544674767691,3836.9,0,955.94,957.5,"sS(s=45,S=100)",42,24,45.0,100.0
0.3037841625788367,4196.2,0,1258.78,1341.9,"sS(s=45,S=100)",42,25,45.0,100.0
0.2806427503736921,4058.5,3,1248.6200000000001,1290.9,"sS(s=45,S=100)",42,26,45.0,100.0
0.18604651162790697,4328.2,2,1392.2,1469.9,"sS(s=45,S=100)",42,27,45.0,100.0
0.32867132867132864,3500.2,0,955.3,970.3,"sS(s=45,S=100)",42,28,45.0,100.0
0.27345164795363996,3651.2,0,1111.18,1152.4,"sS(s=45,S=100)",42,29,45.0,100.0
0.29579472558802566,3758.4,0,1125.36,1184.0,"sS(s=45,S=100)",42,30,45.0,100.0
0.2436462216197899,4615.8,0,1235.76,1247.2,"sS(s=45,S=100)",42,31,45.0,100.0
0.2799145299145299,3932.4,0,981.0799999999999,994.5,"sS(s=45,S=100)",42,32,45.0,100.0
0.3903605592347314,4233.6,1,1628.62,1802.1,"sS(s=45,S=100)",42,33,45.0,100.0
0.3180945063388398,3919.4,1,1339.6599999999999,1443.7,"sS(s=45,S=100)",42,34,45.0,100.0
0.359720605355064,3397.7,0,1144.52,1219.2,"sS(s=45,S=100)",42,35,45.0,100.0
0.20551207893841442,4470.2,0,1119.4,1146.5,"sS(s=45,S=100)",42,36,45.0,100.0
0.29827709978463746,4177.2,3,1267.6399999999999,1335.8,"sS(s=45,S=100)",42,37,45.0,100.0
0.31315240083507306,4430.7,0,1395.96,1479.2,"sS(s=45,S=100)",42,38,45.0,100.0
0.3671556642216789,3523.3,0,1023.8199999999999,1038.8,"sS(s=45,S=100)",42,39,45.0,100.0
0.37921779141104295,3813.4,2,1083.78,1115.8,"sS(s=45,S=100)",42,40,45.0,100.0
0.26714031971580815,4236.9,0,1185.54,1223.1,"sS(s=45,S=100)",42,41,45.0,100.0
0.27390268798911194,4693.6,1,1236.62,1249.8,"sS(s=45,S=100)",42,42,45.0,100.0
0.33197887037789514,3819.6,2,1007.0399999999998,1031.6,"sS(s=45,S=100)",42,43,45.0,100.0
0.25148861646234677,3748.2,0,952.02,972.3,"sS(s=45,S=100)",42,44,45.0,100.0
0.3233396584440228,3994.6,0,1080.7,1091.7,"sS(s=45,S=100)",42,45,45.0,100.0
0.28164347249834326,4584.2,0,1484.5,1597.5,"sS(s=45,S=100)",42,46,45.0,100.0
0.28995756718529,4233.8,1,1233.06,1287.5,"sS(s=45,S=100)",42,47,45.0,100.0
0.3596078431372549,3842.8,0,985.24,1017.1,"sS(s=45,S=100)",42,48,45.0,100.0
0.24226061915046795,4182.1,6,1217.8799999999999,1233.6,"sS(s=45,S=100)",42,49,45.0,100.0
0.1222011385199241,4311.0,5,1064.16,1067.7,"sS(s=50,S=55)",42,0,50.0,55.0
0.06953039679650527,4260.5,0,1127.62,1131.0,"sS(s=50,S=55)",42,1,50.0,55.0
0.058782608695652175,4632.9,2,1376.6399999999999,1438.6,"sS(s=50,S=55)",42,2,50.0,55.0
0.03998519067012218,4282.8,0,1202.88,1253.2,"sS(s=50,S=55)",42,3,50.0,55.0
0.08832565284178187,4009.0,2,1147.3400000000001,1171.4,"sS(s=50,S=55)",42,4,50.0,55.0
0.08621837549933423,4765.9,2,1305.6999999999998,1335.3,"sS(s=50,S=55)",42,5,50.0,55.0
0.16640746500777606,4036.0,1,1202.6399999999999,1253.3,"sS(s=50,S=55)",42,6,50.0,55.0
0.08916274012323305,4453.6,1,1198.8799999999999,1253.6,"sS(s=50,S=55)",42,7,50.0,55.0
0.10241404535479151,4463.0,2,1347.86,1388.5,"sS(s=50,S=55)",42,8,50.0,55.0
0.06825127334465195,4725.4,0,1172.4,1177.0,"sS(s=50,S=55)",42,9,50.0,55.0
0.12060301507537688,4332.5,3,1132.3799999999999,1156.8,"sS(s=50,S=55)",42,10,50.0,55.0
0.048417132216014895,4165.0,0,1267.34,1318.9,"sS(s=50,S=55)",42,11,50.0,55.0
0.14942125569975448,4446.8,0,1283.3799999999999,1327.2,"sS(s=50,S=55)",42,12,50.0,55.0
0.06281771968046478,4462.3,2,1253.34,1302.2,"sS(s=50,S=55)",42,13,50.0,55.0
0.16819571865443425,4354.1,3,1155.3400000000001,1194.9,"sS(s=50,S=55)",42,14,50.0,55.0
0.05235042735042735,4274.7,3,1300.88,1362.4,"sS(s=50,S=55)",42,15,50.0,55.0
0.10201793721973094,4282.9,1,1372.12,1428.8,"sS(s=50,S=55)",42,16,50.0,55.0
0.09507042253521127,4656.0,2,1139.1599999999999,1151.1,"sS(s=50,S=55)",42,17,50.0,55.0
0.08728448275862069,4530.3,3,1217.06,1265.9,"sS(s=50,S=55)",42,18,50.0,55.0
0.1367816091954023,4086.7,3,1154.0,1201.0,"sS(s=50,S=55)",42,19,50.0,55.0
0.08446671438797423,4523.7,1,1350.44,1386.0,"sS(s=50,S=55)",42,20,50.0,55.0
0.1399795151928986,4624.2,4,1321.12,1333.0,"sS(s=50,S=55)",42,21,50.0,55.0
0.11378763866877971,5337.4,2,1523.2,1579.0,"sS(s=50,S=55)",42,22,50.0,55.0
0.15260196905766527,4926.4,2,1288.94,1314.3,"sS(s=50,S=55)",42,23,50.0,55.0
0.048248749106504646,4292.5,1,1027.48,1036.6,"sS(s=50,S=55)",42,24,50.0,55.0
0.07463209530483532,4464.3,0,1221.56,1247.6,"sS(s=50,S=55)",42,25,50.0,55.0
0.05829596412556054,4155.0,4,1175.6399999999999,1192.8,"sS(s=50,S=55)",42,26,50.0,55.0
0.06911234850966262,4936.5,3,1569.32,1624.9,"sS(s=50,S=55)",42,27,50.0,55.0
0.09751359751359752,3896.1,0,1078.48,1123.0,"sS(s=50,S=55)",42,28,50.0,55.0
0.10648315827598696,4149.4,0,1375.5,1498.0,"sS(s=50,S=55)",42,29,50.0,55.0
0.0684248039914469,4365.2,0,1039.8400000000001,1041.7,"sS(s=50,S=55)",42,30,50.0,55.0
0.0579464588275161,4854.1,0,1335.84,1363.0,"sS(s=50,S=55)",42,31,50.0,55.0
0.09722222222222222,4493.1,0,1048.0,1056.0,"sS(s=50,S=55)",42,32,50.0,55.0
0.1817512877115526,4335.5,1,1417.04,1487.1,"sS(s=50,S=55)",42,33,50.0,55.0
0.12293507491356127,4234.1,3,1416.12,1537.9,"sS(s=50,S=55)",42,34,50.0,55.0
0.09778812572759023,3968.5,0,1034.84,1050.2,"sS(s=50,S=55)",42,35,50.0,55.0
0.0421912215039129,4712.4,1,1300.62,1347.0,"sS(s=50,S=55)",42,36,50.0,55.0
0.14752333094041636,4338.7,2,1214.06,1254.0,"sS(s=50,S=55)",42,37,50.0,55.0
0.06332637439109255,4600.2,0,1313.76,1391.2,"sS(s=50,S=55)",42,38,50.0,55.0
0.12836185819070906,3872.3,1,1053.14,1061.9,"sS(s=50,S=55)",42,39,50.0,55.0
0.12193251533742332,4125.8,4,1147.48,1167.9,"sS(s=50,S=55)",42,40,50.0,55.0
0.14031971580817051,4546.5,0,1093.46,1095.8,"sS(s=50,S=55)",42,41,50.0,55.0
0.10581830554610412,4929.9,1,1308.8,1337.0,"sS(s=50,S=55)",42,42,50.0,55.0
0.09183258837870784,3970.0,1,1003.92,1017.9,"sS(s=50,S=55)",42,43,50.0,55.0
0.029422066549912435,4344.4,0,1093.0,1121.0,"sS(s=50,S=55)",42,44,50.0,55.0
0.1267552182163188,4243.5,0,1188.1200000000001,1252.4,"sS(s=50,S=55)",42,45,50.0,55.0
0.07554671968190854,4938.8,0,1507.1399999999999,1621.0,"sS(s=50,S=55)",42,46,50.0,55.0
0.07567185289957568,4771.4,1,1346.8,1388.5,"sS(s=50,S=55)",42,47,50.0,55.0
0.16470588235294117,3904.5,0,1055.26,1068.3,"sS(s=50,S=55)",42,48,50.0,55.0
0.05003599712023038,4572.7,8,1215.96,1239.7,"sS(s=50,S=55)",42,49,50.0,55.0
0.14724857685009488,4258.2,4,1066.3600000000001,1071.7,"sS(s=50,S=60)",42,0,50.0,60.0
0.08409173643975246,4181.0,0,1110.3799999999999,1111.1,"sS(s=50,S=60)",42,1,50.0,60.0
0.07930434782608696,4590.1,2,1390.26,1445.4,"sS(s=50,S=60)",42,2,50.0,60.0
0.05664568678267309,4222.3,0,1176.68,1219.2,"sS(s=50,S=60)",42,3,50.0,60.0
0.12096774193548387,3968.3,1,1177.84,1208.9,"sS(s=50,S=60)",42,4,50.0,60.0
0.10286284953395473,4696.1,2,1305.4599999999998,1344.3,"sS(s=50,S=60)",42,5,50.0,60.0
0.18973561430793157,3962.0,1,1184.4399999999998,1229.3,"sS(s=50,S=60)",42,6,50.0,60.0
0.11272200072490032,4376.1,1,1229.4799999999998,1293.1,"sS(s=50,S=60)",42,7,50.0,60.0
0.11777615215801024,4388.1,1,1326.3799999999999,1369.5,"sS(s=50,S=60)",42,8,50.0,60.0
0.07945670628183361,4650.8,0,1154.04,1155.3,"sS(s=50,S=60)",42,9,50.0,60.0
0.14788226848528357,4236.2,3,1109.18,1128.3,"sS(s=50,S=60)",42,10,50.0,60.0
0.06256983240223464,4086.8,0,1252.14,1304.4,"sS(s=50,S=60)",42,11,50.0,60.0
0.1634514205541915,4350.6,0,1267.08,1320.6,"sS(s=50,S=60)",42,12,50.0,60.0
0.07988380537400146,4400.5,2,1247.34,1298.2,"sS(s=50,S=60)",42,13,50.0,60.0
0.19495412844036697,4301.1,3,1150.04,1191.9,"sS(s=50,S=60)",42,14,50.0,60.0
0.07015669515669516,4189.7,3,1300.48,1367.4,"sS(s=50,S=60)",42,15,50.0,60.0
0.1203288490284006,4212.6,1,1361.32,1425.8,"sS(s=50,S=60)",42,16,50.0,60.0
0.12394366197183099,4614.2,2,1123.0,1128.1,"sS(s=50,S=60)",42,17,50.0,60.0
0.10344827586206896,4457.8,3,1207.06,1259.4,"sS(s=50,S=60)",42,18,50.0,60.0
0.16551724137931034,4041.7,3,1190.6,1248.0,"sS(s=50,S=60)",42,19,50.0,60.0
0.09806728704366499,4453.8,1,1331.08,1361.0,"sS(s=50,S=60)",42,20,50.0,60.0
0.15705018777739843,4526.7,3,1313.92,1330.0,"sS(s=50,S=60)",42,21,50.0,60.0
0.13502377179080824,5259.4,1,1518.1399999999999,1578.0,"sS(s=50,S=60)",42,22,50.0,60.0
0.1828410689170183,4892.3,2,1298.74,1328.8,"sS(s=50,S=60)",42,23,50.0,60.0
0.05611150822015726,4181.7,1,994.72,1002.6,"sS(s=50,S=60)",42,24,50.0,60.0
0.09880868955851436,4404.2,0,1205.26,1228.1,"sS(s=50,S=60)",42,25,50.0,60.0
0.08819133034379671,4100.9,4,1168.8,1185.5,"sS(s=50,S=60)",42,26,50.0,60.0
0.07893874877169997,4837.3,3,1551.52,1608.9,"sS(s=50,S=60)",42,27,50.0,60.0
0.12975912975912976,3858.4,0,1060.84,1104.5,"sS(s=50,S=60)",42,28,50.0,60.0
0.13364722926475914,4085.6,0,1348.34,1466.4,"sS(s=50,S=60)",42,29,50.0,60.0
0.08267997148966501,4287.2,0,1025.74,1031.2,"sS(s=50,S=60)",42,30,50.0,60.0
0.07997289054557777,4800.6,0,1317.04,1343.0,"sS(s=50,S=60)",42,31,50.0,60.0
0.10968660968660969,4393.6,0,1027.8,1032.0,"sS(s=50,S=60)",42,32,50.0,60.0
0.21118469462840322,4263.8,0,1445.7399999999998,1534.1,"sS(s=50,S=60)",42,33,50.0,60.0
0.145985401459854,4165.1,2,1399.92,1523.9,"sS(s=50,S=60)",42,34,50.0,60.0
0.11796662786185487,3891.7,0,1052.6,1077.2,"sS(s=50,S=60)",42,35,50.0,60.0
0.06022456617897244,4672.7,1,1311.52,1364.0,"sS(s=50,S=60)",42,36,50.0,60.0
0.16762383345297918,4220.4,2,1195.02,1229.0,"sS(s=50,S=60)",42,37,50.0,60.0
0.09464161447459986,4577.2,0,1322.96,1401.2,"sS(s=50,S=60)",42,38,50.0,60.0
0.15892420537897312,3849.3,1,1050.3400000000001,1058.9,"sS(s=50,S=60)",42,39,50.0,60.0
0.1545245398773006,4036.3,4,1132.98,1153.9,"sS(s=50,S=60)",42,40,50.0,60.0
0.1570159857904085,4484.7,0,1090.28,1090.3,"sS(s=50,S=60)",42,41,50.0,60.0
0.1296359305886356,4872.9,0,1277.8,1299.5,"sS(s=50,S=60)",42,42,50.0,60.0
0.12108898821617228,3950.5,1,985.3199999999999,998.4,"sS(s=50,S=60)",42,43,50.0,60.0
0.04133099824868652,4233.8,0,1093.78,1126.0,"sS(s=50,S=60)",42,44,50.0,60.0
0.152561669829222,4195.2,0,1200.92,1271.9,"sS(s=50,S=60)",42,45,50.0,60.0
0.10337972166998012,4913.2,0,1491.34,1606.0,"sS(s=50,S=60)",42,46,50.0,60.0
0.09512022630834512,4730.9,1,1357.8,1408.5,"sS(s=50,S=60)",42,47,50.0,60.0
0.18823529411764706,3844.5,0,1053.82,1067.5,"sS(s=50,S=60)",42,48,50.0,60.0
0.064434845212383,4496.7,8,1211.56,1240.2,"sS(s=50,S=60)",42,49,50.0,60.0
0.17571157495256168,4256.2,4,1097.3600000000001,1111.7,"sS(s=50,S=65)",42,0,50.0,65.0
0.10411357844921733,4088.0,0,1106.3799999999999,1108.1,"sS(s=50,S=65)",42,1,50.0,65.0
0.09182608695652174,4486.7,1,1371.24,1437.0,"sS(s=50,S=65)",42,2,50.0,65.0
0.07737874861162532,4173.9,0,1154.0,1189.6,"sS(s=50,S=65)",42,3,50.0,65.0
0.15053763440860216,3929.0,1,1215.22,1255.4,"sS(s=50,S=65)",42,4,50.0,65.0
0.11950732356857523,4635.1,2,1296.6399999999999,1337.3,"sS(s=50,S=65)",42,5,50.0,65.0
0.22317262830482115,3935.6,2,1188.08,1232.6,"sS(s=50,S=65)",42,6,50.0,65.0
0.1377310619789779,4286.0,1,1233.58,1300.6,"sS(s=50,S=65)",42,7,50.0,65.0
0.13679590343818582,4337.8,1,1310.34,1353.7,"sS(s=50,S=65)",42,8,50.0,65.0
0.09134125636672326,4582.8,0,1142.36,1144.0,"sS(s=50,S=65)",42,9,50.0,65.0
0.1715721464465183,4157.1,3,1089.68,1099.8,"sS(s=50,S=65)",42,10,50.0,65.0
0.07746741154562384,4015.8,0,1243.34,1294.4,"sS(s=50,S=65)",42,11,50.0,65.0
0.1795861101367941,4308.6,0,1261.58,1307.6,"sS(s=50,S=65)",42,12,50.0,65.0
0.10167029774872913,4353.0,2,1241.34,1294.2,"sS(s=50,S=65)",42,13,50.0,65.0
0.2198012232415902,4238.6,3,1143.74,1188.9,"sS(s=50,S=65)",42,14,50.0,65.0
0.08511396011396011,4108.9,3,1309.4399999999998,1384.1,"sS(s=50,S=65)",42,15,50.0,65.0
0.148355754857997,4150.1,1,1329.32,1396.3,"sS(s=50,S=65)",42,16,50.0,65.0
0.1573943661971831,4573.7,2,1117.5,1120.6,"sS(s=50,S=65)",42,17,50.0,65.0
0.1221264367816092,4390.0,3,1201.0,1255.9,"sS(s=50,S=65)",42,18,50.0,65.0
0.2,3967.2,3,1177.6,1233.0,"sS(s=50,S=65)",42,19,50.0,65.0
0.11238367931281316,4380.3,1,1312.08,1336.0,"sS(s=50,S=65)",42,20,50.0,65.0
0.17548651416865824,4432.6,3,1296.8400000000001,1309.4,"sS(s=50,S=65)",42,21,50.0,65.0
0.1572107765451664,5194.4,1,1517.34,1583.0,"sS(s=50,S=65)",42,22,50.0,65.0
0.2092123769338959,4865.8,3,1325.54,1367.3,"sS(s=50,S=65)",42,23,50.0,65.0
0.06826304503216583,4084.1,1,964.72,968.6,"sS(s=50,S=65)",42,24,50.0,65.0
0.12333566923615978,4338.3,0,1181.76,1199.6,"sS(s=50,S=65)",42,25,50.0,65.0
0.12556053811659193,4057.4,4,1173.8,1193.0,"sS(s=50,S=65)",42,26,50.0,65.0
0.0887651490337373,4742.3,2,1519.32,1574.9,"sS(s=50,S=65)",42,27,50.0,65.0
0.16744366744366745,3808.4,0,1048.1399999999999,1091.0,"sS(s=50,S=65)",42,28,50.0,65.0
0.15610286128214415,4008.6,0,1322.54,1437.4,"sS(s=50,S=65)",42,29,50.0,65.0
0.09693513898788311,4191.2,0,987.64,990.7,"sS(s=50,S=65)",42,30,50.0,65.0
0.09691629955947137,4751.3,0,1304.54,1331.0,"sS(s=50,S=65)",42,31,50.0,65.0
0.1274928774928775,4307.6,0,1010.64,1011.8,"sS(s=50,S=65)",42,32,50.0,65.0
0.23841059602649006,4231.8,0,1488.6399999999999,1601.1,"sS(s=50,S=65)",42,33,50.0,65.0
0.16903572800614675,4123.1,2,1386.24,1509.9,"sS(s=50,S=65)",42,34,50.0,65.0
0.1490104772991851,3831.7,0,1063.8,1104.2,"sS(s=50,S=65)",42,35,50.0,65.0
0.07927866621299762,4636.3,1,1317.3,1374.6,"sS(s=50,S=65)",42,36,50.0,65.0
0.17839195979899497,4186.5,2,1185.76,1201.3,"sS(s=50,S=65)",42,37,50.0,65.0
0.12595685455810718,4543.6,0,1336.76,1425.2,"sS(s=50,S=65)",42,38,50.0,65.0
0.19030154849225753,3802.4,1,1030.58,1034.7,"sS(s=50,S=65)",42,39,50.0,65.0
0.18136503067484663,3975.8,4,1121.28,1139.9,"sS(s=50,S=65)",42,40,50.0,65.0
0.17975133214920072,4403.2,0,1086.52,1087.7,"sS(s=50,S=65)",42,41,50.0,65.0
0.15549506634909832,4832.5,0,1254.8,1272.0,"sS(s=50,S=65)",42,42,50.0,65.0
0.14303128809427063,3930.9,1,964.74,971.9,"sS(s=50,S=65)",42,43,50.0,65.0
0.05464098073555167,4125.6,0,1094.44,1131.0,"sS(s=50,S=65)",42,44,50.0,65.0
0.1791271347248577,4152.7,0,1193.12,1263.4,"sS(s=50,S=65)",42,45,50.0,65.0
0.12491716368455931,4854.6,0,1470.0,1582.0,"sS(s=50,S=65)",42,46,50.0,65.0
0.11987270155586988,4703.9,1,1337.6,1389.5,"sS(s=50,S=65)",42,47,50.0,65.0
0.21176470588235294,3770.0,0,1055.42,1070.5,"sS(s=50,S=65)",42,48,50.0,65.0
0.08279337652987762,4425.0,8,1206.64,1240.7,"sS(s=50,S=65)",42,49,50.0,65.0
0.2,4230.5,5,1083.54,1097.7,"sS(s=50,S=70)",42,0,50.0,70.0
0.1241354204586822,4001.0,0,1094.3799999999999,1095.1,"sS(s=50,S=70)",42,1,50.0,70.0
0.10086956521739131,4396.3,1,1374.94,1457.0,"sS(s=50,S=70)",42,2,50.0,70.0
0.10921880784894483,4184.5,0,1146.64,1178.2,"sS(s=50,S=70)",42,3,50.0,70.0
0.1774193548387097,3878.0,2,1200.32,1236.9,"sS(s=50,S=70)",42,4,50.0,70.0
0.13315579227696406,4576.2,2,1289.3,1330.3,"sS(s=50,S=70)",42,5,50.0,70.0
0.2581648522550544,3902.1,2,1195.08,1240.1,"sS(s=50,S=70)",42,6,50.0,70.0
0.15549111997100398,4194.7,1,1223.1799999999998,1291.1,"sS(s=50,S=70)",42,7,50.0,70.0
0.15691294806144843,4289.6,1,1297.9,1341.2,"sS(s=50,S=70)",42,8,50.0,70.0
0.10424448217317488,4532.1,0,1152.04,1155.3,"sS(s=50,S=70)",42,9,50.0,70.0
0.19669777458722182,4076.2,3,1090.6200000000001,1099.7,"sS(s=50,S=70)",42,10,50.0,70.0
0.09757914338919925,3946.2,0,1232.94,1277.4,"sS(s=50,S=70)",42,11,50.0,70.0
0.19361627499123116,4253.9,0,1243.8799999999999,1279.8,"sS(s=50,S=70)",42,12,50.0,70.0
0.12345679012345678,4295.1,2,1231.94,1290.2,"sS(s=50,S=70)",42,13,50.0,70.0
0.23891437308868502,4174.6,3,1134.44,1185.9,"sS(s=50,S=70)",42,14,50.0,70.0
0.10648148148148148,4076.1,2,1310.84,1384.6,"sS(s=50,S=70)",42,15,50.0,70.0
0.1681614349775785,4112.1,1,1265.1599999999999,1331.1,"sS(s=50,S=70)",42,16,50.0,70.0
0.18098591549295776,4524.6,2,1106.1,1112.1,"sS(s=50,S=70)",42,17,50.0,70.0
0.13757183908045978,4336.3,1,1186.6,1240.4,"sS(s=50,S=70)",42,18,50.0,70.0
0.22988505747126436,3906.5,3,1164.6,1218.0,"sS(s=50,S=70)",42,19,50.0,70.0
0.12884753042233357,4313.4,1,1302.68,1323.0,"sS(s=50,S=70)",42,20,50.0,70.0
0.19597132127005804,4345.1,3,1285.04,1295.4,"sS(s=50,S=70)",42,21,50.0,70.0
0.1733755942947702,5139.1,2,1516.54,1588.0,"sS(s=50,S=70)",42,22,50.0,70.0
0.23277074542897327,4833.3,3,1360.34,1415.8,"sS(s=50,S=70)",42,23,50.0,70.0
0.07791279485346676,3987.6,1,935.08,935.2,"sS(s=50,S=70)",42,24,50.0,70.0
0.14786264891380518,4297.8,0,1158.26,1171.1,"sS(s=50,S=70)",42,25,50.0,70.0
0.1591928251121076,4053.0,5,1178.8,1200.5,"sS(s=50,S=70)",42,26,50.0,70.0
0.1018670160497871,4668.3,2,1493.32,1550.9,"sS(s=50,S=70)",42,27,50.0,70.0
0.1993006993006993,3740.6,0,1031.24,1067.5,"sS(s=50,S=70)",42,28,50.0,70.0
0.17602318000724376,3952.6,0,1300.2,1408.4,"sS(s=50,S=70)",42,29,50.0,70.0
0.12188168210976479,4139.2,0,957.14,958.9,"sS(s=50,S=70)",42,30,50.0,70.0
0.1206370721789224,4705.3,0,1270.04,1286.0,"sS(s=50,S=70)",42,31,50.0,70.0
0.1517094017094017,4237.7,0,1001.8,1002.9,"sS(s=50,S=70)",42,32,50.0,70.0
0.2619573215599706,4215.1,1,1546.5399999999997,1688.1,"sS(s=50,S=70)",42,33,50.0,70.0
0.1847867844794468,4081.3,2,1389.44,1514.9,"sS(s=50,S=70)",42,34,50.0,70.0
0.18199456732634847,3777.2,0,1074.1,1131.2,"sS(s=50,S=70)",42,35,50.0,70.0
0.0905069751616196,4581.6,0,1294.04,1348.9,"sS(s=50,S=70)",42,36,50.0,70.0
0.19095477386934673,4177.5,2,1204.74,1214.1,"sS(s=50,S=70)",42,37,50.0,70.0
0.1590118302018093,4500.1,0,1362.56,1461.2,"sS(s=50,S=70)",42,38,50.0,70.0
0.22575387123064386,3758.6,1,1028.72,1032.7,"sS(s=50,S=70)",42,39,50.0,70.0
0.20820552147239263,3923.0,3,1124.04,1155.9,"sS(s=50,S=70)",42,40,50.0,70.0
0.19680284191829484,4334.5,0,1082.54,1085.1,"sS(s=50,S=70)",42,41,50.0,70.0
0.18611772711806737,4806.5,0,1231.8,1244.5,"sS(s=50,S=70)",42,42,50.0,70.0
0.16416091019910606,3913.9,1,962.76,967.8,"sS(s=50,S=70)",42,43,50.0,70.0
0.06935201401050788,4021.8,0,1093.1399999999999,1134.0,"sS(s=50,S=70)",42,44,50.0,70.0
0.19924098671726756,4114.9,0,1179.56,1247.7,"sS(s=50,S=70)",42,45,50.0,70.0
0.14314115308151093,4807.1,0,1446.1999999999998,1553.5,"sS(s=50,S=70)",42,46,50.0,70.0
0.14674681753889673,4656.9,1,1327.6,1385.5,"sS(s=50,S=70)",42,47,50.0,70.0
0.23529411764705882,3701.8,0,1057.02,1073.5,"sS(s=50,S=70)",42,48,50.0,70.0
0.11375089992800576,4279.4,7,1187.04,1241.2,"sS(s=50,S=70)",42,49,50.0,70.0
0.22011385199240988,4195.1,5,1068.64,1083.7,"sS(s=50,S=75)",42,0,50.0,75.0
0.14743356388787768,3902.9,0,1089.62,1091.5,"sS(s=50,S=75)",42,1,50.0,75.0
0.12382608695652174,4333.9,1,1322.06,1400.8,"sS(s=50,S=75)",42,2,50.0,75.0
0.14402073306182894,4162.1,0,1130.64,1169.7,"sS(s=50,S=75)",42,3,50.0,75.0
0.21044546850998463,3815.3,1,1210.22,1253.4,"sS(s=50,S=75)",42,4,50.0,75.0
0.15712383488681758,4527.7,2,1284.8999999999999,1323.3,"sS(s=50,S=75)",42,5,50.0,75.0
0.2931570762052877,3867.7,2,1184.4799999999998,1225.6,"sS(s=50,S=75)",42,6,50.0,75.0
0.18158753171438927,4127.9,1,1231.1799999999998,1303.6,"sS(s=50,S=75)",42,7,50.0,75.0
0.18324798829553768,4239.7,1,1280.3999999999999,1320.8,"sS(s=50,S=75)",42,8,50.0,75.0
0.12699490662139218,4442.3,0,1144.6399999999999,1147.3,"sS(s=50,S=75)",42,9,50.0,75.0
0.22325915290739412,3987.6,2,1096.62,1100.6,"sS(s=50,S=75)",42,10,50.0,75.0
0.12588454376163874,3923.8,0,1258.54,1294.4,"sS(s=50,S=75)",42,11,50.0,75.0
0.21431076815152578,4220.8,0,1224.98,1253.8,"sS(s=50,S=75)",42,12,50.0,75.0
0.14524328249818447,4310.1,2,1240.74,1293.2,"sS(s=50,S=75)",42,13,50.0,75.0
0.24273700305810397,4103.1,3,1123.64,1182.9,"sS(s=50,S=75)",42,14,50.0,75.0
0.13141025641025642,4000.1,2,1302.76,1381.5,"sS(s=50,S=75)",42,15,50.0,75.0
0.19805680119581465,4078.6,1,1250.36,1318.1,"sS(s=50,S=75)",42,16,50.0,75.0
0.19507042253521126,4502.1,2,1116.6999999999998,1126.1,"sS(s=50,S=75)",42,17,50.0,75.0
0.1476293103448276,4288.1,1,1192.7599999999998,1252.6,"sS(s=50,S=75)",42,18,50.0,75.0
0.2655172413793103,3832.9,3,1158.0,1211.0,"sS(s=50,S=75)",42,19,50.0,75.0
0.15139584824624194,4272.8,0,1298.36,1321.3,"sS(s=50,S=75)",42,20,50.0,75.0
0.2103106862410379,4275.0,3,1279.7,1281.4,"sS(s=50,S=75)",42,21,50.0,75.0
0.1889064976228209,5079.2,1,1515.74,1593.0,"sS(s=50,S=75)",42,22,50.0,75.0
0.25562587904360057,4767.1,3,1345.54,1402.3,"sS(s=50,S=75)",42,23,50.0,75.0
0.09471050750536097,3934.8,1,920.88,921.2,"sS(s=50,S=75)",42,24,50.0,75.0
0.15487035739313246,4234.3,0,1144.8400000000001,1145.4,"sS(s=50,S=75)",42,25,50.0,75.0
0.18310911808669655,4034.4,5,1183.8,1208.0,"sS(s=50,S=75)",42,26,50.0,75.0
0.11496888306583689,4594.3,2,1467.32,1526.9,"sS(s=50,S=75)",42,27,50.0,75.0
0.22261072261072262,3698.9,0,1014.34,1044.0,"sS(s=50,S=75)",42,28,50.0,75.0
0.19594349873234335,3868.3,0,1275.76,1379.4,"sS(s=50,S=75)",42,29,50.0,75.0
0.150392017106201,4067.1,0,961.0,972.3,"sS(s=50,S=75)",42,30,50.0,75.0
0.13588614029142662,4681.3,0,1259.74,1274.0,"sS(s=50,S=75)",42,31,50.0,75.0
0.17663817663817663,4153.2,0,996.1999999999999,999.4,"sS(s=50,S=75)",42,32,50.0,75.0
0.27851361295069904,4149.1,1,1561.4399999999998,1715.1,"sS(s=50,S=75)",42,33,50.0,75.0
0.20783711102573954,4060.3,2,1377.44,1500.9,"sS(s=50,S=75)",42,34,50.0,75.0
0.21497865735351185,3768.8,0,1109.62,1184.2,"sS(s=50,S=75)",42,35,50.0,75.0
0.1092208234093229,4554.1,0,1265.94,1313.4,"sS(s=50,S=75)",42,36,50.0,75.0
0.20351758793969849,4135.5,2,1217.54,1238.6,"sS(s=50,S=75)",42,37,50.0,75.0
0.19206680584551147,4517.0,0,1457.96,1581.2,"sS(s=50,S=75)",42,38,50.0,75.0
0.2530562347188264,3722.3,1,1026.94,1028.0,"sS(s=50,S=75)",42,39,50.0,75.0
0.24079754601226994,3871.9,3,1139.4799999999998,1178.6,"sS(s=50,S=75)",42,40,50.0,75.0
0.2163410301953819,4270.5,0,1074.74,1081.1,"sS(s=50,S=75)",42,41,50.0,75.0
0.21469887716910513,4769.7,0,1219.3600000000001,1230.2,"sS(s=50,S=75)",42,42,50.0,75.0
0.18650954896383584,3934.9,2,1032.86,1053.8,"sS(s=50,S=75)",42,43,50.0,75.0
0.09912434325744308,3975.3,0,1082.1599999999999,1124.0,"sS(s=50,S=75)",42,44,50.0,75.0
0.22504743833017077,4094.5,0,1160.96,1225.7,"sS(s=50,S=75)",42,45,50.0,75.0
0.16136514247846256,4747.6,0,1422.3999999999999,1525.0,"sS(s=50,S=75)",42,46,50.0,75.0
0.16973125884016974,4601.9,1,1301.6,1361.5,"sS(s=50,S=75)",42,47,50.0,75.0
0.25529411764705884,3677.0,0,1047.42,1062.5,"sS(s=50,S=75)",42,48,50.0,75.0
0.128869690424766,4235.1,6,1220.16,1283.7,"sS(s=50,S=75)",42,49,50.0,75.0
0.2398481973434535,4159.3,5,1055.34,1071.7,"sS(s=50,S=80)",42,0,50.0,80.0
0.17837641062977794,3811.9,0,1088.62,1093.5,"sS(s=50,S=80)",42,1,50.0,80.0
0.14365217391304347,4271.6,1,1282.62,1361.0,"sS(s=50,S=80)",42,2,50.0,80.0
0.17326915957052944,4218.9,0,1132.34,1188.8,"sS(s=50,S=80)",42,3,50.0,80.0
0.2215821812596006,3755.1,1,1230.08,1283.9,"sS(s=50,S=80)",42,4,50.0,80.0
0.177762982689747,4509.7,2,1275.9399999999998,1310.6,"sS(s=50,S=80)",42,5,50.0,80.0
0.3215396578538103,3819.4,2,1195.4799999999998,1238.1,"sS(s=50,S=80)",42,6,50.0,80.0
0.20877129394708227,4064.4,1,1240.3799999999999,1316.1,"sS(s=50,S=80)",42,7,50.0,80.0
0.2212874908558888,4222.6,1,1280.5,1323.3,"sS(s=50,S=80)",42,8,50.0,80.0
0.15110356536502548,4353.3,0,1135.3200000000002,1136.9,"sS(s=50,S=80)",42,9,50.0,80.0
0.24335965541995694,3937.2,2,1103.4199999999998,1108.1,"sS(s=50,S=80)",42,10,50.0,80.0
0.15828677839851024,3869.4,0,1244.94,1278.4,"sS(s=50,S=80)",42,11,50.0,80.0
0.23009470361276746,4248.3,0,1205.68,1227.8,"sS(s=50,S=80)",42,12,50.0,80.0
0.16775599128540306,4258.5,2,1228.74,1284.2,"sS(s=50,S=80)",42,13,50.0,80.0
0.2484709480122324,3980.6,2,1108.94,1179.9,"sS(s=50,S=80)",42,14,50.0,80.0
0.1599002849002849,3934.1,2,1289.22,1373.0,"sS(s=50,S=80)",42,15,50.0,80.0
0.2242152466367713,4073.1,2,1232.36,1296.1,"sS(s=50,S=80)",42,16,50.0,80.0
0.225,4474.4,2,1079.76,1080.7,"sS(s=50,S=80)",42,17,50.0,80.0
0.16989942528735633,4227.6,1,1183.32,1245.3,"sS(s=50,S=80)",42,18,50.0,80.0
0.2777777777777778,3786.5,3,1137.8799999999999,1187.1,"sS(s=50,S=80)",42,19,50.0,80.0
0.16785969935576234,4232.9,0,1337.78,1362.8,"sS(s=50,S=80)",42,20,50.0,80.0
0.22362581085694777,4211.8,3,1260.96,1261.1,"sS(s=50,S=80)",42,21,50.0,80.0
0.21109350237717908,5037.7,1,1514.94,1598.0,"sS(s=50,S=80)",42,22,50.0,80.0
0.27637130801687765,4716.5,3,1329.54,1388.8,"sS(s=50,S=80)",42,23,50.0,80.0
0.11794138670478914,3877.8,1,904.6600000000001,907.2,"sS(s=50,S=80)",42,24,50.0,80.0
0.18640504555010512,4184.8,0,1182.0,1201.9,"sS(s=50,S=80)",42,25,50.0,80.0
0.20889387144992527,3997.7,4,1188.4,1215.0,"sS(s=50,S=80)",42,26,50.0,80.0
0.12807075008188668,4540.7,2,1435.32,1484.9,"sS(s=50,S=80)",42,27,50.0,80.0
0.2533022533022533,3636.9,0,996.34,1020.5,"sS(s=50,S=80)",42,28,50.0,80.0
0.20862006519377038,3827.9,0,1250.06,1350.4,"sS(s=50,S=80)",42,29,50.0,80.0
0.17890235210263722,4025.1,0,974.1999999999999,989.8,"sS(s=50,S=80)",42,30,50.0,80.0
0.137580481192816,4604.5,0,1242.0,1256.0,"sS(s=50,S=80)",42,31,50.0,80.0
0.20156695156695156,4090.7,0,989.16,994.1,"sS(s=50,S=80)",42,32,50.0,80.0
0.2947019867549669,4098.0,1,1576.3399999999997,1742.1,"sS(s=50,S=80)",42,33,50.0,80.0
0.2247406838263542,4052.7,2,1382.24,1507.9,"sS(s=50,S=80)",42,34,50.0,80.0
0.2464105549088087,3711.3,0,1108.32,1191.2,"sS(s=50,S=80)",42,35,50.0,80.0
0.1309969377339231,4497.6,0,1233.84,1277.9,"sS(s=50,S=80)",42,36,50.0,80.0
0.2189519023689878,4095.1,2,1228.8,1259.8,"sS(s=50,S=80)",42,37,50.0,80.0
0.22512178148921363,4518.8,0,1452.02,1585.2,"sS(s=50,S=80)",42,38,50.0,80.0
0.2775061124694376,3661.3,1,1022.74,1026.0,"sS(s=50,S=80)",42,39,50.0,80.0
0.27338957055214724,3843.4,3,1172.4799999999998,1221.1,"sS(s=50,S=80)",42,40,50.0,80.0
0.2330373001776199,4215.1,0,1071.66,1077.9,"sS(s=50,S=80)",42,41,50.0,80.0
0.2432800272201429,4775.1,0,1207.94,1219.2,"sS(s=50,S=80)",42,42,50.0,80.0
0.20357578220235675,3898.5,2,1030.96,1049.8,"sS(s=50,S=80)",42,43,50.0,80.0
0.1330998248686515,3864.0,0,1069.6599999999999,1110.0,"sS(s=50,S=80)",42,44,50.0,80.0
0.24971537001897534,4029.5,0,1142.36,1203.7,"sS(s=50,S=80)",42,45,50.0,80.0
0.15540092776673295,4654.8,0,1381.8,1475.5,"sS(s=50,S=80)",42,46,50.0,80.0
0.19731258840169733,4556.2,1,1295.46,1355.5,"sS(s=50,S=80)",42,47,50.0,80.0
0.2749019607843137,3620.0,0,1029.02,1040.5,"sS(s=50,S=80)",42,48,50.0,80.0
0.1493880489560835,4177.1,6,1213.24,1275.2,"sS(s=50,S=80)",42,49,50.0,80.0
0.2713472485768501,4219.5,5,1100.32,1136.1,"sS(s=50,S=85)",42,0,50.0,85.0
0.19949035311248633,3750.8,0,1058.46,1062.7,"sS(s=50,S=85)",42,1,50.0,85.0
0.17878260869565218,4226.0,1,1248.4599999999998,1326.8,"sS(s=50,S=85)",42,2,50.0,85.0
0.20510921880784894,4222.0,0,1129.06,1185.2,"sS(s=50,S=85)",42,3,50.0,85.0
0.2569124423963134,3778.4,1,1292.4199999999998,1360.6,"sS(s=50,S=85)",42,4,50.0,85.0
0.2003994673768309,4468.5,2,1275.54,1308.6,"sS(s=50,S=85)",42,5,50.0,85.0
0.3468118195956454,3774.9,2,1206.4799999999998,1250.6,"sS(s=50,S=85)",42,6,50.0,85.0
0.21964479884015947,4028.1,1,1249.58,1328.6,"sS(s=50,S=85)",42,7,50.0,85.0
0.2512801755669349,4120.8,2,1234.44,1258.8,"sS(s=50,S=85)",42,8,50.0,85.0
0.1731748726655348,4275.3,0,1148.52,1156.9,"sS(s=50,S=85)",42,9,50.0,85.0
0.2709978463747308,3901.9,2,1165.28,1177.7,"sS(s=50,S=85)",42,10,50.0,85.0
0.19180633147113593,3824.9,0,1228.94,1259.4,"sS(s=50,S=85)",42,11,50.0,85.0
0.2578042792002806,4226.8,0,1200.46,1219.4,"sS(s=50,S=85)",42,12,50.0,85.0
0.18155410312273057,4182.4,2,1147.54,1197.2,"sS(s=50,S=85)",42,13,50.0,85.0
0.2782874617737003,3993.4,2,1125.48,1205.2,"sS(s=50,S=85)",42,14,50.0,85.0
0.19266381766381765,3886.3,2,1273.52,1364.5,"sS(s=50,S=85)",42,15,50.0,85.0
0.24663677130044842,3999.6,2,1214.36,1274.1,"sS(s=50,S=85)",42,16,50.0,85.0
0.2443661971830986,4506.9,2,1072.44,1078.0,"sS(s=50,S=85)",42,17,50.0,85.0
0.19145114942528735,4114.7,1,1180.8,1246.1,"sS(s=50,S=85)",42,18,50.0,85.0
0.289272030651341,3749.1,3,1122.96,1169.7,"sS(s=50,S=85)",42,19,50.0,85.0
0.19613457408732998,4186.5,0,1329.42,1356.5,"sS(s=50,S=85)",42,20,50.0,85.0
0.2413793103448276,4108.0,2,1250.84,1257.0,"sS(s=50,S=85)",42,21,50.0,85.0
0.23328050713153725,5059.2,2,1553.34,1659.0,"sS(s=50,S=85)",42,22,50.0,85.0
0.29043600562587907,4717.4,3,1309.74,1375.3,"sS(s=50,S=85)",42,23,50.0,85.0
0.14760543245175126,3916.6,1,943.64,964.5,"sS(s=50,S=85)",42,24,50.0,85.0
0.21793973370707778,4135.8,0,1283.52,1337.4,"sS(s=50,S=85)",42,25,50.0,85.0
0.24626307922272048,4054.4,4,1225.0,1262.0,"sS(s=50,S=85)",42,26,50.0,85.0
0.14248280379954142,4464.7,2,1416.92,1472.9,"sS(s=50,S=85)",42,27,50.0,85.0
0.2801087801087801,3577.4,0,978.34,997.0,"sS(s=50,S=85)",42,28,50.0,85.0
0.208982252806954,3778.8,0,1247.66,1334.9,"sS(s=50,S=85)",42,29,50.0,85.0
0.21133285816108338,3935.3,0,988.28,1008.4,"sS(s=50,S=85)",42,30,50.0,85.0
0.1494408675025415,4556.0,0,1219.1,1231.0,"sS(s=50,S=85)",42,31,50.0,85.0
0.23575498575498577,4017.8,0,979.96,986.1,"sS(s=50,S=85)",42,32,50.0,85.0
0.318616629874908,4056.5,1,1591.2399999999998,1769.1,"sS(s=50,S=85)",42,33,50.0,85.0
0.25163273146369575,3994.8,2,1366.24,1488.9,"sS(s=50,S=85)",42,34,50.0,85.0
0.2743500194024059,3641.6,0,1107.02,1198.2,"sS(s=50,S=85)",42,35,50.0,85.0
0.1449472609731201,4473.7,1,1207.02,1249.0,"sS(s=50,S=85)",42,36,50.0,85.0
0.23869346733668342,4076.7,2,1237.4399999999998,1278.8,"sS(s=50,S=85)",42,37,50.0,85.0
0.2522616562282533,4488.3,0,1429.32,1556.2,"sS(s=50,S=85)",42,38,50.0,85.0
0.3072534637326813,3496.5,0,939.34,944.1,"sS(s=50,S=85)",42,39,50.0,85.0
0.3040644171779141,3777.6,2,1160.6799999999998,1207.6,"sS(s=50,S=85)",42,40,50.0,85.0
0.2216696269982238,4208.8,0,1108.4199999999998,1119.6,"sS(s=50,S=85)",42,41,50.0,85.0
0.27390268798911194,4748.1,0,1195.44,1208.2,"sS(s=50,S=85)",42,42,50.0,85.0
0.23161316537992685,3851.1,2,1026.8999999999999,1043.1,"sS(s=50,S=85)",42,43,50.0,85.0
0.1702276707530648,3768.6,0,1025.62,1058.0,"sS(s=50,S=85)",42,44,50.0,85.0
0.2667931688804554,4015.9,0,1118.36,1173.8,"sS(s=50,S=85)",42,45,50.0,85.0
0.1918489065606362,4643.8,0,1406.0,1507.0,"sS(s=50,S=85)",42,46,50.0,85.0
0.2256011315417256,4480.7,1,1267.76,1321.5,"sS(s=50,S=85)",42,47,50.0,85.0
0.28980392156862744,3585.2,0,984.7800000000001,986.2,"sS(s=50,S=85)",42,48,50.0,85.0
0.17098632109431244,4147.9,6,1208.34,1264.6,"sS(s=50,S=85)",42,49,50.0,85.0
0.29335863377609106,4176.7,4,1087.26,1126.1,"sS(s=50,S=90)",42,0,50.0,90.0
0.23480160174736076,3684.9,0,1065.8200000000002,1068.9,"sS(s=50,S=90)",42,1,50.0,90.0
0.21843478260869564,4207.3,1,1162.94,1222.0,"sS(s=50,S=90)",42,2,50.0,90.0
0.24472417623102555,4227.2,0,1124.3,1169.9,"sS(s=50,S=90)",42,3,50.0,90.0
0.29377880184331795,3727.1,1,1276.1999999999998,1348.1,"sS(s=50,S=90)",42,4,50.0,90.0
0.2103861517976032,4457.2,2,1239.6200000000001,1262.2,"sS(s=50,S=90)",42,5,50.0,90.0
0.3557542768273717,3785.3,1,1254.28,1309.1,"sS(s=50,S=90)",42,6,50.0,90.0
0.24139180862631388,3967.2,1,1258.7799999999997,1341.1,"sS(s=50,S=90)",42,7,50.0,90.0
0.2834674469641551,4035.3,2,1191.38,1201.9,"sS(s=50,S=90)",42,8,50.0,90.0
0.20169779286926995,4157.2,0,1160.8200000000002,1176.9,"sS(s=50,S=90)",42,9,50.0,90.0
0.2964824120603015,3827.7,2,1169.1,1180.6,"sS(s=50,S=90)",42,10,50.0,90.0
0.21340782122905028,3837.2,0,1212.94,1240.4,"sS(s=50,S=90)",42,11,50.0,90.0
0.27218519817607856,4235.5,0,1198.28,1203.1,"sS(s=50,S=90)",42,12,50.0,90.0
0.21060275962236746,4184.9,2,1197.94,1266.2,"sS(s=50,S=90)",42,13,50.0,90.0
0.29434250764525993,3965.2,2,1091.26,1150.9,"sS(s=50,S=90)",42,14,50.0,90.0
0.2282763532763533,3869.8,2,1249.9199999999998,1351.5,"sS(s=50,S=90)",42,15,50.0,90.0
0.2679372197309417,3946.8,1,1196.36,1252.1,"sS(s=50,S=90)",42,16,50.0,90.0
0.2746478873239437,4475.7,2,1064.2,1067.4,"sS(s=50,S=90)",42,17,50.0,90.0
0.22916666666666666,4137.2,1,1195.3999999999999,1263.6,"sS(s=50,S=90)",42,18,50.0,90.0
0.335632183908046,3655.5,3,1131.6399999999999,1182.7,"sS(s=50,S=90)",42,19,50.0,90.0
0.2208303507516106,4138.2,0,1289.6599999999999,1372.3,"sS(s=50,S=90)",42,20,50.0,90.0
0.26220553089791737,4065.2,2,1224.24,1231.3,"sS(s=50,S=90)",42,21,50.0,90.0
0.2554675118858954,4990.0,2,1545.54,1654.0,"sS(s=50,S=90)",42,22,50.0,90.0
0.30520393811533053,4769.5,3,1309.9,1377.2,"sS(s=50,S=90)",42,23,50.0,90.0
0.18012866333095068,3915.2,1,950.16,974.9,"sS(s=50,S=90)",42,24,50.0,90.0
0.25227750525578135,4092.4,0,1286.22,1348.9,"sS(s=50,S=90)",42,25,50.0,90.0
0.2713004484304933,4025.4,5,1197.06,1229.0,"sS(s=50,S=90)",42,26,50.0,90.0
0.1457582705535539,4383.9,2,1424.92,1493.9,"sS(s=50,S=90)",42,27,50.0,90.0
0.3034188034188034,3505.3,0,960.34,973.5,"sS(s=50,S=90)",42,28,50.0,90.0
0.23469757334299168,3719.3,0,1211.56,1287.4,"sS(s=50,S=90)",42,29,50.0,90.0
0.24625801853171775,3840.8,0,995.64,1018.6,"sS(s=50,S=90)",42,30,50.0,90.0
0.16604540833615725,4559.9,0,1240.02,1259.4,"sS(s=50,S=90)",42,31,50.0,90.0
0.266025641025641,3967.8,0,970.76,978.1,"sS(s=50,S=90)",42,32,50.0,90.0
0.34253127299484915,4081.9,1,1597.0199999999998,1772.1,"sS(s=50,S=90)",42,33,50.0,90.0
0.26392623895505185,3982.9,1,1380.6399999999999,1507.9,"sS(s=50,S=90)",42,34,50.0,90.0
0.3061699650756694,3629.3,0,1126.8,1205.2,"sS(s=50,S=90)",42,35,50.0,90.0
0.1687648860156516,4443.7,1,1171.32,1209.0,"sS(s=50,S=90)",42,36,50.0,90.0
0.25843503230437903,4107.7,3,1238.1399999999999,1297.8,"sS(s=50,S=90)",42,37,50.0,90.0
0.27383437717466946,4514.3,0,1449.12,1553.2,"sS(s=50,S=90)",42,38,50.0,90.0
0.31295843520782396,3452.0,0,951.0,953.2,"sS(s=50,S=90)",42,39,50.0,90.0
0.31441717791411045,3794.4,3,1147.28,1192.1,"sS(s=50,S=90)",42,40,50.0,90.0
0.23765541740674956,4166.3,0,1087.4199999999998,1089.1,"sS(s=50,S=90)",42,41,50.0,90.0
0.2858115005103777,4727.7,0,1233.1000000000001,1259.9,"sS(s=50,S=90)",42,42,50.0,90.0
0.26777732629012596,3824.9,2,1014.68,1023.8,"sS(s=50,S=90)",42,43,50.0,90.0
0.21120840630472854,3709.4,0,983.14,1005.9,"sS(s=50,S=90)",42,44,50.0,90.0
0.2732447817836812,4028.2,0,1152.32,1209.1,"sS(s=50,S=90)",42,45,50.0,90.0
0.22498343273691188,4643.2,0,1491.0,1614.5,"sS(s=50,S=90)",42,46,50.0,90.0
0.24151343705799153,4434.9,1,1240.06,1287.5,"sS(s=50,S=90)",42,47,50.0,90.0
0.2996078431372549,3785.4,0,944.88,975.1,"sS(s=50,S=90)",42,48,50.0,90.0
0.18466522678185746,4213.1,6,1244.28,1277.6,"sS(s=50,S=90)",42,49,50.0,90.0
0.31385199240986716,4143.3,4,1079.64,1118.7,"sS(s=50,S=95)",42,0,50.0,95.0
0.2675646159446669,3674.4,0,1078.22,1081.4,"sS(s=50,S=95)",42,1,50.0,95.0
0.23721739130434782,4190.3,1,1189.4399999999998,1255.8,"sS(s=50,S=95)",42,2,50.0,95.0
0.27508330248056273,4180.1,0,1118.1799999999998,1166.3,"sS(s=50,S=95)",42,3,50.0,95.0
0.3210445468509985,3677.3,0,1247.1,1320.1,"sS(s=50,S=95)",42,4,50.0,95.0
0.2210386151797603,4480.1,2,1179.58,1183.7,"sS(s=50,S=95)",42,5,50.0,95.0
0.3701399688958009,3762.9,1,1299.9399999999998,1365.6,"sS(s=50,S=95)",42,6,50.0,95.0
0.2653135193910837,3896.4,1,1267.9799999999998,1353.6,"sS(s=50,S=95)",42,7,50.0,95.0
0.32114118507681055,4026.9,1,1202.24,1227.8,"sS(s=50,S=95)",42,8,50.0,95.0
0.22512733446519526,4141.6,0,1215.02,1242.3,"sS(s=50,S=95)",42,9,50.0,95.0
0.3180186647523331,3752.7,2,1165.3999999999999,1174.1,"sS(s=50,S=95)",42,10,50.0,95.0
0.23649906890130354,3809.9,0,1252.08,1274.6,"sS(s=50,S=95)",42,11,50.0,95.0
0.3037530690985619,4209.5,0,1195.78,1201.1,"sS(s=50,S=95)",42,12,50.0,95.0
0.23674655047204066,4197.4,3,1185.94,1257.2,"sS(s=50,S=95)",42,13,50.0,95.0
0.32492354740061163,3944.2,2,1077.56,1138.4,"sS(s=50,S=95)",42,14,50.0,95.0
0.2571225071225071,3851.1,2,1250.66,1362.4,"sS(s=50,S=95)",42,15,50.0,95.0
0.2559790732436472,3916.2,1,1243.56,1344.1,"sS(s=50,S=95)",42,16,50.0,95.0
0.2915492957746479,4502.5,3,1140.96,1158.1,"sS(s=50,S=95)",42,17,50.0,95.0
0.23886494252873564,4214.3,1,1166.84,1224.6,"sS(s=50,S=95)",42,18,50.0,95.0
0.3432950191570881,3673.4,2,1154.54,1213.7,"sS(s=50,S=95)",42,19,50.0,95.0
0.23622047244094488,4161.7,0,1412.3799999999999,1462.2,"sS(s=50,S=95)",42,20,50.0,95.0
0.2826903379993172,4046.9,2,1183.1799999999998,1187.6,"sS(s=50,S=95)",42,21,50.0,95.0
0.26782884310618066,4926.7,1,1537.74,1649.0,"sS(s=50,S=95)",42,22,50.0,95.0
0.3263009845288326,4752.5,3,1307.7,1380.2,"sS(s=50,S=95)",42,23,50.0,95.0
0.21622587562544673,3788.4,0,943.14,958.5,"sS(s=50,S=95)",42,24,50.0,95.0
0.28065872459705676,4073.9,0,1276.92,1345.4,"sS(s=50,S=95)",42,25,50.0,95.0
0.29260089686098656,4023.2,5,1195.9399999999998,1231.1,"sS(s=50,S=95)",42,26,50.0,95.0
0.16344579102522108,4346.8,2,1401.7,1479.9,"sS(s=50,S=95)",42,27,50.0,95.0
0.32672882672882675,3452.9,0,946.02,956.7,"sS(s=50,S=95)",42,28,50.0,95.0
0.263672582397682,3681.8,0,1175.46,1239.9,"sS(s=50,S=95)",42,29,50.0,95.0
0.2815395580898076,3809.4,0,1105.36,1147.5,"sS(s=50,S=95)",42,30,50.0,95.0
0.22161978990172823,4589.8,0,1247.96,1260.7,"sS(s=50,S=95)",42,31,50.0,95.0
0.28062678062678065,3913.4,0,989.3399999999999,1009.4,"sS(s=50,S=95)",42,32,50.0,95.0
0.36644591611479027,4120.1,1,1602.4199999999998,1774.1,"sS(s=50,S=95)",42,33,50.0,95.0
0.29120245870149825,3917.4,1,1359.0,1481.2,"sS(s=50,S=95)",42,34,50.0,95.0
0.3441986806363989,3481.2,0,1136.02,1212.2,"sS(s=50,S=95)",42,35,50.0,95.0
0.19530452534875808,4380.5,1,1142.6599999999999,1177.8,"sS(s=50,S=95)",42,36,50.0,95.0
0.26776740847092606,4162.2,3,1257.24,1316.8,"sS(s=50,S=95)",42,37,50.0,95.0
0.29471120389700767,4470.8,0,1419.32,1509.2,"sS(s=50,S=95)",42,38,50.0,95.0
0.3471882640586797,3463.1,0,1043.22,1073.2,"sS(s=50,S=95)",42,39,50.0,95.0
0.34317484662576686,3739.3,2,1131.12,1180.6,"sS(s=50,S=95)",42,40,50.0,95.0
0.2497335701598579,4172.8,0,1089.88,1097.7,"sS(s=50,S=95)",42,41,50.0,95.0
0.3052058523307247,4778.1,1,1236.06,1254.0,"sS(s=50,S=95)",42,42,50.0,95.0
0.30394148720032504,3777.5,2,995.02,996.7,"sS(s=50,S=95)",42,43,50.0,95.0
0.2521891418563923,3620.4,0,945.54,957.9,"sS(s=50,S=95)",42,44,50.0,95.0
0.29411764705882354,3993.7,0,1150.9199999999998,1205.6,"sS(s=50,S=95)",42,45,50.0,95.0
0.2551358515573227,4586.7,0,1483.1999999999998,1606.0,"sS(s=50,S=95)",42,46,50.0,95.0
0.2698019801980198,4290.5,1,1205.36,1253.5,"sS(s=50,S=95)",42,47,50.0,95.0
0.3380392156862745,3793.0,0,955.4399999999999,971.1,"sS(s=50,S=95)",42,48,50.0,95.0
0.2159827213822894,4200.3,6,1239.08,1255.6,"sS(s=50,S=95)",42,49,50.0,95.0
0.3036053130929791,4011.2,4,997.3,1017.9,"sS(s=50,S=100)",42,0,50.0,100.0
0.28285402257007647,3717.4,0,1160.62,1161.5,"sS(s=50,S=100)",42,1,50.0,100.0
0.26260869565217393,4194.8,1,1162.34,1221.3,"sS(s=50,S=100)",42,2,50.0,100.0
0.30248056275453533,4223.3,0,1188.5,1259.2,"sS(s=50,S=100)",42,3,50.0,100.0
0.32219662058371734,3702.1,0,1245.04,1325.9,"sS(s=50,S=100)",42,4,50.0,100.0
0.23901464713715045,4386.5,2,1161.38,1161.4,"sS(s=50,S=100)",42,5,50.0,100.0
0.37169517884914466,3905.7,0,1395.5199999999998,1488.1,"sS(s=50,S=100)",42,6,50.0,100.0
0.2943095324392896,3831.9,1,1277.1799999999998,1366.1,"sS(s=50,S=100)",42,7,50.0,100.0
0.35003657644476954,3966.9,1,1180.34,1207.8,"sS(s=50,S=100)",42,8,50.0,100.0
0.25942275042444823,4073.2,0,1200.4199999999998,1238.3,"sS(s=50,S=100)",42,9,50.0,100.0
0.33955491744436467,3723.7,1,1180.6,1184.1,"sS(s=50,S=100)",42,10,50.0,100.0
0.2569832402234637,3758.6,0,1261.58,1287.9,"sS(s=50,S=100)",42,11,50.0,100.0
0.33532094002104523,4214.5,0,1200.62,1201.0,"sS(s=50,S=100)",42,12,50.0,100.0
0.25054466230936817,4167.0,3,1161.12,1230.6,"sS(s=50,S=100)",42,13,50.0,100.0
0.35244648318042815,3886.7,2,1062.42,1125.9,"sS(s=50,S=100)",42,14,50.0,100.0
0.28454415954415957,3796.0,2,1250.7799999999997,1368.6,"sS(s=50,S=100)",42,15,50.0,100.0
0.28139013452914796,3848.3,1,1200.2599999999998,1290.1,"sS(s=50,S=100)",42,16,50.0,100.0
0.33098591549295775,4470.0,2,1139.36,1157.6,"sS(s=50,S=100)",42,17,50.0,100.0
0.26221264367816094,4231.8,1,1169.2399999999998,1230.6,"sS(s=50,S=100)",42,18,50.0,100.0
0.3701149425287356,3626.1,2,1164.98,1230.7,"sS(s=50,S=100)",42,19,50.0,100.0
0.26700071581961343,4178.2,1,1405.9,1438.7,"sS(s=50,S=100)",42,20,50.0,100.0
0.3093205872311369,4201.5,2,1144.82,1154.0,"sS(s=50,S=100)",42,21,50.0,100.0
0.27892234548335976,4880.2,1,1536.12,1644.0,"sS(s=50,S=100)",42,22,50.0,100.0
0.33122362869198313,4772.3,3,1328.56,1383.2,"sS(s=50,S=100)",42,23,50.0,100.0
0.2562544674767691,3836.9,0,955.94,957.5,"sS(s=50,S=100)",42,24,50.0,100.0
0.3037841625788367,4146.2,0,1258.78,1341.9,"sS(s=50,S=100)",42,25,50.0,100.0
0.3180119581464873,3971.5,4,1236.22,1287.9,"sS(s=50,S=100)",42,26,50.0,100.0
0.18604651162790697,4278.2,2,1392.2,1469.9,"sS(s=50,S=100)",42,27,50.0,100.0
0.35003885003885005,3457.0,0,936.0999999999999,946.3,"sS(s=50,S=100)",42,28,50.0,100.0
0.28649040202825066,3640.8,0,1111.18,1152.4,"sS(s=50,S=100)",42,29,50.0,100.0
0.3136136849607983,3795.4,0,1132.76,1184.0,"sS(s=50,S=100)",42,30,50.0,100.0
0.2436462216197899,4565.8,0,1235.76,1247.2,"sS(s=50,S=100)",42,31,50.0,100.0
0.2799145299145299,3886.1,0,983.76,1014.4,"sS(s=50,S=100)",42,32,50.0,100.0
0.3903605592347314,4183.6,1,1628.62,1802.1,"sS(s=50,S=100)",42,33,50.0,100.0
0.3180945063388398,3876.4,1,1328.3999999999999,1443.7,"sS(s=50,S=100)",42,34,50.0,100.0
0.3791230112533954,3402.7,0,1144.52,1219.2,"sS(s=50,S=100)",42,35,50.0,100.0
0.22218441646818646,4317.2,0,1113.92,1146.5,"sS(s=50,S=100)",42,36,50.0,100.0
0.29827709978463746,4127.2,3,1267.6399999999999,1335.8,"sS(s=50,S=100)",42,37,50.0,100.0
0.31558803061934587,4427.3,0,1389.52,1465.2,"sS(s=50,S=100)",42,38,50.0,100.0
0.3773431132844336,3496.4,0,1126.6399999999999,1171.5,"sS(s=50,S=100)",42,39,50.0,100.0
0.37921779141104295,3763.4,2,1073.78,1115.8,"sS(s=50,S=100)",42,40,50.0,100.0
0.26714031971580815,4132.9,0,1099.1399999999999,1115.1,"sS(s=50,S=100)",42,41,50.0,100.0
0.2854712487240558,4711.3,1,1227.56,1263.0,"sS(s=50,S=100)",42,42,50.0,100.0
0.34173100365705,3759.8,2,993.92,1015.2,"sS(s=50,S=100)",42,43,50.0,100.0
0.2711033274956217,3760.4,0,916.5799999999999,930.0,"sS(s=50,S=100)",42,44,50.0,100.0
0.31499051233396586,3951.2,0,1110.32,1126.1,"sS(s=50,S=100)",42,45,50.0,100.0
0.28164347249834326,4534.2,0,1474.5,1597.5,"sS(s=50,S=100)",42,46,50.0,100.0
0.29526166902404527,4256.5,1,1189.06,1232.5,"sS(s=50,S=100)",42,47,50.0,100.0
0.3596078431372549,3792.8,0,945.24,967.1,"sS(s=50,S=100)",42,48,50.0,100.0
0.2663786897048236,4150.3,5,1206.8799999999999,1233.6,"sS(s=50,S=100)",42,49,50.0,100.0
0.14724857685009488,4258.2,4,1066.3600000000001,1071.7,"sS(s=55,S=60)",42,0,55.0,60.0
0.08409173643975246,4181.0,0,1110.3799999999999,1111.1,"sS(s=55,S=60)",42,1,55.0,60.0
0.07930434782608696,4581.1,2,1386.66,1445.4,"sS(s=55,S=60)",42,2,55.0,60.0
0.05664568678267309,4222.3,0,1176.68,1219.2,"sS(s=55,S=60)",42,3,55.0,60.0
0.12096774193548387,3968.3,1,1177.84,1208.9,"sS(s=55,S=60)",42,4,55.0,60.0
0.10286284953395473,4696.1,2,1305.4599999999998,1344.3,"sS(s=55,S=60)",42,5,55.0,60.0
0.18973561430793157,3962.0,1,1184.4399999999998,1229.3,"sS(s=55,S=60)",42,6,55.0,60.0
0.11272200072490032,4368.1,1,1216.6799999999998,1277.1,"sS(s=55,S=60)",42,7,55.0,60.0
0.11777615215801024,4383.1,1,1322.3799999999999,1364.5,"sS(s=55,S=60)",42,8,55.0,60.0
0.07945670628183361,4650.8,0,1154.04,1155.3,"sS(s=55,S=60)",42,9,55.0,60.0
0.14788226848528357,4236.2,3,1109.18,1128.3,"sS(s=55,S=60)",42,10,55.0,60.0
0.06256983240223464,4086.8,0,1252.14,1304.4,"sS(s=55,S=60)",42,11,55.0,60.0
0.1634514205541915,4350.6,0,1267.08,1320.6,"sS(s=55,S=60)",42,12,55.0,60.0
0.07988380537400146,4400.5,2,1247.34,1298.2,"sS(s=55,S=60)",42,13,55.0,60.0
0.19495412844036697,4301.1,3,1150.04,1191.9,"sS(s=55,S=60)",42,14,55.0,60.0
0.07015669515669516,4189.7,3,1300.48,1367.4,"sS(s=55,S=60)",42,15,55.0,60.0
0.1203288490284006,4212.6,1,1361.32,1425.8,"sS(s=55,S=60)",42,16,55.0,60.0
0.12394366197183099,4614.2,2,1123.0,1128.1,"sS(s=55,S=60)",42,17,55.0,60.0
0.10344827586206896,4457.8,3,1207.06,1259.4,"sS(s=55,S=60)",42,18,55.0,60.0
0.1674329501915709,4042.2,3,1190.6,1248.0,"sS(s=55,S=60)",42,19,55.0,60.0
0.09806728704366499,4453.8,1,1331.08,1361.0,"sS(s=55,S=60)",42,20,55.0,60.0
0.15705018777739843,4520.7,3,1305.52,1318.0,"sS(s=55,S=60)",42,21,55.0,60.0
0.13502377179080824,5259.4,1,1518.1399999999999,1578.0,"sS(s=55,S=60)",42,22,55.0,60.0
0.1828410689170183,4892.3,2,1298.74,1328.8,"sS(s=55,S=60)",42,23,55.0,60.0
0.05611150822015726,4181.7,1,994.72,1002.6,"sS(s=55,S=60)",42,24,55.0,60.0
0.09880868955851436,4404.2,0,1205.26,1228.1,"sS(s=55,S=60)",42,25,55.0,60.0
0.08819133034379671,4100.9,4,1168.8,1185.5,"sS(s=55,S=60)",42,26,55.0,60.0
0.07893874877169997,4837.3,3,1551.52,1608.9,"sS(s=55,S=60)",42,27,55.0,60.0
0.13247863247863248,3845.1,0,1062.3799999999999,1104.5,"sS(s=55,S=60)",42,28,55.0,60.0
0.13364722926475914,4078.6,0,1348.34,1466.4,"sS(s=55,S=60)",42,29,55.0,60.0
0.08267997148966501,4279.2,0,1019.34,1023.2,"sS(s=55,S=60)",42,30,55.0,60.0
0.07997289054557777,4800.6,0,1317.04,1343.0,"sS(s=55,S=60)",42,31,55.0,60.0
0.10968660968660969,4393.6,0,1027.8,1032.0,"sS(s=55,S=60)",42,32,55.0,60.0
0.21118469462840322,4263.8,0,1445.7399999999998,1534.1,"sS(s=55,S=60)",42,33,55.0,60.0
0.145985401459854,4165.1,2,1399.92,1523.9,"sS(s=55,S=60)",42,34,55.0,60.0
0.11874272409778813,3886.9,0,1050.84,1077.2,"sS(s=55,S=60)",42,35,55.0,60.0
0.06022456617897244,4672.7,1,1311.52,1364.0,"sS(s=55,S=60)",42,36,55.0,60.0
0.16762383345297918,4220.4,2,1195.02,1229.0,"sS(s=55,S=60)",42,37,55.0,60.0
0.09464161447459986,4571.2,0,1321.76,1401.2,"sS(s=55,S=60)",42,38,55.0,60.0
0.15892420537897312,3842.3,1,1044.74,1051.9,"sS(s=55,S=60)",42,39,55.0,60.0
0.1545245398773006,4036.3,4,1132.98,1153.9,"sS(s=55,S=60)",42,40,55.0,60.0
0.1570159857904085,4484.7,0,1090.28,1090.3,"sS(s=55,S=60)",42,41,55.0,60.0
0.1296359305886356,4872.9,0,1277.8,1299.5,"sS(s=55,S=60)",42,42,55.0,60.0
0.12108898821617228,3950.5,1,985.3199999999999,998.4,"sS(s=55,S=60)",42,43,55.0,60.0
0.04133099824868652,4233.8,0,1093.78,1126.0,"sS(s=55,S=60)",42,44,55.0,60.0
0.152561669829222,4195.2,0,1200.92,1271.9,"sS(s=55,S=60)",42,45,55.0,60.0
0.10337972166998012,4907.2,0,1491.34,1606.0,"sS(s=55,S=60)",42,46,55.0,60.0
0.09512022630834512,4721.9,1,1343.3999999999999,1390.5,"sS(s=55,S=60)",42,47,55.0,60.0
0.18823529411764706,3837.5,0,1053.82,1067.5,"sS(s=55,S=60)",42,48,55.0,60.0
0.064434845212383,4496.7,8,1211.56,1240.2,"sS(s=55,S=60)",42,49,55.0,60.0
0.17571157495256168,4244.2,4,1106.96,1123.7,"sS(s=55,S=65)",42,0,55.0,65.0
0.10411357844921733,4088.0,0,1106.3799999999999,1108.1,"sS(s=55,S=65)",42,1,55.0,65.0
0.09182608695652174,4486.7,1,1371.24,1437.0,"sS(s=55,S=65)",42,2,55.0,65.0
0.07737874861162532,4173.9,0,1154.0,1189.6,"sS(s=55,S=65)",42,3,55.0,65.0
0.15053763440860216,3929.0,1,1215.22,1255.4,"sS(s=55,S=65)",42,4,55.0,65.0
0.11950732356857523,4635.1,2,1296.6399999999999,1337.3,"sS(s=55,S=65)",42,5,55.0,65.0
0.22317262830482115,3935.6,2,1188.08,1232.6,"sS(s=55,S=65)",42,6,55.0,65.0
0.1377310619789779,4286.0,1,1233.58,1300.6,"sS(s=55,S=65)",42,7,55.0,65.0
0.13679590343818582,4337.8,1,1310.34,1353.7,"sS(s=55,S=65)",42,8,55.0,65.0
0.09134125636672326,4582.8,0,1142.36,1144.0,"sS(s=55,S=65)",42,9,55.0,65.0
0.1715721464465183,4144.1,3,1089.68,1099.8,"sS(s=55,S=65)",42,10,55.0,65.0
0.07746741154562384,4015.8,0,1243.34,1294.4,"sS(s=55,S=65)",42,11,55.0,65.0
0.1795861101367941,4308.6,0,1261.58,1307.6,"sS(s=55,S=65)",42,12,55.0,65.0
0.10167029774872913,4353.0,2,1241.34,1294.2,"sS(s=55,S=65)",42,13,55.0,65.0
0.2198012232415902,4238.6,3,1143.74,1188.9,"sS(s=55,S=65)",42,14,55.0,65.0
0.08974358974358974,4110.2,3,1300.08,1372.4,"sS(s=55,S=65)",42,15,55.0,65.0
0.148355754857997,4150.1,1,1329.32,1396.3,"sS(s=55,S=65)",42,16,55.0,65.0
0.1573943661971831,4573.7,2,1117.5,1120.6,"sS(s=55,S=65)",42,17,55.0,65.0
0.1221264367816092,4390.0,3,1201.0,1255.9,"sS(s=55,S=65)",42,18,55.0,65.0
0.2,3967.2,3,1177.6,1233.0,"sS(s=55,S=65)",42,19,55.0,65.0
0.11238367931281316,4380.3,1,1312.08,1336.0,"sS(s=55,S=65)",42,20,55.0,65.0
0.17548651416865824,4432.6,3,1296.8400000000001,1309.4,"sS(s=55,S=65)",42,21,55.0,65.0
0.1572107765451664,5194.4,1,1517.34,1583.0,"sS(s=55,S=65)",42,22,55.0,65.0
0.2092123769338959,4865.8,3,1325.54,1367.3,"sS(s=55,S=65)",42,23,55.0,65.0
0.06826304503216583,4084.1,1,964.72,968.6,"sS(s=55,S=65)",42,24,55.0,65.0
0.12333566923615978,4338.3,0,1181.76,1199.6,"sS(s=55,S=65)",42,25,55.0,65.0
0.12556053811659193,4057.4,4,1173.8,1193.0,"sS(s=55,S=65)",42,26,55.0,65.0
0.0887651490337373,4742.3,2,1519.32,1574.9,"sS(s=55,S=65)",42,27,55.0,65.0
0.16744366744366745,3794.4,0,1050.94,1091.0,"sS(s=55,S=65)",42,28,55.0,65.0
0.15610286128214415,4008.6,0,1322.54,1437.4,"sS(s=55,S=65)",42,29,55.0,65.0
0.09693513898788311,4191.2,0,987.64,990.7,"sS(s=55,S=65)",42,30,55.0,65.0
0.10030498136225008,4752.3,0,1298.74,1321.0,"sS(s=55,S=65)",42,31,55.0,65.0
0.1274928774928775,4307.6,0,1010.64,1011.8,"sS(s=55,S=65)",42,32,55.0,65.0
0.23841059602649006,4231.8,0,1488.6399999999999,1601.1,"sS(s=55,S=65)",42,33,55.0,65.0
0.16903572800614675,4123.1,2,1386.24,1509.9,"sS(s=55,S=65)",42,34,55.0,65.0
0.1490104772991851,3831.7,0,1063.8,1104.2,"sS(s=55,S=65)",42,35,55.0,65.0
0.07927866621299762,4636.3,1,1317.3,1374.6,"sS(s=55,S=65)",42,36,55.0,65.0
0.17839195979899497,4186.5,2,1185.76,1201.3,"sS(s=55,S=65)",42,37,55.0,65.0
0.12595685455810718,4543.6,0,1336.76,1425.2,"sS(s=55,S=65)",42,38,55.0,65.0
0.19030154849225753,3802.4,1,1030.58,1034.7,"sS(s=55,S=65)",42,39,55.0,65.0
0.18136503067484663,3961.8,4,1118.48,1139.9,"sS(s=55,S=65)",42,40,55.0,65.0
0.17975133214920072,4403.2,0,1086.52,1087.7,"sS(s=55,S=65)",42,41,55.0,65.0
0.15549506634909832,4832.5,0,1254.8,1272.0,"sS(s=55,S=65)",42,42,55.0,65.0
0.14303128809427063,3930.9,1,964.74,971.9,"sS(s=55,S=65)",42,43,55.0,65.0
0.05464098073555167,4125.6,0,1094.44,1131.0,"sS(s=55,S=65)",42,44,55.0,65.0
0.1791271347248577,4152.7,0,1193.12,1263.4,"sS(s=55,S=65)",42,45,55.0,65.0
0.12491716368455931,4854.6,0,1470.0,1582.0,"sS(s=55,S=65)",42,46,55.0,65.0
0.11987270155586988,4692.9,1,1337.6,1389.5,"sS(s=55,S=65)",42,47,55.0,65.0
0.21176470588235294,3770.0,0,1055.42,1070.5,"sS(s=55,S=65)",42,48,55.0,65.0
0.08279337652987762,4424.6,8,1209.24,1240.7,"sS(s=55,S=65)",42,49,55.0,65.0
0.2,4230.5,5,1083.54,1097.7,"sS(s=55,S=70)",42,0,55.0,70.0
0.1241354204586822,3985.0,0,1094.3799999999999,1095.1,"sS(s=55,S=70)",42,1,55.0,70.0
0.10086956521739131,4396.3,1,1374.94,1457.0,"sS(s=55,S=70)",42,2,55.0,70.0
0.10921880784894483,4167.5,0,1146.64,1178.2,"sS(s=55,S=70)",42,3,55.0,70.0
0.1774193548387097,3849.0,1,1200.32,1236.9,"sS(s=55,S=70)",42,4,55.0,70.0
0.13315579227696406,4576.2,2,1289.3,1330.3,"sS(s=55,S=70)",42,5,55.0,70.0
0.2581648522550544,3902.1,2,1195.08,1240.1,"sS(s=55,S=70)",42,6,55.0,70.0
0.1620152229068503,4213.5,1,1236.7799999999997,1308.1,"sS(s=55,S=70)",42,7,55.0,70.0
0.15691294806144843,4289.6,1,1297.9,1341.2,"sS(s=55,S=70)",42,8,55.0,70.0
0.10424448217317488,4532.1,0,1152.04,1155.3,"sS(s=55,S=70)",42,9,55.0,70.0
0.19669777458722182,4059.2,3,1070.18,1071.3,"sS(s=55,S=70)",42,10,55.0,70.0
0.09757914338919925,3946.2,0,1232.94,1277.4,"sS(s=55,S=70)",42,11,55.0,70.0
0.19361627499123116,4253.9,0,1243.8799999999999,1279.8,"sS(s=55,S=70)",42,12,55.0,70.0
0.12345679012345678,4312.1,2,1235.34,1290.2,"sS(s=55,S=70)",42,13,55.0,70.0
0.23891437308868502,4174.6,3,1134.44,1185.9,"sS(s=55,S=70)",42,14,55.0,70.0
0.10648148148148148,4022.1,2,1303.4399999999998,1384.6,"sS(s=55,S=70)",42,15,55.0,70.0
0.17376681614349776,4095.6,1,1292.7599999999998,1361.1,"sS(s=55,S=70)",42,16,55.0,70.0
0.18098591549295776,4524.6,2,1106.1,1112.1,"sS(s=55,S=70)",42,17,55.0,70.0
0.14188218390804597,4318.5,1,1196.2,1252.4,"sS(s=55,S=70)",42,18,55.0,70.0
0.22988505747126436,3891.5,3,1164.6,1218.0,"sS(s=55,S=70)",42,19,55.0,70.0
0.12884753042233357,4313.4,1,1302.68,1323.0,"sS(s=55,S=70)",42,20,55.0,70.0
0.19597132127005804,4345.1,3,1285.04,1295.4,"sS(s=55,S=70)",42,21,55.0,70.0
0.1733755942947702,5139.1,2,1516.54,1588.0,"sS(s=55,S=70)",42,22,55.0,70.0
0.23277074542897327,4817.3,3,1334.74,1383.8,"sS(s=55,S=70)",42,23,55.0,70.0
0.07791279485346676,3987.6,1,935.08,935.2,"sS(s=55,S=70)",42,24,55.0,70.0
0.14786264891380518,4280.8,0,1158.26,1171.1,"sS(s=55,S=70)",42,25,55.0,70.0
0.1591928251121076,4055.0,5,1178.8,1200.5,"sS(s=55,S=70)",42,26,55.0,70.0
0.1018670160497871,4668.3,2,1493.32,1550.9,"sS(s=55,S=70)",42,27,55.0,70.0
0.1993006993006993,3740.6,0,1031.24,1067.5,"sS(s=55,S=70)",42,28,55.0,70.0
0.17602318000724376,3952.6,0,1300.2,1408.4,"sS(s=55,S=70)",42,29,55.0,70.0
0.12188168210976479,4122.2,0,957.14,958.9,"sS(s=55,S=70)",42,30,55.0,70.0
0.1206370721789224,4705.3,0,1270.04,1286.0,"sS(s=55,S=70)",42,31,55.0,70.0
0.1517094017094017,4237.7,0,1001.8,1002.9,"sS(s=55,S=70)",42,32,55.0,70.0
0.2619573215599706,4215.1,1,1546.5399999999997,1688.1,"sS(s=55,S=70)",42,33,55.0,70.0
0.1920860545524395,4085.1,2,1374.24,1495.9,"sS(s=55,S=70)",42,34,55.0,70.0
0.18199456732634847,3777.2,0,1074.1,1131.2,"sS(s=55,S=70)",42,35,55.0,70.0
0.09629125552909153,4583.3,0,1281.8,1333.6,"sS(s=55,S=70)",42,36,55.0,70.0
0.19095477386934673,4177.5,2,1204.74,1214.1,"sS(s=55,S=70)",42,37,55.0,70.0
0.1590118302018093,4500.1,0,1362.56,1461.2,"sS(s=55,S=70)",42,38,55.0,70.0
0.22575387123064386,3776.6,1,1028.72,1032.7,"sS(s=55,S=70)",42,39,55.0,70.0
0.2151073619631902,3901.4,3,1124.04,1155.9,"sS(s=55,S=70)",42,40,55.0,70.0
0.19680284191829484,4334.5,0,1082.54,1085.1,"sS(s=55,S=70)",42,41,55.0,70.0
0.18611772711806737,4806.5,0,1231.8,1244.5,"sS(s=55,S=70)",42,42,55.0,70.0
0.16416091019910606,3913.9,1,962.76,967.8,"sS(s=55,S=70)",42,43,55.0,70.0
0.06935201401050788,4021.8,0,1093.1399999999999,1134.0,"sS(s=55,S=70)",42,44,55.0,70.0
0.20569259962049335,4103.0,0,1179.56,1247.7,"sS(s=55,S=70)",42,45,55.0,70.0
0.14314115308151093,4789.1,0,1446.1999999999998,1553.5,"sS(s=55,S=70)",42,46,55.0,70.0
0.14674681753889673,4641.9,1,1315.6,1370.5,"sS(s=55,S=70)",42,47,55.0,70.0
0.23529411764705882,3701.8,0,1057.02,1073.5,"sS(s=55,S=70)",42,48,55.0,70.0
0.1007919366450684,4345.0,7,1207.24,1241.2,"sS(s=55,S=70)",42,49,55.0,70.0
0.22011385199240988,4195.1,5,1068.64,1083.7,"sS(s=55,S=75)",42,0,55.0,75.0
0.14743356388787768,3902.9,0,1089.62,1091.5,"sS(s=55,S=75)",42,1,55.0,75.0
0.12382608695652174,4333.9,1,1322.06,1400.8,"sS(s=55,S=75)",42,2,55.0,75.0
0.14402073306182894,4162.1,0,1130.64,1169.7,"sS(s=55,S=75)",42,3,55.0,75.0
0.21044546850998463,3815.3,1,1210.22,1253.4,"sS(s=55,S=75)",42,4,55.0,75.0
0.15712383488681758,4527.7,2,1284.8999999999999,1323.3,"sS(s=55,S=75)",42,5,55.0,75.0
0.2931570762052877,3868.6,2,1202.08,1247.6,"sS(s=55,S=75)",42,6,55.0,75.0
0.18158753171438927,4127.9,1,1231.1799999999998,1303.6,"sS(s=55,S=75)",42,7,55.0,75.0
0.18324798829553768,4239.7,1,1280.3999999999999,1320.8,"sS(s=55,S=75)",42,8,55.0,75.0
0.12699490662139218,4442.3,0,1144.6399999999999,1147.3,"sS(s=55,S=75)",42,9,55.0,75.0
0.22325915290739412,3987.6,2,1096.62,1100.6,"sS(s=55,S=75)",42,10,55.0,75.0
0.12588454376163874,3880.8,0,1232.94,1273.4,"sS(s=55,S=75)",42,11,55.0,75.0
0.21431076815152578,4220.8,0,1224.98,1253.8,"sS(s=55,S=75)",42,12,55.0,75.0
0.14524328249818447,4287.1,2,1249.94,1316.2,"sS(s=55,S=75)",42,13,55.0,75.0
0.24273700305810397,4103.1,3,1123.64,1182.9,"sS(s=55,S=75)",42,14,55.0,75.0
0.13141025641025642,4000.1,2,1302.76,1381.5,"sS(s=55,S=75)",42,15,55.0,75.0
0.19805680119581465,4078.6,1,1250.36,1318.1,"sS(s=55,S=75)",42,16,55.0,75.0
0.19507042253521126,4482.1,2,1112.6999999999998,1126.1,"sS(s=55,S=75)",42,17,55.0,75.0
0.15589080459770116,4267.4,1,1176.2,1231.9,"sS(s=55,S=75)",42,18,55.0,75.0
0.2655172413793103,3832.9,3,1158.0,1211.0,"sS(s=55,S=75)",42,19,55.0,75.0
0.14531138153185397,4253.5,0,1305.3799999999999,1321.3,"sS(s=55,S=75)",42,20,55.0,75.0
0.2103106862410379,4275.0,3,1279.7,1281.4,"sS(s=55,S=75)",42,21,55.0,75.0
0.1889064976228209,5079.2,1,1515.74,1593.0,"sS(s=55,S=75)",42,22,55.0,75.0
0.25562587904360057,4767.1,3,1345.54,1402.3,"sS(s=55,S=75)",42,23,55.0,75.0
0.09471050750536097,3934.8,1,920.88,921.2,"sS(s=55,S=75)",42,24,55.0,75.0
0.15487035739313246,4234.3,0,1144.8400000000001,1145.4,"sS(s=55,S=75)",42,25,55.0,75.0
0.19095665171898354,4036.5,5,1183.8,1208.0,"sS(s=55,S=75)",42,26,55.0,75.0
0.11496888306583689,4594.3,2,1467.32,1526.9,"sS(s=55,S=75)",42,27,55.0,75.0
0.22261072261072262,3698.9,0,1014.34,1044.0,"sS(s=55,S=75)",42,28,55.0,75.0
0.19594349873234335,3868.3,0,1275.76,1379.4,"sS(s=55,S=75)",42,29,55.0,75.0
0.150392017106201,4067.1,0,961.0,972.3,"sS(s=55,S=75)",42,30,55.0,75.0
0.13588614029142662,4658.3,0,1241.34,1251.0,"sS(s=55,S=75)",42,31,55.0,75.0
0.17663817663817663,4153.2,0,996.1999999999999,999.4,"sS(s=55,S=75)",42,32,55.0,75.0
0.27851361295069904,4149.1,1,1561.4399999999998,1715.1,"sS(s=55,S=75)",42,33,55.0,75.0
0.20783711102573954,4060.3,2,1377.44,1500.9,"sS(s=55,S=75)",42,34,55.0,75.0
0.21536670547147846,3748.9,0,1105.24,1184.2,"sS(s=55,S=75)",42,35,55.0,75.0
0.1092208234093229,4554.1,0,1265.94,1313.4,"sS(s=55,S=75)",42,36,55.0,75.0
0.20351758793969849,4135.5,2,1217.54,1238.6,"sS(s=55,S=75)",42,37,55.0,75.0
0.19206680584551147,4473.0,0,1387.56,1493.2,"sS(s=55,S=75)",42,38,55.0,75.0
0.26120619396903016,3684.3,1,1019.34,1028.0,"sS(s=55,S=75)",42,39,55.0,75.0
0.24079754601226994,3871.9,3,1139.4799999999998,1178.6,"sS(s=55,S=75)",42,40,55.0,75.0
0.2163410301953819,4270.5,0,1074.74,1081.1,"sS(s=55,S=75)",42,41,55.0,75.0
0.21469887716910513,4769.7,0,1219.3600000000001,1230.2,"sS(s=55,S=75)",42,42,55.0,75.0
0.18650954896383584,3904.9,1,992.86,1003.8,"sS(s=55,S=75)",42,43,55.0,75.0
0.0924693520140105,3950.4,0,1097.36,1143.0,"sS(s=55,S=75)",42,44,55.0,75.0
0.22504743833017077,4094.5,0,1160.96,1225.7,"sS(s=55,S=75)",42,45,55.0,75.0
0.16136514247846256,4747.6,0,1422.3999999999999,1525.0,"sS(s=55,S=75)",42,46,55.0,75.0
0.16973125884016974,4601.9,1,1301.6,1361.5,"sS(s=55,S=75)",42,47,55.0,75.0
0.25529411764705884,3657.0,0,1047.42,1062.5,"sS(s=55,S=75)",42,48,55.0,75.0
0.128869690424766,4214.1,6,1186.56,1241.7,"sS(s=55,S=75)",42,49,55.0,75.0
0.2398481973434535,4159.3,5,1055.34,1071.7,"sS(s=55,S=80)",42,0,55.0,80.0
0.17837641062977794,3811.9,0,1088.62,1093.5,"sS(s=55,S=80)",42,1,55.0,80.0
0.14365217391304347,4271.6,1,1282.62,1361.0,"sS(s=55,S=80)",42,2,55.0,80.0
0.17326915957052944,4190.9,0,1154.74,1216.8,"sS(s=55,S=80)",42,3,55.0,80.0
0.24155145929339478,3785.3,1,1243.32,1299.9,"sS(s=55,S=80)",42,4,55.0,80.0
0.177762982689747,4509.7,2,1275.9399999999998,1310.6,"sS(s=55,S=80)",42,5,55.0,80.0
0.3215396578538103,3819.4,2,1195.4799999999998,1238.1,"sS(s=55,S=80)",42,6,55.0,80.0
0.20877129394708227,4064.4,1,1240.3799999999999,1316.1,"sS(s=55,S=80)",42,7,55.0,80.0
0.2212874908558888,4222.6,1,1280.5,1323.3,"sS(s=55,S=80)",42,8,55.0,80.0
0.15110356536502548,4353.3,0,1135.3200000000002,1136.9,"sS(s=55,S=80)",42,9,55.0,80.0
0.24335965541995694,3937.2,2,1103.4199999999998,1108.1,"sS(s=55,S=80)",42,10,55.0,80.0
0.15828677839851024,3869.4,0,1244.94,1278.4,"sS(s=55,S=80)",42,11,55.0,80.0
0.2388635566467906,4199.8,0,1205.68,1227.8,"sS(s=55,S=80)",42,12,55.0,80.0
0.16775599128540306,4258.5,2,1228.74,1284.2,"sS(s=55,S=80)",42,13,55.0,80.0
0.2484709480122324,3980.6,2,1108.94,1179.9,"sS(s=55,S=80)",42,14,55.0,80.0
0.1599002849002849,3934.1,2,1289.22,1373.0,"sS(s=55,S=80)",42,15,55.0,80.0
0.2242152466367713,4073.1,2,1232.36,1296.1,"sS(s=55,S=80)",42,16,55.0,80.0
0.225,4474.4,2,1079.76,1080.7,"sS(s=55,S=80)",42,17,55.0,80.0
0.16989942528735633,4227.6,1,1183.32,1245.3,"sS(s=55,S=80)",42,18,55.0,80.0
0.2885057471264368,3787.7,3,1176.28,1235.1,"sS(s=55,S=80)",42,19,55.0,80.0
0.16785969935576234,4232.9,0,1337.78,1362.8,"sS(s=55,S=80)",42,20,55.0,80.0
0.23079549334243768,4211.7,3,1260.96,1261.1,"sS(s=55,S=80)",42,21,55.0,80.0
0.21109350237717908,5037.7,1,1514.94,1598.0,"sS(s=55,S=80)",42,22,55.0,80.0
0.27637130801687765,4716.5,3,1329.54,1388.8,"sS(s=55,S=80)",42,23,55.0,80.0
0.11794138670478914,3877.8,1,904.6600000000001,907.2,"sS(s=55,S=80)",42,24,55.0,80.0
0.18640504555010512,4155.8,0,1182.0,1201.9,"sS(s=55,S=80)",42,25,55.0,80.0
0.218609865470852,4002.9,4,1188.4,1215.0,"sS(s=55,S=80)",42,26,55.0,80.0
0.12807075008188668,4540.7,2,1435.32,1484.9,"sS(s=55,S=80)",42,27,55.0,80.0
0.2533022533022533,3636.9,0,996.34,1020.5,"sS(s=55,S=80)",42,28,55.0,80.0
0.2162260050706266,3791.4,0,1250.06,1350.4,"sS(s=55,S=80)",42,29,55.0,80.0
0.17890235210263722,3996.1,0,974.1999999999999,989.8,"sS(s=55,S=80)",42,30,55.0,80.0
0.1592680447305998,4645.7,0,1240.16,1250.4,"sS(s=55,S=80)",42,31,55.0,80.0
0.20156695156695156,4090.7,0,989.16,994.1,"sS(s=55,S=80)",42,32,55.0,80.0
0.2947019867549669,4098.0,1,1576.3399999999997,1742.1,"sS(s=55,S=80)",42,33,55.0,80.0
0.2247406838263542,4026.7,2,1382.24,1507.9,"sS(s=55,S=80)",42,34,55.0,80.0
0.2464105549088087,3711.3,0,1108.32,1191.2,"sS(s=55,S=80)",42,35,55.0,80.0
0.1309969377339231,4497.6,0,1233.84,1277.9,"sS(s=55,S=80)",42,36,55.0,80.0
0.2189519023689878,4095.1,2,1228.8,1259.8,"sS(s=55,S=80)",42,37,55.0,80.0
0.22512178148921363,4490.8,0,1429.62,1557.2,"sS(s=55,S=80)",42,38,55.0,80.0
0.28769356153219233,3613.8,1,1013.24,1026.0,"sS(s=55,S=80)",42,39,55.0,80.0
0.27338957055214724,3843.4,3,1172.4799999999998,1221.1,"sS(s=55,S=80)",42,40,55.0,80.0
0.2330373001776199,4215.1,0,1071.66,1077.9,"sS(s=55,S=80)",42,41,55.0,80.0
0.2432800272201429,4746.1,0,1207.94,1219.2,"sS(s=55,S=80)",42,42,55.0,80.0
0.20885818772856563,3884.9,2,1030.96,1049.8,"sS(s=55,S=80)",42,43,55.0,80.0
0.1330998248686515,3864.0,0,1069.6599999999999,1110.0,"sS(s=55,S=80)",42,44,55.0,80.0
0.24971537001897534,4029.5,0,1142.36,1203.7,"sS(s=55,S=80)",42,45,55.0,80.0
0.1802518223989397,4698.3,0,1401.8,1500.5,"sS(s=55,S=80)",42,46,55.0,80.0
0.19731258840169733,4556.2,1,1295.46,1355.5,"sS(s=55,S=80)",42,47,55.0,80.0
0.2749019607843137,3620.0,0,1029.02,1040.5,"sS(s=55,S=80)",42,48,55.0,80.0
0.1493880489560835,4177.1,6,1213.24,1275.2,"sS(s=55,S=80)",42,49,55.0,80.0
0.26261859582542696,4137.5,5,1059.0,1080.9,"sS(s=55,S=85)",42,0,55.0,85.0
0.19949035311248633,3750.8,0,1058.46,1062.7,"sS(s=55,S=85)",42,1,55.0,85.0
0.17878260869565218,4226.0,1,1248.4599999999998,1326.8,"sS(s=55,S=85)",42,2,55.0,85.0
0.20510921880784894,4192.0,0,1129.06,1185.2,"sS(s=55,S=85)",42,3,55.0,85.0
0.2569124423963134,3778.4,1,1292.4199999999998,1360.6,"sS(s=55,S=85)",42,4,55.0,85.0
0.2003994673768309,4468.5,2,1275.54,1308.6,"sS(s=55,S=85)",42,5,55.0,85.0
0.3468118195956454,3774.9,2,1206.4799999999998,1250.6,"sS(s=55,S=85)",42,6,55.0,85.0
0.21964479884015947,4028.1,1,1249.58,1328.6,"sS(s=55,S=85)",42,7,55.0,85.0
0.25969275786393564,4171.6,1,1254.1999999999998,1292.8,"sS(s=55,S=85)",42,8,55.0,85.0
0.1731748726655348,4275.3,0,1148.52,1156.9,"sS(s=55,S=85)",42,9,55.0,85.0
0.2709978463747308,3867.9,2,1114.4199999999998,1115.6,"sS(s=55,S=85)",42,10,55.0,85.0
0.19180633147113593,3824.9,0,1228.94,1259.4,"sS(s=55,S=85)",42,11,55.0,85.0
0.2578042792002806,4226.8,0,1200.46,1219.4,"sS(s=55,S=85)",42,12,55.0,85.0
0.18155410312273057,4216.4,2,1154.34,1197.2,"sS(s=55,S=85)",42,13,55.0,85.0
0.2782874617737003,3962.4,2,1100.68,1174.2,"sS(s=55,S=85)",42,14,55.0,85.0
0.19266381766381765,3886.3,2,1273.52,1364.5,"sS(s=55,S=85)",42,15,55.0,85.0
0.24663677130044842,3999.6,2,1214.36,1274.1,"sS(s=55,S=85)",42,16,55.0,85.0
0.2443661971830986,4472.9,2,1082.96,1084.2,"sS(s=55,S=85)",42,17,55.0,85.0
0.19145114942528735,4114.7,1,1180.8,1246.1,"sS(s=55,S=85)",42,18,55.0,85.0
0.30114942528735633,3747.4,3,1156.56,1211.7,"sS(s=55,S=85)",42,19,55.0,85.0
0.19613457408732998,4186.5,0,1329.42,1356.5,"sS(s=55,S=85)",42,20,55.0,85.0
0.2413793103448276,4108.0,2,1250.84,1257.0,"sS(s=55,S=85)",42,21,55.0,85.0
0.23328050713153725,5059.2,2,1553.34,1659.0,"sS(s=55,S=85)",42,22,55.0,85.0
0.29043600562587907,4717.4,3,1309.74,1375.3,"sS(s=55,S=85)",42,23,55.0,85.0
0.14760543245175126,3851.6,1,899.04,900.5,"sS(s=55,S=85)",42,24,55.0,85.0
0.21793973370707778,4121.8,0,1220.32,1258.4,"sS(s=55,S=85)",42,25,55.0,85.0
0.24626307922272048,4014.2,4,1193.8,1223.0,"sS(s=55,S=85)",42,26,55.0,85.0
0.14248280379954142,4464.7,2,1416.92,1472.9,"sS(s=55,S=85)",42,27,55.0,85.0
0.2801087801087801,3577.4,0,978.34,997.0,"sS(s=55,S=85)",42,28,55.0,85.0
0.22854038391886997,3801.4,0,1268.06,1365.9,"sS(s=55,S=85)",42,29,55.0,85.0
0.21133285816108338,3935.3,0,988.28,1008.4,"sS(s=55,S=85)",42,30,55.0,85.0
0.1494408675025415,4556.0,0,1219.1,1231.0,"sS(s=55,S=85)",42,31,55.0,85.0
0.22934472934472935,4026.4,0,979.96,986.1,"sS(s=55,S=85)",42,32,55.0,85.0
0.318616629874908,4056.5,1,1591.2399999999998,1769.1,"sS(s=55,S=85)",42,33,55.0,85.0
0.25163273146369575,3994.8,2,1366.24,1488.9,"sS(s=55,S=85)",42,34,55.0,85.0
0.2743500194024059,3641.6,0,1107.02,1198.2,"sS(s=55,S=85)",42,35,55.0,85.0
0.1449472609731201,4473.7,1,1207.02,1249.0,"sS(s=55,S=85)",42,36,55.0,85.0
0.23869346733668342,4076.7,2,1237.4399999999998,1278.8,"sS(s=55,S=85)",42,37,55.0,85.0
0.2522616562282533,4488.3,0,1429.32,1556.2,"sS(s=55,S=85)",42,38,55.0,85.0
0.3072534637326813,3529.5,0,951.4599999999999,953.3,"sS(s=55,S=85)",42,39,55.0,85.0
0.3040644171779141,3777.6,2,1160.6799999999998,1207.6,"sS(s=55,S=85)",42,40,55.0,85.0
0.2216696269982238,4208.8,0,1108.4199999999998,1119.6,"sS(s=55,S=85)",42,41,55.0,85.0
0.27390268798911194,4748.1,0,1195.44,1208.2,"sS(s=55,S=85)",42,42,55.0,85.0
0.23161316537992685,3851.1,2,1026.8999999999999,1043.1,"sS(s=55,S=85)",42,43,55.0,85.0
0.1702276707530648,3768.6,0,1025.62,1058.0,"sS(s=55,S=85)",42,44,55.0,85.0
0.2667931688804554,4015.9,0,1118.36,1173.8,"sS(s=55,S=85)",42,45,55.0,85.0
0.1918489065606362,4643.8,0,1406.0,1507.0,"sS(s=55,S=85)",42,46,55.0,85.0
0.2256011315417256,4480.7,1,1267.76,1321.5,"sS(s=55,S=85)",42,47,55.0,85.0
0.28980392156862744,3585.2,0,984.7800000000001,986.2,"sS(s=55,S=85)",42,48,55.0,85.0
0.17098632109431244,4147.9,6,1208.34,1264.6,"sS(s=55,S=85)",42,49,55.0,85.0
0.29335863377609106,4176.7,4,1087.26,1126.1,"sS(s=55,S=90)",42,0,55.0,90.0
0.23480160174736076,3684.9,0,1065.8200000000002,1068.9,"sS(s=55,S=90)",42,1,55.0,90.0
0.21843478260869564,4246.3,1,1194.1399999999999,1261.0,"sS(s=55,S=90)",42,2,55.0,90.0
0.23843021103295076,4189.5,0,1128.66,1185.2,"sS(s=55,S=90)",42,3,55.0,90.0
0.29377880184331795,3727.1,1,1276.1999999999998,1348.1,"sS(s=55,S=90)",42,4,55.0,90.0
0.22536617842876164,4450.4,2,1275.1399999999999,1306.6,"sS(s=55,S=90)",42,5,55.0,90.0
0.3557542768273717,3785.3,1,1254.28,1309.1,"sS(s=55,S=90)",42,6,55.0,90.0
0.24139180862631388,3967.2,1,1258.7799999999997,1341.1,"sS(s=55,S=90)",42,7,55.0,90.0
0.2834674469641551,4035.3,2,1191.38,1201.9,"sS(s=55,S=90)",42,8,55.0,90.0
0.20169779286926995,4192.2,0,1160.8200000000002,1176.9,"sS(s=55,S=90)",42,9,55.0,90.0
0.2964824120603015,3827.7,2,1169.1,1180.6,"sS(s=55,S=90)",42,10,55.0,90.0
0.21340782122905028,3837.2,0,1212.94,1240.4,"sS(s=55,S=90)",42,11,55.0,90.0
0.28586460890915466,4240.8,0,1205.16,1215.4,"sS(s=55,S=90)",42,12,55.0,90.0
0.21060275962236746,4184.9,2,1197.94,1266.2,"sS(s=55,S=90)",42,13,55.0,90.0
0.3065749235474006,3942.4,2,1110.7,1192.7,"sS(s=55,S=90)",42,14,55.0,90.0
0.2282763532763533,3869.8,2,1249.9199999999998,1351.5,"sS(s=55,S=90)",42,15,55.0,90.0
0.2679372197309417,3946.8,1,1196.36,1252.1,"sS(s=55,S=90)",42,16,55.0,90.0
0.2746478873239437,4475.7,2,1064.2,1067.4,"sS(s=55,S=90)",42,17,55.0,90.0
0.22916666666666666,4137.2,1,1195.3999999999999,1263.6,"sS(s=55,S=90)",42,18,55.0,90.0
0.335632183908046,3655.5,3,1131.6399999999999,1182.7,"sS(s=55,S=90)",42,19,55.0,90.0
0.2211882605583393,4142.5,0,1315.12,1347.5,"sS(s=55,S=90)",42,20,55.0,90.0
0.26220553089791737,4065.2,2,1224.24,1231.3,"sS(s=55,S=90)",42,21,55.0,90.0
0.2554675118858954,4990.0,2,1545.54,1654.0,"sS(s=55,S=90)",42,22,55.0,90.0
0.30520393811533053,4769.5,3,1309.9,1377.2,"sS(s=55,S=90)",42,23,55.0,90.0
0.18012866333095068,3880.2,1,950.16,974.9,"sS(s=55,S=90)",42,24,55.0,90.0
0.25227750525578135,4092.4,0,1286.22,1348.9,"sS(s=55,S=90)",42,25,55.0,90.0
0.2713004484304933,3976.4,4,1197.06,1229.0,"sS(s=55,S=90)",42,26,55.0,90.0
0.15722240419259745,4394.4,2,1396.92,1458.9,"sS(s=55,S=90)",42,27,55.0,90.0
0.3034188034188034,3505.3,0,960.34,973.5,"sS(s=55,S=90)",42,28,55.0,90.0
0.23469757334299168,3719.3,0,1211.56,1287.4,"sS(s=55,S=90)",42,29,55.0,90.0
0.24625801853171775,3840.8,0,995.64,1018.6,"sS(s=55,S=90)",42,30,55.0,90.0
0.16604540833615725,4521.9,0,1209.6200000000001,1221.4,"sS(s=55,S=90)",42,31,55.0,90.0
0.266025641025641,3967.8,0,970.76,978.1,"sS(s=55,S=90)",42,32,55.0,90.0
0.34253127299484915,4046.9,1,1597.0199999999998,1772.1,"sS(s=55,S=90)",42,33,55.0,90.0
0.26392623895505185,3944.9,1,1350.24,1469.9,"sS(s=55,S=90)",42,34,55.0,90.0
0.3061699650756694,3594.3,0,1112.8,1205.2,"sS(s=55,S=90)",42,35,55.0,90.0
0.1687648860156516,4406.7,1,1171.32,1209.0,"sS(s=55,S=90)",42,36,55.0,90.0
0.25843503230437903,4060.7,2,1245.54,1297.8,"sS(s=55,S=90)",42,37,55.0,90.0
0.27383437717466946,4514.3,0,1449.12,1553.2,"sS(s=55,S=90)",42,38,55.0,90.0
0.3202933985330073,3409.8,0,947.7800000000001,953.2,"sS(s=55,S=90)",42,39,55.0,90.0
0.3289877300613497,3741.6,2,1177.6799999999998,1230.1,"sS(s=55,S=90)",42,40,55.0,90.0
0.23765541740674956,4166.3,0,1087.4199999999998,1089.1,"sS(s=55,S=90)",42,41,55.0,90.0
0.2858115005103777,4727.7,0,1233.1000000000001,1259.9,"sS(s=55,S=90)",42,42,55.0,90.0
0.26777732629012596,3824.9,2,1014.68,1023.8,"sS(s=55,S=90)",42,43,55.0,90.0
0.21120840630472854,3709.4,0,983.14,1005.9,"sS(s=55,S=90)",42,44,55.0,90.0
0.2876660341555977,3979.6,0,1113.44,1160.5,"sS(s=55,S=90)",42,45,55.0,90.0
0.22498343273691188,4605.2,0,1430.1999999999998,1538.5,"sS(s=55,S=90)",42,46,55.0,90.0
0.24151343705799153,4434.9,1,1240.06,1287.5,"sS(s=55,S=90)",42,47,55.0,90.0
0.2996078431372549,3785.4,0,944.88,975.1,"sS(s=55,S=90)",42,48,55.0,90.0
0.18898488120950324,4167.9,6,1228.2399999999998,1277.6,"sS(s=55,S=90)",42,49,55.0,90.0
0.31385199240986716,4143.3,4,1079.64,1118.7,"sS(s=55,S=95)",42,0,55.0,95.0
0.2675646159446669,3674.4,0,1078.22,1081.4,"sS(s=55,S=95)",42,1,55.0,95.0
0.23721739130434782,4190.3,1,1189.4399999999998,1255.8,"sS(s=55,S=95)",42,2,55.0,95.0
0.27508330248056273,4180.1,0,1118.1799999999998,1166.3,"sS(s=55,S=95)",42,3,55.0,95.0
0.3210445468509985,3677.3,0,1247.1,1320.1,"sS(s=55,S=95)",42,4,55.0,95.0
0.25499334221038616,4455.1,2,1298.82,1334.7,"sS(s=55,S=95)",42,5,55.0,95.0
0.3701399688958009,3762.9,1,1299.9399999999998,1365.6,"sS(s=55,S=95)",42,6,55.0,95.0
0.2653135193910837,3896.4,1,1267.9799999999998,1353.6,"sS(s=55,S=95)",42,7,55.0,95.0
0.32114118507681055,4026.9,1,1202.24,1227.8,"sS(s=55,S=95)",42,8,55.0,95.0
0.22512733446519526,4099.6,0,1207.28,1242.3,"sS(s=55,S=95)",42,9,55.0,95.0
0.3180186647523331,3752.7,2,1165.3999999999999,1174.1,"sS(s=55,S=95)",42,10,55.0,95.0
0.23649906890130354,3811.9,0,1252.08,1274.6,"sS(s=55,S=95)",42,11,55.0,95.0
0.3037530690985619,4209.5,0,1195.78,1201.1,"sS(s=55,S=95)",42,12,55.0,95.0
0.23674655047204066,4197.4,3,1185.94,1257.2,"sS(s=55,S=95)",42,13,55.0,95.0
0.32492354740061163,3944.2,2,1077.56,1138.4,"sS(s=55,S=95)",42,14,55.0,95.0
0.2571225071225071,3808.1,2,1250.66,1362.4,"sS(s=55,S=95)",42,15,55.0,95.0
0.2559790732436472,3916.2,1,1243.56,1344.1,"sS(s=55,S=95)",42,16,55.0,95.0
0.2915492957746479,4502.5,3,1140.96,1158.1,"sS(s=55,S=95)",42,17,55.0,95.0
0.23886494252873564,4214.3,1,1166.84,1224.6,"sS(s=55,S=95)",42,18,55.0,95.0
0.3586206896551724,3609.5,2,1154.54,1213.7,"sS(s=55,S=95)",42,19,55.0,95.0
0.23622047244094488,4161.7,0,1412.3799999999999,1462.2,"sS(s=55,S=95)",42,20,55.0,95.0
0.2826903379993172,4046.9,2,1183.1799999999998,1187.6,"sS(s=55,S=95)",42,21,55.0,95.0
0.26782884310618066,4926.7,1,1537.74,1649.0,"sS(s=55,S=95)",42,22,55.0,95.0
0.3263009845288326,4752.5,3,1307.7,1380.2,"sS(s=55,S=95)",42,23,55.0,95.0
0.21622587562544673,3842.4,1,935.24,958.5,"sS(s=55,S=95)",42,24,55.0,95.0
0.28065872459705676,4073.9,0,1276.92,1345.4,"sS(s=55,S=95)",42,25,55.0,95.0
0.29260089686098656,4023.2,5,1195.9399999999998,1231.1,"sS(s=55,S=95)",42,26,55.0,95.0
0.16344579102522108,4346.8,2,1401.7,1479.9,"sS(s=55,S=95)",42,27,55.0,95.0
0.32672882672882675,3452.9,0,946.02,956.7,"sS(s=55,S=95)",42,28,55.0,95.0
0.27200289750090545,3689.3,0,1174.68,1239.9,"sS(s=55,S=95)",42,29,55.0,95.0
0.2815395580898076,3809.4,0,1105.36,1147.5,"sS(s=55,S=95)",42,30,55.0,95.0
0.22161978990172823,4589.8,0,1247.96,1260.7,"sS(s=55,S=95)",42,31,55.0,95.0
0.2952279202279202,3917.5,0,962.94,972.5,"sS(s=55,S=95)",42,32,55.0,95.0
0.36644591611479027,4078.1,1,1602.4199999999998,1774.1,"sS(s=55,S=95)",42,33,55.0,95.0
0.29120245870149825,3917.4,1,1359.0,1481.2,"sS(s=55,S=95)",42,34,55.0,95.0
0.3441986806363989,3522.2,0,1136.02,1212.2,"sS(s=55,S=95)",42,35,55.0,95.0
0.19530452534875808,4380.5,1,1142.6599999999999,1177.8,"sS(s=55,S=95)",42,36,55.0,95.0
0.26776740847092606,4120.2,3,1257.24,1316.8,"sS(s=55,S=95)",42,37,55.0,95.0
0.29471120389700767,4470.8,0,1419.32,1509.2,"sS(s=55,S=95)",42,38,55.0,95.0
0.3471882640586797,3463.1,0,1043.22,1073.2,"sS(s=55,S=95)",42,39,55.0,95.0
0.34317484662576686,3739.3,2,1131.12,1180.6,"sS(s=55,S=95)",42,40,55.0,95.0
0.2497335701598579,4172.8,0,1089.88,1097.7,"sS(s=55,S=95)",42,41,55.0,95.0
0.3052058523307247,4719.1,0,1211.34,1238.0,"sS(s=55,S=95)",42,42,55.0,95.0
0.30394148720032504,3777.5,2,995.02,996.7,"sS(s=55,S=95)",42,43,55.0,95.0
0.2521891418563923,3663.4,0,945.54,957.9,"sS(s=55,S=95)",42,44,55.0,95.0
0.29411764705882354,3993.7,0,1150.9199999999998,1205.6,"sS(s=55,S=95)",42,45,55.0,95.0
0.2551358515573227,4586.7,0,1483.1999999999998,1606.0,"sS(s=55,S=95)",42,46,55.0,95.0
0.2698019801980198,4290.5,1,1205.36,1253.5,"sS(s=55,S=95)",42,47,55.0,95.0
0.3380392156862745,3793.0,0,955.4399999999999,971.1,"sS(s=55,S=95)",42,48,55.0,95.0
0.2357811375089993,4180.3,5,1233.08,1255.6,"sS(s=55,S=95)",42,49,55.0,95.0
0.3036053130929791,4011.2,4,997.3,1017.9,"sS(s=55,S=100)",42,0,55.0,100.0
0.2999635966508919,3705.9,0,1147.98,1161.5,"sS(s=55,S=100)",42,1,55.0,100.0
0.26260869565217393,4194.8,1,1162.34,1221.3,"sS(s=55,S=100)",42,2,55.0,100.0
0.30248056275453533,4177.3,0,1114.9,1167.2,"sS(s=55,S=100)",42,3,55.0,100.0
0.3402457757296467,3659.8,0,1211.1999999999998,1283.6,"sS(s=55,S=100)",42,4,55.0,100.0
0.23901464713715045,4386.5,2,1161.38,1161.4,"sS(s=55,S=100)",42,5,55.0,100.0
0.37169517884914466,3856.7,0,1317.12,1390.1,"sS(s=55,S=100)",42,6,55.0,100.0
0.2943095324392896,3831.9,1,1277.1799999999998,1366.1,"sS(s=55,S=100)",42,7,55.0,100.0
0.35003657644476954,3966.9,1,1180.34,1207.8,"sS(s=55,S=100)",42,8,55.0,100.0
0.25942275042444823,4028.2,0,1200.4199999999998,1238.3,"sS(s=55,S=100)",42,9,55.0,100.0
0.33955491744436467,3677.7,1,1160.8999999999999,1166.6,"sS(s=55,S=100)",42,10,55.0,100.0
0.2569832402234637,3758.6,0,1261.58,1287.9,"sS(s=55,S=100)",42,11,55.0,100.0
0.33532094002104523,4214.5,0,1200.62,1201.0,"sS(s=55,S=100)",42,12,55.0,100.0
0.25054466230936817,4167.0,3,1161.12,1230.6,"sS(s=55,S=100)",42,13,55.0,100.0
0.35244648318042815,3886.7,2,1062.42,1125.9,"sS(s=55,S=100)",42,14,55.0,100.0
0.28454415954415957,3796.0,2,1250.7799999999997,1368.6,"sS(s=55,S=100)",42,15,55.0,100.0
0.28139013452914796,3848.3,1,1200.2599999999998,1290.1,"sS(s=55,S=100)",42,16,55.0,100.0
0.33098591549295775,4470.0,2,1139.36,1157.6,"sS(s=55,S=100)",42,17,55.0,100.0
0.26221264367816094,4182.8,1,1169.2399999999998,1230.6,"sS(s=55,S=100)",42,18,55.0,100.0
0.3701149425287356,3626.1,2,1164.98,1230.7,"sS(s=55,S=100)",42,19,55.0,100.0
0.26700071581961343,4178.2,1,1405.9,1438.7,"sS(s=55,S=100)",42,20,55.0,100.0
0.3093205872311369,4201.5,2,1144.82,1154.0,"sS(s=55,S=100)",42,21,55.0,100.0
0.27892234548335976,4880.2,1,1536.12,1644.0,"sS(s=55,S=100)",42,22,55.0,100.0
0.34739803094233473,4735.5,3,1312.0,1383.2,"sS(s=55,S=100)",42,23,55.0,100.0
0.2562544674767691,3836.9,0,955.94,957.5,"sS(s=55,S=100)",42,24,55.0,100.0
0.3037841625788367,4098.2,0,1268.38,1341.9,"sS(s=55,S=100)",42,25,55.0,100.0
0.3180119581464873,3971.5,4,1236.22,1287.9,"sS(s=55,S=100)",42,26,55.0,100.0
0.18604651162790697,4278.2,2,1392.2,1469.9,"sS(s=55,S=100)",42,27,55.0,100.0
0.35003885003885005,3407.4,0,926.02,933.7,"sS(s=55,S=100)",42,28,55.0,100.0
0.28649040202825066,3640.8,0,1111.18,1152.4,"sS(s=55,S=100)",42,29,55.0,100.0
0.3136136849607983,3795.4,0,1132.76,1184.0,"sS(s=55,S=100)",42,30,55.0,100.0
0.2436462216197899,4565.8,0,1235.76,1247.2,"sS(s=55,S=100)",42,31,55.0,100.0
0.301994301994302,3862.9,0,983.76,1014.4,"sS(s=55,S=100)",42,32,55.0,100.0
0.3903605592347314,4183.6,1,1628.62,1802.1,"sS(s=55,S=100)",42,33,55.0,100.0
0.3180945063388398,3876.4,1,1328.3999999999999,1443.7,"sS(s=55,S=100)",42,34,55.0,100.0
0.3791230112533954,3402.7,0,1144.52,1219.2,"sS(s=55,S=100)",42,35,55.0,100.0
0.22218441646818646,4317.2,0,1113.92,1146.5,"sS(s=55,S=100)",42,36,55.0,100.0
0.29827709978463746,4127.2,3,1267.6399999999999,1335.8,"sS(s=55,S=100)",42,37,55.0,100.0
0.31558803061934587,4427.3,0,1389.52,1465.2,"sS(s=55,S=100)",42,38,55.0,100.0
0.3773431132844336,3496.4,0,1126.6399999999999,1171.5,"sS(s=55,S=100)",42,39,55.0,100.0
0.37921779141104295,3763.4,2,1073.78,1115.8,"sS(s=55,S=100)",42,40,55.0,100.0
0.26714031971580815,4132.9,0,1099.1399999999999,1115.1,"sS(s=55,S=100)",42,41,55.0,100.0
0.31881592378359985,4761.1,1,1237.36,1263.0,"sS(s=55,S=100)",42,42,55.0,100.0
0.34173100365705,3759.8,2,993.92,1015.2,"sS(s=55,S=100)",42,43,55.0,100.0
0.2711033274956217,3713.4,0,916.5799999999999,930.0,"sS(s=55,S=100)",42,44,55.0,100.0
0.31499051233396586,3951.2,0,1110.32,1126.1,"sS(s=55,S=100)",42,45,55.0,100.0
0.28164347249834326,4534.2,0,1474.5,1597.5,"sS(s=55,S=100)",42,46,55.0,100.0
0.29526166902404527,4256.5,1,1189.06,1232.5,"sS(s=55,S=100)",42,47,55.0,100.0
0.3596078431372549,3744.8,0,945.24,967.1,"sS(s=55,S=100)",42,48,55.0,100.0
0.2663786897048236,4150.3,5,1206.8799999999999,1233.6,"sS(s=55,S=100)",42,49,55.0,100.0
0.17571157495256168,4239.2,4,1098.96,1113.7,"sS(s=60,S=65)",42,0,60.0,65.0
0.10411357844921733,4088.0,0,1106.3799999999999,1108.1,"sS(s=60,S=65)",42,1,60.0,65.0
0.09182608695652174,4486.7,1,1371.24,1437.0,"sS(s=60,S=65)",42,2,60.0,65.0
0.07737874861162532,4173.9,0,1154.0,1189.6,"sS(s=60,S=65)",42,3,60.0,65.0
0.15053763440860216,3922.0,1,1204.02,1241.4,"sS(s=60,S=65)",42,4,60.0,65.0
0.11950732356857523,4635.1,2,1296.6399999999999,1337.3,"sS(s=60,S=65)",42,5,60.0,65.0
0.22317262830482115,3926.6,2,1188.08,1232.6,"sS(s=60,S=65)",42,6,60.0,65.0
0.1377310619789779,4280.0,1,1223.9799999999998,1288.6,"sS(s=60,S=65)",42,7,60.0,65.0
0.13679590343818582,4337.8,1,1310.34,1353.7,"sS(s=60,S=65)",42,8,60.0,65.0
0.09134125636672326,4582.8,0,1142.36,1144.0,"sS(s=60,S=65)",42,9,60.0,65.0
0.1715721464465183,4144.1,3,1089.68,1099.8,"sS(s=60,S=65)",42,10,60.0,65.0
0.07932960893854749,4016.3,0,1239.74,1289.9,"sS(s=60,S=65)",42,11,60.0,65.0
0.1795861101367941,4302.6,0,1256.78,1301.6,"sS(s=60,S=65)",42,12,60.0,65.0
0.10167029774872913,4353.0,2,1241.34,1294.2,"sS(s=60,S=65)",42,13,60.0,65.0
0.2198012232415902,4238.6,3,1143.74,1188.9,"sS(s=60,S=65)",42,14,60.0,65.0
0.08974358974358974,4110.2,3,1300.08,1372.4,"sS(s=60,S=65)",42,15,60.0,65.0
0.148355754857997,4150.1,1,1329.32,1396.3,"sS(s=60,S=65)",42,16,60.0,65.0
0.1573943661971831,4568.7,2,1109.5,1110.6,"sS(s=60,S=65)",42,17,60.0,65.0
0.1221264367816092,4390.0,3,1201.0,1255.9,"sS(s=60,S=65)",42,18,60.0,65.0
0.2,3967.2,3,1177.6,1233.0,"sS(s=60,S=65)",42,19,60.0,65.0
0.11238367931281316,4380.3,1,1312.08,1336.0,"sS(s=60,S=65)",42,20,60.0,65.0
0.17548651416865824,4432.6,3,1296.8400000000001,1309.4,"sS(s=60,S=65)",42,21,60.0,65.0
0.1572107765451664,5194.4,1,1517.34,1583.0,"sS(s=60,S=65)",42,22,60.0,65.0
0.2092123769338959,4865.8,3,1325.54,1367.3,"sS(s=60,S=65)",42,23,60.0,65.0
0.06826304503216583,4084.1,1,964.72,968.6,"sS(s=60,S=65)",42,24,60.0,65.0
0.12333566923615978,4338.3,0,1181.76,1199.6,"sS(s=60,S=65)",42,25,60.0,65.0
0.12556053811659193,4057.4,4,1173.8,1193.0,"sS(s=60,S=65)",42,26,60.0,65.0
0.0887651490337373,4742.3,2,1519.32,1574.9,"sS(s=60,S=65)",42,27,60.0,65.0
0.16744366744366745,3788.4,0,1046.94,1086.0,"sS(s=60,S=65)",42,28,60.0,65.0
0.15610286128214415,4008.6,0,1322.54,1437.4,"sS(s=60,S=65)",42,29,60.0,65.0
0.09693513898788311,4191.2,0,987.64,990.7,"sS(s=60,S=65)",42,30,60.0,65.0
0.10030498136225008,4752.3,0,1298.74,1321.0,"sS(s=60,S=65)",42,31,60.0,65.0
0.1274928774928775,4307.6,0,1010.64,1011.8,"sS(s=60,S=65)",42,32,60.0,65.0
0.23841059602649006,4231.8,0,1488.6399999999999,1601.1,"sS(s=60,S=65)",42,33,60.0,65.0
0.16903572800614675,4123.1,2,1386.24,1509.9,"sS(s=60,S=65)",42,34,60.0,65.0
0.1490104772991851,3831.7,0,1063.8,1104.2,"sS(s=60,S=65)",42,35,60.0,65.0
0.07927866621299762,4636.3,1,1317.3,1374.6,"sS(s=60,S=65)",42,36,60.0,65.0
0.17839195979899497,4186.5,2,1185.76,1201.3,"sS(s=60,S=65)",42,37,60.0,65.0
0.12595685455810718,4536.6,0,1338.1599999999999,1425.2,"sS(s=60,S=65)",42,38,60.0,65.0
0.19030154849225753,3802.4,1,1030.58,1034.7,"sS(s=60,S=65)",42,39,60.0,65.0
0.18136503067484663,3961.8,4,1118.48,1139.9,"sS(s=60,S=65)",42,40,60.0,65.0
0.17975133214920072,4403.2,0,1086.52,1087.7,"sS(s=60,S=65)",42,41,60.0,65.0
0.15549506634909832,4832.5,0,1254.8,1272.0,"sS(s=60,S=65)",42,42,60.0,65.0
0.14303128809427063,3930.9,1,964.74,971.9,"sS(s=60,S=65)",42,43,60.0,65.0
0.05464098073555167,4125.6,0,1094.44,1131.0,"sS(s=60,S=65)",42,44,60.0,65.0
0.1791271347248577,4152.7,0,1193.12,1263.4,"sS(s=60,S=65)",42,45,60.0,65.0
0.12491716368455931,4846.6,0,1470.0,1582.0,"sS(s=60,S=65)",42,46,60.0,65.0
0.11987270155586988,4692.9,1,1337.6,1389.5,"sS(s=60,S=65)",42,47,60.0,65.0
0.21176470588235294,3770.0,0,1055.42,1070.5,"sS(s=60,S=65)",42,48,60.0,65.0
0.08279337652987762,4424.6,8,1209.24,1240.7,"sS(s=60,S=65)",42,49,60.0,65.0
0.2,4195.5,4,1093.14,1109.7,"sS(s=60,S=70)",42,0,60.0,70.0
0.1241354204586822,3985.0,0,1094.3799999999999,1095.1,"sS(s=60,S=70)",42,1,60.0,70.0
0.10573913043478261,4397.7,1,1363.74,1443.0,"sS(s=60,S=70)",42,2,60.0,70.0
0.10921880784894483,4167.5,0,1146.64,1178.2,"sS(s=60,S=70)",42,3,60.0,70.0
0.1774193548387097,3849.0,1,1200.32,1236.9,"sS(s=60,S=70)",42,4,60.0,70.0
0.13715046604527298,4577.4,2,1289.3,1330.3,"sS(s=60,S=70)",42,5,60.0,70.0
0.2581648522550544,3902.1,2,1195.08,1240.1,"sS(s=60,S=70)",42,6,60.0,70.0
0.1620152229068503,4213.5,1,1236.7799999999997,1308.1,"sS(s=60,S=70)",42,7,60.0,70.0
0.15691294806144843,4289.6,1,1297.9,1341.2,"sS(s=60,S=70)",42,8,60.0,70.0
0.10424448217317488,4518.1,0,1136.66,1139.0,"sS(s=60,S=70)",42,9,60.0,70.0
0.19669777458722182,4059.2,3,1070.18,1071.3,"sS(s=60,S=70)",42,10,60.0,70.0
0.09757914338919925,3946.2,0,1232.94,1277.4,"sS(s=60,S=70)",42,11,60.0,70.0
0.19361627499123116,4253.9,0,1243.8799999999999,1279.8,"sS(s=60,S=70)",42,12,60.0,70.0
0.12345679012345678,4312.1,2,1235.34,1290.2,"sS(s=60,S=70)",42,13,60.0,70.0
0.23891437308868502,4174.6,3,1134.44,1185.9,"sS(s=60,S=70)",42,14,60.0,70.0
0.10648148148148148,4022.1,2,1303.4399999999998,1384.6,"sS(s=60,S=70)",42,15,60.0,70.0
0.17376681614349776,4095.6,1,1292.7599999999998,1361.1,"sS(s=60,S=70)",42,16,60.0,70.0
0.18098591549295776,4524.6,2,1106.1,1112.1,"sS(s=60,S=70)",42,17,60.0,70.0
0.14188218390804597,4305.5,1,1193.6,1252.4,"sS(s=60,S=70)",42,18,60.0,70.0
0.23448275862068965,3892.7,3,1164.6,1218.0,"sS(s=60,S=70)",42,19,60.0,70.0
0.12884753042233357,4313.4,1,1302.68,1323.0,"sS(s=60,S=70)",42,20,60.0,70.0
0.19597132127005804,4345.1,3,1285.04,1295.4,"sS(s=60,S=70)",42,21,60.0,70.0
0.1774960380348653,5130.4,1,1516.54,1588.0,"sS(s=60,S=70)",42,22,60.0,70.0
0.23277074542897327,4817.3,3,1334.74,1383.8,"sS(s=60,S=70)",42,23,60.0,70.0
0.07791279485346676,3987.6,1,935.08,935.2,"sS(s=60,S=70)",42,24,60.0,70.0
0.14786264891380518,4280.8,0,1158.26,1171.1,"sS(s=60,S=70)",42,25,60.0,70.0
0.1591928251121076,4055.0,5,1178.8,1200.5,"sS(s=60,S=70)",42,26,60.0,70.0
0.1018670160497871,4668.3,2,1493.32,1550.9,"sS(s=60,S=70)",42,27,60.0,70.0
0.1993006993006993,3740.6,0,1031.24,1067.5,"sS(s=60,S=70)",42,28,60.0,70.0
0.17602318000724376,3931.6,0,1298.2,1408.4,"sS(s=60,S=70)",42,29,60.0,70.0
0.12188168210976479,4122.2,0,957.14,958.9,"sS(s=60,S=70)",42,30,60.0,70.0
0.1206370721789224,4705.3,0,1270.04,1286.0,"sS(s=60,S=70)",42,31,60.0,70.0
0.1517094017094017,4237.7,0,1001.8,1002.9,"sS(s=60,S=70)",42,32,60.0,70.0
0.2619573215599706,4215.1,1,1546.5399999999997,1688.1,"sS(s=60,S=70)",42,33,60.0,70.0
0.1920860545524395,4085.1,2,1374.24,1495.9,"sS(s=60,S=70)",42,34,60.0,70.0
0.18199456732634847,3777.2,0,1074.1,1131.2,"sS(s=60,S=70)",42,35,60.0,70.0
0.09629125552909153,4583.3,0,1281.8,1333.6,"sS(s=60,S=70)",42,36,60.0,70.0
0.19095477386934673,4164.5,2,1183.9399999999998,1188.1,"sS(s=60,S=70)",42,37,60.0,70.0
0.1590118302018093,4500.1,0,1362.56,1461.2,"sS(s=60,S=70)",42,38,60.0,70.0
0.22575387123064386,3776.6,1,1028.72,1032.7,"sS(s=60,S=70)",42,39,60.0,70.0
0.2151073619631902,3890.4,3,1124.04,1155.9,"sS(s=60,S=70)",42,40,60.0,70.0
0.19680284191829484,4334.5,0,1082.54,1085.1,"sS(s=60,S=70)",42,41,60.0,70.0
0.18611772711806737,4806.5,0,1231.8,1244.5,"sS(s=60,S=70)",42,42,60.0,70.0
0.16416091019910606,3913.9,1,962.76,967.8,"sS(s=60,S=70)",42,43,60.0,70.0
0.06935201401050788,4021.8,0,1093.1399999999999,1134.0,"sS(s=60,S=70)",42,44,60.0,70.0
0.20569259962049335,4103.0,0,1179.56,1247.7,"sS(s=60,S=70)",42,45,60.0,70.0
0.14314115308151093,4789.1,0,1446.1999999999998,1553.5,"sS(s=60,S=70)",42,46,60.0,70.0
0.14674681753889673,4641.9,1,1315.6,1370.5,"sS(s=60,S=70)",42,47,60.0,70.0
0.23529411764705882,3701.8,0,1057.02,1073.5,"sS(s=60,S=70)",42,48,60.0,70.0
0.1007919366450684,4345.0,7,1207.24,1241.2,"sS(s=60,S=70)",42,49,60.0,70.0
0.22011385199240988,4195.1,5,1068.64,1083.7,"sS(s=60,S=75)",42,0,60.0,75.0
0.14743356388787768,3902.9,0,1089.62,1091.5,"sS(s=60,S=75)",42,1,60.0,75.0
0.12382608695652174,4333.9,1,1322.06,1400.8,"sS(s=60,S=75)",42,2,60.0,75.0
0.14402073306182894,4162.1,0,1130.64,1169.7,"sS(s=60,S=75)",42,3,60.0,75.0
0.21044546850998463,3815.3,1,1210.22,1253.4,"sS(s=60,S=75)",42,4,60.0,75.0
0.15712383488681758,4527.7,2,1284.8999999999999,1323.3,"sS(s=60,S=75)",42,5,60.0,75.0
0.2931570762052877,3868.6,2,1202.08,1247.6,"sS(s=60,S=75)",42,6,60.0,75.0
0.18158753171438927,4127.9,1,1231.1799999999998,1303.6,"sS(s=60,S=75)",42,7,60.0,75.0
0.18324798829553768,4239.7,1,1280.3999999999999,1320.8,"sS(s=60,S=75)",42,8,60.0,75.0
0.12699490662139218,4442.3,0,1144.6399999999999,1147.3,"sS(s=60,S=75)",42,9,60.0,75.0
0.22325915290739412,3987.6,2,1096.62,1100.6,"sS(s=60,S=75)",42,10,60.0,75.0
0.12588454376163874,3880.8,0,1232.94,1273.4,"sS(s=60,S=75)",42,11,60.0,75.0
0.21431076815152578,4220.8,0,1224.98,1253.8,"sS(s=60,S=75)",42,12,60.0,75.0
0.14524328249818447,4289.1,2,1229.34,1286.2,"sS(s=60,S=75)",42,13,60.0,75.0
0.24273700305810397,4103.1,3,1123.64,1182.9,"sS(s=60,S=75)",42,14,60.0,75.0
0.13141025641025642,4000.1,2,1302.76,1381.5,"sS(s=60,S=75)",42,15,60.0,75.0
0.19805680119581465,4060.6,1,1250.36,1318.1,"sS(s=60,S=75)",42,16,60.0,75.0
0.20140845070422536,4485.7,2,1086.78,1093.7,"sS(s=60,S=75)",42,17,60.0,75.0
0.1619971264367816,4250.1,1,1189.8,1248.9,"sS(s=60,S=75)",42,18,60.0,75.0
0.2655172413793103,3832.9,3,1158.0,1211.0,"sS(s=60,S=75)",42,19,60.0,75.0
0.15139584824624194,4255.2,0,1302.32,1321.3,"sS(s=60,S=75)",42,20,60.0,75.0
0.21611471491976783,4259.7,3,1273.24,1281.4,"sS(s=60,S=75)",42,21,60.0,75.0
0.19397781299524564,5085.6,1,1515.74,1593.0,"sS(s=60,S=75)",42,22,60.0,75.0
0.25562587904360057,4767.1,3,1345.54,1402.3,"sS(s=60,S=75)",42,23,60.0,75.0
0.09471050750536097,3915.8,1,917.08,921.2,"sS(s=60,S=75)",42,24,60.0,75.0
0.16748423265592152,4221.9,0,1144.8400000000001,1145.4,"sS(s=60,S=75)",42,25,60.0,75.0
0.19095665171898354,4036.5,5,1183.8,1208.0,"sS(s=60,S=75)",42,26,60.0,75.0
0.11496888306583689,4594.3,2,1467.32,1526.9,"sS(s=60,S=75)",42,27,60.0,75.0
0.22843822843822845,3681.6,0,1014.34,1044.0,"sS(s=60,S=75)",42,28,60.0,75.0
0.19594349873234335,3868.3,0,1275.76,1379.4,"sS(s=60,S=75)",42,29,60.0,75.0
0.150392017106201,4067.1,0,961.0,972.3,"sS(s=60,S=75)",42,30,60.0,75.0
0.13588614029142662,4658.3,0,1241.34,1251.0,"sS(s=60,S=75)",42,31,60.0,75.0
0.17663817663817663,4153.2,0,996.1999999999999,999.4,"sS(s=60,S=75)",42,32,60.0,75.0
0.27851361295069904,4149.1,1,1561.4399999999998,1715.1,"sS(s=60,S=75)",42,33,60.0,75.0
0.21513638109873223,4047.1,2,1362.24,1481.9,"sS(s=60,S=75)",42,34,60.0,75.0
0.21536670547147846,3748.9,0,1105.24,1184.2,"sS(s=60,S=75)",42,35,60.0,75.0
0.1092208234093229,4539.1,0,1262.94,1313.4,"sS(s=60,S=75)",42,36,60.0,75.0
0.20351758793969849,4135.5,2,1217.54,1238.6,"sS(s=60,S=75)",42,37,60.0,75.0
0.19206680584551147,4473.0,0,1387.56,1493.2,"sS(s=60,S=75)",42,38,60.0,75.0
0.26120619396903016,3702.3,1,1019.34,1028.0,"sS(s=60,S=75)",42,39,60.0,75.0
0.2476993865030675,3831.3,2,1139.4799999999998,1178.6,"sS(s=60,S=75)",42,40,60.0,75.0
0.2163410301953819,4270.5,0,1074.74,1081.1,"sS(s=60,S=75)",42,41,60.0,75.0
0.21469887716910513,4769.7,0,1219.3600000000001,1230.2,"sS(s=60,S=75)",42,42,60.0,75.0
0.18650954896383584,3904.9,1,992.86,1003.8,"sS(s=60,S=75)",42,43,60.0,75.0
0.0924693520140105,3950.4,0,1097.36,1143.0,"sS(s=60,S=75)",42,44,60.0,75.0
0.22504743833017077,4062.5,0,1160.96,1225.7,"sS(s=60,S=75)",42,45,60.0,75.0
0.16136514247846256,4731.6,0,1422.3999999999999,1525.0,"sS(s=60,S=75)",42,46,60.0,75.0
0.16973125884016974,4601.9,1,1301.6,1361.5,"sS(s=60,S=75)",42,47,60.0,75.0
0.25529411764705884,3657.0,0,1047.42,1062.5,"sS(s=60,S=75)",42,48,60.0,75.0
0.128869690424766,4214.1,6,1186.56,1241.7,"sS(s=60,S=75)",42,49,60.0,75.0
0.2398481973434535,4159.3,5,1055.34,1071.7,"sS(s=60,S=80)",42,0,60.0,80.0
0.17837641062977794,3811.9,0,1088.62,1093.5,"sS(s=60,S=80)",42,1,60.0,80.0
0.15165217391304348,4273.9,1,1284.4599999999998,1363.3,"sS(s=60,S=80)",42,2,60.0,80.0
0.17326915957052944,4168.9,0,1121.8799999999999,1172.8,"sS(s=60,S=80)",42,3,60.0,80.0
0.24155145929339478,3785.3,1,1243.32,1299.9,"sS(s=60,S=80)",42,4,60.0,80.0
0.177762982689747,4487.7,2,1275.9399999999998,1310.6,"sS(s=60,S=80)",42,5,60.0,80.0
0.3215396578538103,3839.2,2,1195.4799999999998,1238.1,"sS(s=60,S=80)",42,6,60.0,80.0
0.20877129394708227,4064.4,1,1240.3799999999999,1316.1,"sS(s=60,S=80)",42,7,60.0,80.0
0.2212874908558888,4199.6,1,1262.1,1300.3,"sS(s=60,S=80)",42,8,60.0,80.0
0.15110356536502548,4353.3,0,1135.3200000000002,1136.9,"sS(s=60,S=80)",42,9,60.0,80.0
0.2519741564967696,3915.6,2,1108.58,1108.7,"sS(s=60,S=80)",42,10,60.0,80.0
0.15828677839851024,3869.4,0,1244.94,1278.4,"sS(s=60,S=80)",42,11,60.0,80.0
0.2388635566467906,4199.8,0,1205.68,1227.8,"sS(s=60,S=80)",42,12,60.0,80.0
0.16775599128540306,4258.5,2,1228.74,1284.2,"sS(s=60,S=80)",42,13,60.0,80.0
0.2484709480122324,3980.6,2,1108.94,1179.9,"sS(s=60,S=80)",42,14,60.0,80.0
0.1599002849002849,3934.1,2,1289.22,1373.0,"sS(s=60,S=80)",42,15,60.0,80.0
0.2242152466367713,4050.1,2,1232.36,1296.1,"sS(s=60,S=80)",42,16,60.0,80.0
0.225,4474.4,2,1079.76,1080.7,"sS(s=60,S=80)",42,17,60.0,80.0
0.17744252873563218,4208.7,1,1168.2,1226.4,"sS(s=60,S=80)",42,18,60.0,80.0
0.2885057471264368,3787.7,3,1176.28,1235.1,"sS(s=60,S=80)",42,19,60.0,80.0
0.17859699355762348,4231.3,0,1305.1599999999999,1328.1,"sS(s=60,S=80)",42,20,60.0,80.0
0.23079549334243768,4211.7,3,1260.96,1261.1,"sS(s=60,S=80)",42,21,60.0,80.0
0.21109350237717908,5037.7,1,1514.94,1598.0,"sS(s=60,S=80)",42,22,60.0,80.0
0.27637130801687765,4716.5,3,1329.54,1388.8,"sS(s=60,S=80)",42,23,60.0,80.0
0.11794138670478914,3877.8,1,904.6600000000001,907.2,"sS(s=60,S=80)",42,24,60.0,80.0
0.18640504555010512,4155.8,0,1182.0,1201.9,"sS(s=60,S=80)",42,25,60.0,80.0
0.218609865470852,4002.9,4,1188.4,1215.0,"sS(s=60,S=80)",42,26,60.0,80.0
0.12807075008188668,4519.7,2,1443.72,1505.9,"sS(s=60,S=80)",42,27,60.0,80.0
0.2533022533022533,3636.9,0,996.34,1020.5,"sS(s=60,S=80)",42,28,60.0,80.0
0.2162260050706266,3791.4,0,1250.06,1350.4,"sS(s=60,S=80)",42,29,60.0,80.0
0.17890235210263722,3996.1,0,974.1999999999999,989.8,"sS(s=60,S=80)",42,30,60.0,80.0
0.1592680447305998,4645.7,0,1240.16,1250.4,"sS(s=60,S=80)",42,31,60.0,80.0
0.20156695156695156,4090.7,0,989.16,994.1,"sS(s=60,S=80)",42,32,60.0,80.0
0.2947019867549669,4098.0,1,1576.3399999999997,1742.1,"sS(s=60,S=80)",42,33,60.0,80.0
0.2247406838263542,4005.7,2,1365.44,1486.9,"sS(s=60,S=80)",42,34,60.0,80.0
0.2464105549088087,3690.3,0,1104.12,1191.2,"sS(s=60,S=80)",42,35,60.0,80.0
0.1309969377339231,4497.6,0,1233.84,1277.9,"sS(s=60,S=80)",42,36,60.0,80.0
0.2189519023689878,4095.1,2,1228.8,1259.8,"sS(s=60,S=80)",42,37,60.0,80.0
0.22512178148921363,4490.8,0,1429.62,1557.2,"sS(s=60,S=80)",42,38,60.0,80.0
0.28769356153219233,3613.8,1,1013.24,1026.0,"sS(s=60,S=80)",42,39,60.0,80.0
0.27338957055214724,3843.4,3,1172.4799999999998,1221.1,"sS(s=60,S=80)",42,40,60.0,80.0
0.2330373001776199,4215.1,0,1071.66,1077.9,"sS(s=60,S=80)",42,41,60.0,80.0
0.2432800272201429,4746.1,0,1207.94,1219.2,"sS(s=60,S=80)",42,42,60.0,80.0
0.20885818772856563,3884.9,2,1030.96,1049.8,"sS(s=60,S=80)",42,43,60.0,80.0
0.1330998248686515,3844.0,0,1053.6599999999999,1090.0,"sS(s=60,S=80)",42,44,60.0,80.0
0.24971537001897534,4029.5,0,1142.36,1203.7,"sS(s=60,S=80)",42,45,60.0,80.0
0.1802518223989397,4698.3,0,1401.8,1500.5,"sS(s=60,S=80)",42,46,60.0,80.0
0.19731258840169733,4556.2,1,1295.46,1355.5,"sS(s=60,S=80)",42,47,60.0,80.0
0.2749019607843137,3620.0,0,1029.02,1040.5,"sS(s=60,S=80)",42,48,60.0,80.0
0.1493880489560835,4177.1,6,1213.24,1275.2,"sS(s=60,S=80)",42,49,60.0,80.0
0.26261859582542696,4137.5,5,1059.0,1080.9,"sS(s=60,S=85)",42,0,60.0,85.0
0.2093192573716782,3753.5,0,1088.94,1095.5,"sS(s=60,S=85)",42,1,60.0,85.0
0.17878260869565218,4226.0,1,1248.4599999999998,1326.8,"sS(s=60,S=85)",42,2,60.0,85.0
0.20510921880784894,4192.0,0,1129.06,1185.2,"sS(s=60,S=85)",42,3,60.0,85.0
0.2569124423963134,3749.4,1,1286.62,1360.6,"sS(s=60,S=85)",42,4,60.0,85.0
0.2003994673768309,4468.5,2,1275.54,1308.6,"sS(s=60,S=85)",42,5,60.0,85.0
0.3468118195956454,3774.9,2,1206.4799999999998,1250.6,"sS(s=60,S=85)",42,6,60.0,85.0
0.22979340340703153,4002.9,1,1249.58,1328.6,"sS(s=60,S=85)",42,7,60.0,85.0
0.25969275786393564,4171.6,1,1254.1999999999998,1292.8,"sS(s=60,S=85)",42,8,60.0,85.0
0.1731748726655348,4275.3,0,1148.52,1156.9,"sS(s=60,S=85)",42,9,60.0,85.0
0.2709978463747308,3867.9,2,1114.4199999999998,1115.6,"sS(s=60,S=85)",42,10,60.0,85.0
0.19180633147113593,3824.9,0,1228.94,1259.4,"sS(s=60,S=85)",42,11,60.0,85.0
0.2578042792002806,4226.8,0,1200.46,1219.4,"sS(s=60,S=85)",42,12,60.0,85.0
0.19135802469135801,4231.1,2,1216.74,1275.2,"sS(s=60,S=85)",42,13,60.0,85.0
0.2782874617737003,3937.4,2,1100.68,1174.2,"sS(s=60,S=85)",42,14,60.0,85.0
0.19266381766381765,3886.3,2,1273.52,1364.5,"sS(s=60,S=85)",42,15,60.0,85.0
0.24663677130044842,3999.6,2,1214.36,1274.1,"sS(s=60,S=85)",42,16,60.0,85.0
0.2443661971830986,4443.9,2,1082.96,1084.2,"sS(s=60,S=85)",42,17,60.0,85.0
0.19432471264367815,4182.3,1,1177.8,1241.8,"sS(s=60,S=85)",42,18,60.0,85.0
0.30114942528735633,3722.4,3,1156.56,1211.7,"sS(s=60,S=85)",42,19,60.0,85.0
0.19613457408732998,4186.5,0,1329.42,1356.5,"sS(s=60,S=85)",42,20,60.0,85.0
0.2413793103448276,4108.0,2,1250.84,1257.0,"sS(s=60,S=85)",42,21,60.0,85.0
0.23328050713153725,4996.2,1,1514.1399999999999,1603.0,"sS(s=60,S=85)",42,22,60.0,85.0
0.29043600562587907,4717.4,3,1309.74,1375.3,"sS(s=60,S=85)",42,23,60.0,85.0
0.14760543245175126,3851.6,1,899.04,900.5,"sS(s=60,S=85)",42,24,60.0,85.0
0.21793973370707778,4121.8,0,1220.32,1258.4,"sS(s=60,S=85)",42,25,60.0,85.0
0.24626307922272048,3965.2,4,1192.2,1221.0,"sS(s=60,S=85)",42,26,60.0,85.0
0.14248280379954142,4464.7,2,1416.92,1472.9,"sS(s=60,S=85)",42,27,60.0,85.0
0.2801087801087801,3577.4,0,978.34,997.0,"sS(s=60,S=85)",42,28,60.0,85.0
0.22854038391886997,3772.4,0,1221.66,1307.9,"sS(s=60,S=85)",42,29,60.0,85.0
0.21133285816108338,3935.3,0,988.28,1008.4,"sS(s=60,S=85)",42,30,60.0,85.0
0.18908844459505253,4648.5,0,1231.3,1231.7,"sS(s=60,S=85)",42,31,60.0,85.0
0.22934472934472935,4026.4,0,979.96,986.1,"sS(s=60,S=85)",42,32,60.0,85.0
0.318616629874908,4056.5,1,1591.2399999999998,1769.1,"sS(s=60,S=85)",42,33,60.0,85.0
0.25163273146369575,3968.8,2,1366.24,1488.9,"sS(s=60,S=85)",42,34,60.0,85.0
0.2743500194024059,3641.6,0,1107.02,1198.2,"sS(s=60,S=85)",42,35,60.0,85.0
0.1449472609731201,4446.7,1,1207.02,1249.0,"sS(s=60,S=85)",42,36,60.0,85.0
0.23869346733668342,4076.7,2,1237.4399999999998,1278.8,"sS(s=60,S=85)",42,37,60.0,85.0
0.2522616562282533,4488.3,0,1429.32,1556.2,"sS(s=60,S=85)",42,38,60.0,85.0
0.3072534637326813,3529.5,0,951.4599999999999,953.3,"sS(s=60,S=85)",42,39,60.0,85.0
0.3040644171779141,3777.6,2,1160.6799999999998,1207.6,"sS(s=60,S=85)",42,40,60.0,85.0
0.2216696269982238,4208.8,0,1108.4199999999998,1119.6,"sS(s=60,S=85)",42,41,60.0,85.0
0.27390268798911194,4748.1,0,1195.44,1208.2,"sS(s=60,S=85)",42,42,60.0,85.0
0.23161316537992685,3851.1,2,1026.8999999999999,1043.1,"sS(s=60,S=85)",42,43,60.0,85.0
0.1702276707530648,3768.6,0,1025.62,1058.0,"sS(s=60,S=85)",42,44,60.0,85.0
0.2667931688804554,4015.9,0,1118.36,1173.8,"sS(s=60,S=85)",42,45,60.0,85.0
0.1918489065606362,4643.8,0,1406.0,1507.0,"sS(s=60,S=85)",42,46,60.0,85.0
0.2256011315417256,4480.7,1,1267.76,1321.5,"sS(s=60,S=85)",42,47,60.0,85.0
0.28980392156862744,3585.2,0,984.7800000000001,986.2,"sS(s=60,S=85)",42,48,60.0,85.0
0.17098632109431244,4147.9,6,1208.34,1264.6,"sS(s=60,S=85)",42,49,60.0,85.0
0.29335863377609106,4176.7,4,1087.26,1126.1,"sS(s=60,S=90)",42,0,60.0,90.0
0.23480160174736076,3684.9,0,1065.8200000000002,1068.9,"sS(s=60,S=90)",42,1,60.0,90.0
0.21843478260869564,4246.3,1,1194.1399999999999,1261.0,"sS(s=60,S=90)",42,2,60.0,90.0
0.23843021103295076,4189.5,0,1128.66,1185.2,"sS(s=60,S=90)",42,3,60.0,90.0
0.29377880184331795,3727.1,1,1276.1999999999998,1348.1,"sS(s=60,S=90)",42,4,60.0,90.0
0.22536617842876164,4450.4,2,1275.1399999999999,1306.6,"sS(s=60,S=90)",42,5,60.0,90.0
0.3557542768273717,3785.3,1,1254.28,1309.1,"sS(s=60,S=90)",42,6,60.0,90.0
0.24139180862631388,3967.2,1,1258.7799999999997,1341.1,"sS(s=60,S=90)",42,7,60.0,90.0
0.2834674469641551,4035.3,2,1191.38,1201.9,"sS(s=60,S=90)",42,8,60.0,90.0
0.20169779286926995,4192.2,0,1160.8200000000002,1176.9,"sS(s=60,S=90)",42,9,60.0,90.0
0.2964824120603015,3827.7,2,1169.1,1180.6,"sS(s=60,S=90)",42,10,60.0,90.0
0.22197392923649906,3817.4,0,1226.62,1257.5,"sS(s=60,S=90)",42,11,60.0,90.0
0.28586460890915466,4208.8,0,1198.76,1215.4,"sS(s=60,S=90)",42,12,60.0,90.0
0.21060275962236746,4218.9,2,1204.74,1266.2,"sS(s=60,S=90)",42,13,60.0,90.0
0.3065749235474006,3942.4,2,1110.7,1192.7,"sS(s=60,S=90)",42,14,60.0,90.0
0.2282763532763533,3869.8,2,1249.9199999999998,1351.5,"sS(s=60,S=90)",42,15,60.0,90.0
0.2679372197309417,3946.8,1,1196.36,1252.1,"sS(s=60,S=90)",42,16,60.0,90.0
0.2746478873239437,4475.7,2,1064.2,1067.4,"sS(s=60,S=90)",42,17,60.0,90.0
0.22916666666666666,4137.2,1,1195.3999999999999,1263.6,"sS(s=60,S=90)",42,18,60.0,90.0
0.3475095785440613,3664.8,3,1181.24,1244.7,"sS(s=60,S=90)",42,19,60.0,90.0
0.2211882605583393,4142.5,0,1315.12,1347.5,"sS(s=60,S=90)",42,20,60.0,90.0
0.26220553089791737,4065.2,2,1224.24,1231.3,"sS(s=60,S=90)",42,21,60.0,90.0
0.2554675118858954,4990.0,2,1545.54,1654.0,"sS(s=60,S=90)",42,22,60.0,90.0
0.30520393811533053,4735.5,3,1303.1,1377.2,"sS(s=60,S=90)",42,23,60.0,90.0
0.18012866333095068,3880.2,1,950.16,974.9,"sS(s=60,S=90)",42,24,60.0,90.0
0.25227750525578135,4092.4,0,1286.22,1348.9,"sS(s=60,S=90)",42,25,60.0,90.0
0.2713004484304933,3976.4,4,1197.06,1229.0,"sS(s=60,S=90)",42,26,60.0,90.0
0.15722240419259745,4394.4,2,1396.92,1458.9,"sS(s=60,S=90)",42,27,60.0,90.0
0.3034188034188034,3505.3,0,960.34,973.5,"sS(s=60,S=90)",42,28,60.0,90.0
0.24302788844621515,3739.3,0,1213.38,1287.4,"sS(s=60,S=90)",42,29,60.0,90.0
0.24625801853171775,3873.8,0,995.64,1018.6,"sS(s=60,S=90)",42,30,60.0,90.0
0.20942053541172484,4592.0,0,1207.8,1208.2,"sS(s=60,S=90)",42,31,60.0,90.0
0.266025641025641,3967.8,0,970.76,978.1,"sS(s=60,S=90)",42,32,60.0,90.0
0.34253127299484915,4046.9,1,1597.0199999999998,1772.1,"sS(s=60,S=90)",42,33,60.0,90.0
0.27698809066461777,3914.3,1,1350.24,1469.9,"sS(s=60,S=90)",42,34,60.0,90.0
0.3061699650756694,3594.3,0,1112.8,1205.2,"sS(s=60,S=90)",42,35,60.0,90.0
0.1687648860156516,4406.7,1,1171.32,1209.0,"sS(s=60,S=90)",42,36,60.0,90.0
0.25843503230437903,4060.7,2,1245.54,1297.8,"sS(s=60,S=90)",42,37,60.0,90.0
0.27383437717466946,4482.3,0,1436.32,1553.2,"sS(s=60,S=90)",42,38,60.0,90.0
0.3202933985330073,3409.8,0,947.7800000000001,953.2,"sS(s=60,S=90)",42,39,60.0,90.0
0.3289877300613497,3741.6,2,1177.6799999999998,1230.1,"sS(s=60,S=90)",42,40,60.0,90.0
0.23765541740674956,4166.3,0,1087.4199999999998,1089.1,"sS(s=60,S=90)",42,41,60.0,90.0
0.29703980945899966,4757.0,0,1189.28,1193.8,"sS(s=60,S=90)",42,42,60.0,90.0
0.26777732629012596,3824.9,2,1014.68,1023.8,"sS(s=60,S=90)",42,43,60.0,90.0
0.21120840630472854,3709.4,0,983.14,1005.9,"sS(s=60,S=90)",42,44,60.0,90.0
0.2876660341555977,3979.6,0,1113.44,1160.5,"sS(s=60,S=90)",42,45,60.0,90.0
0.22498343273691188,4605.2,0,1430.1999999999998,1538.5,"sS(s=60,S=90)",42,46,60.0,90.0
0.2531824611032532,4405.2,1,1240.06,1287.5,"sS(s=60,S=90)",42,47,60.0,90.0
0.2996078431372549,3785.4,0,944.88,975.1,"sS(s=60,S=90)",42,48,60.0,90.0
0.20626349892008639,4229.1,6,1260.28,1277.6,"sS(s=60,S=90)",42,49,60.0,90.0
0.31385199240986716,4143.3,4,1079.64,1118.7,"sS(s=60,S=95)",42,0,60.0,95.0
0.2675646159446669,3674.4,0,1078.22,1081.4,"sS(s=60,S=95)",42,1,60.0,95.0
0.2417391304347826,4232.0,1,1192.0,1258.5,"sS(s=60,S=95)",42,2,60.0,95.0
0.27508330248056273,4180.1,0,1118.1799999999998,1166.3,"sS(s=60,S=95)",42,3,60.0,95.0
0.3210445468509985,3677.3,0,1247.1,1320.1,"sS(s=60,S=95)",42,4,60.0,95.0
0.25499334221038616,4455.1,2,1298.82,1334.7,"sS(s=60,S=95)",42,5,60.0,95.0
0.3701399688958009,3762.9,1,1299.9399999999998,1365.6,"sS(s=60,S=95)",42,6,60.0,95.0
0.2653135193910837,3896.4,1,1267.9799999999998,1353.6,"sS(s=60,S=95)",42,7,60.0,95.0
0.32114118507681055,4026.9,1,1202.24,1227.8,"sS(s=60,S=95)",42,8,60.0,95.0
0.22512733446519526,4099.6,0,1207.28,1242.3,"sS(s=60,S=95)",42,9,60.0,95.0
0.3180186647523331,3752.7,2,1165.3999999999999,1174.1,"sS(s=60,S=95)",42,10,60.0,95.0
0.25251396648044694,3790.2,0,1210.14,1237.9,"sS(s=60,S=95)",42,11,60.0,95.0
0.3037530690985619,4209.5,0,1195.78,1201.1,"sS(s=60,S=95)",42,12,60.0,95.0
0.23674655047204066,4148.4,2,1185.94,1257.2,"sS(s=60,S=95)",42,13,60.0,95.0
0.32951070336391436,3891.4,2,1097.76,1180.2,"sS(s=60,S=95)",42,14,60.0,95.0
0.2571225071225071,3808.1,2,1250.66,1362.4,"sS(s=60,S=95)",42,15,60.0,95.0
0.2559790732436472,3916.2,1,1243.56,1344.1,"sS(s=60,S=95)",42,16,60.0,95.0
0.3049295774647887,4446.1,2,1055.24,1055.9,"sS(s=60,S=95)",42,17,60.0,95.0
0.26185344827586204,4117.5,1,1203.2399999999998,1281.1,"sS(s=60,S=95)",42,18,60.0,95.0
0.3586206896551724,3609.5,2,1154.54,1213.7,"sS(s=60,S=95)",42,19,60.0,95.0
0.23622047244094488,4122.7,0,1349.98,1384.2,"sS(s=60,S=95)",42,20,60.0,95.0
0.2826903379993172,4046.9,2,1183.1799999999998,1187.6,"sS(s=60,S=95)",42,21,60.0,95.0
0.26782884310618066,4926.7,1,1537.74,1649.0,"sS(s=60,S=95)",42,22,60.0,95.0
0.3263009845288326,4752.5,3,1307.7,1380.2,"sS(s=60,S=95)",42,23,60.0,95.0
0.21622587562544673,3842.4,1,935.24,958.5,"sS(s=60,S=95)",42,24,60.0,95.0
0.28065872459705676,4073.9,0,1276.92,1345.4,"sS(s=60,S=95)",42,25,60.0,95.0
0.29260089686098656,4023.2,5,1195.9399999999998,1231.1,"sS(s=60,S=95)",42,26,60.0,95.0
0.17490992466426467,4322.3,2,1380.7,1444.9,"sS(s=60,S=95)",42,27,60.0,95.0
0.32672882672882675,3452.9,0,946.02,956.7,"sS(s=60,S=95)",42,28,60.0,95.0
0.27200289750090545,3689.3,0,1174.68,1239.9,"sS(s=60,S=95)",42,29,60.0,95.0
0.2815395580898076,3797.3,0,1001.2399999999999,1026.6,"sS(s=60,S=95)",42,30,60.0,95.0
0.1884107082344968,4531.5,0,1227.42,1245.9,"sS(s=60,S=95)",42,31,60.0,95.0
0.2952279202279202,3917.5,0,962.94,972.5,"sS(s=60,S=95)",42,32,60.0,95.0
0.36644591611479027,4078.1,1,1602.4199999999998,1774.1,"sS(s=60,S=95)",42,33,60.0,95.0
0.29120245870149825,3917.4,1,1359.0,1481.2,"sS(s=60,S=95)",42,34,60.0,95.0
0.3441986806363989,3522.2,0,1136.02,1212.2,"sS(s=60,S=95)",42,35,60.0,95.0
0.19530452534875808,4380.5,1,1142.6599999999999,1177.8,"sS(s=60,S=95)",42,36,60.0,95.0
0.2814070351758794,4093.6,3,1248.62,1316.8,"sS(s=60,S=95)",42,37,60.0,95.0
0.29471120389700767,4433.8,0,1404.52,1509.2,"sS(s=60,S=95)",42,38,60.0,95.0
0.3471882640586797,3425.1,0,982.42,997.2,"sS(s=60,S=95)",42,39,60.0,95.0
0.34317484662576686,3739.3,2,1131.12,1180.6,"sS(s=60,S=95)",42,40,60.0,95.0
0.2536412078152753,4123.8,0,1089.88,1097.7,"sS(s=60,S=95)",42,41,60.0,95.0
0.3052058523307247,4719.1,0,1211.34,1238.0,"sS(s=60,S=95)",42,42,60.0,95.0
0.30394148720032504,3777.5,2,995.02,996.7,"sS(s=60,S=95)",42,43,60.0,95.0
0.2521891418563923,3663.4,0,945.54,957.9,"sS(s=60,S=95)",42,44,60.0,95.0
0.30853889943074003,3936.1,0,1104.84,1148.0,"sS(s=60,S=95)",42,45,60.0,95.0
0.2551358515573227,4586.7,0,1483.1999999999998,1606.0,"sS(s=60,S=95)",42,46,60.0,95.0
0.2698019801980198,4362.5,1,1212.36,1253.5,"sS(s=60,S=95)",42,47,60.0,95.0
0.3380392156862745,3793.0,0,955.4399999999999,971.1,"sS(s=60,S=95)",42,48,60.0,95.0
0.2357811375089993,4180.3,5,1233.08,1255.6,"sS(s=60,S=95)",42,49,60.0,95.0
0.3366223908918406,4159.8,5,1111.94,1161.2,"sS(s=60,S=100)",42,0,60.0,100.0
0.2999635966508919,3663.9,0,1090.6200000000001,1093.9,"sS(s=60,S=100)",42,1,60.0,100.0
0.26260869565217393,4194.8,1,1162.34,1221.3,"sS(s=60,S=100)",42,2,60.0,100.0
0.30248056275453533,4177.3,0,1114.9,1167.2,"sS(s=60,S=100)",42,3,60.0,100.0
0.3402457757296467,3659.8,0,1211.1999999999998,1283.6,"sS(s=60,S=100)",42,4,60.0,100.0
0.23901464713715045,4386.5,2,1161.38,1161.4,"sS(s=60,S=100)",42,5,60.0,100.0
0.37169517884914466,3856.7,0,1317.12,1390.1,"sS(s=60,S=100)",42,6,60.0,100.0
0.2943095324392896,3831.9,1,1277.1799999999998,1366.1,"sS(s=60,S=100)",42,7,60.0,100.0
0.35003657644476954,4009.9,1,1180.34,1207.8,"sS(s=60,S=100)",42,8,60.0,100.0
0.25942275042444823,4068.2,0,1208.4199999999998,1238.3,"sS(s=60,S=100)",42,9,60.0,100.0
0.33955491744436467,3677.7,1,1160.8999999999999,1166.6,"sS(s=60,S=100)",42,10,60.0,100.0
0.26405959031657356,3700.5,0,1215.1,1229.8,"sS(s=60,S=100)",42,11,60.0,100.0
0.33532094002104523,4214.5,0,1200.62,1201.0,"sS(s=60,S=100)",42,12,60.0,100.0
0.25054466230936817,4208.0,3,1169.32,1230.6,"sS(s=60,S=100)",42,13,60.0,100.0
0.35244648318042815,3886.7,2,1062.42,1125.9,"sS(s=60,S=100)",42,14,60.0,100.0
0.28454415954415957,3796.0,2,1250.7799999999997,1368.6,"sS(s=60,S=100)",42,15,60.0,100.0
0.28139013452914796,3848.3,1,1200.2599999999998,1290.1,"sS(s=60,S=100)",42,16,60.0,100.0
0.33098591549295775,4470.0,2,1139.36,1157.6,"sS(s=60,S=100)",42,17,60.0,100.0
0.26221264367816094,4182.8,1,1169.2399999999998,1230.6,"sS(s=60,S=100)",42,18,60.0,100.0
0.3701149425287356,3626.1,2,1164.98,1230.7,"sS(s=60,S=100)",42,19,60.0,100.0
0.26700071581961343,4125.2,0,1395.3,1438.7,"sS(s=60,S=100)",42,20,60.0,100.0
0.3093205872311369,4201.5,2,1144.82,1154.0,"sS(s=60,S=100)",42,21,60.0,100.0
0.27892234548335976,4880.2,1,1536.12,1644.0,"sS(s=60,S=100)",42,22,60.0,100.0
0.34739803094233473,4735.5,3,1312.0,1383.2,"sS(s=60,S=100)",42,23,60.0,100.0
0.2562544674767691,3793.9,0,947.34,957.5,"sS(s=60,S=100)",42,24,60.0,100.0
0.3037841625788367,4055.2,0,1268.38,1341.9,"sS(s=60,S=100)",42,25,60.0,100.0
0.3180119581464873,4011.5,4,1236.22,1287.9,"sS(s=60,S=100)",42,26,60.0,100.0
0.18604651162790697,4278.2,2,1392.2,1469.9,"sS(s=60,S=100)",42,27,60.0,100.0
0.35003885003885005,3407.4,0,926.02,933.7,"sS(s=60,S=100)",42,28,60.0,100.0
0.3009779065555958,3644.8,0,1135.98,1192.4,"sS(s=60,S=100)",42,29,60.0,100.0
0.3136136849607983,3751.4,0,1097.56,1140.0,"sS(s=60,S=100)",42,30,60.0,100.0
0.2436462216197899,4565.8,0,1235.76,1247.2,"sS(s=60,S=100)",42,31,60.0,100.0
0.301994301994302,3862.9,0,983.76,1014.4,"sS(s=60,S=100)",42,32,60.0,100.0
0.3922001471670346,4146.1,1,1628.62,1802.1,"sS(s=60,S=100)",42,33,60.0,100.0
0.3180945063388398,3876.4,1,1328.3999999999999,1443.7,"sS(s=60,S=100)",42,34,60.0,100.0
0.3791230112533954,3402.7,0,1144.52,1219.2,"sS(s=60,S=100)",42,35,60.0,100.0
0.22218441646818646,4317.2,0,1113.92,1146.5,"sS(s=60,S=100)",42,36,60.0,100.0
0.29827709978463746,4127.2,3,1267.6399999999999,1335.8,"sS(s=60,S=100)",42,37,60.0,100.0
0.31558803061934587,4385.3,0,1372.72,1465.2,"sS(s=60,S=100)",42,38,60.0,100.0
0.3773431132844336,3453.4,0,1057.84,1085.5,"sS(s=60,S=100)",42,39,60.0,100.0
0.37193251533742333,3674.3,1,1111.62,1163.1,"sS(s=60,S=100)",42,40,60.0,100.0
0.26714031971580815,4132.9,0,1099.1399999999999,1115.1,"sS(s=60,S=100)",42,41,60.0,100.0
0.31881592378359985,4721.1,1,1237.36,1263.0,"sS(s=60,S=100)",42,42,60.0,100.0
0.3587972368955709,3774.6,2,1002.72,1015.2,"sS(s=60,S=100)",42,43,60.0,100.0
0.28651488616462345,3591.8,0,924.02,930.0,"sS(s=60,S=100)",42,44,60.0,100.0
0.31499051233396586,3959.2,0,1149.52,1202.1,"sS(s=60,S=100)",42,45,60.0,100.0
0.28164347249834326,4534.2,0,1474.5,1597.5,"sS(s=60,S=100)",42,46,60.0,100.0
0.29526166902404527,4256.5,1,1189.06,1232.5,"sS(s=60,S=100)",42,47,60.0,100.0
0.3596078431372549,3744.8,0,945.24,967.1,"sS(s=60,S=100)",42,48,60.0,100.0
0.2663786897048236,4150.3,5,1206.8799999999999,1233.6,"sS(s=60,S=100)",42,49,60.0,100.0
0.2,4195.5,4,1093.14,1109.7,"sS(s=65,S=70)",42,0,65.0,70.0
0.1241354204586822,3985.0,0,1094.3799999999999,1095.1,"sS(s=65,S=70)",42,1,65.0,70.0
0.10573913043478261,4397.7,1,1363.74,1443.0,"sS(s=65,S=70)",42,2,65.0,70.0
0.10921880784894483,4158.5,0,1143.04,1178.2,"sS(s=65,S=70)",42,3,65.0,70.0
0.1774193548387097,3849.0,1,1200.32,1236.9,"sS(s=65,S=70)",42,4,65.0,70.0
0.13715046604527298,4577.4,2,1289.3,1330.3,"sS(s=65,S=70)",42,5,65.0,70.0
0.2581648522550544,3902.1,2,1195.08,1240.1,"sS(s=65,S=70)",42,6,65.0,70.0
0.1620152229068503,4213.5,1,1236.7799999999997,1308.1,"sS(s=65,S=70)",42,7,65.0,70.0
0.15691294806144843,4289.6,1,1297.9,1341.2,"sS(s=65,S=70)",42,8,65.0,70.0
0.10424448217317488,4518.1,0,1136.66,1139.0,"sS(s=65,S=70)",42,9,65.0,70.0
0.19669777458722182,4064.2,3,1070.18,1071.3,"sS(s=65,S=70)",42,10,65.0,70.0
0.09757914338919925,3946.2,0,1232.94,1277.4,"sS(s=65,S=70)",42,11,65.0,70.0
0.19361627499123116,4253.9,0,1243.8799999999999,1279.8,"sS(s=65,S=70)",42,12,65.0,70.0
0.12345679012345678,4312.1,2,1235.34,1290.2,"sS(s=65,S=70)",42,13,65.0,70.0
0.23891437308868502,4174.6,3,1134.44,1185.9,"sS(s=65,S=70)",42,14,65.0,70.0
0.11004273504273504,4025.1,2,1297.04,1375.6,"sS(s=65,S=70)",42,15,65.0,70.0
0.17376681614349776,4095.6,1,1292.7599999999998,1361.1,"sS(s=65,S=70)",42,16,65.0,70.0
0.18098591549295776,4524.6,2,1106.1,1112.1,"sS(s=65,S=70)",42,17,65.0,70.0
0.14188218390804597,4305.5,1,1193.6,1252.4,"sS(s=65,S=70)",42,18,65.0,70.0
0.23448275862068965,3892.7,3,1164.6,1218.0,"sS(s=65,S=70)",42,19,65.0,70.0
0.12884753042233357,4313.4,1,1302.68,1323.0,"sS(s=65,S=70)",42,20,65.0,70.0
0.19597132127005804,4345.1,3,1285.04,1295.4,"sS(s=65,S=70)",42,21,65.0,70.0
0.1774960380348653,5130.4,1,1516.54,1588.0,"sS(s=65,S=70)",42,22,65.0,70.0
0.23277074542897327,4817.3,3,1334.74,1383.8,"sS(s=65,S=70)",42,23,65.0,70.0
0.07791279485346676,3987.6,1,935.08,935.2,"sS(s=65,S=70)",42,24,65.0,70.0
0.14786264891380518,4280.8,0,1158.26,1171.1,"sS(s=65,S=70)",42,25,65.0,70.0
0.1591928251121076,4037.0,4,1178.8,1200.5,"sS(s=65,S=70)",42,26,65.0,70.0
0.1018670160497871,4668.3,2,1493.32,1550.9,"sS(s=65,S=70)",42,27,65.0,70.0
0.1993006993006993,3731.6,0,1033.04,1067.5,"sS(s=65,S=70)",42,28,65.0,70.0
0.17602318000724376,3931.6,0,1298.2,1408.4,"sS(s=65,S=70)",42,29,65.0,70.0
0.12188168210976479,4122.2,0,957.14,958.9,"sS(s=65,S=70)",42,30,65.0,70.0
0.1206370721789224,4705.3,0,1270.04,1286.0,"sS(s=65,S=70)",42,31,65.0,70.0
0.1517094017094017,4237.7,0,1001.8,1002.9,"sS(s=65,S=70)",42,32,65.0,70.0
0.2619573215599706,4210.1,1,1539.5399999999997,1678.1,"sS(s=65,S=70)",42,33,65.0,70.0
0.1920860545524395,4085.1,2,1374.24,1495.9,"sS(s=65,S=70)",42,34,65.0,70.0
0.18199456732634847,3777.2,0,1074.1,1131.2,"sS(s=65,S=70)",42,35,65.0,70.0
0.09629125552909153,4583.3,0,1281.8,1333.6,"sS(s=65,S=70)",42,36,65.0,70.0
0.19095477386934673,4164.5,2,1183.9399999999998,1188.1,"sS(s=65,S=70)",42,37,65.0,70.0
0.1590118302018093,4500.1,0,1362.56,1461.2,"sS(s=65,S=70)",42,38,65.0,70.0
0.22575387123064386,3760.6,1,1027.32,1032.7,"sS(s=65,S=70)",42,39,65.0,70.0
0.2151073619631902,3890.4,3,1124.04,1155.9,"sS(s=65,S=70)",42,40,65.0,70.0
0.19680284191829484,4334.5,0,1082.54,1085.1,"sS(s=65,S=70)",42,41,65.0,70.0
0.18611772711806737,4797.5,0,1231.8,1244.5,"sS(s=65,S=70)",42,42,65.0,70.0
0.16416091019910606,3913.9,1,962.76,967.8,"sS(s=65,S=70)",42,43,65.0,70.0
0.06935201401050788,4021.8,0,1093.1399999999999,1134.0,"sS(s=65,S=70)",42,44,65.0,70.0
0.20569259962049335,4103.0,0,1179.56,1247.7,"sS(s=65,S=70)",42,45,65.0,70.0
0.14314115308151093,4789.1,0,1446.1999999999998,1553.5,"sS(s=65,S=70)",42,46,65.0,70.0
0.14674681753889673,4641.9,1,1315.6,1370.5,"sS(s=65,S=70)",42,47,65.0,70.0
0.23529411764705882,3701.8,0,1057.02,1073.5,"sS(s=65,S=70)",42,48,65.0,70.0
0.1007919366450684,4349.6,7,1208.84,1241.2,"sS(s=65,S=70)",42,49,65.0,70.0
0.22011385199240988,4183.1,5,1078.24,1095.7,"sS(s=65,S=75)",42,0,65.0,75.0
0.14743356388787768,3891.9,0,1089.62,1091.5,"sS(s=65,S=75)",42,1,65.0,75.0
0.12104347826086957,4313.1,1,1341.1799999999998,1428.0,"sS(s=65,S=75)",42,2,65.0,75.0
0.14402073306182894,4162.1,0,1130.64,1169.7,"sS(s=65,S=75)",42,3,65.0,75.0
0.21044546850998463,3815.3,1,1210.22,1253.4,"sS(s=65,S=75)",42,4,65.0,75.0
0.15712383488681758,4527.7,2,1284.8999999999999,1323.3,"sS(s=65,S=75)",42,5,65.0,75.0
0.2931570762052877,3868.6,2,1202.08,1247.6,"sS(s=65,S=75)",42,6,65.0,75.0
0.18629938383472272,4141.2,1,1240.7799999999997,1315.6,"sS(s=65,S=75)",42,7,65.0,75.0
0.18324798829553768,4239.7,1,1280.3999999999999,1320.8,"sS(s=65,S=75)",42,8,65.0,75.0
0.12699490662139218,4442.3,0,1144.6399999999999,1147.3,"sS(s=65,S=75)",42,9,65.0,75.0
0.22325915290739412,3987.6,2,1096.62,1100.6,"sS(s=65,S=75)",42,10,65.0,75.0
0.12588454376163874,3880.8,0,1232.94,1273.4,"sS(s=65,S=75)",42,11,65.0,75.0
0.21431076815152578,4220.8,0,1224.98,1253.8,"sS(s=65,S=75)",42,12,65.0,75.0
0.14524328249818447,4289.1,2,1229.34,1286.2,"sS(s=65,S=75)",42,13,65.0,75.0
0.24273700305810397,4103.1,3,1123.64,1182.9,"sS(s=65,S=75)",42,14,65.0,75.0
0.13141025641025642,3974.1,2,1299.96,1381.5,"sS(s=65,S=75)",42,15,65.0,75.0
0.19805680119581465,4060.6,1,1250.36,1318.1,"sS(s=65,S=75)",42,16,65.0,75.0
0.20140845070422536,4485.7,2,1086.78,1093.7,"sS(s=65,S=75)",42,17,65.0,75.0
0.1619971264367816,4250.1,1,1189.8,1248.9,"sS(s=65,S=75)",42,18,65.0,75.0
0.2655172413793103,3822.9,3,1158.0,1211.0,"sS(s=65,S=75)",42,19,65.0,75.0
0.15139584824624194,4255.2,0,1302.32,1321.3,"sS(s=65,S=75)",42,20,65.0,75.0
0.21611471491976783,4259.7,3,1273.24,1281.4,"sS(s=65,S=75)",42,21,65.0,75.0
0.19397781299524564,5085.6,1,1515.74,1593.0,"sS(s=65,S=75)",42,22,65.0,75.0
0.25562587904360057,4767.1,3,1345.54,1402.3,"sS(s=65,S=75)",42,23,65.0,75.0
0.09471050750536097,3915.8,1,917.08,921.2,"sS(s=65,S=75)",42,24,65.0,75.0
0.16748423265592152,4221.9,0,1144.8400000000001,1145.4,"sS(s=65,S=75)",42,25,65.0,75.0
0.19095665171898354,4036.5,5,1183.8,1208.0,"sS(s=65,S=75)",42,26,65.0,75.0
0.11496888306583689,4594.3,2,1467.32,1526.9,"sS(s=65,S=75)",42,27,65.0,75.0
0.22843822843822845,3681.6,0,1014.34,1044.0,"sS(s=65,S=75)",42,28,65.0,75.0
0.19594349873234335,3868.3,0,1275.76,1379.4,"sS(s=65,S=75)",42,29,65.0,75.0
0.150392017106201,4055.1,0,961.0,972.3,"sS(s=65,S=75)",42,30,65.0,75.0
0.13588614029142662,4658.3,0,1241.34,1251.0,"sS(s=65,S=75)",42,31,65.0,75.0
0.17663817663817663,4165.2,0,996.1999999999999,999.4,"sS(s=65,S=75)",42,32,65.0,75.0
0.27851361295069904,4149.1,1,1561.4399999999998,1715.1,"sS(s=65,S=75)",42,33,65.0,75.0
0.21513638109873223,4047.1,2,1362.24,1481.9,"sS(s=65,S=75)",42,34,65.0,75.0
0.21536670547147846,3724.9,0,1084.44,1158.2,"sS(s=65,S=75)",42,35,65.0,75.0
0.11330384484518544,4540.3,0,1254.3,1302.6,"sS(s=65,S=75)",42,36,65.0,75.0
0.20351758793969849,4135.5,2,1217.54,1238.6,"sS(s=65,S=75)",42,37,65.0,75.0
0.19206680584551147,4461.0,0,1385.1599999999999,1493.2,"sS(s=65,S=75)",42,38,65.0,75.0
0.26120619396903016,3702.3,1,1019.34,1028.0,"sS(s=65,S=75)",42,39,65.0,75.0
0.2476993865030675,3818.3,2,1139.4799999999998,1178.6,"sS(s=65,S=75)",42,40,65.0,75.0
0.2163410301953819,4270.5,0,1074.74,1081.1,"sS(s=65,S=75)",42,41,65.0,75.0
0.21469887716910513,4769.7,0,1219.3600000000001,1230.2,"sS(s=65,S=75)",42,42,65.0,75.0
0.18650954896383584,3893.9,1,992.86,1003.8,"sS(s=65,S=75)",42,43,65.0,75.0
0.0924693520140105,3938.4,0,1078.1599999999999,1119.0,"sS(s=65,S=75)",42,44,65.0,75.0
0.22504743833017077,4051.5,0,1143.36,1203.7,"sS(s=65,S=75)",42,45,65.0,75.0
0.16136514247846256,4731.6,0,1422.3999999999999,1525.0,"sS(s=65,S=75)",42,46,65.0,75.0
0.16973125884016974,4591.9,1,1293.6,1351.5,"sS(s=65,S=75)",42,47,65.0,75.0
0.25529411764705884,3657.0,0,1047.42,1062.5,"sS(s=65,S=75)",42,48,65.0,75.0
0.11879049676025918,4281.3,7,1207.84,1241.7,"sS(s=65,S=75)",42,49,65.0,75.0
0.2398481973434535,4159.3,5,1055.34,1071.7,"sS(s=65,S=80)",42,0,65.0,80.0
0.17837641062977794,3827.9,0,1088.62,1093.5,"sS(s=65,S=80)",42,1,65.0,80.0
0.15165217391304348,4273.9,1,1284.4599999999998,1363.3,"sS(s=65,S=80)",42,2,65.0,80.0
0.17326915957052944,4168.9,0,1121.8799999999999,1172.8,"sS(s=65,S=80)",42,3,65.0,80.0
0.24155145929339478,3785.3,1,1243.32,1299.9,"sS(s=65,S=80)",42,4,65.0,80.0
0.177762982689747,4487.7,2,1275.9399999999998,1310.6,"sS(s=65,S=80)",42,5,65.0,80.0
0.3188180404354588,3836.4,1,1209.08,1255.1,"sS(s=65,S=80)",42,6,65.0,80.0
0.20877129394708227,4064.4,1,1240.3799999999999,1316.1,"sS(s=65,S=80)",42,7,65.0,80.0
0.2212874908558888,4199.6,1,1262.1,1300.3,"sS(s=65,S=80)",42,8,65.0,80.0
0.15110356536502548,4353.3,0,1135.3200000000002,1136.9,"sS(s=65,S=80)",42,9,65.0,80.0
0.2519741564967696,3915.6,2,1108.58,1108.7,"sS(s=65,S=80)",42,10,65.0,80.0
0.15828677839851024,3853.4,0,1232.14,1262.4,"sS(s=65,S=80)",42,11,65.0,80.0
0.2388635566467906,4199.8,0,1205.68,1227.8,"sS(s=65,S=80)",42,12,65.0,80.0
0.16775599128540306,4257.5,2,1239.34,1302.2,"sS(s=65,S=80)",42,13,65.0,80.0
0.2599388379204893,4013.6,2,1112.24,1179.9,"sS(s=65,S=80)",42,14,65.0,80.0
0.1599002849002849,3934.1,2,1289.22,1373.0,"sS(s=65,S=80)",42,15,65.0,80.0
0.2242152466367713,4021.1,1,1232.36,1296.1,"sS(s=65,S=80)",42,16,65.0,80.0
0.225,4459.4,2,1076.76,1080.7,"sS(s=65,S=80)",42,17,65.0,80.0
0.18426724137931033,4191.6,1,1183.4,1245.4,"sS(s=65,S=80)",42,18,65.0,80.0
0.2885057471264368,3772.7,3,1176.28,1235.1,"sS(s=65,S=80)",42,19,65.0,80.0
0.17859699355762348,4231.3,0,1305.1599999999999,1328.1,"sS(s=65,S=80)",42,20,65.0,80.0
0.23079549334243768,4211.7,3,1260.96,1261.1,"sS(s=65,S=80)",42,21,65.0,80.0
0.21109350237717908,5037.7,1,1514.94,1598.0,"sS(s=65,S=80)",42,22,65.0,80.0
0.27637130801687765,4716.5,3,1329.54,1388.8,"sS(s=65,S=80)",42,23,65.0,80.0
0.11794138670478914,3877.8,1,904.6600000000001,907.2,"sS(s=65,S=80)",42,24,65.0,80.0
0.18640504555010512,4155.8,0,1182.0,1201.9,"sS(s=65,S=80)",42,25,65.0,80.0
0.218609865470852,4002.9,4,1188.4,1215.0,"sS(s=65,S=80)",42,26,65.0,80.0
0.12807075008188668,4519.7,2,1443.72,1505.9,"sS(s=65,S=80)",42,27,65.0,80.0
0.2533022533022533,3636.9,0,996.34,1020.5,"sS(s=65,S=80)",42,28,65.0,80.0
0.2162260050706266,3791.4,0,1250.06,1350.4,"sS(s=65,S=80)",42,29,65.0,80.0
0.17890235210263722,3996.1,0,974.1999999999999,989.8,"sS(s=65,S=80)",42,30,65.0,80.0
0.1592680447305998,4645.7,0,1240.16,1250.4,"sS(s=65,S=80)",42,31,65.0,80.0
0.20156695156695156,4090.7,0,989.16,994.1,"sS(s=65,S=80)",42,32,65.0,80.0
0.29506990434142755,4083.1,1,1576.3399999999997,1742.1,"sS(s=65,S=80)",42,33,65.0,80.0
0.23818670764502498,4021.1,2,1350.24,1467.9,"sS(s=65,S=80)",42,34,65.0,80.0
0.2464105549088087,3690.3,0,1104.12,1191.2,"sS(s=65,S=80)",42,35,65.0,80.0
0.1309969377339231,4497.6,0,1233.84,1277.9,"sS(s=65,S=80)",42,36,65.0,80.0
0.2189519023689878,4095.1,2,1228.8,1259.8,"sS(s=65,S=80)",42,37,65.0,80.0
0.22512178148921363,4472.8,0,1400.82,1521.2,"sS(s=65,S=80)",42,38,65.0,80.0
0.28769356153219233,3631.8,1,1013.24,1026.0,"sS(s=65,S=80)",42,39,65.0,80.0
0.2802914110429448,3769.8,2,1148.4799999999998,1191.1,"sS(s=65,S=80)",42,40,65.0,80.0
0.2330373001776199,4215.1,0,1071.66,1077.9,"sS(s=65,S=80)",42,41,65.0,80.0
0.2432800272201429,4746.1,0,1207.94,1219.2,"sS(s=65,S=80)",42,42,65.0,80.0
0.20885818772856563,3884.9,2,1030.96,1049.8,"sS(s=65,S=80)",42,43,65.0,80.0
0.12679509632224167,3842.2,0,1068.06,1108.0,"sS(s=65,S=80)",42,44,65.0,80.0
0.24971537001897534,4030.6,0,1130.4399999999998,1188.8,"sS(s=65,S=80)",42,45,65.0,80.0
0.1802518223989397,4698.3,0,1401.8,1500.5,"sS(s=65,S=80)",42,46,65.0,80.0
0.19731258840169733,4538.2,1,1281.06,1337.5,"sS(s=65,S=80)",42,47,65.0,80.0
0.2749019607843137,3620.0,0,1029.02,1040.5,"sS(s=65,S=80)",42,48,65.0,80.0
0.1493880489560835,4161.1,6,1187.6399999999999,1243.2,"sS(s=65,S=80)",42,49,65.0,80.0
0.26261859582542696,4137.5,5,1059.0,1080.9,"sS(s=65,S=85)",42,0,65.0,85.0
0.2093192573716782,3753.5,0,1088.94,1095.5,"sS(s=65,S=85)",42,1,65.0,85.0
0.17878260869565218,4226.0,1,1248.4599999999998,1326.8,"sS(s=65,S=85)",42,2,65.0,85.0
0.20510921880784894,4169.0,0,1147.46,1208.2,"sS(s=65,S=85)",42,3,65.0,85.0
0.2569124423963134,3749.4,1,1286.62,1360.6,"sS(s=65,S=85)",42,4,65.0,85.0
0.2003994673768309,4468.5,2,1275.54,1308.6,"sS(s=65,S=85)",42,5,65.0,85.0
0.3468118195956454,3774.9,2,1206.4799999999998,1250.6,"sS(s=65,S=85)",42,6,65.0,85.0
0.22979340340703153,4002.9,1,1249.58,1328.6,"sS(s=65,S=85)",42,7,65.0,85.0
0.25969275786393564,4171.6,1,1254.1999999999998,1292.8,"sS(s=65,S=85)",42,8,65.0,85.0
0.1731748726655348,4275.3,0,1148.52,1156.9,"sS(s=65,S=85)",42,9,65.0,85.0
0.2709978463747308,3867.9,2,1114.4199999999998,1115.6,"sS(s=65,S=85)",42,10,65.0,85.0
0.19180633147113593,3824.9,0,1228.94,1259.4,"sS(s=65,S=85)",42,11,65.0,85.0
0.2578042792002806,4226.8,0,1200.46,1219.4,"sS(s=65,S=85)",42,12,65.0,85.0
0.19135802469135801,4231.1,2,1216.74,1275.2,"sS(s=65,S=85)",42,13,65.0,85.0
0.2782874617737003,3937.4,2,1100.68,1174.2,"sS(s=65,S=85)",42,14,65.0,85.0
0.19266381766381765,3886.3,2,1273.52,1364.5,"sS(s=65,S=85)",42,15,65.0,85.0
0.24663677130044842,3999.6,2,1214.36,1274.1,"sS(s=65,S=85)",42,16,65.0,85.0
0.2443661971830986,4443.9,2,1082.96,1084.2,"sS(s=65,S=85)",42,17,65.0,85.0
0.20186781609195403,4163.4,1,1162.68,1222.9,"sS(s=65,S=85)",42,18,65.0,85.0
0.3099616858237548,3727.0,3,1193.36,1257.7,"sS(s=65,S=85)",42,19,65.0,85.0
0.19613457408732998,4186.5,0,1329.42,1356.5,"sS(s=65,S=85)",42,20,65.0,85.0
0.24240355069989758,4132.9,2,1250.84,1257.0,"sS(s=65,S=85)",42,21,65.0,85.0
0.23328050713153725,4996.2,1,1514.1399999999999,1603.0,"sS(s=65,S=85)",42,22,65.0,85.0
0.29043600562587907,4717.4,3,1309.74,1375.3,"sS(s=65,S=85)",42,23,65.0,85.0
0.14760543245175126,3831.6,1,899.04,900.5,"sS(s=65,S=85)",42,24,65.0,85.0
0.21793973370707778,4121.8,0,1220.32,1258.4,"sS(s=65,S=85)",42,25,65.0,85.0
0.25411061285500747,3969.4,4,1192.2,1221.0,"sS(s=65,S=85)",42,26,65.0,85.0
0.14248280379954142,4464.7,2,1416.92,1472.9,"sS(s=65,S=85)",42,27,65.0,85.0
0.2801087801087801,3577.4,0,978.34,997.0,"sS(s=65,S=85)",42,28,65.0,85.0
0.22854038391886997,3772.4,0,1221.66,1307.9,"sS(s=65,S=85)",42,29,65.0,85.0
0.21133285816108338,3935.3,0,988.28,1008.4,"sS(s=65,S=85)",42,30,65.0,85.0
0.18908844459505253,4648.5,0,1231.3,1231.7,"sS(s=65,S=85)",42,31,65.0,85.0
0.22934472934472935,4026.4,0,979.96,986.1,"sS(s=65,S=85)",42,32,65.0,85.0
0.318616629874908,4056.5,1,1591.2399999999998,1769.1,"sS(s=65,S=85)",42,33,65.0,85.0
0.25163273146369575,3968.8,2,1366.24,1488.9,"sS(s=65,S=85)",42,34,65.0,85.0
0.2743500194024059,3620.6,0,1102.82,1198.2,"sS(s=65,S=85)",42,35,65.0,85.0
0.15311330384484517,4440.1,0,1201.74,1242.4,"sS(s=65,S=85)",42,36,65.0,85.0
0.23869346733668342,4076.7,2,1237.4399999999998,1278.8,"sS(s=65,S=85)",42,37,65.0,85.0
0.2522616562282533,4465.3,0,1410.9199999999998,1533.2,"sS(s=65,S=85)",42,38,65.0,85.0
0.3072534637326813,3529.5,0,951.4599999999999,953.3,"sS(s=65,S=85)",42,39,65.0,85.0
0.3071319018404908,3764.2,2,1160.6799999999998,1207.6,"sS(s=65,S=85)",42,40,65.0,85.0
0.2404973357015986,4159.1,0,1073.46,1075.9,"sS(s=65,S=85)",42,41,65.0,85.0
0.27390268798911194,4748.1,0,1195.44,1208.2,"sS(s=65,S=85)",42,42,65.0,85.0
0.23161316537992685,3851.1,2,1026.8999999999999,1043.1,"sS(s=65,S=85)",42,43,65.0,85.0
0.1702276707530648,3768.6,0,1025.62,1058.0,"sS(s=65,S=85)",42,44,65.0,85.0
0.2667931688804554,4015.9,0,1118.36,1173.8,"sS(s=65,S=85)",42,45,65.0,85.0
0.1918489065606362,4622.8,0,1406.0,1507.0,"sS(s=65,S=85)",42,46,65.0,85.0
0.2256011315417256,4480.7,1,1267.76,1321.5,"sS(s=65,S=85)",42,47,65.0,85.0
0.28980392156862744,3585.2,0,984.7800000000001,986.2,"sS(s=65,S=85)",42,48,65.0,85.0
0.17026637868970482,4207.6,6,1231.4799999999998,1264.6,"sS(s=65,S=85)",42,49,65.0,85.0
0.29335863377609106,4151.7,4,1087.26,1126.1,"sS(s=65,S=90)",42,0,65.0,90.0
0.23480160174736076,3716.8,0,1065.8200000000002,1068.9,"sS(s=65,S=90)",42,1,65.0,90.0
0.22156521739130436,4213.5,1,1198.2,1267.7,"sS(s=65,S=90)",42,2,65.0,90.0
0.23843021103295076,4189.5,0,1128.66,1185.2,"sS(s=65,S=90)",42,3,65.0,90.0
0.29377880184331795,3727.1,1,1276.1999999999998,1348.1,"sS(s=65,S=90)",42,4,65.0,90.0
0.22536617842876164,4450.4,2,1275.1399999999999,1306.6,"sS(s=65,S=90)",42,5,65.0,90.0
0.3557542768273717,3785.3,1,1254.28,1309.1,"sS(s=65,S=90)",42,6,65.0,90.0
0.24139180862631388,3967.2,1,1258.7799999999997,1341.1,"sS(s=65,S=90)",42,7,65.0,90.0
0.29261155815654716,4061.9,1,1216.54,1243.3,"sS(s=65,S=90)",42,8,65.0,90.0
0.20169779286926995,4192.2,0,1160.8200000000002,1176.9,"sS(s=65,S=90)",42,9,65.0,90.0
0.2964824120603015,3799.7,2,1124.3,1124.6,"sS(s=65,S=90)",42,10,65.0,90.0
0.22197392923649906,3789.4,0,1226.62,1257.5,"sS(s=65,S=90)",42,11,65.0,90.0
0.28586460890915466,4208.8,0,1198.76,1215.4,"sS(s=65,S=90)",42,12,65.0,90.0
0.21060275962236746,4218.9,2,1204.74,1266.2,"sS(s=65,S=90)",42,13,65.0,90.0
0.3065749235474006,3916.4,2,1089.9,1166.7,"sS(s=65,S=90)",42,14,65.0,90.0
0.2282763532763533,3869.8,2,1249.9199999999998,1351.5,"sS(s=65,S=90)",42,15,65.0,90.0
0.2679372197309417,3946.8,1,1196.36,1252.1,"sS(s=65,S=90)",42,16,65.0,90.0
0.2746478873239437,4447.7,2,1077.0,1079.4,"sS(s=65,S=90)",42,17,65.0,90.0
0.22916666666666666,4137.2,1,1195.3999999999999,1263.6,"sS(s=65,S=90)",42,18,65.0,90.0
0.3475095785440613,3664.8,3,1181.24,1244.7,"sS(s=65,S=90)",42,19,65.0,90.0
0.2211882605583393,4142.5,0,1315.12,1347.5,"sS(s=65,S=90)",42,20,65.0,90.0
0.26220553089791737,4065.2,2,1224.24,1231.3,"sS(s=65,S=90)",42,21,65.0,90.0
0.2554675118858954,4990.0,2,1545.54,1654.0,"sS(s=65,S=90)",42,22,65.0,90.0
0.30520393811533053,4735.5,3,1303.1,1377.2,"sS(s=65,S=90)",42,23,65.0,90.0
0.18012866333095068,3852.2,1,955.76,974.9,"sS(s=65,S=90)",42,24,65.0,90.0
0.25227750525578135,4092.4,0,1286.22,1348.9,"sS(s=65,S=90)",42,25,65.0,90.0
0.2713004484304933,3976.4,4,1197.06,1229.0,"sS(s=65,S=90)",42,26,65.0,90.0
0.15722240419259745,4394.4,2,1396.92,1458.9,"sS(s=65,S=90)",42,27,65.0,90.0
0.3034188034188034,3505.3,0,960.34,973.5,"sS(s=65,S=90)",42,28,65.0,90.0
0.2524447663889895,3743.6,0,1231.66,1313.4,"sS(s=65,S=90)",42,29,65.0,90.0
0.24625801853171775,3873.8,0,995.64,1018.6,"sS(s=65,S=90)",42,30,65.0,90.0
0.20942053541172484,4592.0,0,1207.8,1208.2,"sS(s=65,S=90)",42,31,65.0,90.0
0.266025641025641,3943.2,0,970.76,978.1,"sS(s=65,S=90)",42,32,65.0,90.0
0.34253127299484915,4046.9,1,1597.0199999999998,1772.1,"sS(s=65,S=90)",42,33,65.0,90.0
0.27698809066461777,3888.3,1,1350.24,1469.9,"sS(s=65,S=90)",42,34,65.0,90.0
0.3061699650756694,3565.3,0,1112.8,1205.2,"sS(s=65,S=90)",42,35,65.0,90.0
0.1687648860156516,4406.7,1,1171.32,1209.0,"sS(s=65,S=90)",42,36,65.0,90.0
0.25843503230437903,4060.7,2,1245.54,1297.8,"sS(s=65,S=90)",42,37,65.0,90.0
0.27383437717466946,4456.3,0,1415.52,1527.2,"sS(s=65,S=90)",42,38,65.0,90.0
0.3202933985330073,3409.8,0,947.7800000000001,953.2,"sS(s=65,S=90)",42,39,65.0,90.0
0.33588957055214724,3735.2,2,1177.6799999999998,1230.1,"sS(s=65,S=90)",42,40,65.0,90.0
0.23765541740674956,4166.3,0,1087.4199999999998,1089.1,"sS(s=65,S=90)",42,41,65.0,90.0
0.29703980945899966,4731.0,0,1186.1200000000001,1197.2,"sS(s=65,S=90)",42,42,65.0,90.0
0.26777732629012596,3824.9,2,1014.68,1023.8,"sS(s=65,S=90)",42,43,65.0,90.0
0.21120840630472854,3709.4,0,983.14,1005.9,"sS(s=65,S=90)",42,44,65.0,90.0
0.2876660341555977,3979.6,0,1113.44,1160.5,"sS(s=65,S=90)",42,45,65.0,90.0
0.22498343273691188,4605.2,0,1430.1999999999998,1538.5,"sS(s=65,S=90)",42,46,65.0,90.0
0.2531824611032532,4405.2,1,1240.06,1287.5,"sS(s=65,S=90)",42,47,65.0,90.0
0.31098039215686274,3759.3,0,951.26,975.1,"sS(s=65,S=90)",42,48,65.0,90.0
0.20626349892008639,4204.1,6,1240.28,1252.6,"sS(s=65,S=90)",42,49,65.0,90.0
0.31385199240986716,4113.3,4,1079.64,1118.7,"sS(s=65,S=95)",42,0,65.0,95.0
0.2675646159446669,3674.4,0,1078.22,1081.4,"sS(s=65,S=95)",42,1,65.0,95.0
0.2417391304347826,4232.0,1,1192.0,1258.5,"sS(s=65,S=95)",42,2,65.0,95.0
0.27508330248056273,4180.1,0,1118.1799999999998,1166.3,"sS(s=65,S=95)",42,3,65.0,95.0
0.3210445468509985,3677.3,0,1247.1,1320.1,"sS(s=65,S=95)",42,4,65.0,95.0
0.25499334221038616,4455.1,2,1298.82,1334.7,"sS(s=65,S=95)",42,5,65.0,95.0
0.3701399688958009,3794.9,1,1299.9399999999998,1365.6,"sS(s=65,S=95)",42,6,65.0,95.0
0.2653135193910837,3896.4,1,1267.9799999999998,1353.6,"sS(s=65,S=95)",42,7,65.0,95.0
0.32114118507681055,4026.9,1,1202.24,1227.8,"sS(s=65,S=95)",42,8,65.0,95.0
0.23056027164685908,4116.2,0,1170.96,1196.9,"sS(s=65,S=95)",42,9,65.0,95.0
0.3180186647523331,3719.7,2,1126.1,1130.6,"sS(s=65,S=95)",42,10,65.0,95.0
0.25251396648044694,3790.2,0,1210.14,1237.9,"sS(s=65,S=95)",42,11,65.0,95.0
0.3037530690985619,4209.5,0,1195.78,1201.1,"sS(s=65,S=95)",42,12,65.0,95.0
0.23674655047204066,4182.4,2,1192.74,1257.2,"sS(s=65,S=95)",42,13,65.0,95.0
0.32951070336391436,3891.4,2,1097.76,1180.2,"sS(s=65,S=95)",42,14,65.0,95.0
0.2571225071225071,3808.1,2,1250.66,1362.4,"sS(s=65,S=95)",42,15,65.0,95.0
0.2686846038863976,3890.0,1,1217.8,1309.9,"sS(s=65,S=95)",42,16,65.0,95.0
0.3049295774647887,4446.1,2,1055.24,1055.9,"sS(s=65,S=95)",42,17,65.0,95.0
0.26185344827586204,4117.5,1,1203.2399999999998,1281.1,"sS(s=65,S=95)",42,18,65.0,95.0
0.37049808429118775,3618.8,2,1204.1399999999999,1275.7,"sS(s=65,S=95)",42,19,65.0,95.0
0.27236936292054403,4206.7,0,1344.9199999999998,1390.8,"sS(s=65,S=95)",42,20,65.0,95.0
0.2826903379993172,4088.5,2,1183.1799999999998,1187.6,"sS(s=65,S=95)",42,21,65.0,95.0
0.26782884310618066,4926.7,1,1537.74,1649.0,"sS(s=65,S=95)",42,22,65.0,95.0
0.3263009845288326,4752.5,3,1307.7,1380.2,"sS(s=65,S=95)",42,23,65.0,95.0
0.21622587562544673,3842.4,1,935.24,958.5,"sS(s=65,S=95)",42,24,65.0,95.0
0.28065872459705676,4073.9,0,1276.92,1345.4,"sS(s=65,S=95)",42,25,65.0,95.0
0.29260089686098656,3979.2,4,1195.9399999999998,1231.1,"sS(s=65,S=95)",42,26,65.0,95.0
0.17490992466426467,4322.3,2,1380.7,1444.9,"sS(s=65,S=95)",42,27,65.0,95.0
0.32672882672882675,3452.9,0,946.02,956.7,"sS(s=65,S=95)",42,28,65.0,95.0
0.27200289750090545,3689.3,0,1174.68,1239.9,"sS(s=65,S=95)",42,29,65.0,95.0
0.2815395580898076,3797.3,0,1001.2399999999999,1026.6,"sS(s=65,S=95)",42,30,65.0,95.0
0.2317858353100644,4571.3,0,1204.3600000000001,1206.2,"sS(s=65,S=95)",42,31,65.0,95.0
0.2952279202279202,3917.5,0,962.94,972.5,"sS(s=65,S=95)",42,32,65.0,95.0
0.36644591611479027,4078.1,1,1602.4199999999998,1774.1,"sS(s=65,S=95)",42,33,65.0,95.0
0.29120245870149825,3884.4,1,1332.6,1448.2,"sS(s=65,S=95)",42,34,65.0,95.0
0.3441986806363989,3492.2,0,1124.02,1212.2,"sS(s=65,S=95)",42,35,65.0,95.0
0.20040830214358626,4339.0,1,1142.6599999999999,1177.8,"sS(s=65,S=95)",42,36,65.0,95.0
0.2814070351758794,4093.6,3,1248.62,1316.8,"sS(s=65,S=95)",42,37,65.0,95.0
0.29471120389700767,4433.8,0,1404.52,1509.2,"sS(s=65,S=95)",42,38,65.0,95.0
0.3471882640586797,3425.1,0,982.42,997.2,"sS(s=65,S=95)",42,39,65.0,95.0
0.35391104294478526,3739.9,2,1131.12,1180.6,"sS(s=65,S=95)",42,40,65.0,95.0
0.2536412078152753,4123.8,0,1089.88,1097.7,"sS(s=65,S=95)",42,41,65.0,95.0
0.3052058523307247,4689.1,0,1211.34,1238.0,"sS(s=65,S=95)",42,42,65.0,95.0
0.30394148720032504,3777.5,2,995.02,996.7,"sS(s=65,S=95)",42,43,65.0,95.0
0.2521891418563923,3663.4,0,945.54,957.9,"sS(s=65,S=95)",42,44,65.0,95.0
0.30853889943074003,3936.1,0,1104.84,1148.0,"sS(s=65,S=95)",42,45,65.0,95.0
0.2551358515573227,4586.7,0,1483.1999999999998,1606.0,"sS(s=65,S=95)",42,46,65.0,95.0
0.2698019801980198,4362.5,1,1212.36,1253.5,"sS(s=65,S=95)",42,47,65.0,95.0
0.3380392156862745,3802.0,0,950.34,971.1,"sS(s=65,S=95)",42,48,65.0,95.0
0.2357811375089993,4180.3,5,1233.08,1255.6,"sS(s=65,S=95)",42,49,65.0,95.0
0.3366223908918406,4075.7,4,1070.98,1110.0,"sS(s=65,S=100)",42,0,65.0,100.0
0.2999635966508919,3663.9,0,1090.6200000000001,1093.9,"sS(s=65,S=100)",42,1,65.0,100.0
0.26260869565217393,4157.8,1,1162.34,1221.3,"sS(s=65,S=100)",42,2,65.0,100.0
0.30248056275453533,4177.3,0,1114.9,1167.2,"sS(s=65,S=100)",42,3,65.0,100.0
0.3402457757296467,3659.8,0,1211.1999999999998,1283.6,"sS(s=65,S=100)",42,4,65.0,100.0
0.2822902796271638,4491.1,2,1332.82,1375.7,"sS(s=65,S=100)",42,5,65.0,100.0
0.37169517884914466,3856.7,0,1317.12,1390.1,"sS(s=65,S=100)",42,6,65.0,100.0
0.2943095324392896,3831.9,1,1277.1799999999998,1366.1,"sS(s=65,S=100)",42,7,65.0,100.0
0.35003657644476954,4009.9,1,1180.34,1207.8,"sS(s=65,S=100)",42,8,65.0,100.0
0.25942275042444823,4031.2,0,1201.02,1238.3,"sS(s=65,S=100)",42,9,65.0,100.0
0.33955491744436467,3639.7,1,1128.6,1138.1,"sS(s=65,S=100)",42,10,65.0,100.0
0.26405959031657356,3738.5,0,1215.1,1229.8,"sS(s=65,S=100)",42,11,65.0,100.0
0.33532094002104523,4214.5,0,1200.62,1201.0,"sS(s=65,S=100)",42,12,65.0,100.0
0.25054466230936817,4208.0,3,1169.32,1230.6,"sS(s=65,S=100)",42,13,65.0,100.0
0.32186544342507645,3757.7,2,1087.86,1167.7,"sS(s=65,S=100)",42,14,65.0,100.0
0.28454415954415957,3758.0,2,1250.7799999999997,1368.6,"sS(s=65,S=100)",42,15,65.0,100.0
0.28139013452914796,3848.3,1,1200.2599999999998,1290.1,"sS(s=65,S=100)",42,16,65.0,100.0
0.33098591549295775,4470.0,2,1139.36,1157.6,"sS(s=65,S=100)",42,17,65.0,100.0
0.2880747126436782,4155.7,1,1222.1,1307.9,"sS(s=65,S=100)",42,18,65.0,100.0
0.3701149425287356,3626.1,2,1164.98,1230.7,"sS(s=65,S=100)",42,19,65.0,100.0
0.26700071581961343,4125.2,0,1395.3,1438.7,"sS(s=65,S=100)",42,20,65.0,100.0
0.3093205872311369,4164.5,2,1152.22,1154.0,"sS(s=65,S=100)",42,21,65.0,100.0
0.27892234548335976,4880.2,1,1536.12,1644.0,"sS(s=65,S=100)",42,22,65.0,100.0
0.34739803094233473,4735.5,3,1312.0,1383.2,"sS(s=65,S=100)",42,23,65.0,100.0
0.2562544674767691,3793.9,0,947.34,957.5,"sS(s=65,S=100)",42,24,65.0,100.0
0.3037841625788367,4055.2,0,1268.38,1341.9,"sS(s=65,S=100)",42,25,65.0,100.0
0.3180119581464873,4011.5,4,1236.22,1287.9,"sS(s=65,S=100)",42,26,65.0,100.0
0.19751064526695053,4288.7,2,1364.2,1434.9,"sS(s=65,S=100)",42,27,65.0,100.0
0.35003885003885005,3407.4,0,926.02,933.7,"sS(s=65,S=100)",42,28,65.0,100.0
0.3009779065555958,3644.8,0,1135.98,1192.4,"sS(s=65,S=100)",42,29,65.0,100.0
0.3136136849607983,3751.4,0,1097.56,1140.0,"sS(s=65,S=100)",42,30,65.0,100.0
0.2436462216197899,4565.8,0,1235.76,1247.2,"sS(s=65,S=100)",42,31,65.0,100.0
0.32015669515669515,3866.0,0,967.02,976.5,"sS(s=65,S=100)",42,32,65.0,100.0
0.3922001471670346,4109.1,1,1628.62,1802.1,"sS(s=65,S=100)",42,33,65.0,100.0
0.3180945063388398,3876.4,1,1328.3999999999999,1443.7,"sS(s=65,S=100)",42,34,65.0,100.0
0.3791230112533954,3402.7,0,1144.52,1219.2,"sS(s=65,S=100)",42,35,65.0,100.0
0.22218441646818646,4317.2,0,1113.92,1146.5,"sS(s=65,S=100)",42,36,65.0,100.0
0.29827709978463746,4127.2,3,1267.6399999999999,1335.8,"sS(s=65,S=100)",42,37,65.0,100.0
0.31558803061934587,4385.3,0,1372.72,1465.2,"sS(s=65,S=100)",42,38,65.0,100.0
0.3773431132844336,3453.4,0,1057.84,1085.5,"sS(s=65,S=100)",42,39,65.0,100.0
0.38650306748466257,3681.9,1,1111.62,1163.1,"sS(s=65,S=100)",42,40,65.0,100.0
0.26714031971580815,4132.9,0,1099.1399999999999,1115.1,"sS(s=65,S=100)",42,41,65.0,100.0
0.3310649880911875,4688.7,1,1211.4399999999998,1230.6,"sS(s=65,S=100)",42,42,65.0,100.0
0.3587972368955709,3774.6,2,1002.72,1015.2,"sS(s=65,S=100)",42,43,65.0,100.0
0.28651488616462345,3629.8,0,924.02,930.0,"sS(s=65,S=100)",42,44,65.0,100.0
0.32941176470588235,3892.6,0,1096.24,1135.5,"sS(s=65,S=100)",42,45,65.0,100.0
0.28164347249834326,4534.2,0,1474.5,1597.5,"sS(s=65,S=100)",42,46,65.0,100.0
0.29526166902404527,4256.5,1,1189.06,1232.5,"sS(s=65,S=100)",42,47,65.0,100.0
0.3596078431372549,3744.8,0,945.24,967.1,"sS(s=65,S=100)",42,48,65.0,100.0
0.2663786897048236,4150.3,5,1206.8799999999999,1233.6,"sS(s=65,S=100)",42,49,65.0,100.0
0.22011385199240988,4175.1,5,1078.24,1095.7,"sS(s=70,S=75)",42,0,70.0,75.0
0.14743356388787768,3891.9,0,1089.62,1091.5,"sS(s=70,S=75)",42,1,70.0,75.0
0.12104347826086957,4313.1,1,1341.1799999999998,1428.0,"sS(s=70,S=75)",42,2,70.0,75.0
0.14439096630877452,4156.2,0,1130.64,1169.7,"sS(s=70,S=75)",42,3,70.0,75.0
0.21044546850998463,3806.3,1,1210.22,1253.4,"sS(s=70,S=75)",42,4,70.0,75.0
0.15712383488681758,4527.7,2,1284.8999999999999,1323.3,"sS(s=70,S=75)",42,5,70.0,75.0
0.2931570762052877,3868.6,2,1202.08,1247.6,"sS(s=70,S=75)",42,6,70.0,75.0
0.18629938383472272,4141.2,1,1240.7799999999997,1315.6,"sS(s=70,S=75)",42,7,70.0,75.0
0.18324798829553768,4239.7,1,1280.3999999999999,1320.8,"sS(s=70,S=75)",42,8,70.0,75.0
0.12699490662139218,4442.3,0,1144.6399999999999,1147.3,"sS(s=70,S=75)",42,9,70.0,75.0
0.22325915290739412,3980.6,2,1085.4199999999998,1086.6,"sS(s=70,S=75)",42,10,70.0,75.0
0.12588454376163874,3880.8,0,1232.94,1273.4,"sS(s=70,S=75)",42,11,70.0,75.0
0.21431076815152578,4220.8,0,1224.98,1253.8,"sS(s=70,S=75)",42,12,70.0,75.0
0.14524328249818447,4281.1,2,1229.34,1286.2,"sS(s=70,S=75)",42,13,70.0,75.0
0.24273700305810397,4098.1,3,1123.64,1182.9,"sS(s=70,S=75)",42,14,70.0,75.0
0.13141025641025642,3965.1,2,1298.1599999999999,1381.5,"sS(s=70,S=75)",42,15,70.0,75.0
0.19805680119581465,4052.6,1,1251.9599999999998,1318.1,"sS(s=70,S=75)",42,16,70.0,75.0
0.20140845070422536,4485.7,2,1086.78,1093.7,"sS(s=70,S=75)",42,17,70.0,75.0
0.1619971264367816,4242.1,1,1188.2,1248.9,"sS(s=70,S=75)",42,18,70.0,75.0
0.2655172413793103,3822.9,3,1158.0,1211.0,"sS(s=70,S=75)",42,19,70.0,75.0
0.15139584824624194,4255.2,0,1302.32,1321.3,"sS(s=70,S=75)",42,20,70.0,75.0
0.21611471491976783,4259.7,3,1273.24,1281.4,"sS(s=70,S=75)",42,21,70.0,75.0
0.19397781299524564,5085.6,1,1515.74,1593.0,"sS(s=70,S=75)",42,22,70.0,75.0
0.25562587904360057,4767.1,3,1345.54,1402.3,"sS(s=70,S=75)",42,23,70.0,75.0
0.09471050750536097,3915.8,1,917.08,921.2,"sS(s=70,S=75)",42,24,70.0,75.0
0.16748423265592152,4221.9,0,1144.8400000000001,1145.4,"sS(s=70,S=75)",42,25,70.0,75.0
0.19095665171898354,4038.5,5,1183.8,1208.0,"sS(s=70,S=75)",42,26,70.0,75.0
0.11496888306583689,4594.3,2,1467.32,1526.9,"sS(s=70,S=75)",42,27,70.0,75.0
0.22843822843822845,3681.6,0,1014.34,1044.0,"sS(s=70,S=75)",42,28,70.0,75.0
0.19594349873234335,3854.3,0,1274.76,1379.4,"sS(s=70,S=75)",42,29,70.0,75.0
0.150392017106201,4055.1,0,961.0,972.3,"sS(s=70,S=75)",42,30,70.0,75.0
0.13588614029142662,4658.3,0,1241.34,1251.0,"sS(s=70,S=75)",42,31,70.0,75.0
0.17663817663817663,4165.2,0,996.1999999999999,999.4,"sS(s=70,S=75)",42,32,70.0,75.0
0.27851361295069904,4149.1,1,1561.4399999999998,1715.1,"sS(s=70,S=75)",42,33,70.0,75.0
0.21513638109873223,4047.1,2,1362.24,1481.9,"sS(s=70,S=75)",42,34,70.0,75.0
0.21536670547147846,3724.9,0,1084.44,1158.2,"sS(s=70,S=75)",42,35,70.0,75.0
0.11330384484518544,4540.3,0,1254.3,1302.6,"sS(s=70,S=75)",42,36,70.0,75.0
0.20351758793969849,4135.5,2,1217.54,1238.6,"sS(s=70,S=75)",42,37,70.0,75.0
0.19206680584551147,4461.0,0,1385.1599999999999,1493.2,"sS(s=70,S=75)",42,38,70.0,75.0
0.26120619396903016,3702.3,1,1019.34,1028.0,"sS(s=70,S=75)",42,39,70.0,75.0
0.2476993865030675,3818.3,2,1139.4799999999998,1178.6,"sS(s=70,S=75)",42,40,70.0,75.0
0.2163410301953819,4270.5,0,1074.74,1081.1,"sS(s=70,S=75)",42,41,70.0,75.0
0.21469887716910513,4769.7,0,1219.3600000000001,1230.2,"sS(s=70,S=75)",42,42,70.0,75.0
0.18650954896383584,3893.9,1,992.86,1003.8,"sS(s=70,S=75)",42,43,70.0,75.0
0.0924693520140105,3938.4,0,1078.1599999999999,1119.0,"sS(s=70,S=75)",42,44,70.0,75.0
0.22504743833017077,4051.5,0,1143.36,1203.7,"sS(s=70,S=75)",42,45,70.0,75.0
0.16136514247846256,4731.6,0,1422.3999999999999,1525.0,"sS(s=70,S=75)",42,46,70.0,75.0
0.16973125884016974,4591.9,1,1293.6,1351.5,"sS(s=70,S=75)",42,47,70.0,75.0
0.25529411764705884,3657.0,0,1047.42,1062.5,"sS(s=70,S=75)",42,48,70.0,75.0
0.11879049676025918,4281.3,7,1207.84,1241.7,"sS(s=70,S=75)",42,49,70.0,75.0
0.2398481973434535,4149.3,5,1063.34,1081.7,"sS(s=70,S=80)",42,0,70.0,80.0
0.17837641062977794,3827.9,0,1088.62,1093.5,"sS(s=70,S=80)",42,1,70.0,80.0
0.15165217391304348,4273.9,1,1284.4599999999998,1363.3,"sS(s=70,S=80)",42,2,70.0,80.0
0.17326915957052944,4155.9,0,1121.8799999999999,1172.8,"sS(s=70,S=80)",42,3,70.0,80.0
0.24155145929339478,3785.3,1,1243.32,1299.9,"sS(s=70,S=80)",42,4,70.0,80.0
0.177762982689747,4487.7,2,1275.9399999999998,1310.6,"sS(s=70,S=80)",42,5,70.0,80.0
0.3188180404354588,3836.4,1,1209.08,1255.1,"sS(s=70,S=80)",42,6,70.0,80.0
0.20877129394708227,4064.4,1,1240.3799999999999,1316.1,"sS(s=70,S=80)",42,7,70.0,80.0
0.2212874908558888,4199.6,1,1262.1,1300.3,"sS(s=70,S=80)",42,8,70.0,80.0
0.15110356536502548,4353.3,0,1135.3200000000002,1136.9,"sS(s=70,S=80)",42,9,70.0,80.0
0.2519741564967696,3915.6,2,1108.58,1108.7,"sS(s=70,S=80)",42,10,70.0,80.0
0.15828677839851024,3841.4,0,1227.34,1262.4,"sS(s=70,S=80)",42,11,70.0,80.0
0.2388635566467906,4199.8,0,1205.68,1227.8,"sS(s=70,S=80)",42,12,70.0,80.0
0.16775599128540306,4245.5,2,1220.1399999999999,1278.2,"sS(s=70,S=80)",42,13,70.0,80.0
0.2599388379204893,4013.6,2,1112.24,1179.9,"sS(s=70,S=80)",42,14,70.0,80.0
0.1599002849002849,3934.1,2,1289.22,1373.0,"sS(s=70,S=80)",42,15,70.0,80.0
0.2242152466367713,4021.1,1,1232.36,1296.1,"sS(s=70,S=80)",42,16,70.0,80.0
0.225,4459.4,2,1076.76,1080.7,"sS(s=70,S=80)",42,17,70.0,80.0
0.18426724137931033,4191.6,1,1183.4,1245.4,"sS(s=70,S=80)",42,18,70.0,80.0
0.2885057471264368,3772.7,3,1176.28,1235.1,"sS(s=70,S=80)",42,19,70.0,80.0
0.17859699355762348,4220.1,0,1307.6799999999998,1328.1,"sS(s=70,S=80)",42,20,70.0,80.0
0.22908842608398772,4193.2,3,1266.8400000000001,1276.4,"sS(s=70,S=80)",42,21,70.0,80.0
0.21458003169572107,5042.1,1,1514.94,1598.0,"sS(s=70,S=80)",42,22,70.0,80.0
0.27637130801687765,4716.5,3,1329.54,1388.8,"sS(s=70,S=80)",42,23,70.0,80.0
0.11794138670478914,3863.8,1,904.6600000000001,907.2,"sS(s=70,S=80)",42,24,70.0,80.0
0.18640504555010512,4155.8,0,1182.0,1201.9,"sS(s=70,S=80)",42,25,70.0,80.0
0.2227204783258595,4004.0,4,1188.4,1215.0,"sS(s=70,S=80)",42,26,70.0,80.0
0.12807075008188668,4519.7,2,1443.72,1505.9,"sS(s=70,S=80)",42,27,70.0,80.0
0.25757575757575757,3627.1,0,996.34,1020.5,"sS(s=70,S=80)",42,28,70.0,80.0
0.2162260050706266,3796.3,0,1250.06,1350.4,"sS(s=70,S=80)",42,29,70.0,80.0
0.17890235210263722,3996.1,0,974.1999999999999,989.8,"sS(s=70,S=80)",42,30,70.0,80.0
0.1592680447305998,4645.7,0,1240.16,1250.4,"sS(s=70,S=80)",42,31,70.0,80.0
0.20156695156695156,4090.7,0,989.16,994.1,"sS(s=70,S=80)",42,32,70.0,80.0
0.29506990434142755,4083.1,1,1576.3399999999997,1742.1,"sS(s=70,S=80)",42,33,70.0,80.0
0.23818670764502498,3999.1,2,1350.24,1467.9,"sS(s=70,S=80)",42,34,70.0,80.0
0.2464105549088087,3690.3,0,1104.12,1191.2,"sS(s=70,S=80)",42,35,70.0,80.0
0.1309969377339231,4487.6,0,1231.84,1277.9,"sS(s=70,S=80)",42,36,70.0,80.0
0.2189519023689878,4095.1,2,1228.8,1259.8,"sS(s=70,S=80)",42,37,70.0,80.0
0.22512178148921363,4472.8,0,1400.82,1521.2,"sS(s=70,S=80)",42,38,70.0,80.0
0.28769356153219233,3631.8,1,1013.24,1026.0,"sS(s=70,S=80)",42,39,70.0,80.0
0.2802914110429448,3769.8,2,1148.4799999999998,1191.1,"sS(s=70,S=80)",42,40,70.0,80.0
0.2330373001776199,4215.1,0,1071.66,1077.9,"sS(s=70,S=80)",42,41,70.0,80.0
0.2432800272201429,4746.1,0,1207.94,1219.2,"sS(s=70,S=80)",42,42,70.0,80.0
0.20885818772856563,3884.9,2,1030.96,1049.8,"sS(s=70,S=80)",42,43,70.0,80.0
0.12679509632224167,3842.2,0,1068.06,1108.0,"sS(s=70,S=80)",42,44,70.0,80.0
0.24971537001897534,4020.6,0,1130.4399999999998,1188.8,"sS(s=70,S=80)",42,45,70.0,80.0
0.1802518223989397,4676.3,0,1401.8,1500.5,"sS(s=70,S=80)",42,46,70.0,80.0
0.19731258840169733,4538.2,1,1281.06,1337.5,"sS(s=70,S=80)",42,47,70.0,80.0
0.2749019607843137,3610.0,0,1029.02,1040.5,"sS(s=70,S=80)",42,48,70.0,80.0
0.13930885529157666,4235.5,7,1210.36,1243.2,"sS(s=70,S=80)",42,49,70.0,80.0
0.26261859582542696,4137.5,5,1059.0,1080.9,"sS(s=70,S=85)",42,0,70.0,85.0
0.2093192573716782,3753.5,0,1088.94,1095.5,"sS(s=70,S=85)",42,1,70.0,85.0
0.17878260869565218,4226.0,1,1248.4599999999998,1326.8,"sS(s=70,S=85)",42,2,70.0,85.0
0.20510921880784894,4169.0,0,1147.46,1208.2,"sS(s=70,S=85)",42,3,70.0,85.0
0.27035330261136714,3765.5,1,1287.7799999999997,1360.6,"sS(s=70,S=85)",42,4,70.0,85.0
0.2003994673768309,4451.5,2,1275.54,1308.6,"sS(s=70,S=85)",42,5,70.0,85.0
0.3468118195956454,3774.9,2,1206.4799999999998,1250.6,"sS(s=70,S=85)",42,6,70.0,85.0
0.22979340340703153,4002.9,1,1249.58,1328.6,"sS(s=70,S=85)",42,7,70.0,85.0
0.25969275786393564,4171.6,1,1254.1999999999998,1292.8,"sS(s=70,S=85)",42,8,70.0,85.0
0.1731748726655348,4275.3,0,1148.52,1156.9,"sS(s=70,S=85)",42,9,70.0,85.0
0.27781765972720746,3850.8,2,1126.08,1128.7,"sS(s=70,S=85)",42,10,70.0,85.0
0.19180633147113593,3824.9,0,1228.94,1259.4,"sS(s=70,S=85)",42,11,70.0,85.0
0.2634163451420554,4196.4,0,1200.46,1219.4,"sS(s=70,S=85)",42,12,70.0,85.0
0.19135802469135801,4248.1,2,1220.1399999999999,1275.2,"sS(s=70,S=85)",42,13,70.0,85.0
0.2782874617737003,3937.4,2,1100.68,1174.2,"sS(s=70,S=85)",42,14,70.0,85.0
0.19266381766381765,3886.3,2,1273.52,1364.5,"sS(s=70,S=85)",42,15,70.0,85.0
0.24663677130044842,3999.6,2,1214.36,1274.1,"sS(s=70,S=85)",42,16,70.0,85.0
0.25,4445.5,2,1076.36,1078.0,"sS(s=70,S=85)",42,17,70.0,85.0
0.20869252873563218,4148.3,1,1180.8,1246.1,"sS(s=70,S=85)",42,18,70.0,85.0
0.3099616858237548,3727.0,3,1193.36,1257.7,"sS(s=70,S=85)",42,19,70.0,85.0
0.20722977809591983,4191.8,0,1314.96,1339.1,"sS(s=70,S=85)",42,20,70.0,85.0
0.24240355069989758,4132.9,2,1250.84,1257.0,"sS(s=70,S=85)",42,21,70.0,85.0
0.23328050713153725,4996.2,1,1514.1399999999999,1603.0,"sS(s=70,S=85)",42,22,70.0,85.0
0.29043600562587907,4717.4,3,1309.74,1375.3,"sS(s=70,S=85)",42,23,70.0,85.0
0.14760543245175126,3831.6,1,899.04,900.5,"sS(s=70,S=85)",42,24,70.0,85.0
0.21793973370707778,4102.8,0,1220.32,1258.4,"sS(s=70,S=85)",42,25,70.0,85.0
0.25411061285500747,3969.4,4,1192.2,1221.0,"sS(s=70,S=85)",42,26,70.0,85.0
0.14248280379954142,4448.7,2,1423.32,1488.9,"sS(s=70,S=85)",42,27,70.0,85.0
0.2801087801087801,3577.4,0,978.34,997.0,"sS(s=70,S=85)",42,28,70.0,85.0
0.22854038391886997,3772.4,0,1221.66,1307.9,"sS(s=70,S=85)",42,29,70.0,85.0
0.21133285816108338,3916.3,0,988.28,1008.4,"sS(s=70,S=85)",42,30,70.0,85.0
0.18298881735005082,4610.7,0,1221.46,1227.9,"sS(s=70,S=85)",42,31,70.0,85.0
0.23575498575498577,4010.2,0,979.96,986.1,"sS(s=70,S=85)",42,32,70.0,85.0
0.318616629874908,4056.5,1,1591.2399999999998,1769.1,"sS(s=70,S=85)",42,33,70.0,85.0
0.25893200153668844,3956.6,2,1338.24,1453.9,"sS(s=70,S=85)",42,34,70.0,85.0
0.2743500194024059,3620.6,0,1102.82,1198.2,"sS(s=70,S=85)",42,35,70.0,85.0
0.15311330384484517,4440.1,0,1201.74,1242.4,"sS(s=70,S=85)",42,36,70.0,85.0
0.23869346733668342,4076.7,2,1237.4399999999998,1278.8,"sS(s=70,S=85)",42,37,70.0,85.0
0.2522616562282533,4465.3,0,1410.9199999999998,1533.2,"sS(s=70,S=85)",42,38,70.0,85.0
0.3072534637326813,3547.5,0,951.4599999999999,953.3,"sS(s=70,S=85)",42,39,70.0,85.0
0.31403374233128833,3733.6,2,1160.6799999999998,1207.6,"sS(s=70,S=85)",42,40,70.0,85.0
0.2404973357015986,4159.1,0,1073.46,1075.9,"sS(s=70,S=85)",42,41,70.0,85.0
0.27390268798911194,4729.1,0,1195.44,1208.2,"sS(s=70,S=85)",42,42,70.0,85.0
0.23242584315318976,3835.5,2,1026.8999999999999,1043.1,"sS(s=70,S=85)",42,43,70.0,85.0
0.1702276707530648,3768.6,0,1025.62,1058.0,"sS(s=70,S=85)",42,44,70.0,85.0
0.2667931688804554,4015.9,0,1118.36,1173.8,"sS(s=70,S=85)",42,45,70.0,85.0
0.20675944333996024,4648.3,0,1418.0,1522.0,"sS(s=70,S=85)",42,46,70.0,85.0
0.2256011315417256,4480.7,1,1267.76,1321.5,"sS(s=70,S=85)",42,47,70.0,85.0
0.28980392156862744,3582.8,0,984.7800000000001,986.2,"sS(s=70,S=85)",42,48,70.0,85.0
0.17026637868970482,4207.6,6,1231.4799999999998,1264.6,"sS(s=70,S=85)",42,49,70.0,85.0
0.2853889943074004,4109.0,4,1057.3,1083.4,"sS(s=70,S=90)",42,0,70.0,90.0
0.2428103385511467,3719.0,0,1091.78,1097.5,"sS(s=70,S=90)",42,1,70.0,90.0
0.22156521739130436,4213.5,1,1198.2,1267.7,"sS(s=70,S=90)",42,2,70.0,90.0
0.23843021103295076,4169.5,0,1128.66,1185.2,"sS(s=70,S=90)",42,3,70.0,90.0
0.29377880184331795,3727.1,1,1276.1999999999998,1348.1,"sS(s=70,S=90)",42,4,70.0,90.0
0.22536617842876164,4450.4,2,1275.1399999999999,1306.6,"sS(s=70,S=90)",42,5,70.0,90.0
0.36469673405909797,3764.6,1,1254.28,1309.1,"sS(s=70,S=90)",42,6,70.0,90.0
0.24139180862631388,3967.2,1,1258.7799999999997,1341.1,"sS(s=70,S=90)",42,7,70.0,90.0
0.3013899049012436,4069.1,1,1212.6999999999998,1243.3,"sS(s=70,S=90)",42,8,70.0,90.0
0.20169779286926995,4192.2,0,1160.8200000000002,1176.9,"sS(s=70,S=90)",42,9,70.0,90.0
0.2964824120603015,3799.7,2,1124.3,1124.6,"sS(s=70,S=90)",42,10,70.0,90.0
0.22197392923649906,3789.4,0,1226.62,1257.5,"sS(s=70,S=90)",42,11,70.0,90.0
0.28586460890915466,4208.8,0,1198.76,1215.4,"sS(s=70,S=90)",42,12,70.0,90.0
0.21060275962236746,4194.9,2,1166.34,1218.2,"sS(s=70,S=90)",42,13,70.0,90.0
0.3065749235474006,3896.4,2,1089.9,1166.7,"sS(s=70,S=90)",42,14,70.0,90.0
0.2282763532763533,3847.8,2,1254.32,1351.5,"sS(s=70,S=90)",42,15,70.0,90.0
0.2686846038863976,3947.0,1,1221.4,1293.9,"sS(s=70,S=90)",42,16,70.0,90.0
0.2830985915492958,4430.1,2,1063.96,1067.4,"sS(s=70,S=90)",42,17,70.0,90.0
0.2338362068965517,4149.9,1,1159.28,1220.4,"sS(s=70,S=90)",42,18,70.0,90.0
0.35593869731800765,3669.2,3,1216.44,1288.7,"sS(s=70,S=90)",42,19,70.0,90.0
0.2211882605583393,4142.5,0,1315.12,1347.5,"sS(s=70,S=90)",42,20,70.0,90.0
0.26220553089791737,4065.2,2,1224.24,1231.3,"sS(s=70,S=90)",42,21,70.0,90.0
0.2554675118858954,4967.0,2,1513.34,1608.0,"sS(s=70,S=90)",42,22,70.0,90.0
0.30520393811533053,4735.5,3,1303.1,1377.2,"sS(s=70,S=90)",42,23,70.0,90.0
0.18012866333095068,3808.2,1,902.96,908.9,"sS(s=70,S=90)",42,24,70.0,90.0
0.25227750525578135,4092.4,0,1286.22,1348.9,"sS(s=70,S=90)",42,25,70.0,90.0
0.26681614349775784,3981.4,4,1188.26,1218.0,"sS(s=70,S=90)",42,26,70.0,90.0
0.15722240419259745,4394.4,2,1396.92,1458.9,"sS(s=70,S=90)",42,27,70.0,90.0
0.3034188034188034,3505.3,0,960.34,973.5,"sS(s=70,S=90)",42,28,70.0,90.0
0.2535313292285404,3721.2,0,1196.9799999999998,1274.1,"sS(s=70,S=90)",42,29,70.0,90.0
0.24625801853171775,3873.8,0,995.64,1018.6,"sS(s=70,S=90)",42,30,70.0,90.0
0.20942053541172484,4592.0,0,1207.8,1208.2,"sS(s=70,S=90)",42,31,70.0,90.0
0.266025641025641,3943.2,0,970.76,978.1,"sS(s=70,S=90)",42,32,70.0,90.0
0.34253127299484915,4046.9,1,1597.0199999999998,1772.1,"sS(s=70,S=90)",42,33,70.0,90.0
0.27698809066461777,3888.3,1,1350.24,1469.9,"sS(s=70,S=90)",42,34,70.0,90.0
0.3061699650756694,3544.3,0,1112.8,1205.2,"sS(s=70,S=90)",42,35,70.0,90.0
0.1687648860156516,4384.7,1,1171.32,1209.0,"sS(s=70,S=90)",42,36,70.0,90.0
0.25843503230437903,4060.7,2,1245.54,1297.8,"sS(s=70,S=90)",42,37,70.0,90.0
0.27383437717466946,4456.3,0,1415.52,1527.2,"sS(s=70,S=90)",42,38,70.0,90.0
0.33007334963325186,3477.2,0,951.44,953.2,"sS(s=70,S=90)",42,39,70.0,90.0
0.33588957055214724,3735.2,2,1177.6799999999998,1230.1,"sS(s=70,S=90)",42,40,70.0,90.0
0.23765541740674956,4166.3,0,1087.4199999999998,1089.1,"sS(s=70,S=90)",42,41,70.0,90.0
0.29703980945899966,4711.0,0,1186.1200000000001,1197.2,"sS(s=70,S=90)",42,42,70.0,90.0
0.26777732629012596,3824.9,2,1014.68,1023.8,"sS(s=70,S=90)",42,43,70.0,90.0
0.21120840630472854,3709.4,0,983.14,1005.9,"sS(s=70,S=90)",42,44,70.0,90.0
0.2876660341555977,3979.6,0,1113.44,1160.5,"sS(s=70,S=90)",42,45,70.0,90.0
0.22498343273691188,4605.2,0,1430.1999999999998,1538.5,"sS(s=70,S=90)",42,46,70.0,90.0
0.2531824611032532,4405.2,1,1240.06,1287.5,"sS(s=70,S=90)",42,47,70.0,90.0
0.31098039215686274,3759.3,0,951.26,975.1,"sS(s=70,S=90)",42,48,70.0,90.0
0.20626349892008639,4204.1,6,1240.28,1252.6,"sS(s=70,S=90)",42,49,70.0,90.0
0.31385199240986716,4113.3,4,1079.64,1118.7,"sS(s=70,S=95)",42,0,70.0,95.0
0.2675646159446669,3674.4,0,1078.22,1081.4,"sS(s=70,S=95)",42,1,70.0,95.0
0.2417391304347826,4232.0,1,1192.0,1258.5,"sS(s=70,S=95)",42,2,70.0,95.0
0.27508330248056273,4180.1,0,1118.1799999999998,1166.3,"sS(s=70,S=95)",42,3,70.0,95.0
0.3210445468509985,3677.3,0,1247.1,1320.1,"sS(s=70,S=95)",42,4,70.0,95.0
0.25499334221038616,4455.1,2,1298.82,1334.7,"sS(s=70,S=95)",42,5,70.0,95.0
0.3701399688958009,3794.9,1,1299.9399999999998,1365.6,"sS(s=70,S=95)",42,6,70.0,95.0
0.2653135193910837,3896.4,1,1267.9799999999998,1353.6,"sS(s=70,S=95)",42,7,70.0,95.0
0.32114118507681055,3999.9,1,1164.44,1173.8,"sS(s=70,S=95)",42,8,70.0,95.0
0.23056027164685908,4116.2,0,1170.96,1196.9,"sS(s=70,S=95)",42,9,70.0,95.0
0.3180186647523331,3719.7,2,1126.1,1130.6,"sS(s=70,S=95)",42,10,70.0,95.0
0.25251396648044694,3790.2,0,1210.14,1237.9,"sS(s=70,S=95)",42,11,70.0,95.0
0.312872676253946,4211.6,0,1202.48,1213.5,"sS(s=70,S=95)",42,12,70.0,95.0
0.23674655047204066,4182.4,2,1192.74,1257.2,"sS(s=70,S=95)",42,13,70.0,95.0
0.32951070336391436,3891.4,2,1097.76,1180.2,"sS(s=70,S=95)",42,14,70.0,95.0
0.2571225071225071,3808.1,2,1250.66,1362.4,"sS(s=70,S=95)",42,15,70.0,95.0
0.28736920777279523,3920.0,1,1231.8,1314.9,"sS(s=70,S=95)",42,16,70.0,95.0
0.3049295774647887,4446.1,2,1055.24,1055.9,"sS(s=70,S=95)",42,17,70.0,95.0
0.26113505747126436,4170.1,1,1178.08,1243.9,"sS(s=70,S=95)",42,18,70.0,95.0
0.37049808429118775,3618.8,2,1204.1399999999999,1275.7,"sS(s=70,S=95)",42,19,70.0,95.0
0.2534001431639227,4125.5,0,1330.22,1359.5,"sS(s=70,S=95)",42,20,70.0,95.0
0.2826903379993172,4088.5,2,1183.1799999999998,1187.6,"sS(s=70,S=95)",42,21,70.0,95.0
0.26782884310618066,4926.7,1,1537.74,1649.0,"sS(s=70,S=95)",42,22,70.0,95.0
0.3263009845288326,4752.5,3,1307.7,1380.2,"sS(s=70,S=95)",42,23,70.0,95.0
0.21622587562544673,3842.4,1,935.24,958.5,"sS(s=70,S=95)",42,24,70.0,95.0
0.28065872459705676,4073.9,0,1276.92,1345.4,"sS(s=70,S=95)",42,25,70.0,95.0
0.29260089686098656,3979.2,4,1195.9399999999998,1231.1,"sS(s=70,S=95)",42,26,70.0,95.0
0.17490992466426467,4322.3,2,1380.7,1444.9,"sS(s=70,S=95)",42,27,70.0,95.0
0.32672882672882675,3452.9,0,946.02,956.7,"sS(s=70,S=95)",42,28,70.0,95.0
0.27200289750090545,3689.3,0,1174.68,1239.9,"sS(s=70,S=95)",42,29,70.0,95.0
0.2815395580898076,3797.3,0,1001.2399999999999,1026.6,"sS(s=70,S=95)",42,30,70.0,95.0
0.2317858353100644,4571.3,0,1204.3600000000001,1206.2,"sS(s=70,S=95)",42,31,70.0,95.0
0.2952279202279202,3917.5,0,962.94,972.5,"sS(s=70,S=95)",42,32,70.0,95.0
0.36644591611479027,4078.1,1,1602.4199999999998,1774.1,"sS(s=70,S=95)",42,33,70.0,95.0
0.30234344986553974,3858.3,1,1332.6,1448.2,"sS(s=70,S=95)",42,34,70.0,95.0
0.3441986806363989,3492.2,0,1124.02,1212.2,"sS(s=70,S=95)",42,35,70.0,95.0
0.20040830214358626,4339.0,1,1142.6599999999999,1177.8,"sS(s=70,S=95)",42,36,70.0,95.0
0.2814070351758794,4054.6,2,1254.4199999999998,1316.8,"sS(s=70,S=95)",42,37,70.0,95.0
0.29471120389700767,4433.8,0,1404.52,1509.2,"sS(s=70,S=95)",42,38,70.0,95.0
0.35207823960880197,3393.3,0,979.54,997.2,"sS(s=70,S=95)",42,39,70.0,95.0
0.36464723926380366,3689.6,1,1153.52,1208.6,"sS(s=70,S=95)",42,40,70.0,95.0
0.2536412078152753,4123.8,0,1089.88,1097.7,"sS(s=70,S=95)",42,41,70.0,95.0
0.31405239877509356,4707.7,0,1170.9399999999998,1172.6,"sS(s=70,S=95)",42,42,70.0,95.0
0.30394148720032504,3777.5,2,995.02,996.7,"sS(s=70,S=95)",42,43,70.0,95.0
0.2521891418563923,3663.4,0,945.54,957.9,"sS(s=70,S=95)",42,44,70.0,95.0
0.30853889943074003,3936.1,0,1104.84,1148.0,"sS(s=70,S=95)",42,45,70.0,95.0
0.2551358515573227,4586.7,0,1483.1999999999998,1606.0,"sS(s=70,S=95)",42,46,70.0,95.0
0.2698019801980198,4362.5,1,1212.36,1253.5,"sS(s=70,S=95)",42,47,70.0,95.0
0.3380392156862745,3802.0,0,950.34,971.1,"sS(s=70,S=95)",42,48,70.0,95.0
0.2357811375089993,4180.3,5,1233.08,1255.6,"sS(s=70,S=95)",42,49,70.0,95.0
0.3366223908918406,4075.7,4,1070.98,1110.0,"sS(s=70,S=100)",42,0,70.0,100.0
0.2999635966508919,3663.9,0,1090.6200000000001,1093.9,"sS(s=70,S=100)",42,1,70.0,100.0
0.26260869565217393,4189.8,1,1187.9399999999998,1253.3,"sS(s=70,S=100)",42,2,70.0,100.0
0.30248056275453533,4177.3,0,1114.9,1167.2,"sS(s=70,S=100)",42,3,70.0,100.0
0.3402457757296467,3659.8,0,1211.1999999999998,1283.6,"sS(s=70,S=100)",42,4,70.0,100.0
0.2822902796271638,4491.1,2,1332.82,1375.7,"sS(s=70,S=100)",42,5,70.0,100.0
0.38413685847589424,3799.1,0,1317.12,1390.1,"sS(s=70,S=100)",42,6,70.0,100.0
0.2943095324392896,3831.9,1,1277.1799999999998,1366.1,"sS(s=70,S=100)",42,7,70.0,100.0
0.35003657644476954,4009.9,1,1180.34,1207.8,"sS(s=70,S=100)",42,8,70.0,100.0
0.25942275042444823,4031.2,0,1201.02,1238.3,"sS(s=70,S=100)",42,9,70.0,100.0
0.33955491744436467,3639.7,1,1128.6,1138.1,"sS(s=70,S=100)",42,10,70.0,100.0
0.27262569832402234,3746.7,0,1219.6399999999999,1249.8,"sS(s=70,S=100)",42,11,70.0,100.0
0.33532094002104523,4183.5,0,1193.28,1199.1,"sS(s=70,S=100)",42,12,70.0,100.0
0.25054466230936817,4208.0,3,1169.32,1230.6,"sS(s=70,S=100)",42,13,70.0,100.0
0.32186544342507645,3757.7,2,1087.86,1167.7,"sS(s=70,S=100)",42,14,70.0,100.0
0.28454415954415957,3758.0,2,1250.7799999999997,1368.6,"sS(s=70,S=100)",42,15,70.0,100.0
0.28139013452914796,3848.3,1,1200.2599999999998,1290.1,"sS(s=70,S=100)",42,16,70.0,100.0
0.33098591549295775,4470.0,2,1139.36,1157.6,"sS(s=70,S=100)",42,17,70.0,100.0
0.2880747126436782,4155.7,1,1222.1,1307.9,"sS(s=70,S=100)",42,18,70.0,100.0
0.39348659003831415,3606.4,2,1254.58,1342.7,"sS(s=70,S=100)",42,19,70.0,100.0
0.27165354330708663,4105.5,0,1352.34,1385.0,"sS(s=70,S=100)",42,20,70.0,100.0
0.3093205872311369,4134.5,2,1146.22,1154.0,"sS(s=70,S=100)",42,21,70.0,100.0
0.27892234548335976,4880.2,1,1536.12,1644.0,"sS(s=70,S=100)",42,22,70.0,100.0
0.34739803094233473,4735.5,3,1312.0,1383.2,"sS(s=70,S=100)",42,23,70.0,100.0
0.2562544674767691,3763.9,0,941.34,957.5,"sS(s=70,S=100)",42,24,70.0,100.0
0.3037841625788367,4055.2,0,1268.38,1341.9,"sS(s=70,S=100)",42,25,70.0,100.0
0.3180119581464873,3970.5,3,1236.22,1287.9,"sS(s=70,S=100)",42,26,70.0,100.0
0.19751064526695053,4258.7,2,1370.2,1434.9,"sS(s=70,S=100)",42,27,70.0,100.0
0.35003885003885005,3407.4,0,926.02,933.7,"sS(s=70,S=100)",42,28,70.0,100.0
0.3009779065555958,3644.8,0,1135.98,1192.4,"sS(s=70,S=100)",42,29,70.0,100.0
0.3136136849607983,3746.6,0,1007.1599999999999,1034.6,"sS(s=70,S=100)",42,30,70.0,100.0
0.23720772619451033,4531.9,0,1211.52,1218.1,"sS(s=70,S=100)",42,31,70.0,100.0
0.32015669515669515,3836.0,0,960.64,976.5,"sS(s=70,S=100)",42,32,70.0,100.0
0.3922001471670346,4109.1,1,1628.62,1802.1,"sS(s=70,S=100)",42,33,70.0,100.0
0.3180945063388398,3876.4,1,1328.3999999999999,1443.7,"sS(s=70,S=100)",42,34,70.0,100.0
0.3791230112533954,3433.7,0,1144.52,1219.2,"sS(s=70,S=100)",42,35,70.0,100.0
0.22218441646818646,4317.2,0,1113.92,1146.5,"sS(s=70,S=100)",42,36,70.0,100.0
0.29827709978463746,4127.2,3,1267.6399999999999,1335.8,"sS(s=70,S=100)",42,37,70.0,100.0
0.31558803061934587,4385.3,0,1372.72,1465.2,"sS(s=70,S=100)",42,38,70.0,100.0
0.3773431132844336,3453.4,0,1057.84,1085.5,"sS(s=70,S=100)",42,39,70.0,100.0
0.38650306748466257,3681.9,1,1111.62,1163.1,"sS(s=70,S=100)",42,40,70.0,100.0
0.27104795737122556,4088.9,0,1099.1399999999999,1115.1,"sS(s=70,S=100)",42,41,70.0,100.0
0.3310649880911875,4676.7,0,1177.04,1187.6,"sS(s=70,S=100)",42,42,70.0,100.0
0.3587972368955709,3774.6,2,1002.72,1015.2,"sS(s=70,S=100)",42,43,70.0,100.0
0.28651488616462345,3629.8,0,924.02,930.0,"sS(s=70,S=100)",42,44,70.0,100.0
0.32941176470588235,3892.6,0,1096.24,1135.5,"sS(s=70,S=100)",42,45,70.0,100.0
0.28164347249834326,4534.2,0,1474.5,1597.5,"sS(s=70,S=100)",42,46,70.0,100.0
0.29526166902404527,4286.5,1,1195.06,1232.5,"sS(s=70,S=100)",42,47,70.0,100.0
0.3596078431372549,3744.8,0,945.24,967.1,"sS(s=70,S=100)",42,48,70.0,100.0
0.2663786897048236,4150.3,5,1206.8799999999999,1233.6,"sS(s=70,S=100)",42,49,70.0,100.0
0.2398481973434535,4149.3,5,1063.34,1081.7,"sS(s=75,S=80)",42,0,75.0,80.0
0.17837641062977794,3821.9,0,1088.62,1093.5,"sS(s=75,S=80)",42,1,75.0,80.0
0.15165217391304348,4273.9,1,1284.4599999999998,1363.3,"sS(s=75,S=80)",42,2,75.0,80.0
0.17326915957052944,4155.9,0,1121.8799999999999,1172.8,"sS(s=75,S=80)",42,3,75.0,80.0
0.24155145929339478,3785.3,1,1243.32,1299.9,"sS(s=75,S=80)",42,4,75.0,80.0
0.177762982689747,4487.7,2,1275.9399999999998,1310.6,"sS(s=75,S=80)",42,5,75.0,80.0
0.3188180404354588,3831.4,1,1209.08,1255.1,"sS(s=75,S=80)",42,6,75.0,80.0
0.21058354476259514,4071.9,1,1245.9799999999998,1323.1,"sS(s=75,S=80)",42,7,75.0,80.0
0.2212874908558888,4199.6,1,1262.1,1300.3,"sS(s=75,S=80)",42,8,75.0,80.0
0.15110356536502548,4353.3,0,1135.3200000000002,1136.9,"sS(s=75,S=80)",42,9,75.0,80.0
0.2519741564967696,3915.6,2,1108.58,1108.7,"sS(s=75,S=80)",42,10,75.0,80.0
0.15828677839851024,3841.4,0,1227.34,1262.4,"sS(s=75,S=80)",42,11,75.0,80.0
0.2388635566467906,4199.8,0,1205.68,1227.8,"sS(s=75,S=80)",42,12,75.0,80.0
0.16775599128540306,4245.5,2,1220.1399999999999,1278.2,"sS(s=75,S=80)",42,13,75.0,80.0
0.2599388379204893,4013.6,2,1112.24,1179.9,"sS(s=75,S=80)",42,14,75.0,80.0
0.1599002849002849,3918.1,2,1287.4199999999998,1373.0,"sS(s=75,S=80)",42,15,75.0,80.0
0.2242152466367713,4021.1,1,1232.36,1296.1,"sS(s=75,S=80)",42,16,75.0,80.0
0.225,4459.4,2,1076.76,1080.7,"sS(s=75,S=80)",42,17,75.0,80.0
0.18426724137931033,4191.6,1,1183.4,1245.4,"sS(s=75,S=80)",42,18,75.0,80.0
0.2885057471264368,3772.7,3,1176.28,1235.1,"sS(s=75,S=80)",42,19,75.0,80.0
0.17859699355762348,4220.1,0,1307.6799999999998,1328.1,"sS(s=75,S=80)",42,20,75.0,80.0
0.22908842608398772,4193.2,3,1266.8400000000001,1276.4,"sS(s=75,S=80)",42,21,75.0,80.0
0.21458003169572107,5042.1,1,1514.94,1598.0,"sS(s=75,S=80)",42,22,75.0,80.0
0.27637130801687765,4716.5,3,1329.54,1388.8,"sS(s=75,S=80)",42,23,75.0,80.0
0.11794138670478914,3863.8,1,904.6600000000001,907.2,"sS(s=75,S=80)",42,24,75.0,80.0
0.18640504555010512,4149.8,0,1182.0,1201.9,"sS(s=75,S=80)",42,25,75.0,80.0
0.2227204783258595,4004.0,4,1188.4,1215.0,"sS(s=75,S=80)",42,26,75.0,80.0
0.12807075008188668,4519.7,2,1443.72,1505.9,"sS(s=75,S=80)",42,27,75.0,80.0
0.25757575757575757,3627.1,0,996.34,1020.5,"sS(s=75,S=80)",42,28,75.0,80.0
0.2162260050706266,3796.3,0,1250.06,1350.4,"sS(s=75,S=80)",42,29,75.0,80.0
0.17890235210263722,3989.1,0,974.1999999999999,989.8,"sS(s=75,S=80)",42,30,75.0,80.0
0.1592680447305998,4637.7,0,1233.76,1242.4,"sS(s=75,S=80)",42,31,75.0,80.0
0.20156695156695156,4090.7,0,989.16,994.1,"sS(s=75,S=80)",42,32,75.0,80.0
0.29506990434142755,4083.1,1,1576.3399999999997,1742.1,"sS(s=75,S=80)",42,33,75.0,80.0
0.23818670764502498,3999.1,2,1350.24,1467.9,"sS(s=75,S=80)",42,34,75.0,80.0
0.2464105549088087,3690.3,0,1104.12,1191.2,"sS(s=75,S=80)",42,35,75.0,80.0
0.13337870023817625,4488.3,0,1226.8,1271.6,"sS(s=75,S=80)",42,36,75.0,80.0
0.2189519023689878,4095.1,2,1228.8,1259.8,"sS(s=75,S=80)",42,37,75.0,80.0
0.22512178148921363,4466.8,0,1391.22,1509.2,"sS(s=75,S=80)",42,38,75.0,80.0
0.28769356153219233,3631.8,1,1013.24,1026.0,"sS(s=75,S=80)",42,39,75.0,80.0
0.2802914110429448,3769.8,2,1148.4799999999998,1191.1,"sS(s=75,S=80)",42,40,75.0,80.0
0.2330373001776199,4215.1,0,1071.66,1077.9,"sS(s=75,S=80)",42,41,75.0,80.0
0.2432800272201429,4746.1,0,1207.94,1219.2,"sS(s=75,S=80)",42,42,75.0,80.0
0.21251523770824868,3876.8,2,1030.96,1049.8,"sS(s=75,S=80)",42,43,75.0,80.0
0.12679509632224167,3842.2,0,1068.06,1108.0,"sS(s=75,S=80)",42,44,75.0,80.0
0.24971537001897534,4013.6,0,1130.4399999999998,1188.8,"sS(s=75,S=80)",42,45,75.0,80.0
0.1802518223989397,4676.3,0,1401.8,1500.5,"sS(s=75,S=80)",42,46,75.0,80.0
0.19731258840169733,4533.2,1,1277.06,1332.5,"sS(s=75,S=80)",42,47,75.0,80.0
0.2749019607843137,3610.0,0,1029.02,1040.5,"sS(s=75,S=80)",42,48,75.0,80.0
0.13930885529157666,4235.5,7,1210.36,1243.2,"sS(s=75,S=80)",42,49,75.0,80.0
0.26261859582542696,4137.5,5,1059.0,1080.9,"sS(s=75,S=85)",42,0,75.0,85.0
0.2093192573716782,3753.5,0,1088.94,1095.5,"sS(s=75,S=85)",42,1,75.0,85.0
0.1826086956521739,4227.1,1,1249.34,1327.9,"sS(s=75,S=85)",42,2,75.0,85.0
0.20510921880784894,4169.0,0,1147.46,1208.2,"sS(s=75,S=85)",42,3,75.0,85.0
0.27035330261136714,3765.5,1,1287.7799999999997,1360.6,"sS(s=75,S=85)",42,4,75.0,85.0
0.2003994673768309,4451.5,2,1275.54,1308.6,"sS(s=75,S=85)",42,5,75.0,85.0
0.3402021772939347,3791.9,1,1216.08,1262.6,"sS(s=75,S=85)",42,6,75.0,85.0
0.22979340340703153,4002.9,1,1249.58,1328.6,"sS(s=75,S=85)",42,7,75.0,85.0
0.25969275786393564,4158.6,1,1243.8,1279.8,"sS(s=75,S=85)",42,8,75.0,85.0
0.1731748726655348,4275.3,0,1148.52,1156.9,"sS(s=75,S=85)",42,9,75.0,85.0
0.27781765972720746,3850.8,2,1126.08,1128.7,"sS(s=75,S=85)",42,10,75.0,85.0
0.19180633147113593,3813.9,0,1220.14,1248.4,"sS(s=75,S=85)",42,11,75.0,85.0
0.2634163451420554,4196.4,0,1200.46,1219.4,"sS(s=75,S=85)",42,12,75.0,85.0
0.19135802469135801,4223.1,2,1206.1399999999999,1264.2,"sS(s=75,S=85)",42,13,75.0,85.0
0.2782874617737003,3937.4,2,1100.68,1174.2,"sS(s=75,S=85)",42,14,75.0,85.0
0.19266381766381765,3886.3,2,1273.52,1364.5,"sS(s=75,S=85)",42,15,75.0,85.0
0.24925261584454408,4000.3,2,1231.8,1298.9,"sS(s=75,S=85)",42,16,75.0,85.0
0.25,4435.5,2,1069.44,1069.8,"sS(s=75,S=85)",42,17,75.0,85.0
0.20869252873563218,4148.3,1,1180.8,1246.1,"sS(s=75,S=85)",42,18,75.0,85.0
0.3099616858237548,3727.0,3,1193.36,1257.7,"sS(s=75,S=85)",42,19,75.0,85.0
0.20722977809591983,4191.8,0,1314.96,1339.1,"sS(s=75,S=85)",42,20,75.0,85.0
0.24240355069989758,4132.9,2,1250.84,1257.0,"sS(s=75,S=85)",42,21,75.0,85.0
0.23328050713153725,4996.2,1,1514.1399999999999,1603.0,"sS(s=75,S=85)",42,22,75.0,85.0
0.29043600562587907,4717.4,3,1309.74,1375.3,"sS(s=75,S=85)",42,23,75.0,85.0
0.14760543245175126,3831.6,1,899.04,900.5,"sS(s=75,S=85)",42,24,75.0,85.0
0.21793973370707778,4102.8,0,1220.32,1258.4,"sS(s=75,S=85)",42,25,75.0,85.0
0.25411061285500747,3969.4,4,1192.2,1221.0,"sS(s=75,S=85)",42,26,75.0,85.0
0.14248280379954142,4448.7,2,1423.32,1488.9,"sS(s=75,S=85)",42,27,75.0,85.0
0.28438228438228436,3579.6,0,978.34,997.0,"sS(s=75,S=85)",42,28,75.0,85.0
0.23252444766388988,3740.4,0,1219.66,1307.9,"sS(s=75,S=85)",42,29,75.0,85.0
0.21133285816108338,3916.3,0,988.28,1008.4,"sS(s=75,S=85)",42,30,75.0,85.0
0.18298881735005082,4610.7,0,1221.46,1227.9,"sS(s=75,S=85)",42,31,75.0,85.0
0.23575498575498577,4010.2,0,979.96,986.1,"sS(s=75,S=85)",42,32,75.0,85.0
0.318616629874908,4056.5,1,1591.2399999999998,1769.1,"sS(s=75,S=85)",42,33,75.0,85.0
0.25893200153668844,3956.6,2,1338.24,1453.9,"sS(s=75,S=85)",42,34,75.0,85.0
0.2743500194024059,3620.6,0,1102.82,1198.2,"sS(s=75,S=85)",42,35,75.0,85.0
0.15311330384484517,4440.1,0,1201.74,1242.4,"sS(s=75,S=85)",42,36,75.0,85.0
0.23869346733668342,4076.7,2,1237.4399999999998,1278.8,"sS(s=75,S=85)",42,37,75.0,85.0
0.2522616562282533,4452.3,0,1392.72,1507.2,"sS(s=75,S=85)",42,38,75.0,85.0
0.3072534637326813,3547.5,0,951.4599999999999,953.3,"sS(s=75,S=85)",42,39,75.0,85.0
0.31403374233128833,3733.6,2,1160.6799999999998,1207.6,"sS(s=75,S=85)",42,40,75.0,85.0
0.2404973357015986,4159.1,0,1073.46,1075.9,"sS(s=75,S=85)",42,41,75.0,85.0
0.27390268798911194,4729.1,0,1195.44,1208.2,"sS(s=75,S=85)",42,42,75.0,85.0
0.23811458756603007,3838.3,2,1026.8999999999999,1043.1,"sS(s=75,S=85)",42,43,75.0,85.0
0.16637478108581435,3750.5,0,1031.22,1065.0,"sS(s=75,S=85)",42,44,75.0,85.0
0.2717267552182163,3995.1,0,1118.4799999999998,1175.1,"sS(s=75,S=85)",42,45,75.0,85.0
0.20675944333996024,4648.3,0,1418.0,1522.0,"sS(s=75,S=85)",42,46,75.0,85.0
0.2256011315417256,4480.7,1,1267.76,1321.5,"sS(s=75,S=85)",42,47,75.0,85.0
0.28980392156862744,3582.8,0,984.7800000000001,986.2,"sS(s=75,S=85)",42,48,75.0,85.0
0.17026637868970482,4196.6,6,1213.8799999999999,1242.6,"sS(s=75,S=85)",42,49,75.0,85.0
0.2853889943074004,4109.0,4,1057.3,1083.4,"sS(s=75,S=90)",42,0,75.0,90.0
0.2428103385511467,3719.0,0,1091.78,1097.5,"sS(s=75,S=90)",42,1,75.0,90.0
0.22156521739130436,4213.5,1,1198.2,1267.7,"sS(s=75,S=90)",42,2,75.0,90.0
0.23843021103295076,4151.5,0,1143.06,1203.2,"sS(s=75,S=90)",42,3,75.0,90.0
0.29377880184331795,3727.1,1,1276.1999999999998,1348.1,"sS(s=75,S=90)",42,4,75.0,90.0
0.22536617842876164,4450.4,2,1275.1399999999999,1306.6,"sS(s=75,S=90)",42,5,75.0,90.0
0.36469673405909797,3764.6,1,1254.28,1309.1,"sS(s=75,S=90)",42,6,75.0,90.0
0.2479159115621602,3951.0,1,1258.7799999999997,1341.1,"sS(s=75,S=90)",42,7,75.0,90.0
0.2948061448427213,4120.6,1,1227.8999999999999,1262.3,"sS(s=75,S=90)",42,8,75.0,90.0
0.20169779286926995,4192.2,0,1160.8200000000002,1176.9,"sS(s=75,S=90)",42,9,75.0,90.0
0.3018664752333094,3786.2,2,1136.3,1139.6,"sS(s=75,S=90)",42,10,75.0,90.0
0.22197392923649906,3774.4,0,1214.62,1242.5,"sS(s=75,S=90)",42,11,75.0,90.0
0.28586460890915466,4208.8,0,1198.76,1215.4,"sS(s=75,S=90)",42,12,75.0,90.0
0.21060275962236746,4211.9,2,1169.74,1218.2,"sS(s=75,S=90)",42,13,75.0,90.0
0.3065749235474006,3896.4,2,1089.9,1166.7,"sS(s=75,S=90)",42,14,75.0,90.0
0.2282763532763533,3847.8,2,1254.32,1351.5,"sS(s=75,S=90)",42,15,75.0,90.0
0.2686846038863976,3947.0,1,1221.4,1293.9,"sS(s=75,S=90)",42,16,75.0,90.0
0.2830985915492958,4430.1,2,1063.96,1067.4,"sS(s=75,S=90)",42,17,75.0,90.0
0.24102011494252873,4143.8,1,1191.1999999999998,1263.6,"sS(s=75,S=90)",42,18,75.0,90.0
0.35593869731800765,3669.2,3,1216.44,1288.7,"sS(s=75,S=90)",42,19,75.0,90.0
0.2211882605583393,4142.5,0,1315.12,1347.5,"sS(s=75,S=90)",42,20,75.0,90.0
0.26220553089791737,4089.9,2,1224.24,1231.3,"sS(s=75,S=90)",42,21,75.0,90.0
0.2554675118858954,4967.0,2,1513.34,1608.0,"sS(s=75,S=90)",42,22,75.0,90.0
0.30520393811533053,4735.5,3,1303.1,1377.2,"sS(s=75,S=90)",42,23,75.0,90.0
0.18012866333095068,3808.2,1,902.96,908.9,"sS(s=75,S=90)",42,24,75.0,90.0
0.2515767344078486,4076.0,0,1259.02,1314.9,"sS(s=75,S=90)",42,25,75.0,90.0
0.27541106128550075,3993.0,4,1188.82,1218.7,"sS(s=75,S=90)",42,26,75.0,90.0
0.15722240419259745,4394.4,2,1396.92,1458.9,"sS(s=75,S=90)",42,27,75.0,90.0
0.3034188034188034,3505.3,0,960.34,973.5,"sS(s=75,S=90)",42,28,75.0,90.0
0.2535313292285404,3721.2,0,1196.9799999999998,1274.1,"sS(s=75,S=90)",42,29,75.0,90.0
0.24625801853171775,3873.8,0,995.64,1018.6,"sS(s=75,S=90)",42,30,75.0,90.0
0.20942053541172484,4592.0,0,1207.8,1208.2,"sS(s=75,S=90)",42,31,75.0,90.0
0.266025641025641,3943.2,0,970.76,978.1,"sS(s=75,S=90)",42,32,75.0,90.0
0.34253127299484915,4046.9,1,1597.0199999999998,1772.1,"sS(s=75,S=90)",42,33,75.0,90.0
0.28428736073761046,3892.1,1,1335.04,1450.9,"sS(s=75,S=90)",42,34,75.0,90.0
0.3061699650756694,3544.3,0,1112.8,1205.2,"sS(s=75,S=90)",42,35,75.0,90.0
0.1687648860156516,4384.7,1,1171.32,1209.0,"sS(s=75,S=90)",42,36,75.0,90.0
0.25843503230437903,4060.7,2,1245.54,1297.8,"sS(s=75,S=90)",42,37,75.0,90.0
0.27383437717466946,4438.3,0,1401.12,1509.2,"sS(s=75,S=90)",42,38,75.0,90.0
0.33007334963325186,3495.2,0,951.44,953.2,"sS(s=75,S=90)",42,39,75.0,90.0
0.3427914110429448,3704.6,2,1177.6799999999998,1230.1,"sS(s=75,S=90)",42,40,75.0,90.0
0.23765541740674956,4166.3,0,1087.4199999999998,1089.1,"sS(s=75,S=90)",42,41,75.0,90.0
0.29703980945899966,4711.0,0,1186.1200000000001,1197.2,"sS(s=75,S=90)",42,42,75.0,90.0
0.26777732629012596,3824.9,2,1014.68,1023.8,"sS(s=75,S=90)",42,43,75.0,90.0
0.21120840630472854,3709.4,0,983.14,1005.9,"sS(s=75,S=90)",42,44,75.0,90.0
0.2876660341555977,3979.6,0,1113.44,1160.5,"sS(s=75,S=90)",42,45,75.0,90.0
0.22498343273691188,4605.2,0,1430.1999999999998,1538.5,"sS(s=75,S=90)",42,46,75.0,90.0
0.2531824611032532,4405.2,1,1240.06,1287.5,"sS(s=75,S=90)",42,47,75.0,90.0
0.31411764705882356,3719.1,0,955.22,975.1,"sS(s=75,S=90)",42,48,75.0,90.0
0.20626349892008639,4204.1,6,1240.28,1252.6,"sS(s=75,S=90)",42,49,75.0,90.0
0.31385199240986716,4113.3,4,1079.64,1118.7,"sS(s=75,S=95)",42,0,75.0,95.0
0.2675646159446669,3674.4,0,1078.22,1081.4,"sS(s=75,S=95)",42,1,75.0,95.0
0.2417391304347826,4232.0,1,1192.0,1258.5,"sS(s=75,S=95)",42,2,75.0,95.0
0.27508330248056273,4183.4,0,1125.86,1182.2,"sS(s=75,S=95)",42,3,75.0,95.0
0.3210445468509985,3677.3,0,1247.1,1320.1,"sS(s=75,S=95)",42,4,75.0,95.0
0.25499334221038616,4455.1,2,1298.82,1334.7,"sS(s=75,S=95)",42,5,75.0,95.0
0.3701399688958009,3794.9,1,1299.9399999999998,1365.6,"sS(s=75,S=95)",42,6,75.0,95.0
0.2653135193910837,3896.4,1,1267.9799999999998,1353.6,"sS(s=75,S=95)",42,7,75.0,95.0
0.32114118507681055,3999.9,1,1164.44,1173.8,"sS(s=75,S=95)",42,8,75.0,95.0
0.23056027164685908,4116.2,0,1170.96,1196.9,"sS(s=75,S=95)",42,9,75.0,95.0
0.3180186647523331,3719.7,2,1126.1,1130.6,"sS(s=75,S=95)",42,10,75.0,95.0
0.24804469273743016,3752.9,0,1209.82,1237.5,"sS(s=75,S=95)",42,11,75.0,95.0
0.312872676253946,4189.6,0,1198.08,1213.5,"sS(s=75,S=95)",42,12,75.0,95.0
0.23674655047204066,4182.4,2,1192.74,1257.2,"sS(s=75,S=95)",42,13,75.0,95.0
0.32951070336391436,3870.4,2,1080.96,1159.2,"sS(s=75,S=95)",42,14,75.0,95.0
0.2571225071225071,3808.1,2,1250.66,1362.4,"sS(s=75,S=95)",42,15,75.0,95.0
0.28736920777279523,3920.0,1,1231.8,1314.9,"sS(s=75,S=95)",42,16,75.0,95.0
0.3049295774647887,4424.1,2,1070.86,1074.6,"sS(s=75,S=95)",42,17,75.0,95.0
0.26113505747126436,4170.1,1,1178.08,1243.9,"sS(s=75,S=95)",42,18,75.0,95.0
0.3789272030651341,3634.2,2,1256.94,1341.7,"sS(s=75,S=95)",42,19,75.0,95.0
0.2534001431639227,4125.5,0,1330.22,1359.5,"sS(s=75,S=95)",42,20,75.0,95.0
0.2826903379993172,4088.5,2,1183.1799999999998,1187.6,"sS(s=75,S=95)",42,21,75.0,95.0
0.26782884310618066,4926.7,1,1537.74,1649.0,"sS(s=75,S=95)",42,22,75.0,95.0
0.3263009845288326,4752.5,3,1307.7,1380.2,"sS(s=75,S=95)",42,23,75.0,95.0
0.21622587562544673,3819.4,1,939.84,958.5,"sS(s=75,S=95)",42,24,75.0,95.0
0.28065872459705676,4073.9,0,1276.92,1345.4,"sS(s=75,S=95)",42,25,75.0,95.0
0.29260089686098656,3979.2,4,1195.9399999999998,1231.1,"sS(s=75,S=95)",42,26,75.0,95.0
0.17490992466426467,4322.3,2,1380.7,1444.9,"sS(s=75,S=95)",42,27,75.0,95.0
0.32672882672882675,3452.9,0,946.02,956.7,"sS(s=75,S=95)",42,28,75.0,95.0
0.27960883737776165,3691.4,0,1187.7,1260.9,"sS(s=75,S=95)",42,29,75.0,95.0
0.2815395580898076,3820.3,0,1001.2399999999999,1026.6,"sS(s=75,S=95)",42,30,75.0,95.0
0.2317858353100644,4571.3,0,1204.3600000000001,1206.2,"sS(s=75,S=95)",42,31,75.0,95.0
0.2952279202279202,3893.5,0,962.94,972.5,"sS(s=75,S=95)",42,32,75.0,95.0
0.36644591611479027,4078.1,1,1602.4199999999998,1774.1,"sS(s=75,S=95)",42,33,75.0,95.0
0.30234344986553974,3834.3,1,1332.6,1448.2,"sS(s=75,S=95)",42,34,75.0,95.0
0.3441986806363989,3471.2,0,1124.02,1212.2,"sS(s=75,S=95)",42,35,75.0,95.0
0.20040830214358626,4339.0,1,1142.6599999999999,1177.8,"sS(s=75,S=95)",42,36,75.0,95.0
0.2814070351758794,4054.6,2,1254.4199999999998,1316.8,"sS(s=75,S=95)",42,37,75.0,95.0
0.29471120389700767,4433.8,0,1404.52,1509.2,"sS(s=75,S=95)",42,38,75.0,95.0
0.35207823960880197,3393.3,0,979.54,997.2,"sS(s=75,S=95)",42,39,75.0,95.0
0.36464723926380366,3689.6,1,1153.52,1208.6,"sS(s=75,S=95)",42,40,75.0,95.0
0.2536412078152753,4123.8,0,1089.88,1097.7,"sS(s=75,S=95)",42,41,75.0,95.0
0.31405239877509356,4707.7,0,1170.9399999999998,1172.6,"sS(s=75,S=95)",42,42,75.0,95.0
0.31288094270621697,3781.9,2,995.02,996.7,"sS(s=75,S=95)",42,43,75.0,95.0
0.2521891418563923,3663.4,0,945.54,957.9,"sS(s=75,S=95)",42,44,75.0,95.0
0.30853889943074003,3936.1,0,1104.84,1148.0,"sS(s=75,S=95)",42,45,75.0,95.0
0.2551358515573227,4586.7,0,1483.1999999999998,1606.0,"sS(s=75,S=95)",42,46,75.0,95.0
0.27793493635077793,4341.8,1,1212.36,1253.5,"sS(s=75,S=95)",42,47,75.0,95.0
0.3380392156862745,3802.0,0,950.34,971.1,"sS(s=75,S=95)",42,48,75.0,95.0
0.2357811375089993,4180.3,5,1233.08,1255.6,"sS(s=75,S=95)",42,49,75.0,95.0
0.3366223908918406,4075.7,4,1070.98,1110.0,"sS(s=75,S=100)",42,0,75.0,100.0
0.2999635966508919,3663.9,0,1090.6200000000001,1093.9,"sS(s=75,S=100)",42,1,75.0,100.0
0.26260869565217393,4221.0,1,1190.3999999999999,1256.0,"sS(s=75,S=100)",42,2,75.0,100.0
0.30248056275453533,4177.3,0,1114.9,1167.2,"sS(s=75,S=100)",42,3,75.0,100.0
0.3402457757296467,3659.8,0,1211.1999999999998,1283.6,"sS(s=75,S=100)",42,4,75.0,100.0
0.2822902796271638,4491.1,2,1332.82,1375.7,"sS(s=75,S=100)",42,5,75.0,100.0
0.38413685847589424,3799.1,0,1317.12,1390.1,"sS(s=75,S=100)",42,6,75.0,100.0
0.2943095324392896,3831.9,1,1277.1799999999998,1366.1,"sS(s=75,S=100)",42,7,75.0,100.0
0.35003657644476954,4009.9,1,1180.34,1207.8,"sS(s=75,S=100)",42,8,75.0,100.0
0.25942275042444823,4056.2,0,1201.02,1238.3,"sS(s=75,S=100)",42,9,75.0,100.0
0.33955491744436467,3639.7,1,1128.6,1138.1,"sS(s=75,S=100)",42,10,75.0,100.0
0.27262569832402234,3746.7,0,1219.6399999999999,1249.8,"sS(s=75,S=100)",42,11,75.0,100.0
0.33532094002104523,4183.5,0,1193.28,1199.1,"sS(s=75,S=100)",42,12,75.0,100.0
0.25054466230936817,4208.0,3,1169.32,1230.6,"sS(s=75,S=100)",42,13,75.0,100.0
0.32186544342507645,3757.7,2,1087.86,1167.7,"sS(s=75,S=100)",42,14,75.0,100.0
0.28454415954415957,3758.0,2,1250.7799999999997,1368.6,"sS(s=75,S=100)",42,15,75.0,100.0
0.28139013452914796,3848.3,1,1200.2599999999998,1290.1,"sS(s=75,S=100)",42,16,75.0,100.0
0.351056338028169,4424.5,2,1045.98,1054.4,"sS(s=75,S=100)",42,17,75.0,100.0
0.2880747126436782,4155.7,1,1222.1,1307.9,"sS(s=75,S=100)",42,18,75.0,100.0
0.39348659003831415,3581.4,2,1214.58,1292.7,"sS(s=75,S=100)",42,19,75.0,100.0
0.27165354330708663,4105.5,0,1352.34,1385.0,"sS(s=75,S=100)",42,20,75.0,100.0
0.3093205872311369,4134.5,2,1146.22,1154.0,"sS(s=75,S=100)",42,21,75.0,100.0
0.27892234548335976,4880.2,1,1536.12,1644.0,"sS(s=75,S=100)",42,22,75.0,100.0
0.34739803094233473,4735.5,3,1312.0,1383.2,"sS(s=75,S=100)",42,23,75.0,100.0
0.2562544674767691,3792.9,0,932.64,957.5,"sS(s=75,S=100)",42,24,75.0,100.0
0.3037841625788367,4055.2,0,1268.38,1341.9,"sS(s=75,S=100)",42,25,75.0,100.0
0.3180119581464873,3970.5,3,1236.22,1287.9,"sS(s=75,S=100)",42,26,75.0,100.0
0.19751064526695053,4258.7,2,1370.2,1434.9,"sS(s=75,S=100)",42,27,75.0,100.0
0.35003885003885005,3407.4,0,926.02,933.7,"sS(s=75,S=100)",42,28,75.0,100.0
0.3009779065555958,3644.8,0,1135.98,1192.4,"sS(s=75,S=100)",42,29,75.0,100.0
0.3136136849607983,3746.6,0,1007.1599999999999,1034.6,"sS(s=75,S=100)",42,30,75.0,100.0
0.2521179261267367,4556.8,0,1204.56,1208.2,"sS(s=75,S=100)",42,31,75.0,100.0
0.32015669515669515,3836.0,0,960.64,976.5,"sS(s=75,S=100)",42,32,75.0,100.0
0.3922001471670346,4083.1,1,1607.8199999999997,1776.1,"sS(s=75,S=100)",42,33,75.0,100.0
0.3180945063388398,3848.4,1,1306.0,1415.7,"sS(s=75,S=100)",42,34,75.0,100.0
0.3791230112533954,3408.7,0,1134.52,1219.2,"sS(s=75,S=100)",42,35,75.0,100.0
0.2306907111262334,4271.2,0,1113.92,1146.5,"sS(s=75,S=100)",42,36,75.0,100.0
0.29827709978463746,4100.2,3,1267.6399999999999,1335.8,"sS(s=75,S=100)",42,37,75.0,100.0
0.31558803061934587,4385.3,0,1372.72,1465.2,"sS(s=75,S=100)",42,38,75.0,100.0
0.38467807660961695,3421.2,0,1056.62,1085.5,"sS(s=75,S=100)",42,39,75.0,100.0
0.38650306748466257,3681.9,1,1111.62,1163.1,"sS(s=75,S=100)",42,40,75.0,100.0
0.27104795737122556,4088.9,0,1099.1399999999999,1115.1,"sS(s=75,S=100)",42,41,75.0,100.0
0.3310649880911875,4676.7,0,1177.04,1187.6,"sS(s=75,S=100)",42,42,75.0,100.0
0.3587972368955709,3774.6,2,1002.72,1015.2,"sS(s=75,S=100)",42,43,75.0,100.0
0.28651488616462345,3629.8,0,924.02,930.0,"sS(s=75,S=100)",42,44,75.0,100.0
0.32941176470588235,3892.6,0,1096.24,1135.5,"sS(s=75,S=100)",42,45,75.0,100.0
0.28164347249834326,4534.2,0,1474.5,1597.5,"sS(s=75,S=100)",42,46,75.0,100.0
0.29526166902404527,4313.5,1,1195.06,1232.5,"sS(s=75,S=100)",42,47,75.0,100.0
0.3596078431372549,3744.8,0,945.24,967.1,"sS(s=75,S=100)",42,48,75.0,100.0
0.2663786897048236,4150.3,5,1206.8799999999999,1233.6,"sS(s=75,S=100)",42,49,75.0,100.0
0.26261859582542696,4137.5,5,1059.0,1080.9,"sS(s=80,S=85)",42,0,80.0,85.0
0.2093192573716782,3759.5,0,1088.94,1095.5,"sS(s=80,S=85)",42,1,80.0,85.0
0.1826086956521739,4227.1,1,1249.34,1327.9,"sS(s=80,S=85)",42,2,80.0,85.0
0.20510921880784894,4162.0,0,1136.26,1194.2,"sS(s=80,S=85)",42,3,80.0,85.0
0.27035330261136714,3757.5,1,1274.9799999999998,1344.6,"sS(s=80,S=85)",42,4,80.0,85.0
0.2003994673768309,4451.5,2,1275.54,1308.6,"sS(s=80,S=85)",42,5,80.0,85.0
0.3402021772939347,3791.9,1,1216.08,1262.6,"sS(s=80,S=85)",42,6,80.0,85.0
0.22979340340703153,4002.9,1,1249.58,1328.6,"sS(s=80,S=85)",42,7,80.0,85.0
0.25969275786393564,4158.6,1,1243.8,1279.8,"sS(s=80,S=85)",42,8,80.0,85.0
0.1731748726655348,4275.3,0,1148.52,1156.9,"sS(s=80,S=85)",42,9,80.0,85.0
0.27781765972720746,3850.8,2,1126.08,1128.7,"sS(s=80,S=85)",42,10,80.0,85.0
0.19180633147113593,3813.9,0,1220.14,1248.4,"sS(s=80,S=85)",42,11,80.0,85.0
0.2634163451420554,4196.4,0,1200.46,1219.4,"sS(s=80,S=85)",42,12,80.0,85.0
0.19135802469135801,4223.1,2,1206.1399999999999,1264.2,"sS(s=80,S=85)",42,13,80.0,85.0
0.2782874617737003,3942.4,2,1100.68,1174.2,"sS(s=80,S=85)",42,14,80.0,85.0
0.2022792022792023,3900.3,2,1260.06,1347.4,"sS(s=80,S=85)",42,15,80.0,85.0
0.24925261584454408,3981.3,1,1231.8,1298.9,"sS(s=80,S=85)",42,16,80.0,85.0
0.25,4435.5,2,1069.44,1069.8,"sS(s=80,S=85)",42,17,80.0,85.0
0.20869252873563218,4148.3,1,1180.8,1246.1,"sS(s=80,S=85)",42,18,80.0,85.0
0.3099616858237548,3727.0,3,1193.36,1257.7,"sS(s=80,S=85)",42,19,80.0,85.0
0.20722977809591983,4191.8,0,1314.96,1339.1,"sS(s=80,S=85)",42,20,80.0,85.0
0.2400136565380676,4118.9,2,1257.0,1269.6,"sS(s=80,S=85)",42,21,80.0,85.0
0.2351822503961965,4998.6,1,1514.1399999999999,1603.0,"sS(s=80,S=85)",42,22,80.0,85.0
0.29043600562587907,4717.4,3,1309.74,1375.3,"sS(s=80,S=85)",42,23,80.0,85.0
0.14760543245175126,3831.6,1,899.04,900.5,"sS(s=80,S=85)",42,24,80.0,85.0
0.21793973370707778,4102.8,0,1220.32,1258.4,"sS(s=80,S=85)",42,25,80.0,85.0
0.25411061285500747,3976.4,4,1192.2,1221.0,"sS(s=80,S=85)",42,26,80.0,85.0
0.14248280379954142,4448.7,2,1423.32,1488.9,"sS(s=80,S=85)",42,27,80.0,85.0
0.28438228438228436,3572.6,0,978.34,997.0,"sS(s=80,S=85)",42,28,80.0,85.0
0.23252444766388988,3740.4,0,1219.66,1307.9,"sS(s=80,S=85)",42,29,80.0,85.0
0.21133285816108338,3916.3,0,988.28,1008.4,"sS(s=80,S=85)",42,30,80.0,85.0
0.18298881735005082,4610.7,0,1221.46,1227.9,"sS(s=80,S=85)",42,31,80.0,85.0
0.23575498575498577,4010.2,0,979.96,986.1,"sS(s=80,S=85)",42,32,80.0,85.0
0.318616629874908,4056.5,1,1591.2399999999998,1769.1,"sS(s=80,S=85)",42,33,80.0,85.0
0.26392623895505185,3943.9,2,1338.24,1453.9,"sS(s=80,S=85)",42,34,80.0,85.0
0.2743500194024059,3620.6,0,1102.82,1198.2,"sS(s=80,S=85)",42,35,80.0,85.0
0.15311330384484517,4435.1,0,1200.74,1242.4,"sS(s=80,S=85)",42,36,80.0,85.0
0.23869346733668342,4076.7,2,1237.4399999999998,1278.8,"sS(s=80,S=85)",42,37,80.0,85.0
0.2522616562282533,4452.3,0,1392.72,1507.2,"sS(s=80,S=85)",42,38,80.0,85.0
0.3072534637326813,3547.5,0,951.4599999999999,953.3,"sS(s=80,S=85)",42,39,80.0,85.0
0.31403374233128833,3733.6,2,1160.6799999999998,1207.6,"sS(s=80,S=85)",42,40,80.0,85.0
0.2404973357015986,4159.1,0,1073.46,1075.9,"sS(s=80,S=85)",42,41,80.0,85.0
0.27390268798911194,4729.1,0,1195.44,1208.2,"sS(s=80,S=85)",42,42,80.0,85.0
0.23811458756603007,3838.3,2,1026.8999999999999,1043.1,"sS(s=80,S=85)",42,43,80.0,85.0
0.16637478108581435,3756.5,0,1031.22,1065.0,"sS(s=80,S=85)",42,44,80.0,85.0
0.2717267552182163,3990.1,0,1118.4799999999998,1175.1,"sS(s=80,S=85)",42,45,80.0,85.0
0.20675944333996024,4642.3,0,1418.0,1522.0,"sS(s=80,S=85)",42,46,80.0,85.0
0.2256011315417256,4472.7,1,1261.36,1313.5,"sS(s=80,S=85)",42,47,80.0,85.0
0.28980392156862744,3582.8,0,984.7800000000001,986.2,"sS(s=80,S=85)",42,48,80.0,85.0
0.17026637868970482,4196.6,6,1213.8799999999999,1242.6,"sS(s=80,S=85)",42,49,80.0,85.0
0.2853889943074004,4109.0,4,1057.3,1083.4,"sS(s=80,S=90)",42,0,80.0,90.0
0.2428103385511467,3719.0,0,1091.78,1097.5,"sS(s=80,S=90)",42,1,80.0,90.0
0.22156521739130436,4213.5,1,1198.2,1267.7,"sS(s=80,S=90)",42,2,80.0,90.0
0.23843021103295076,4151.5,0,1143.06,1203.2,"sS(s=80,S=90)",42,3,80.0,90.0
0.29377880184331795,3713.1,1,1273.3999999999999,1348.1,"sS(s=80,S=90)",42,4,80.0,90.0
0.22536617842876164,4438.4,2,1275.1399999999999,1306.6,"sS(s=80,S=90)",42,5,80.0,90.0
0.36469673405909797,3764.6,1,1254.28,1309.1,"sS(s=80,S=90)",42,6,80.0,90.0
0.2479159115621602,3951.0,1,1258.7799999999997,1341.1,"sS(s=80,S=90)",42,7,80.0,90.0
0.2948061448427213,4120.6,1,1227.8999999999999,1262.3,"sS(s=80,S=90)",42,8,80.0,90.0
0.20169779286926995,4192.2,0,1160.8200000000002,1176.9,"sS(s=80,S=90)",42,9,80.0,90.0
0.3018664752333094,3786.2,2,1136.3,1139.6,"sS(s=80,S=90)",42,10,80.0,90.0
0.22197392923649906,3774.4,0,1214.62,1242.5,"sS(s=80,S=90)",42,11,80.0,90.0
0.28586460890915466,4208.8,0,1198.76,1215.4,"sS(s=80,S=90)",42,12,80.0,90.0
0.214960058097313,4213.1,2,1188.94,1242.2,"sS(s=80,S=90)",42,13,80.0,90.0
0.3065749235474006,3896.4,2,1089.9,1166.7,"sS(s=80,S=90)",42,14,80.0,90.0
0.24323361823361822,3895.3,3,1231.36,1316.4,"sS(s=80,S=90)",42,15,80.0,90.0
0.2686846038863976,3947.0,1,1221.4,1293.9,"sS(s=80,S=90)",42,16,80.0,90.0
0.2830985915492958,4430.1,2,1063.96,1067.4,"sS(s=80,S=90)",42,17,80.0,90.0
0.24102011494252873,4143.8,1,1191.1999999999998,1263.6,"sS(s=80,S=90)",42,18,80.0,90.0
0.35593869731800765,3669.2,3,1216.44,1288.7,"sS(s=80,S=90)",42,19,80.0,90.0
0.23586256263421618,4165.3,0,1322.4199999999998,1350.1,"sS(s=80,S=90)",42,20,80.0,90.0
0.26220553089791737,4089.9,2,1224.24,1231.3,"sS(s=80,S=90)",42,21,80.0,90.0
0.2554675118858954,4967.0,2,1513.34,1608.0,"sS(s=80,S=90)",42,22,80.0,90.0
0.30520393811533053,4735.5,3,1303.1,1377.2,"sS(s=80,S=90)",42,23,80.0,90.0
0.18012866333095068,3808.2,1,902.96,908.9,"sS(s=80,S=90)",42,24,80.0,90.0
0.2515767344078486,4076.0,0,1259.02,1314.9,"sS(s=80,S=90)",42,25,80.0,90.0
0.27541106128550075,3993.0,4,1188.82,1218.7,"sS(s=80,S=90)",42,26,80.0,90.0
0.15722240419259745,4383.4,2,1401.32,1469.9,"sS(s=80,S=90)",42,27,80.0,90.0
0.3076923076923077,3507.5,0,960.34,973.5,"sS(s=80,S=90)",42,28,80.0,90.0
0.2535313292285404,3707.2,0,1194.1799999999998,1274.1,"sS(s=80,S=90)",42,29,80.0,90.0
0.24625801853171775,3873.8,0,995.64,1018.6,"sS(s=80,S=90)",42,30,80.0,90.0
0.20942053541172484,4592.0,0,1207.8,1208.2,"sS(s=80,S=90)",42,31,80.0,90.0
0.266025641025641,3943.2,0,970.76,978.1,"sS(s=80,S=90)",42,32,80.0,90.0
0.34253127299484915,4046.9,1,1597.0199999999998,1772.1,"sS(s=80,S=90)",42,33,80.0,90.0
0.28428736073761046,3881.1,1,1326.24,1439.9,"sS(s=80,S=90)",42,34,80.0,90.0
0.3061699650756694,3544.3,0,1112.8,1205.2,"sS(s=80,S=90)",42,35,80.0,90.0
0.17522966995576728,4382.6,0,1169.64,1206.9,"sS(s=80,S=90)",42,36,80.0,90.0
0.25843503230437903,4060.7,2,1245.54,1297.8,"sS(s=80,S=90)",42,37,80.0,90.0
0.27383437717466946,4438.3,0,1401.12,1509.2,"sS(s=80,S=90)",42,38,80.0,90.0
0.33007334963325186,3481.2,0,948.64,953.2,"sS(s=80,S=90)",42,39,80.0,90.0
0.3427914110429448,3704.6,2,1177.6799999999998,1230.1,"sS(s=80,S=90)",42,40,80.0,90.0
0.23765541740674956,4166.3,0,1087.4199999999998,1089.1,"sS(s=80,S=90)",42,41,80.0,90.0
0.29703980945899966,4711.0,0,1186.1200000000001,1197.2,"sS(s=80,S=90)",42,42,80.0,90.0
0.2722470540430719,3827.1,2,1014.68,1023.8,"sS(s=80,S=90)",42,43,80.0,90.0
0.21120840630472854,3709.4,0,983.14,1005.9,"sS(s=80,S=90)",42,44,80.0,90.0
0.2876660341555977,3979.6,0,1113.44,1160.5,"sS(s=80,S=90)",42,45,80.0,90.0
0.22498343273691188,4605.2,0,1430.1999999999998,1538.5,"sS(s=80,S=90)",42,46,80.0,90.0
0.2531824611032532,4405.2,1,1240.06,1287.5,"sS(s=80,S=90)",42,47,80.0,90.0
0.31411764705882356,3719.1,0,955.22,975.1,"sS(s=80,S=90)",42,48,80.0,90.0
0.20626349892008639,4194.1,6,1236.28,1252.6,"sS(s=80,S=90)",42,49,80.0,90.0
0.31385199240986716,4113.3,4,1079.64,1118.7,"sS(s=80,S=95)",42,0,80.0,95.0
0.273753185293047,3676.1,0,1095.88,1099.5,"sS(s=80,S=95)",42,1,80.0,95.0
0.2417391304347826,4215.0,1,1188.6,1258.5,"sS(s=80,S=95)",42,2,80.0,95.0
0.27508330248056273,4183.4,0,1125.86,1182.2,"sS(s=80,S=95)",42,3,80.0,95.0
0.3210445468509985,3677.3,0,1247.1,1320.1,"sS(s=80,S=95)",42,4,80.0,95.0
0.25499334221038616,4455.1,2,1298.82,1334.7,"sS(s=80,S=95)",42,5,80.0,95.0
0.3701399688958009,3794.9,1,1299.9399999999998,1365.6,"sS(s=80,S=95)",42,6,80.0,95.0
0.2653135193910837,3896.4,1,1267.9799999999998,1353.6,"sS(s=80,S=95)",42,7,80.0,95.0
0.32114118507681055,3999.9,1,1164.44,1173.8,"sS(s=80,S=95)",42,8,80.0,95.0
0.23056027164685908,4116.2,0,1170.96,1196.9,"sS(s=80,S=95)",42,9,80.0,95.0
0.3180186647523331,3719.7,2,1126.1,1130.6,"sS(s=80,S=95)",42,10,80.0,95.0
0.24804469273743016,3734.9,0,1209.82,1237.5,"sS(s=80,S=95)",42,11,80.0,95.0
0.312872676253946,4189.6,0,1198.08,1213.5,"sS(s=80,S=95)",42,12,80.0,95.0
0.23674655047204066,4199.4,2,1196.1399999999999,1257.2,"sS(s=80,S=95)",42,13,80.0,95.0
0.32951070336391436,3855.4,2,1080.96,1159.2,"sS(s=80,S=95)",42,14,80.0,95.0
0.2571225071225071,3792.1,2,1253.86,1362.4,"sS(s=80,S=95)",42,15,80.0,95.0
0.28736920777279523,3920.0,1,1231.8,1314.9,"sS(s=80,S=95)",42,16,80.0,95.0
0.3200704225352113,4428.6,1,1046.0600000000002,1055.9,"sS(s=80,S=95)",42,17,80.0,95.0
0.26113505747126436,4152.1,1,1174.48,1243.9,"sS(s=80,S=95)",42,18,80.0,95.0
0.3789272030651341,3634.2,2,1256.94,1341.7,"sS(s=80,S=95)",42,19,80.0,95.0
0.2534001431639227,4125.5,0,1330.22,1359.5,"sS(s=80,S=95)",42,20,80.0,95.0
0.2826903379993172,4088.5,2,1183.1799999999998,1187.6,"sS(s=80,S=95)",42,21,80.0,95.0
0.26782884310618066,4908.7,1,1512.54,1613.0,"sS(s=80,S=95)",42,22,80.0,95.0
0.3263009845288326,4752.5,3,1307.7,1380.2,"sS(s=80,S=95)",42,23,80.0,95.0
0.21622587562544673,3819.4,1,939.84,958.5,"sS(s=80,S=95)",42,24,80.0,95.0
0.28065872459705676,4073.9,0,1276.92,1345.4,"sS(s=80,S=95)",42,25,80.0,95.0
0.2982062780269058,3980.7,4,1230.7399999999998,1274.6,"sS(s=80,S=95)",42,26,80.0,95.0
0.17490992466426467,4322.3,2,1380.7,1444.9,"sS(s=80,S=95)",42,27,80.0,95.0
0.32672882672882675,3452.9,0,946.02,956.7,"sS(s=80,S=95)",42,28,80.0,95.0
0.28250633828323074,3687.2,0,1174.7799999999997,1246.1,"sS(s=80,S=95)",42,29,80.0,95.0
0.2815395580898076,3820.3,0,1001.2399999999999,1026.6,"sS(s=80,S=95)",42,30,80.0,95.0
0.2317858353100644,4571.3,0,1204.3600000000001,1206.2,"sS(s=80,S=95)",42,31,80.0,95.0
0.2952279202279202,3893.5,0,962.94,972.5,"sS(s=80,S=95)",42,32,80.0,95.0
0.36644591611479027,4078.1,1,1602.4199999999998,1774.1,"sS(s=80,S=95)",42,33,80.0,95.0
0.3096427199385325,3852.1,1,1328.6,1443.2,"sS(s=80,S=95)",42,34,80.0,95.0
0.3441986806363989,3471.2,0,1124.02,1212.2,"sS(s=80,S=95)",42,35,80.0,95.0
0.20040830214358626,4339.0,1,1142.6599999999999,1177.8,"sS(s=80,S=95)",42,36,80.0,95.0
0.2814070351758794,4054.6,2,1254.4199999999998,1316.8,"sS(s=80,S=95)",42,37,80.0,95.0
0.29471120389700767,4433.8,0,1404.52,1509.2,"sS(s=80,S=95)",42,38,80.0,95.0
0.35207823960880197,3393.3,0,979.54,997.2,"sS(s=80,S=95)",42,39,80.0,95.0
0.3715490797546012,3659.0,1,1153.52,1208.6,"sS(s=80,S=95)",42,40,80.0,95.0
0.2536412078152753,4123.8,0,1089.88,1097.7,"sS(s=80,S=95)",42,41,80.0,95.0
0.31405239877509356,4691.7,0,1177.34,1188.6,"sS(s=80,S=95)",42,42,80.0,95.0
0.31288094270621697,3781.9,2,995.02,996.7,"sS(s=80,S=95)",42,43,80.0,95.0
0.2521891418563923,3663.4,0,945.54,957.9,"sS(s=80,S=95)",42,44,80.0,95.0
0.30853889943074003,3936.1,0,1104.84,1148.0,"sS(s=80,S=95)",42,45,80.0,95.0
0.2551358515573227,4568.7,0,1454.3999999999999,1570.0,"sS(s=80,S=95)",42,46,80.0,95.0
0.27793493635077793,4341.8,1,1212.36,1253.5,"sS(s=80,S=95)",42,47,80.0,95.0
0.3396078431372549,3779.0,0,945.82,971.1,"sS(s=80,S=95)",42,48,80.0,95.0
0.2357811375089993,4165.3,5,1221.08,1240.6,"sS(s=80,S=95)",42,49,80.0,95.0
0.3366223908918406,4075.7,4,1070.98,1110.0,"sS(s=80,S=100)",42,0,80.0,100.0
0.2999635966508919,3663.9,0,1090.6200000000001,1093.9,"sS(s=80,S=100)",42,1,80.0,100.0
0.26260869565217393,4221.0,1,1190.3999999999999,1256.0,"sS(s=80,S=100)",42,2,80.0,100.0
0.30248056275453533,4177.3,0,1114.9,1167.2,"sS(s=80,S=100)",42,3,80.0,100.0
0.3402457757296467,3659.8,0,1211.1999999999998,1283.6,"sS(s=80,S=100)",42,4,80.0,100.0
0.2822902796271638,4469.1,2,1332.82,1375.7,"sS(s=80,S=100)",42,5,80.0,100.0
0.38413685847589424,3799.1,0,1317.12,1390.1,"sS(s=80,S=100)",42,6,80.0,100.0
0.30300833635375135,3830.1,1,1262.7799999999997,1348.1,"sS(s=80,S=100)",42,7,80.0,100.0
0.35003657644476954,4009.9,1,1180.34,1207.8,"sS(s=80,S=100)",42,8,80.0,100.0
0.25942275042444823,4056.2,0,1201.02,1238.3,"sS(s=80,S=100)",42,9,80.0,100.0
0.33955491744436467,3639.7,1,1128.6,1138.1,"sS(s=80,S=100)",42,10,80.0,100.0
0.27262569832402234,3746.7,0,1219.6399999999999,1249.8,"sS(s=80,S=100)",42,11,80.0,100.0
0.33532094002104523,4183.5,0,1193.28,1199.1,"sS(s=80,S=100)",42,12,80.0,100.0
0.25054466230936817,4198.0,2,1174.12,1230.6,"sS(s=80,S=100)",42,13,80.0,100.0
0.32186544342507645,3757.7,2,1087.86,1167.7,"sS(s=80,S=100)",42,14,80.0,100.0
0.28454415954415957,3758.0,2,1250.7799999999997,1368.6,"sS(s=80,S=100)",42,15,80.0,100.0
0.28139013452914796,3848.3,1,1200.2599999999998,1290.1,"sS(s=80,S=100)",42,16,80.0,100.0
0.351056338028169,4424.5,2,1045.98,1054.4,"sS(s=80,S=100)",42,17,80.0,100.0
0.2880747126436782,4155.7,1,1222.1,1307.9,"sS(s=80,S=100)",42,18,80.0,100.0
0.4019157088122605,3588.8,2,1254.58,1342.7,"sS(s=80,S=100)",42,19,80.0,100.0
0.2791696492483894,4107.6,0,1348.56,1385.0,"sS(s=80,S=100)",42,20,80.0,100.0
0.3093205872311369,4134.5,2,1146.22,1154.0,"sS(s=80,S=100)",42,21,80.0,100.0
0.27892234548335976,4880.2,1,1536.12,1644.0,"sS(s=80,S=100)",42,22,80.0,100.0
0.34739803094233473,4735.5,3,1312.0,1383.2,"sS(s=80,S=100)",42,23,80.0,100.0
0.2562544674767691,3792.9,0,932.64,957.5,"sS(s=80,S=100)",42,24,80.0,100.0
0.3037841625788367,4055.2,0,1268.38,1341.9,"sS(s=80,S=100)",42,25,80.0,100.0
0.3180119581464873,3970.5,3,1236.22,1287.9,"sS(s=80,S=100)",42,26,80.0,100.0
0.19751064526695053,4258.7,2,1370.2,1434.9,"sS(s=80,S=100)",42,27,80.0,100.0
0.35003885003885005,3407.4,0,926.02,933.7,"sS(s=80,S=100)",42,28,80.0,100.0
0.3009779065555958,3644.8,0,1135.98,1192.4,"sS(s=80,S=100)",42,29,80.0,100.0
0.3136136849607983,3746.6,0,1007.1599999999999,1034.6,"sS(s=80,S=100)",42,30,80.0,100.0
0.2521179261267367,4556.8,0,1204.56,1208.2,"sS(s=80,S=100)",42,31,80.0,100.0
0.32015669515669515,3836.0,0,960.64,976.5,"sS(s=80,S=100)",42,32,80.0,100.0
0.3922001471670346,4083.1,1,1607.8199999999997,1776.1,"sS(s=80,S=100)",42,33,80.0,100.0
0.3273146369573569,3802.8,1,1306.0,1415.7,"sS(s=80,S=100)",42,34,80.0,100.0
0.3791230112533954,3387.7,0,1134.52,1219.2,"sS(s=80,S=100)",42,35,80.0,100.0
0.2306907111262334,4271.2,0,1113.92,1146.5,"sS(s=80,S=100)",42,36,80.0,100.0
0.3065326633165829,4088.5,3,1260.6999999999998,1335.8,"sS(s=80,S=100)",42,37,80.0,100.0
0.31558803061934587,4385.3,0,1372.72,1465.2,"sS(s=80,S=100)",42,38,80.0,100.0
0.38467807660961695,3398.2,0,1019.8199999999999,1039.5,"sS(s=80,S=100)",42,39,80.0,100.0
0.38650306748466257,3681.9,1,1111.62,1163.1,"sS(s=80,S=100)",42,40,80.0,100.0
0.27104795737122556,4088.9,0,1099.1399999999999,1115.1,"sS(s=80,S=100)",42,41,80.0,100.0
0.3310649880911875,4676.7,0,1177.04,1187.6,"sS(s=80,S=100)",42,42,80.0,100.0
0.3587972368955709,3753.6,2,1002.72,1015.2,"sS(s=80,S=100)",42,43,80.0,100.0
0.28651488616462345,3629.8,0,924.02,930.0,"sS(s=80,S=100)",42,44,80.0,100.0
0.32941176470588235,3892.6,0,1096.24,1135.5,"sS(s=80,S=100)",42,45,80.0,100.0
0.28164347249834326,4534.2,0,1474.5,1597.5,"sS(s=80,S=100)",42,46,80.0,100.0
0.29526166902404527,4313.5,1,1195.06,1232.5,"sS(s=80,S=100)",42,47,80.0,100.0
0.3596078431372549,3744.8,0,945.24,967.1,"sS(s=80,S=100)",42,48,80.0,100.0
0.2663786897048236,4150.3,5,1206.8799999999999,1233.6,"sS(s=80,S=100)",42,49,80.0,100.0
0.2853889943074004,4109.0,4,1057.3,1083.4,"sS(s=85,S=90)",42,0,85.0,90.0
0.2428103385511467,3719.0,0,1091.78,1097.5,"sS(s=85,S=90)",42,1,85.0,90.0
0.22156521739130436,4213.5,1,1198.2,1267.7,"sS(s=85,S=90)",42,2,85.0,90.0
0.23843021103295076,4151.5,0,1143.06,1203.2,"sS(s=85,S=90)",42,3,85.0,90.0
0.2991551459293395,3721.5,1,1273.6799999999998,1348.1,"sS(s=85,S=90)",42,4,85.0,90.0
0.22536617842876164,4438.4,2,1275.1399999999999,1306.6,"sS(s=85,S=90)",42,5,85.0,90.0
0.3619751166407465,3770.9,1,1259.8799999999999,1316.1,"sS(s=85,S=90)",42,6,85.0,90.0
0.2479159115621602,3951.0,1,1258.7799999999997,1341.1,"sS(s=85,S=90)",42,7,85.0,90.0
0.2948061448427213,4120.6,1,1227.8999999999999,1262.3,"sS(s=85,S=90)",42,8,85.0,90.0
0.20169779286926995,4192.2,0,1160.8200000000002,1176.9,"sS(s=85,S=90)",42,9,85.0,90.0
0.3018664752333094,3786.2,2,1136.3,1139.6,"sS(s=85,S=90)",42,10,85.0,90.0
0.22197392923649906,3774.4,0,1214.62,1242.5,"sS(s=85,S=90)",42,11,85.0,90.0
0.28796913363732024,4197.4,0,1198.76,1215.4,"sS(s=85,S=90)",42,12,85.0,90.0
0.214960058097313,4205.1,2,1192.1399999999999,1250.2,"sS(s=85,S=90)",42,13,85.0,90.0
0.3065749235474006,3896.4,2,1089.9,1166.7,"sS(s=85,S=90)",42,14,85.0,90.0
0.24323361823361822,3889.3,3,1232.56,1316.4,"sS(s=85,S=90)",42,15,85.0,90.0
0.2686846038863976,3947.0,1,1221.4,1293.9,"sS(s=85,S=90)",42,16,85.0,90.0
0.2830985915492958,4425.1,2,1059.96,1062.4,"sS(s=85,S=90)",42,17,85.0,90.0
0.24102011494252873,4138.8,1,1190.1999999999998,1263.6,"sS(s=85,S=90)",42,18,85.0,90.0
0.35593869731800765,3669.2,3,1216.44,1288.7,"sS(s=85,S=90)",42,19,85.0,90.0
0.23586256263421618,4165.3,0,1322.4199999999998,1350.1,"sS(s=85,S=90)",42,20,85.0,90.0
0.26220553089791737,4089.9,2,1224.24,1231.3,"sS(s=85,S=90)",42,21,85.0,90.0
0.2554675118858954,4962.0,2,1513.34,1608.0,"sS(s=85,S=90)",42,22,85.0,90.0
0.30520393811533053,4735.5,3,1303.1,1377.2,"sS(s=85,S=90)",42,23,85.0,90.0
0.18012866333095068,3808.2,1,902.96,908.9,"sS(s=85,S=90)",42,24,85.0,90.0
0.2515767344078486,4067.0,0,1259.02,1314.9,"sS(s=85,S=90)",42,25,85.0,90.0
0.27541106128550075,3998.0,4,1188.82,1218.7,"sS(s=85,S=90)",42,26,85.0,90.0
0.15722240419259745,4383.4,2,1401.32,1469.9,"sS(s=85,S=90)",42,27,85.0,90.0
0.3076923076923077,3507.5,0,960.34,973.5,"sS(s=85,S=90)",42,28,85.0,90.0
0.2535313292285404,3707.2,0,1194.1799999999998,1274.1,"sS(s=85,S=90)",42,29,85.0,90.0
0.24625801853171775,3864.8,0,995.64,1018.6,"sS(s=85,S=90)",42,30,85.0,90.0
0.20670958996950187,4575.2,0,1202.76,1205.4,"sS(s=85,S=90)",42,31,85.0,90.0
0.266025641025641,3943.2,0,970.76,978.1,"sS(s=85,S=90)",42,32,85.0,90.0
0.34253127299484915,4046.9,1,1597.0199999999998,1772.1,"sS(s=85,S=90)",42,33,85.0,90.0
0.28428736073761046,3881.1,1,1326.24,1439.9,"sS(s=85,S=90)",42,34,85.0,90.0
0.3061699650756694,3544.3,0,1112.8,1205.2,"sS(s=85,S=90)",42,35,85.0,90.0
0.17522966995576728,4382.6,0,1169.64,1206.9,"sS(s=85,S=90)",42,36,85.0,90.0
0.25843503230437903,4060.7,2,1245.54,1297.8,"sS(s=85,S=90)",42,37,85.0,90.0
0.27383437717466946,4430.3,0,1389.9199999999998,1493.2,"sS(s=85,S=90)",42,38,85.0,90.0
0.33007334963325186,3481.2,0,948.64,953.2,"sS(s=85,S=90)",42,39,85.0,90.0
0.3427914110429448,3704.6,2,1177.6799999999998,1230.1,"sS(s=85,S=90)",42,40,85.0,90.0
0.24404973357015985,4128.7,0,1079.3400000000001,1080.7,"sS(s=85,S=90)",42,41,85.0,90.0
0.29703980945899966,4711.0,0,1186.1200000000001,1197.2,"sS(s=85,S=90)",42,42,85.0,90.0
0.2722470540430719,3827.1,2,1014.68,1023.8,"sS(s=85,S=90)",42,43,85.0,90.0
0.21120840630472854,3702.3,0,984.74,1007.9,"sS(s=85,S=90)",42,44,85.0,90.0
0.2876660341555977,3979.6,0,1113.44,1160.5,"sS(s=85,S=90)",42,45,85.0,90.0
0.2299536116633532,4606.7,0,1434.1999999999998,1543.5,"sS(s=85,S=90)",42,46,85.0,90.0
0.2531824611032532,4405.2,1,1240.06,1287.5,"sS(s=85,S=90)",42,47,85.0,90.0
0.31411764705882356,3710.1,0,955.22,975.1,"sS(s=85,S=90)",42,48,85.0,90.0
0.20626349892008639,4183.1,6,1224.6799999999998,1240.6,"sS(s=85,S=90)",42,49,85.0,90.0
0.3096774193548387,4091.1,4,1064.08,1096.5,"sS(s=85,S=95)",42,0,85.0,95.0
0.273753185293047,3691.5,0,1095.88,1099.5,"sS(s=85,S=95)",42,1,85.0,95.0
0.2417391304347826,4215.0,1,1188.6,1258.5,"sS(s=85,S=95)",42,2,85.0,95.0
0.27508330248056273,4160.4,0,1136.26,1195.2,"sS(s=85,S=95)",42,3,85.0,95.0
0.3210445468509985,3677.3,0,1247.1,1320.1,"sS(s=85,S=95)",42,4,85.0,95.0
0.25499334221038616,4455.1,2,1298.82,1334.7,"sS(s=85,S=95)",42,5,85.0,95.0
0.3701399688958009,3794.9,1,1299.9399999999998,1365.6,"sS(s=85,S=95)",42,6,85.0,95.0
0.27038782167451975,3883.8,1,1267.9799999999998,1353.6,"sS(s=85,S=95)",42,7,85.0,95.0
0.32991953182150696,4033.1,1,1198.3999999999999,1227.8,"sS(s=85,S=95)",42,8,85.0,95.0
0.23056027164685908,4116.2,0,1170.96,1196.9,"sS(s=85,S=95)",42,9,85.0,95.0
0.32160804020100503,3710.7,2,1128.1,1130.6,"sS(s=85,S=95)",42,10,85.0,95.0
0.24804469273743016,3734.9,0,1209.82,1237.5,"sS(s=85,S=95)",42,11,85.0,95.0
0.312872676253946,4189.6,0,1198.08,1213.5,"sS(s=85,S=95)",42,12,85.0,95.0
0.23674655047204066,4199.4,2,1196.1399999999999,1257.2,"sS(s=85,S=95)",42,13,85.0,95.0
0.32951070336391436,3855.4,2,1080.96,1159.2,"sS(s=85,S=95)",42,14,85.0,95.0
0.2571225071225071,3792.1,2,1253.86,1362.4,"sS(s=85,S=95)",42,15,85.0,95.0
0.28736920777279523,3907.0,1,1211.0,1288.9,"sS(s=85,S=95)",42,16,85.0,95.0
0.3200704225352113,4414.6,1,1048.8600000000001,1055.9,"sS(s=85,S=95)",42,17,85.0,95.0
0.26544540229885055,4137.5,1,1201.2399999999998,1281.1,"sS(s=85,S=95)",42,18,85.0,95.0
0.3789272030651341,3623.2,2,1239.34,1319.7,"sS(s=85,S=95)",42,19,85.0,95.0
0.2534001431639227,4125.5,0,1330.22,1359.5,"sS(s=85,S=95)",42,20,85.0,95.0
0.2826903379993172,4088.5,2,1183.1799999999998,1187.6,"sS(s=85,S=95)",42,21,85.0,95.0
0.26782884310618066,4908.7,1,1512.54,1613.0,"sS(s=85,S=95)",42,22,85.0,95.0
0.3263009845288326,4738.5,3,1306.4,1380.2,"sS(s=85,S=95)",42,23,85.0,95.0
0.21622587562544673,3807.4,1,920.64,934.5,"sS(s=85,S=95)",42,24,85.0,95.0
0.28065872459705676,4073.9,0,1276.92,1345.4,"sS(s=85,S=95)",42,25,85.0,95.0
0.2982062780269058,3981.8,4,1205.22,1242.7,"sS(s=85,S=95)",42,26,85.0,95.0
0.17490992466426467,4322.3,2,1380.7,1444.9,"sS(s=85,S=95)",42,27,85.0,95.0
0.331002331002331,3455.1,0,946.02,956.7,"sS(s=85,S=95)",42,28,85.0,95.0
0.28250633828323074,3673.2,0,1171.9799999999998,1246.1,"sS(s=85,S=95)",42,29,85.0,95.0
0.2815395580898076,3820.3,0,1001.2399999999999,1026.6,"sS(s=85,S=95)",42,30,85.0,95.0
0.2317858353100644,4571.3,0,1204.3600000000001,1206.2,"sS(s=85,S=95)",42,31,85.0,95.0
0.2952279202279202,3893.5,0,962.94,972.5,"sS(s=85,S=95)",42,32,85.0,95.0
0.36644591611479027,4068.1,1,1602.4199999999998,1774.1,"sS(s=85,S=95)",42,33,85.0,95.0
0.3096427199385325,3838.1,1,1317.3999999999999,1429.2,"sS(s=85,S=95)",42,34,85.0,95.0
0.3441986806363989,3457.2,0,1124.02,1212.2,"sS(s=85,S=95)",42,35,85.0,95.0
0.20040830214358626,4327.0,1,1142.6599999999999,1177.8,"sS(s=85,S=95)",42,36,85.0,95.0
0.2814070351758794,4054.6,2,1254.4199999999998,1316.8,"sS(s=85,S=95)",42,37,85.0,95.0
0.29471120389700767,4409.8,0,1385.32,1485.2,"sS(s=85,S=95)",42,38,85.0,95.0
0.35207823960880197,3418.3,0,982.14,997.2,"sS(s=85,S=95)",42,39,85.0,95.0
0.3715490797546012,3659.0,1,1153.52,1208.6,"sS(s=85,S=95)",42,40,85.0,95.0
0.2536412078152753,4123.8,0,1089.88,1097.7,"sS(s=85,S=95)",42,41,85.0,95.0
0.31405239877509356,4691.7,0,1177.34,1188.6,"sS(s=85,S=95)",42,42,85.0,95.0
0.31288094270621697,3781.9,2,995.02,996.7,"sS(s=85,S=95)",42,43,85.0,95.0
0.2521891418563923,3663.4,0,945.54,957.9,"sS(s=85,S=95)",42,44,85.0,95.0
0.30853889943074003,3936.1,0,1104.84,1148.0,"sS(s=85,S=95)",42,45,85.0,95.0
0.2551358515573227,4568.7,0,1454.3999999999999,1570.0,"sS(s=85,S=95)",42,46,85.0,95.0
0.27793493635077793,4341.8,1,1212.36,1253.5,"sS(s=85,S=95)",42,47,85.0,95.0
0.3396078431372549,3779.0,0,945.82,971.1,"sS(s=85,S=95)",42,48,85.0,95.0
0.2357811375089993,4165.3,5,1221.08,1240.6,"sS(s=85,S=95)",42,49,85.0,95.0
0.3366223908918406,4075.7,4,1070.98,1110.0,"sS(s=85,S=100)",42,0,85.0,100.0
0.2999635966508919,3663.9,0,1090.6200000000001,1093.9,"sS(s=85,S=100)",42,1,85.0,100.0
0.26260869565217393,4221.0,1,1190.3999999999999,1256.0,"sS(s=85,S=100)",42,2,85.0,100.0
0.30248056275453533,4177.3,0,1114.9,1167.2,"sS(s=85,S=100)",42,3,85.0,100.0
0.3402457757296467,3659.8,0,1211.1999999999998,1283.6,"sS(s=85,S=100)",42,4,85.0,100.0
0.2822902796271638,4469.1,2,1332.82,1375.7,"sS(s=85,S=100)",42,5,85.0,100.0
0.38413685847589424,3799.1,0,1317.12,1390.1,"sS(s=85,S=100)",42,6,85.0,100.0
0.30300833635375135,3830.1,1,1262.7799999999997,1348.1,"sS(s=85,S=100)",42,7,85.0,100.0
0.35003657644476954,4009.9,1,1180.34,1207.8,"sS(s=85,S=100)",42,8,85.0,100.0
0.2614601018675722,4046.8,0,1180.7,1212.9,"sS(s=85,S=100)",42,9,85.0,100.0
0.33955491744436467,3639.7,1,1128.6,1138.1,"sS(s=85,S=100)",42,10,85.0,100.0
0.27262569832402234,3746.7,0,1219.6399999999999,1249.8,"sS(s=85,S=100)",42,11,85.0,100.0
0.33567169414240616,4177.6,0,1203.88,1220.0,"sS(s=85,S=100)",42,12,85.0,100.0
0.25054466230936817,4198.0,2,1174.12,1230.6,"sS(s=85,S=100)",42,13,85.0,100.0
0.32186544342507645,3741.7,2,1075.06,1151.7,"sS(s=85,S=100)",42,14,85.0,100.0
0.28454415954415957,3758.0,2,1250.7799999999997,1368.6,"sS(s=85,S=100)",42,15,85.0,100.0
0.28139013452914796,3848.3,1,1200.2599999999998,1290.1,"sS(s=85,S=100)",42,16,85.0,100.0
0.351056338028169,4424.5,2,1045.98,1054.4,"sS(s=85,S=100)",42,17,85.0,100.0
0.2880747126436782,4137.7,1,1218.5,1307.9,"sS(s=85,S=100)",42,18,85.0,100.0
0.4019157088122605,3588.8,2,1254.58,1342.7,"sS(s=85,S=100)",42,19,85.0,100.0
0.28990694345025053,4110.6,0,1337.76,1371.5,"sS(s=85,S=100)",42,20,85.0,100.0
0.3093205872311369,4134.5,2,1146.22,1154.0,"sS(s=85,S=100)",42,21,85.0,100.0
0.27892234548335976,4880.2,1,1536.12,1644.0,"sS(s=85,S=100)",42,22,85.0,100.0
0.34739803094233473,4735.5,3,1312.0,1383.2,"sS(s=85,S=100)",42,23,85.0,100.0
0.2562544674767691,3774.9,0,936.24,957.5,"sS(s=85,S=100)",42,24,85.0,100.0
0.3037841625788367,4055.2,0,1268.38,1341.9,"sS(s=85,S=100)",42,25,85.0,100.0
0.3180119581464873,3970.5,3,1236.22,1287.9,"sS(s=85,S=100)",42,26,85.0,100.0
0.19751064526695053,4258.7,2,1370.2,1434.9,"sS(s=85,S=100)",42,27,85.0,100.0
0.35003885003885005,3407.4,0,926.02,933.7,"sS(s=85,S=100)",42,28,85.0,100.0
0.30677290836653387,3646.4,0,1145.9,1208.4,"sS(s=85,S=100)",42,29,85.0,100.0
0.3136136849607983,3746.6,0,1007.1599999999999,1034.6,"sS(s=85,S=100)",42,30,85.0,100.0
0.2521179261267367,4556.8,0,1204.56,1208.2,"sS(s=85,S=100)",42,31,85.0,100.0
0.32015669515669515,3847.0,0,960.64,976.5,"sS(s=85,S=100)",42,32,85.0,100.0
0.3922001471670346,4083.1,1,1607.8199999999997,1776.1,"sS(s=85,S=100)",42,33,85.0,100.0
0.3346139070303496,3815.6,1,1298.0,1405.7,"sS(s=85,S=100)",42,34,85.0,100.0
0.3791230112533954,3387.7,0,1134.52,1219.2,"sS(s=85,S=100)",42,35,85.0,100.0
0.2306907111262334,4271.2,0,1113.92,1146.5,"sS(s=85,S=100)",42,36,85.0,100.0
0.3065326633165829,4059.5,2,1263.82,1335.8,"sS(s=85,S=100)",42,37,85.0,100.0
0.31558803061934587,4385.3,0,1372.72,1465.2,"sS(s=85,S=100)",42,38,85.0,100.0
0.38467807660961695,3398.2,0,1019.8199999999999,1039.5,"sS(s=85,S=100)",42,39,85.0,100.0
0.4003067484662577,3622.5,1,1126.02,1181.1,"sS(s=85,S=100)",42,40,85.0,100.0
0.27104795737122556,4088.9,0,1099.1399999999999,1115.1,"sS(s=85,S=100)",42,41,85.0,100.0
0.3310649880911875,4676.7,0,1177.04,1187.6,"sS(s=85,S=100)",42,42,85.0,100.0
0.3587972368955709,3753.6,2,1002.72,1015.2,"sS(s=85,S=100)",42,43,85.0,100.0
0.28651488616462345,3629.8,0,924.02,930.0,"sS(s=85,S=100)",42,44,85.0,100.0
0.32941176470588235,3892.6,0,1096.24,1135.5,"sS(s=85,S=100)",42,45,85.0,100.0
0.28164347249834326,4534.2,0,1474.5,1597.5,"sS(s=85,S=100)",42,46,85.0,100.0
0.29526166902404527,4313.5,1,1195.06,1232.5,"sS(s=85,S=100)",42,47,85.0,100.0
0.3596078431372549,3744.8,0,945.24,967.1,"sS(s=85,S=100)",42,48,85.0,100.0
0.2663786897048236,4150.3,5,1206.8799999999999,1233.6,"sS(s=85,S=100)",42,49,85.0,100.0
0.3096774193548387,4091.1,4,1064.08,1096.5,"sS(s=90,S=95)",42,0,90.0,95.0
0.273753185293047,3691.5,0,1095.88,1099.5,"sS(s=90,S=95)",42,1,90.0,95.0
0.2417391304347826,4215.0,1,1188.6,1258.5,"sS(s=90,S=95)",42,2,90.0,95.0
0.27508330248056273,4160.4,0,1136.26,1195.2,"sS(s=90,S=95)",42,3,90.0,95.0
0.3210445468509985,3677.3,0,1247.1,1320.1,"sS(s=90,S=95)",42,4,90.0,95.0
0.25499334221038616,4455.1,2,1298.82,1334.7,"sS(s=90,S=95)",42,5,90.0,95.0
0.3701399688958009,3794.9,1,1299.9399999999998,1365.6,"sS(s=90,S=95)",42,6,90.0,95.0
0.27038782167451975,3883.8,1,1267.9799999999998,1353.6,"sS(s=90,S=95)",42,7,90.0,95.0
0.32991953182150696,4033.1,1,1198.3999999999999,1227.8,"sS(s=90,S=95)",42,8,90.0,95.0
0.23056027164685908,4116.2,0,1170.96,1196.9,"sS(s=90,S=95)",42,9,90.0,95.0
0.32160804020100503,3710.7,2,1128.1,1130.6,"sS(s=90,S=95)",42,10,90.0,95.0
0.24804469273743016,3734.9,0,1209.82,1237.5,"sS(s=90,S=95)",42,11,90.0,95.0
0.312872676253946,4189.6,0,1198.08,1213.5,"sS(s=90,S=95)",42,12,90.0,95.0
0.23674655047204066,4190.4,2,1181.74,1239.2,"sS(s=90,S=95)",42,13,90.0,95.0
0.32951070336391436,3855.4,2,1080.96,1159.2,"sS(s=90,S=95)",42,14,90.0,95.0
0.2656695156695157,3811.1,2,1240.34,1346.2,"sS(s=90,S=95)",42,15,90.0,95.0
0.28736920777279523,3907.0,1,1211.0,1288.9,"sS(s=90,S=95)",42,16,90.0,95.0
0.3200704225352113,4414.6,1,1048.8600000000001,1055.9,"sS(s=90,S=95)",42,17,90.0,95.0
0.26544540229885055,4131.5,1,1200.04,1281.1,"sS(s=90,S=95)",42,18,90.0,95.0
0.3789272030651341,3623.2,2,1239.34,1319.7,"sS(s=90,S=95)",42,19,90.0,95.0
0.26449534717251255,4140.8,0,1329.52,1361.1,"sS(s=90,S=95)",42,20,90.0,95.0
0.2826903379993172,4088.5,2,1183.1799999999998,1187.6,"sS(s=90,S=95)",42,21,90.0,95.0
0.26782884310618066,4908.7,1,1512.54,1613.0,"sS(s=90,S=95)",42,22,90.0,95.0
0.3263009845288326,4738.5,3,1306.4,1380.2,"sS(s=90,S=95)",42,23,90.0,95.0
0.21622587562544673,3800.4,1,915.04,927.5,"sS(s=90,S=95)",42,24,90.0,95.0
0.28065872459705676,4073.9,0,1276.92,1345.4,"sS(s=90,S=95)",42,25,90.0,95.0
0.2982062780269058,3981.8,4,1205.22,1242.7,"sS(s=90,S=95)",42,26,90.0,95.0
0.17490992466426467,4316.3,2,1383.1000000000001,1450.9,"sS(s=90,S=95)",42,27,90.0,95.0
0.331002331002331,3455.1,0,946.02,956.7,"sS(s=90,S=95)",42,28,90.0,95.0
0.2843172763491489,3673.2,0,1171.1799999999998,1246.1,"sS(s=90,S=95)",42,29,90.0,95.0
0.2815395580898076,3820.3,0,1001.2399999999999,1026.6,"sS(s=90,S=95)",42,30,90.0,95.0
0.2304303625889529,4564.1,0,1200.28,1201.8,"sS(s=90,S=95)",42,31,90.0,95.0
0.2952279202279202,3893.5,0,962.94,972.5,"sS(s=90,S=95)",42,32,90.0,95.0
0.36644591611479027,4068.1,1,1602.4199999999998,1774.1,"sS(s=90,S=95)",42,33,90.0,95.0
0.3096427199385325,3832.1,1,1312.6,1423.2,"sS(s=90,S=95)",42,34,90.0,95.0
0.3441986806363989,3457.2,0,1124.02,1212.2,"sS(s=90,S=95)",42,35,90.0,95.0
0.20040830214358626,4327.0,1,1142.6599999999999,1177.8,"sS(s=90,S=95)",42,36,90.0,95.0
0.2814070351758794,4054.6,2,1254.4199999999998,1316.8,"sS(s=90,S=95)",42,37,90.0,95.0
0.29471120389700767,4409.8,0,1385.32,1485.2,"sS(s=90,S=95)",42,38,90.0,95.0
0.35207823960880197,3418.3,0,982.14,997.2,"sS(s=90,S=95)",42,39,90.0,95.0
0.3715490797546012,3659.0,1,1153.52,1208.6,"sS(s=90,S=95)",42,40,90.0,95.0
0.2536412078152753,4123.8,0,1089.88,1097.7,"sS(s=90,S=95)",42,41,90.0,95.0
0.31405239877509356,4691.7,0,1177.34,1188.6,"sS(s=90,S=95)",42,42,90.0,95.0
0.31288094270621697,3781.9,2,995.02,996.7,"sS(s=90,S=95)",42,43,90.0,95.0
0.2521891418563923,3663.4,0,945.54,957.9,"sS(s=90,S=95)",42,44,90.0,95.0
0.30853889943074003,3936.1,0,1104.84,1148.0,"sS(s=90,S=95)",42,45,90.0,95.0
0.2551358515573227,4568.7,0,1454.3999999999999,1570.0,"sS(s=90,S=95)",42,46,90.0,95.0
0.27793493635077793,4341.8,1,1212.36,1253.5,"sS(s=90,S=95)",42,47,90.0,95.0
0.3396078431372549,3768.2,0,941.68,971.1,"sS(s=90,S=95)",42,48,90.0,95.0
0.2357811375089993,4165.3,5,1221.08,1240.6,"sS(s=90,S=95)",42,49,90.0,95.0
0.3366223908918406,4075.7,4,1070.98,1110.0,"sS(s=90,S=100)",42,0,90.0,100.0
0.30433199854386606,3665.1,0,1099.98,1101.5,"sS(s=90,S=100)",42,1,90.0,100.0
0.26260869565217393,4221.0,1,1190.3999999999999,1256.0,"sS(s=90,S=100)",42,2,90.0,100.0
0.30248056275453533,4177.3,0,1114.9,1167.2,"sS(s=90,S=100)",42,3,90.0,100.0
0.3402457757296467,3659.8,0,1211.1999999999998,1283.6,"sS(s=90,S=100)",42,4,90.0,100.0
0.2822902796271638,4469.1,2,1332.82,1375.7,"sS(s=90,S=100)",42,5,90.0,100.0
0.38413685847589424,3799.1,0,1317.12,1390.1,"sS(s=90,S=100)",42,6,90.0,100.0
0.30300833635375135,3830.1,1,1262.7799999999997,1348.1,"sS(s=90,S=100)",42,7,90.0,100.0
0.35003657644476954,4009.9,1,1180.34,1207.8,"sS(s=90,S=100)",42,8,90.0,100.0
0.2614601018675722,4046.8,0,1180.7,1212.9,"sS(s=90,S=100)",42,9,90.0,100.0
0.33955491744436467,3639.7,1,1128.6,1138.1,"sS(s=90,S=100)",42,10,90.0,100.0
0.27262569832402234,3732.7,0,1208.44,1235.8,"sS(s=90,S=100)",42,11,90.0,100.0
0.33567169414240616,4165.6,0,1201.48,1220.0,"sS(s=90,S=100)",42,12,90.0,100.0
0.25054466230936817,4184.0,2,1179.7199999999998,1244.6,"sS(s=90,S=100)",42,13,90.0,100.0
0.32186544342507645,3741.7,2,1075.06,1151.7,"sS(s=90,S=100)",42,14,90.0,100.0
0.28454415954415957,3744.0,2,1249.5599999999997,1368.6,"sS(s=90,S=100)",42,15,90.0,100.0
0.2866218236173393,3825.7,1,1190.1799999999998,1277.5,"sS(s=90,S=100)",42,16,90.0,100.0
0.35598591549295777,4425.5,2,1066.26,1078.4,"sS(s=90,S=100)",42,17,90.0,100.0
0.2880747126436782,4137.7,1,1218.5,1307.9,"sS(s=90,S=100)",42,18,90.0,100.0
0.4019157088122605,3588.8,2,1254.58,1342.7,"sS(s=90,S=100)",42,19,90.0,100.0
0.28990694345025053,4110.6,0,1337.76,1371.5,"sS(s=90,S=100)",42,20,90.0,100.0
0.31751451007169684,4175.3,2,1149.34,1166.0,"sS(s=90,S=100)",42,21,90.0,100.0
0.27892234548335976,4867.2,1,1515.32,1618.0,"sS(s=90,S=100)",42,22,90.0,100.0
0.34739803094233473,4735.5,3,1312.0,1383.2,"sS(s=90,S=100)",42,23,90.0,100.0
0.2562544674767691,3774.9,0,936.24,957.5,"sS(s=90,S=100)",42,24,90.0,100.0
0.3037841625788367,4055.2,0,1268.38,1341.9,"sS(s=90,S=100)",42,25,90.0,100.0
0.3217488789237668,3971.5,3,1259.42,1316.9,"sS(s=90,S=100)",42,26,90.0,100.0
0.19751064526695053,4258.7,2,1370.2,1434.9,"sS(s=90,S=100)",42,27,90.0,100.0
0.3543123543123543,3409.6,0,926.02,933.7,"sS(s=90,S=100)",42,28,90.0,100.0
0.31510322346975733,3648.7,0,1148.9799999999998,1218.1,"sS(s=90,S=100)",42,29,90.0,100.0
0.3136136849607983,3759.6,0,1007.1599999999999,1034.6,"sS(s=90,S=100)",42,30,90.0,100.0
0.2521179261267367,4556.8,0,1204.56,1208.2,"sS(s=90,S=100)",42,31,90.0,100.0
0.32015669515669515,3836.0,0,960.64,976.5,"sS(s=90,S=100)",42,32,90.0,100.0
0.3922001471670346,4083.1,1,1607.8199999999997,1776.1,"sS(s=90,S=100)",42,33,90.0,100.0
0.3346139070303496,3815.6,1,1298.0,1405.7,"sS(s=90,S=100)",42,34,90.0,100.0
0.3791230112533954,3387.7,0,1134.52,1219.2,"sS(s=90,S=100)",42,35,90.0,100.0
0.2306907111262334,4271.2,0,1113.92,1146.5,"sS(s=90,S=100)",42,36,90.0,100.0
0.3065326633165829,4059.5,2,1263.82,1335.8,"sS(s=90,S=100)",42,37,90.0,100.0
0.31558803061934587,4385.3,0,1372.72,1465.2,"sS(s=90,S=100)",42,38,90.0,100.0
0.38467807660961695,3398.2,0,1019.8199999999999,1039.5,"sS(s=90,S=100)",42,39,90.0,100.0
0.4003067484662577,3622.5,1,1126.02,1181.1,"sS(s=90,S=100)",42,40,90.0,100.0
0.27104795737122556,4088.9,0,1099.1399999999999,1115.1,"sS(s=90,S=100)",42,41,90.0,100.0
0.3310649880911875,4676.7,0,1177.04,1187.6,"sS(s=90,S=100)",42,42,90.0,100.0
0.3587972368955709,3753.6,2,1002.72,1015.2,"sS(s=90,S=100)",42,43,90.0,100.0
0.28651488616462345,3629.8,0,924.02,930.0,"sS(s=90,S=100)",42,44,90.0,100.0
0.32941176470588235,3892.6,0,1096.24,1135.5,"sS(s=90,S=100)",42,45,90.0,100.0
0.28164347249834326,4534.2,0,1474.5,1597.5,"sS(s=90,S=100)",42,46,90.0,100.0
0.29985855728429983,4301.8,1,1195.06,1232.5,"sS(s=90,S=100)",42,47,90.0,100.0
0.3596078431372549,3756.0,0,944.12,967.1,"sS(s=90,S=100)",42,48,90.0,100.0
0.2663786897048236,4150.3,5,1206.8799999999999,1233.6,"sS(s=90,S=100)",42,49,90.0,100.0
0.27741935483870966,4296.0,5,1152.94,1202.0,myopic,42,0,,
0.2730251183108846,3794.6,0,1075.8,1076.8,myopic,42,1,,
0.3088695652173913,4278.5,1,1232.32,1285.8,myopic,42,2,,
0.19955572010366532,4229.9,0,1040.3600000000001,1060.4,myopic,42,3,,
0.29531490015360984,3860.5,1,1184.9599999999998,1212.6,myopic,42,4,,
0.3175765645805593,4705.2,2,1432.1399999999999,1442.1,myopic,42,5,,
0.3631415241057543,3960.6,0,1235.3600000000001,1238.7,myopic,42,6,,
0.3316418992388547,3980.8,0,1342.8,1395.5,myopic,42,7,,
0.4001463057790783,3974.1,1,1101.9,1110.4,myopic,42,8,,
0.2563667232597623,4336.3,0,1332.6399999999999,1370.0,myopic,42,9,,
0.3237616654702082,3971.0,2,1171.6,1174.1,myopic,42,10,,
0.23947858472998138,3706.7,0,1141.84,1200.8,myopic,42,11,,
0.3595229743949491,3981.8,0,1212.74,1244.7,myopic,42,12,,
0.22948438634713145,4182.9,2,1160.06,1229.0,myopic,42,13,,
0.31345565749235477,3881.8,2,1073.06,1108.9,myopic,42,14,,
0.32051282051282054,4126.5,4,1226.24,1295.7,myopic,42,15,,
0.2705530642750374,3934.4,1,1395.2399999999998,1502.8,myopic,42,16,,
0.3443661971830986,4414.5,2,1116.5,1134.4,myopic,42,17,,
0.2963362068965517,4454.4,1,1338.2399999999998,1410.8,myopic,42,18,,
0.35977011494252875,3856.8,3,1184.48,1192.1,myopic,42,19,,
0.29312813171080887,4152.5,0,1417.84,1535.6,myopic,42,20,,
0.3817002389894162,4303.4,1,1153.34,1168.3,myopic,42,21,,
0.3438985736925515,4981.1,1,1501.62,1566.7,myopic,42,22,,
0.3442334739803094,4646.2,3,1350.56,1420.2,myopic,42,23,,
0.17762687634024302,3872.7,1,1048.7199999999998,1092.1,myopic,42,24,,
0.295374912403644,4072.2,0,1156.6599999999999,1168.3,myopic,42,25,,
0.2907324364723468,4095.2,2,1281.7,1285.0,myopic,42,26,,
0.27153619390763184,4342.9,3,1449.6399999999999,1486.8,myopic,42,27,,
0.26534576534576537,3484.7,0,1004.96,1031.7,myopic,42,28,,
0.30532415791379935,3594.7,0,964.86,965.8,myopic,42,29,,
0.2954383464005702,3873.0,0,1093.32,1102.8,myopic,42,30,,
0.27245001694340903,4887.2,0,1368.12,1387.0,myopic,42,31,,
0.36324786324786323,3956.3,0,1050.3799999999999,1071.8,myopic,42,32,,
0.4025018395879323,4323.9,1,1608.1599999999999,1738.5,myopic,42,33,,
0.3131002689204764,3980.2,1,1229.06,1260.0,myopic,42,34,,
0.30306558013193635,3696.8,0,924.8,932.9,myopic,42,35,,
0.25825110581830557,4574.4,0,1200.5,1235.8,myopic,42,36,,
0.3431442928930366,4177.0,2,1192.8,1235.5,myopic,42,37,,
0.35386221294363257,4515.0,0,1276.56,1321.6,myopic,42,38,,
0.291361043194784,3681.7,1,984.04,985.9,myopic,42,39,,
0.3370398773006135,3967.5,1,1225.9,1267.7,myopic,42,40,,
0.32149200710479575,4290.8,0,1159.74,1171.2,myopic,42,41,,
0.3620279006464784,4452.8,0,1301.82,1367.0,myopic,42,42,,
0.21535960991466882,3921.0,0,1123.4399999999998,1159.1,myopic,42,43,,
0.20805604203152364,3753.8,0,1062.52,1066.0,myopic,42,44,,
0.33130929791271346,4131.8,0,1235.6399999999999,1258.8,myopic,42,45,,
0.34625579854208083,4582.0,0,1483.0,1578.0,myopic,42,46,,
0.30586987270155586,4491.5,1,1198.3999999999999,1223.1,myopic,42,47,,
0.3368627450980392,3885.2,0,1227.74,1229.6,myopic,42,48,,
0.29301655867530596,4556.4,5,1192.24,1199.4,myopic,42,49,,
