seed,episode,total_reward,epsilon,mean_loss,std_loss,return_ma50,return_std50,wall_clock_s
0,1,-5147.0,1.0,,,-5147.0,,0.0674698000002536
0,2,-5352.0,0.997625,,,-5249.5,102.5,0.10706999999820255
0,3,-5119.0,0.99525,,,-5206.0,103.86850661613782,0.14954489999945508
0,4,-5111.0,0.992875,,,-5182.25,98.9125244850216,0.1887676999976975
0,5,-5568.0,0.9905,,,-5259.4,177.86354320096066,0.2293169999975362
0,6,-4946.0,0.988125,,,-5207.166666666667,200.01118024306095,0.2717265999963274
0,7,-5043.0,0.98575,,,-5183.714285714285,193.88045969891147,0.3105082999973092
0,8,-5336.0,0.983375,,,-5202.75,188.22177743289961,0.3485906999994768
0,9,-4503.0,0.981,,,-5125.0,282.58017544681996,0.3886636999959592
0,10,-5345.0,0.978625,,,-5147.0,276.0840451746533,0.4274516999939806
0,11,-5280.0,0.97625,,,-5159.090909090909,265.9981047592956,0.4661446999962209
0,12,-5940.0,0.973875,,,-5224.166666666667,333.82950571944485,0.5063005999982124
0,13,-4817.0,0.9715,,,-5192.846153846154,338.58730180965966,0.5443844999972498
0,14,-5139.0,0.969125,,,-5189.0,326.56546051289627,0.5820972000001348
0,15,-5781.0,0.96675,,,-5228.466666666666,348.3417606636078,0.6212163999953191
0,16,-5457.0,0.964375,,,-5242.75,341.78694021275885,0.6598161999936565
0,17,-5865.6,0.962,,,-5279.388235294118,362.52504965353444,0.6988903999954346
0,18,-5156.0,0.959625,,,-5272.533333333334,353.4428949632458,0.742310699999507
0,19,-5351.0,0.95725,,,-5276.663157894737,344.46196063842785,0.782365299994126
0,20,-5363.0,0.954875,,,-5280.9800000000005,336.26686961400173,0.8209260999938124
0,21,-5016.0,0.9525,,,-5268.361904761905,332.9792650146631,0.8606191999933799
0,22,-4865.0,0.950125,,,-5250.027272727273,335.9981292992001,0.8991355999969528
0,23,-5415.0,0.94775,,,-5257.2,330.33033795567894,0.9406264999997802
0,24,-4967.0,0.945375,,,-5245.108333333334,328.5336156274153,0.9808667999968748
0,25,-5209.0,0.9430000000000001,,,-5243.664000000001,321.9736472197686,1.0234995999999228
0,26,-5445.0,0.940625,,,-5251.407692307693,318.08639600813456,1.0617110999955912
0,27,-5897.0,0.93825,,,-5275.318518518518,335.10670609804174,1.1008815999957733
0,28,-5536.0,0.935875,,,-5284.628571428571,332.60516581455954,1.140891199996986
0,29,-5234.0,0.9335,,,-5282.88275862069,326.95082206283325,1.180865399997856
0,30,-5925.0,0.931125,,,-5304.286666666667,341.4956854127964,1.2285455999954138
0,31,-5257.0,0.92875,,,-5302.761290322581,336.04641545517273,1.2695763999945484
0,32,-6021.0,0.926375,,,-5325.20625,353.57500082859013,1.3105751999974018
0,33,-5816.0,0.924,,,-5340.078787878788,358.1970067025295,1.349917599996843
0,34,-4773.0,0.921625,177.32772681826637,7.12117513964993,-5323.400000000001,365.66572327259576,1.503998699998192
0,35,-6075.0,0.91925,174.78126831054686,11.033233937590156,-5344.874285714286,381.53639807109,1.654188399996201
0,36,-5267.0,0.916875,167.81766560872396,11.308488173601907,-5342.711111111112,376.4175708628929,1.8044898999942234
0,37,-4870.0,0.9145,149.48611297607422,12.460151926299192,-5329.935135135135,379.12642134269254,1.961350899997342
0,38,-5241.0,0.912125,117.85899403889974,12.722016229062248,-5327.594736842106,374.3754279128516,2.1266043999930844
0,39,-5119.0,0.9097500000000001,80.7835013071696,12.378008811584698,-5322.246153846154,371.0124953636688,2.276312699999835
0,40,-5382.0,0.907375,64.27711308797201,11.739671927456344,-5323.74,366.4642498252729,2.42646429999877
0,41,-5479.0,0.905,103.64809951782226,14.349154347112586,-5327.526829268293,362.7590606855446,2.5899664999960805
0,42,-5496.0,0.902625,69.52546679178873,8.212072385207891,-5331.538095238096,359.3336093861346,2.7504489999992074
0,43,-5116.0,0.90025,63.56027603149414,5.6879975545798755,-5326.525581395349,356.61337548968964,2.915213499996753
0,44,-4993.0,0.897875,62.94226964314779,6.328962684066103,-5318.945454545455,356.024591499051,3.0734850999942864
0,45,-4853.0,0.8955,63.962466430664065,4.998739552085372,-5308.591111111111,358.683860692097,3.2407681999975466
0,46,-5437.0,0.893125,64.23920516967773,6.643133330652969,-5311.382608695652,355.2575742266006,3.404404099994281
0,47,-4937.0,0.89075,75.69892018636068,19.43184605272634,-5303.417021276596,355.5859888338643,3.5632385999997496
0,48,-5557.0,0.888375,80.57592404683432,9.897056014117352,-5308.7,353.72159014305777,3.7294966999979806
0,49,-5201.0,0.886,75.16349360148112,6.491041464098118,-5306.502040816326,350.42460570221,3.894241999994847
0,50,-4771.0,0.883625,74.26019070943197,9.006521840174875,-5295.7919999999995,354.9112564233488,4.058339699993667
0,51,-5923.4,0.88125,70.69096132914225,7.887423991213966,-5311.32,364.9053795163892,4.224037499996484
0,52,-5558.0,0.878875,75.72498016357422,7.998631176827862,-5315.44,366.50086602899046,4.388250599993626
0,53,-5812.0,0.8765000000000001,71.79555053710938,8.157460546171782,-5329.3,371.87423734375574,4.549141799994686
0,54,-5364.8,0.874125,99.26163571675619,20.857926941511064,-5334.376,370.5897864539712,4.713403099995048
0,55,-4374.0,0.87175,86.52113469441731,11.865784156657101,-5310.496,392.5829507046887,4.872256599999673
0,56,-4950.0,0.869375,87.6406494140625,11.595690602320474,-5310.576,392.50906667744636,5.035742799998843
0,57,-5254.9,0.867,82.97761942545573,10.000094516356793,-5314.814,390.7370788701784,5.180273399993894
0,58,-5421.0,0.864625,97.12072321573893,11.46622097547523,-5316.513999999999,391.0103671311031,5.340513600000122
0,59,-5426.0,0.86225,95.68707478841146,14.744431550429633,-5334.974,373.56656531868583,5.505158399995707
0,60,-5476.0,0.859875,83.22952334086101,15.241528959208578,-5337.594,374.0867153000758,5.664485799999966
0,61,-4779.0,0.8575,123.68920491536458,22.224061763843384,-5327.5740000000005,382.11866471555663,5.826206899997487
0,62,-5126.0,0.855125,94.29226938883464,14.709331604433691,-5311.294,372.90878906778266,5.991197299998021
0,63,-5498.0,0.85275,94.42112681070964,12.56653257739506,-5324.914000000001,366.99606537945334,6.146904199995333
0,64,-4959.0,0.850375,96.02221501668295,14.840643043875575,-5321.314,369.6751720145674,6.356094999995548
0,65,-5174.0,0.848,92.48595911661783,14.404226926966528,-5309.174,364.3077780174341,6.505648399994243
0,66,-5065.0,0.8456250000000001,94.80953852335612,13.414165981482107,-5301.334,365.25889427089936,6.65363759999309
0,67,-5038.0,0.84325,121.32450002034506,34.184260209747364,-5284.781999999999,357.99310702302637,6.819775099997059
0,68,-5624.0,0.840875,110.50171864827475,19.708782329315838,-5294.142,360.6121684524802,6.982357599998068
0,69,-5851.0,0.8385,103.22595520019532,18.97578061098177,-5304.142,368.8879179859378,7.202198899998621
0,70,-5102.0,0.836125,96.4946050008138,16.96231624509043,-5298.922,369.86347496880524,7.3468486999991
0,71,-4870.0,0.83375,99.86078440348307,13.695390245733133,-5296.0019999999995,372.651376216431,7.51453649999894
0,72,-4337.0,0.831375,104.04557622273764,14.880168762554659,-5285.441999999999,391.7090461503283,7.671702799998457
0,73,-5253.0,0.829,98.77972157796223,17.482580411073638,-5282.201999999999,391.2937814430482,7.831701199997042
0,74,-5716.0,0.8266249999999999,119.71899490356445,28.14040814515126,-5297.182,393.2721590400215,7.9934498999937205
0,75,-5553.0,0.82425,111.13983039855957,23.343972449393505,-5304.062,394.6758066514845,8.149099399997795
0,76,-5323.0,0.821875,109.6386319478353,19.94714213798583,-5301.621999999999,394.1737450871126,8.302671999997983
0,77,-5126.0,0.8195,103.09096349080404,19.49465835752471,-5286.201999999999,385.5677987021219,8.46437679999508
0,78,-5493.0,0.817125,104.92623723347982,17.081926465307564,-5285.342,385.057288252021,8.629625399997167
0,79,-4475.0,0.81475,111.0024523417155,18.003361984433894,-5270.161999999999,401.39637013306435,8.79424629999994
0,80,-4906.0,0.8123750000000001,111.57543106079102,20.192187311819747,-5249.781999999999,393.42054429833735,8.99956419999944
0,81,-5465.0,0.81,134.8579325358073,32.90378755647706,-5253.941999999999,394.5728739231829,9.197367299995676
0,82,-5384.0,0.807625,126.48970998128256,26.597525539152056,-5241.202,379.6000360853513,9.373373499998706
0,83,-5583.0,0.80525,120.79620463053385,24.646726023595193,-5236.542,373.9025734546367,9.579231899995648
0,84,-5551.0,0.802875,120.9395736694336,27.203235798720748,-5252.102,370.46089374723476,9.766524099999515
0,85,-4693.0,0.8005,115.32334391276042,26.18803811374339,-5224.462,359.42451607535065,9.943701899996086
0,86,-5030.0,0.798125,119.84688873291016,24.786373435507766,-5219.722,360.3937220818365,10.094722199995886
0,87,-4949.9,0.79575,147.03923543294272,38.59375107124272,-5221.32,359.0139969416234,10.270352899999125
0,88,-4886.0,0.7933749999999999,134.82005564371744,27.741552688743205,-5214.22,362.0520459823421,10.48090869999578
0,89,-5717.0,0.791,123.82137654622396,21.17642159831601,-5226.18,368.52823501056196,10.629136199997447
0,90,-5128.0,0.788625,122.83419087727864,32.816401741275,-5221.1,368.09569733969994,10.764666399998532
0,91,-5258.0,0.78625,119.24178848266601,28.00809405863916,-5216.68,366.2948129580871,10.920316699994146
0,92,-5275.0,0.783875,133.22291514078776,29.42668604071947,-5212.26,364.22518419241686,11.080584299998009
0,93,-5713.0,0.7815,133.07698033650715,31.183617242280633,-5224.2,370.6034435889661,11.240363299999444
0,94,-4675.4,0.7791250000000001,144.10484364827474,32.243920311838764,-5217.848,377.1751907217652,11.402461899997434
0,95,-5417.0,0.77675,131.49171727498373,27.449112601880405,-5229.128,374.51947241231665,11.572383999999147
0,96,-5322.0,0.774375,140.2674102783203,41.07938853813001,-5226.8279999999995,373.5877862243358,11.735033599994495
0,97,-5626.0,0.772,123.89243723551432,30.62094181434898,-5240.608,375.3461148540105,11.899794499993732
0,98,-4600.0,0.769625,127.54269332885742,30.58328717037266,-5221.468,383.04550718680935,12.078346099995542
0,99,-5219.0,0.76725,133.22439778645833,31.31557938781451,-5221.8279999999995,383.0345598193458,12.235364000000118
0,100,-5425.0,0.764875,137.7208221435547,37.112234519574095,-5234.907999999999,378.5565309646632,12.377207399993495
0,101,-5527.0,0.7625,144.3670873006185,34.87023634692831,-5226.98,368.05994620441925,12.521546099997067
0,102,-5325.0,0.760125,144.0375882466634,34.47820560920367,-5222.32,365.30409524121137,12.670919799995318
0,103,-5136.0,0.75775,133.72542215983074,36.94958994664865,-5208.8,355.6105515869854,12.836586399993394
0,104,-4961.0,0.755375,122.29109751383463,36.30023621909777,-5200.724,356.5599801211572,12.98702599999524
0,105,-5829.0,0.753,136.2642837524414,34.946377865163136,-5229.8240000000005,347.15036025330585,13.144203599993489
0,106,-5257.0,0.750625,135.50652084350585,43.90474550934686,-5235.964,344.85419281777627,13.303188699996099
0,107,-4958.0,0.7482500000000001,142.26916834513347,34.855530350971456,-5230.026,347.0263141665197,13.526579199999105
0,108,-5760.0,0.7458750000000001,144.27611490885417,38.632866570155755,-5236.806,353.93406414754713,13.701565699993807
0,109,-5510.0,0.7435,147.75872573852538,48.46131995449995,-5238.486,355.0257894914115,13.857181199993647
0,110,-5308.0,0.741125,142.78389307657878,32.77457398678264,-5235.126,353.55396691877183,14.025011499994434
0,111,-5409.0,0.73875,137.4033353169759,35.798031274596106,-5247.726,348.2603513522606,14.190257599999313
0,112,-5149.0,0.736375,145.43247718811034,36.314238821611546,-5248.186,348.11442487205267,14.349302399998123
0,113,-4709.0,0.734,138.90655085245768,34.093924571307184,-5232.406,354.2611107135526,14.485306599999603
0,114,-5862.4,0.731625,166.26800308227538,46.84029601801886,-5250.474,362.7910058477195,14.638476999993145
0,115,-4372.0,0.72925,145.98975677490233,41.25521361887345,-5234.433999999999,382.9848538049514,14.818270199997642
0,116,-5438.0,0.726875,139.61035893758137,39.8580925986517,-5241.894,383.24453207319215,14.97488849999354
0,117,-5669.8,0.7245,151.25550486246746,38.832764488156315,-5254.53,386.7134837318192,15.157951999994111
0,118,-5580.0,0.722125,143.5549346923828,40.89644962565219,-5253.65,385.92097235055786,15.3301191999999
0,119,-5625.0,0.71975,137.1143366495768,22.770857828050755,-5249.13,380.1789611485623,15.497927399999753
0,120,-5606.0,0.7173750000000001,141.60071334838867,39.93095268395514,-5259.21,382.81668628731427,15.669476299997768
0,121,-5076.0,0.7150000000000001,177.61956685384115,36.8122284450295,-5263.33,379.7015545135416,15.822283399997104
0,122,-4284.0,0.7126250000000001,151.13248799641926,48.008130437138384,-5262.27,382.3508160054062,15.991235499997856
0,123,-5416.0,0.71025,156.1105733235677,38.01990481087352,-5265.53,382.9522927206469,16.139502499994705
0,124,-5110.0,0.707875,142.80472819010416,34.09175809529338,-5253.41,378.06202044109114,16.303858199993556
0,125,-5418.0,0.7055,156.1246660868327,46.42619094369047,-5250.71,376.3911732493205,16.454838399993605
0,126,-5160.0,0.703125,160.91896947224936,54.17749780198215,-5247.45,376.4568194361739,16.619162099996174
0,127,-5347.1,0.70075,161.7207883199056,50.84166066655659,-5251.871999999999,376.30278130250383,16.779398499995295
0,128,-4862.0,0.698375,163.5955889383952,48.66448076817594,-5239.252,378.57848340337574,16.94619569999486
0,129,-5625.0,0.696,146.56145121256512,51.69401725699834,-5262.2519999999995,366.1790219223379,17.107318700000178
0,130,-4865.0,0.6936249999999999,161.3594856262207,51.91477624073115,-5261.432,367.0208127286517,17.324669099994935
0,131,-4817.0,0.69125,150.7121098836263,40.548860961973226,-5248.472,371.02279285240684,17.47727859999577
0,132,-4792.0,0.688875,159.63955891927083,53.457216301827,-5236.632,375.92247096442645,17.617120599999907
0,133,-4846.0,0.6865,158.72704518636067,50.4777118135501,-5221.892,376.5008471916099,17.771461599993927
0,134,-5739.0,0.684125,162.0628573099772,49.382855644138566,-5225.651999999999,380.68428191350375,17.924558999999135
0,135,-6221.0,0.6817500000000001,168.5948252360026,47.373584712288476,-5256.2119999999995,397.65135314242303,18.077329499996267
0,136,-5228.0,0.6793750000000001,164.33508580525717,35.51700550911156,-5260.172,396.36271017339664,18.245081799999753
0,137,-5081.9,0.677,155.9413091023763,58.395460650203184,-5262.812000000001,394.7235390194002,18.385560099995928
0,138,-5252.0,0.674625,152.37298024495442,34.107939993781365,-5270.132,391.0443480936657,18.548702299995057
0,139,-4961.0,0.67225,163.37157923380533,39.044196799598666,-5255.012,388.07795538525505,18.68542289999459
0,140,-5439.0,0.669875,163.32203674316406,54.475393948936414,-5261.232,388.48449361074887,18.848460199995316
0,141,-5751.0,0.6675,171.44326553344726,42.8719410916809,-5271.092,394.4872965457824,19.00690819999727
0,142,-5472.0,0.665125,173.378830464681,45.21386532180725,-5275.031999999999,395.4891636644423,19.168616099996143
0,143,-4998.0,0.66275,179.19997838338216,47.12947484485561,-5260.732,392.3083019463137,19.313577399996575
0,144,-5653.0,0.660375,160.8826141357422,47.301684090309045,-5280.284000000001,386.97381790503607,19.45419459999539
0,145,-4229.0,0.658,166.50005493164062,53.662927398564584,-5256.524,413.4178682930867,19.622984599998745
0,146,-4767.2,0.655625,152.8278793334961,56.24236753106697,-5245.428000000001,418.9203146375215,19.79651079999894
0,147,-5278.2,0.65325,167.41724116007487,43.9784598128209,-5238.472000000001,415.4162048066974,19.954133599996567
0,148,-5040.0,0.6508750000000001,183.8814547220866,46.12742196877333,-5247.272000000001,406.3595403285125,20.11638889999449
0,149,-5680.0,0.6485000000000001,171.14867757161457,52.613027749680676,-5256.491999999999,410.8188797219524,20.277910599994357
0,150,-5218.0,0.6461250000000001,177.1952133178711,50.700273822985096,-5252.352,410.14234857668623,20.440871699996933
0,151,-4383.4,0.64375,175.33483276367187,60.14281749869318,-5229.48,425.7775696299654,20.597147399996174
0,152,-5436.0,0.641375,168.10158615112306,55.06302905171736,-5231.7,426.558482742988,20.743548299993563
0,153,-5151.0,0.639,165.02908630371093,43.69700632517837,-5232.0,426.49634136766053,20.90571739999723
0,154,-5361.0,0.636625,183.22581380208334,58.73989933180681,-5240.0,425.0872018774501,21.073936499997217
0,155,-5082.0,0.63425,169.62516810099285,51.119195709060705,-5225.06,417.17716332512737,21.248213099999703
0,156,-5570.0,0.631875,170.7076436360677,56.829021204361,-5231.32,419.94864781303914,21.411125799997535
0,157,-5608.0,0.6295,173.01811752319335,56.12291696030363,-5244.32,421.3449261590793,21.578064299996186
0,158,-5278.0,0.6271249999999999,174.48887379964194,77.32287341880978,-5234.68,414.90093612813166,21.728884500000277
0,159,-5138.0,0.62475,178.04867299397787,54.092057113532356,-5227.24,413.2291756398621,21.893793799994455
0,160,-5969.0,0.622375,160.85409825642904,52.11323875712425,-5240.46,425.9780482607056,22.039133899997978
0,161,-5244.0,0.62,189.94453811645508,68.93995557021496,-5237.16,425.29818198529847,22.186324700000114
0,162,-4864.2,0.617625,187.73407491048178,81.5846418053648,-5231.464,428.33706202475645,22.340860599993903
0,163,-4549.200000000001,0.6152500000000001,194.258048248291,54.71172779615484,-5228.268,432.79641285019915,22.51001429999451
0,164,-5239.0,0.6128750000000001,174.54377034505208,66.96881382009038,-5215.8,423.2223051777871,22.67139849999512
0,165,-5597.0,0.6105,175.400892384847,49.406911068039626,-5240.3,408.8803854429802,22.837788899996667
0,166,-5762.0,0.608125,177.31871643066407,58.728137658731505,-5246.78,414.4911231860098,22.995465199994214
0,167,-5687.0,0.60575,195.06572952270508,58.29418431286546,-5247.124,414.8490417296393,23.161679299999378
0,168,-5126.0,0.603375,181.84330418904622,55.62671519487028,-5238.044,412.4252330592783,23.31816859999526
0,169,-5272.0,0.601,187.51941782633463,69.62945198744156,-5230.984,408.74575293695716,23.477252499993483
0,170,-6333.0,0.598625,188.29705301920572,41.337192648948694,-5245.524,433.97894444776927,23.652025199997297
0,171,-5563.0,0.59625,179.60004145304362,66.55175543210608,-5255.264,435.52716230334016,23.861549299996113
0,172,-4791.0,0.593875,197.22412516276043,72.51318449305383,-5265.404,418.3596964144611,24.006254099993384
0,173,-5817.0,0.5915,162.65584818522134,57.54096754027266,-5273.424,424.9612865003117,24.15416269999696
0,174,-5152.0,0.589125,210.0988530476888,77.03929923419483,-5274.264,424.67883995320506,24.323427799994533
0,175,-5106.0,0.58675,191.7652905782064,66.92693515886884,-5268.024,424.8131756713767,24.49251369999547
0,176,-5227.0,0.5843750000000001,180.49377517700196,78.29617088877418,-5269.3640000000005,424.5759228971893,24.65773349999654
0,177,-5030.0,0.5820000000000001,164.0514155069987,51.69065811485516,-5263.022,425.73411669256666,24.825003399993875
0,178,-4478.0,0.5796250000000001,166.39214197794595,62.36965087720266,-5255.342,436.2331643009275,24.99510119999468
0,179,-5446.0,0.57725,181.1499755859375,64.14485528240905,-5251.762,433.91315485474735,25.168792499993287
0,180,-5683.0,0.574875,159.22642288208007,55.940447568378914,-5268.121999999999,434.4428658822699,25.31834059999528
0,181,-5630.0,0.5725,200.69636255900065,79.86135522064336,-5284.382,432.4639969708461,25.467757699996582
0,182,-5341.0,0.570125,199.4936383565267,72.07625963987924,-5295.361999999999,426.7550345994761,25.629374199997983
0,183,-4926.6,0.56775,176.87799936930338,58.49294072854271,-5296.974,425.2040041250787,25.78907959999924
0,184,-4746.2,0.565375,211.48130671183267,75.04591196324716,-5277.118,427.2744839982842,25.96240819999366
0,185,-5328.0,0.563,185.52719548543294,52.68581578451927,-5259.258000000001,405.55889835633,26.130579599994235
0,186,-5342.0,0.5606249999999999,211.27315724690754,74.81204557967136,-5261.5380000000005,405.69718406220176,26.30353429999377
0,187,-4585.1,0.55825,196.58274052937824,54.21977390315236,-5251.602,415.9296240904223,26.471859299999778
0,188,-5482.0,0.555875,211.66026865641277,78.27803096822079,-5256.201999999999,417.17856344256234,26.639612399994803
0,189,-5793.0,0.5535000000000001,188.0701146443685,74.38788954743916,-5272.842,421.6411052494763,26.806152799996198
0,190,-4723.0,0.5511250000000001,178.90216064453125,56.42115075073858,-5258.522,427.8674024928751,26.960778399996343
0,191,-5215.0,0.5487500000000001,185.2577222188314,77.89903692568326,-5247.802,422.0696475654225,27.12305679999554
0,192,-5551.0,0.546375,182.8544553120931,76.85334834506631,-5249.382,423.05268782505095,27.288589899995713
0,193,-4943.0,0.544,179.87185414632162,69.54236488030028,-5248.281999999999,423.77577452704867,27.489094699994894
0,194,-5428.0,0.541625,203.62458928426108,77.37920471954268,-5243.781999999999,420.63724879758337,27.65948919999937
0,195,-5027.0,0.53925,179.916166305542,68.65082012633292,-5259.741999999999,396.26406856539495,27.81620569999359
0,196,-4708.0,0.536875,170.3046651204427,71.57597832051354,-5258.558000000001,397.81935905131616,27.97512419999839
0,197,-5086.0,0.5345,176.3158167521159,77.1063916769816,-5254.714,398.53892558193104,28.136293799994746
0,198,-4888.3,0.532125,203.40634002685547,75.70184426259011,-5251.68,400.7333432595795,28.285991299999296
0,199,-5120.0,0.5297499999999999,196.24559885660807,74.52310375887619,-5240.48,396.40812857457905,28.44226539999363
0,200,-4793.7,0.527375,211.07615661621094,68.19590542112967,-5231.994000000001,401.3097713288327,28.580075399993802
0,201,-5141.0,0.525,215.3875762939453,64.45830876862436,-5247.146,382.86200135819166,28.716729199994006
0,202,-4514.4,0.5226250000000001,222.52498321533204,103.79492055604447,-5228.714,395.30822253527685,28.8772611999957
0,203,-5817.0,0.5202500000000001,183.35782216389973,84.99471662179926,-5242.034,403.59879514686367,29.042952999996487
0,204,-4955.8,0.5178750000000001,201.170290629069,71.170112548491,-5233.93,405.1935987895169,29.214101499994285
0,205,-5470.0,0.5155000000000001,197.64581629435222,83.74675827731113,-5241.69,405.92432952460484,29.379909399998724
0,206,-5467.0,0.513125,214.27958857218425,72.30980805034677,-5239.63,404.5118793064055,29.53567689999909
0,207,-5018.0,0.51075,226.10467427571615,89.31213390739391,-5227.83,402.1928498867179,29.701861399997142
0,208,-5432.0,0.508375,199.1998083750407,83.00224915200445,-5230.91,403.1537787246946,29.868860299997323
0,209,-5259.2,0.506,155.28250096638996,77.00132982411198,-5233.334,402.95217413981027,30.023740999997244
0,210,-4678.0,0.503625,186.95901896158855,58.937842927723636,-5207.514,396.2923289744579,30.187107300000207
0,211,-6000.0,0.50125,187.67218284606935,76.53462142968193,-5222.634,411.5252753404097,30.354954700000235
0,212,-5316.0,0.49887500000000007,183.57199172973634,76.212964454187,-5231.67,408.5048940955298,30.502950799993414
0,213,-5426.0,0.49650000000000005,195.75757382710773,83.78671722100583,-5249.206,397.5030995652739,30.660822499994538
0,214,-5514.0,0.49412500000000004,218.10703786214194,85.13875616125418,-5254.706,399.2226173001725,30.828538999994635
0,215,-5080.0,0.49175,185.61336504618328,97.49726105943216,-5244.366,396.9117315524952,30.985019199993985
0,216,-5737.0,0.489375,211.68682403564452,90.67604307924381,-5243.866,396.2745748139792,31.135376299993368
0,217,-4482.0,0.487,217.62822723388672,72.26582598294614,-5219.766,405.1347551667223,31.285896699999284
0,218,-5061.0,0.4846250000000001,229.30275700887043,95.75261240518864,-5218.465999999999,405.5376325866688,31.484150199998112
0,219,-5132.3,0.48224999999999996,193.725111134847,72.26561636397335,-5215.672,405.64040579804174,31.67230369999743
0,220,-4886.0,0.47987500000000005,194.23939870198566,103.27526313321769,-5186.732,375.38227259155434,31.875581099993724
0,221,-5277.0,0.47750000000000004,202.92086842854818,89.94853383896519,-5181.012,371.76679014672624,32.03295789999538
0,222,-5579.0,0.475125,197.1044123331706,85.1140958681467,-5196.772,371.60176320356715,32.20822439999756
0,223,-5369.5,0.47275,225.65805308024088,101.48862658809183,-5187.822,361.8159915150241,32.36221229999501
0,224,-4679.0,0.470375,199.35003751118978,106.42243760326367,-5178.362,368.746054020921,32.520689400000265
0,225,-5206.0,0.46799999999999997,204.19545059204103,81.39575710816608,-5180.362,368.61932173449617,32.682208399994124
0,226,-5690.0,0.46562500000000007,189.56390914916992,80.59366465534681,-5189.622,375.42718670336063,32.84380239999882
0,227,-5219.0,0.46325000000000005,214.8870724995931,73.23232982963556,-5193.402,374.75186696799796,33.013358099997276
0,228,-4772.0,0.46087500000000003,197.24120864868163,75.51530882197473,-5199.282,365.6774259863466,33.18023659999744
0,229,-4457.0,0.4585,190.41831665039064,69.30914700276745,-5179.502,378.3265618430723,33.337753499996325
0,230,-5584.0,0.456125,210.5323767344157,67.27580807645863,-5177.522,375.9378072447622,33.48502309999458
0,231,-5519.0,0.4537500000000001,179.0730428059896,81.75308522869271,-5175.302,373.5796089135487,33.65496699999494
0,232,-5281.0,0.45137499999999997,183.79650141398113,89.36077099827551,-5174.102,373.1415401640509,33.8223491999961
0,233,-5051.8,0.44900000000000007,209.33477732340495,85.31456250913607,-5176.606,371.8902388662547,33.98629819999769
0,234,-5484.0,0.44662500000000005,239.1851671854655,105.42030642270768,-5191.361999999999,369.1469154090279,34.15237989999878
0,235,-5183.0,0.44425000000000003,217.893874613444,90.3177760428849,-5188.462,368.6312992083011,34.322838199994294
0,236,-5364.0,0.441875,187.87891883850097,90.34783758629543,-5188.902,368.82737777448136,34.46799369999644
0,237,-4893.7,0.4395,208.33696225484212,80.35981420985948,-5195.0740000000005,361.1743184723964,34.626108899996325
0,238,-5677.7,0.437125,207.20538686116535,75.30041880372777,-5198.988,365.2993230981957,34.77952639999421
0,239,-4810.0,0.4347500000000001,238.86583938598633,86.50618712356462,-5179.328,359.2023218410482,34.94462289999501
0,240,-4856.3,0.43237499999999995,222.782847849528,104.62574870341905,-5181.994,356.28841879017057,35.11992339999415
0,241,-4893.0,0.43000000000000005,204.19725697835287,91.52919480088697,-5175.554,358.53664594292167,35.280918999997084
0,242,-5211.0,0.42762500000000003,177.39850400288898,95.41210799208929,-5168.754,354.5535515038596,35.428171399995335
0,243,-5071.1,0.42525,220.96216367085773,120.71302314286356,-5171.316000000001,353.3738611499158,35.569156999998086
0,244,-4880.0,0.422875,202.09111366271972,107.75190856573451,-5160.356,353.74076788518454,35.73637020000024
0,245,-5107.0,0.4205,176.26582349141438,88.29498523856093,-5161.956,353.3146355077865,35.90117919999466
0,246,-5141.0,0.41812499999999997,224.0849765777588,90.68106297265614,-5170.616,347.33772922618124,36.06059759999334
0,247,-5269.0,0.41575000000000006,242.92706553141275,113.68565469960653,-5174.276,347.3909806313342,36.23036859999411
0,248,-5156.0,0.41337499999999994,251.5742919921875,115.66170032417963,-5179.63,344.9969027397202,36.38728909999918
0,249,-5126.0,0.41100000000000003,229.7071388244629,78.69878432226649,-5179.75,344.97718373828724,36.56209919999674
0,250,-5736.0,0.408625,206.51951471964517,93.32976233024335,-5198.596,349.0869158017814,36.73351769999863
0,251,-5141.0,0.40625,208.5507495880127,100.51094443251426,-5198.596,349.08691580178134,36.91216529999656
0,252,-5351.0,0.4038750000000001,253.00045801798504,107.65375144036445,-5215.3279999999995,335.6840347946265,37.08620179999707
0,253,-4763.0,0.4015000000000001,192.46339365641276,81.53872660528901,-5194.2480000000005,330.28962032737263,37.26235679999809
0,254,-4786.0,0.39912500000000006,246.48140449523925,102.68845167395632,-5190.852,333.58039525127975,37.43747710000025
0,255,-4975.0,0.39675000000000005,241.92777404785156,107.53956952797076,-5180.952,332.492465622907,37.61002099999314
0,256,-5550.0,0.39437500000000003,233.55256118774415,90.94756562896433,-5182.612,334.11965439943816,37.78023189999658
0,257,-4783.0,0.392,239.86545842488607,140.45563405020116,-5177.912,338.0321083210883,37.95975119999639
0,258,-4926.0,0.3896250000000001,228.63746121724446,93.88077686261121,-5167.792,337.8479994553764,38.125108599997475
0,259,-5512.0,0.38725,252.44238713582357,114.92016608788265,-5172.848,341.0545148447679,38.2944212999937
0,260,-4828.0,0.3848750000000001,242.633278910319,88.55341820024316,-5175.848000000001,337.32787328651034,38.47775939999701
0,261,-5233.0,0.38250000000000006,233.69844792683918,123.84434322467625,-5160.508,316.2840102439578,38.660275999995065
0,262,-5707.0,0.38012500000000005,243.19951731363932,100.21984255200786,-5168.328,324.7521171847845,38.84910219999438
0,263,-5267.0,0.37775000000000003,218.74506861368815,106.6132964364011,-5165.148,322.98707605103954,39.07873149999796
0,264,-6220.0,0.375375,257.4479522705078,72.65441748990257,-5179.268,352.053372908143,39.260094299999764
0,265,-4798.0,0.373,259.4976458231608,130.3302229870079,-5173.628,355.8370284498228,39.436315499995544
0,266,-5308.0,0.3706250000000001,222.14835065205892,122.08056990882808,-5165.048000000001,347.2171235639164,39.61255849999725
0,267,-5114.0,0.36824999999999997,252.7951649983724,122.13296453609493,-5177.688,333.34814812144975,39.782338099998015
0,268,-5364.0,0.36587500000000006,261.11676699320475,127.13770192737657,-5183.7480000000005,333.9254193618689,39.954674599997816
0,269,-5198.0,0.36350000000000005,216.63527145385743,97.82955808392063,-5185.062,333.8496421384932,40.140692399996624
0,270,-4805.0,0.36112500000000003,228.5433802286784,107.55792788980837,-5183.442,335.4894037611322,40.3187156999993
0,271,-5438.0,0.35875,206.92387110392252,76.2360025668352,-5186.661999999999,337.14048281984765,40.49925039999653
0,272,-5731.0,0.356375,263.6511973063151,140.07063383483978,-5189.702,341.3238324465492,40.679278099996736
0,273,-5710.0,0.354,295.4110827128092,116.33394425254149,-5196.512,348.1712743119397,40.860039399995
0,274,-5406.6,0.3516250000000001,248.17964935302734,108.45924433811571,-5211.064,341.3763927163095,41.0578544999953
0,275,-4992.0,0.34924999999999995,244.90982996622722,124.3713130796659,-5206.784,342.75179203616136,41.245990699993854
0,276,-5223.0,0.34687500000000004,245.6671600341797,96.05381556990093,-5197.444,335.7482099192786,41.43083990000014
0,277,-6010.0,0.34450000000000003,214.25358912150065,92.03729961593355,-5213.264,354.50280662358654,41.60462120000011
0,278,-5804.0,0.342125,236.41349105834962,110.62921890651856,-5233.904,358.2336282148844,41.782344499995816
0,279,-5439.0,0.3397500000000001,210.21124038696288,103.44618710171294,-5253.544,341.6362007516182,41.94971639999858
0,280,-5134.0,0.337375,242.6410146077474,125.73531292648057,-5244.544,338.7271551913133,42.127832899997884
0,281,-5299.6,0.3350000000000001,227.2785311381022,99.13812806843661,-5240.156,336.5574727501976,42.309722399993916
0,282,-4900.8,0.33262500000000006,206.5668627421061,104.82742017540969,-5232.552,339.82789305176226,42.47649139999703
0,283,-5393.0,0.33025000000000004,228.03771464029947,112.78413930825033,-5239.376,339.555408474081,42.65517600000021
0,284,-4987.0,0.327875,284.53613560994467,150.3841759240917,-5229.436,339.5233816749591,42.84535649999452
0,285,-5006.0,0.3255,241.85727818806967,96.85184890944257,-5225.896,340.9089936977316,43.024240899998404
0,286,-4477.1,0.323125,218.62759755452473,120.53012979913146,-5208.158,356.0010674646917,43.19978109999647
0,287,-5472.0,0.3207500000000001,183.60018666585287,80.41158939805351,-5219.723999999999,354.98952523137916,43.37835319999431
0,288,-4964.0,0.31837499999999996,239.3471513112386,132.07327578158853,-5205.45,350.60928524498604,43.55218719999539
0,289,-5251.0,0.31600000000000006,220.06489702860515,101.17556923345984,-5214.27,346.06785534053864,43.726858699999866
0,290,-5722.0,0.31362500000000004,264.1121327718099,128.76771692159053,-5231.584,349.3653253315217,43.9051324999964
0,291,-5974.0,0.31125,242.83488324483235,117.91147616789182,-5253.204000000001,360.9979972022005,44.07937899999524
0,292,-5422.6,0.308875,279.0862445831299,131.42828314646113,-5257.436,361.7180126894429,44.22587239999848
0,293,-5602.0,0.3065,263.6101470947266,121.94120665102155,-5268.054,363.87806155908874,44.4032303999993
0,294,-4911.0,0.304125,234.04253972371419,94.72815219200682,-5268.674,363.2421951315678,44.58424259999447
0,295,-5378.0,0.3017500000000001,262.5842631022135,111.10318951286487,-5274.094,362.8109559591606,44.75864729999739
0,296,-5381.0,0.29937499999999995,263.9635833740234,109.26806156462197,-5278.894,362.60591192643284,44.93490799999563
0,297,-4830.5,0.29700000000000004,245.3168743133545,140.06069752891673,-5270.124,368.0017937782369,45.10901499999454
0,298,-5107.9,0.294625,215.81275622049967,114.42124687649182,-5269.162,368.36156362465397,45.286681699995825
0,299,-4297.0,0.29225,259.965548324585,137.57772638645628,-5252.581999999999,392.3103581043967,45.46607109999604
0,300,-4824.0,0.289875,269.2273981730143,133.2279684262443,-5234.342,390.607873494634,45.65088979999564
0,301,-5127.0,0.2875000000000001,284.06214141845703,128.01599932449648,-5234.062,390.6796948345281,45.834111599993776
0,302,-4678.0,0.2851250000000001,258.9381416320801,140.78619702911274,-5220.602,397.9447969203769,46.01142289999552
0,303,-5395.0,0.28275000000000006,223.78908513387043,106.40625085829609,-5233.241999999999,393.2182514024495,46.18858879999607
0,304,-4614.0,0.28037500000000004,244.79401982625325,95.20189622615601,-5229.802,397.84100416623727,46.35915479999676
0,305,-4996.0,0.278,266.6742874145508,119.45115218841589,-5230.222,397.5827895118198,46.53916309999477
0,306,-5255.0,0.2756250000000001,248.72423909505207,122.90381522855404,-5224.322,394.9739030822163,46.72089330000017
0,307,-5736.0,0.27325,291.84013913472495,134.4299980209999,-5243.382,396.2096488931081,46.90318169999955
0,308,-5119.0,0.2708750000000001,246.40430717468263,129.66694570651262,-5247.241999999999,394.032964656512,47.08151949999592
0,309,-5766.0,0.26850000000000007,219.66236165364583,140.54913812292435,-5252.321999999999,399.01933802260766,47.2540055999998
0,310,-5461.0,0.26612500000000006,224.07082951863606,105.07248641804213,-5264.982,395.3809599310518,47.43412469999748
0,311,-5866.0,0.26375000000000004,228.91720733642578,93.69349391613358,-5277.642,404.19033095312903,47.61162139999942
0,312,-5390.0,0.261375,216.12856623331706,101.16224247064527,-5271.302,399.8689142656628,47.79322289999982
0,313,-5313.0,0.259,217.46868260701498,109.06376769931002,-5272.222,399.9108732155203,47.97440009999991
0,314,-5301.0,0.2566250000000001,267.1780319213867,126.70157815716617,-5253.842,376.3532686665548,48.15461569999752
0,315,-5267.0,0.25425,266.4630981445313,139.75473936823508,-5263.222,370.6769786701084,48.36894729999767
0,316,-5144.0,0.25187500000000007,249.5449986775716,87.8570942041544,-5259.941999999999,370.9916986079338,48.558634499997424
0,317,-5040.0,0.24950000000000006,234.21420809427897,160.29796447756632,-5258.4619999999995,371.7178477770472,48.735123999998905
0,318,-5457.0,0.24712500000000004,257.8270492553711,131.18030443946137,-5260.321999999999,372.4731938220521,48.91500559999986
0,319,-5188.0,0.24475000000000002,299.14240951538085,171.56442573690614,-5260.121999999999,372.50928701980035,49.095230599996285
0,320,-4924.0,0.242375,250.1944719950358,123.29626848551308,-5262.5019999999995,369.9653278295143,49.277814899993245
0,321,-5118.0,0.24,285.9750569661458,120.69277658239088,-5256.102,369.64173113435123,49.46080009999423
0,322,-4872.0,0.2376250000000001,228.2023157755534,102.95831187904399,-5238.9220000000005,367.12393236616975,49.64116789999389
0,323,-5688.0,0.23524999999999996,272.1138404846191,135.5976147750527,-5238.482,366.5718476315386,49.8041180999935
0,324,-5328.0,0.23287500000000005,255.6221799214681,111.61269431945874,-5236.91,366.01563422892195,49.978151999996044
0,325,-5120.0,0.23050000000000004,267.3214360555013,109.70716345881762,-5239.47,364.73912828211894,50.15205049999349
0,326,-5690.0,0.22812500000000002,259.9509997049967,105.45337835217002,-5248.81,370.13715903702507,50.3343320999993
0,327,-4974.0,0.22575000000000012,250.97901153564453,122.79015178836029,-5228.09,355.66051861290424,50.51005289999739
0,328,-4809.0,0.223375,287.8322998046875,120.89101040817832,-5208.19,350.68173106108617,50.69285229999514
0,329,-5166.0,0.22100000000000009,245.46879145304362,104.87638367533782,-5202.73,349.1675811125655,50.879369499998575
0,330,-5286.0,0.21862500000000007,264.63330090840657,134.6216625274363,-5205.77,349.21763944566146,51.074616799996875
0,331,-5569.0,0.21625000000000005,282.90178807576496,166.99943940055516,-5211.157999999999,352.6848004039868,51.26601059999666
0,332,-4811.0,0.21387500000000004,296.28928044637047,123.5243050500848,-5209.361999999999,354.484738114351,51.43688769999426
0,333,-5306.9,0.21150000000000002,289.03238169352215,118.06706125212041,-5207.639999999999,353.7969462841645,51.612956599994504
0,334,-5358.6,0.209125,271.9983108520508,104.68430006290106,-5215.072,352.98609436633615,51.7910214999938
0,335,-5082.0,0.2067500000000001,249.05969619750977,159.555687404333,-5216.592000000001,352.24538823950553,51.97165679999307
0,336,-5188.0,0.20437499999999997,295.679652150472,176.77551261429838,-5230.81,336.08636345439544,52.14586649999546
0,337,-4892.0,0.20200000000000007,255.46332041422525,164.2125797399391,-5219.21,337.567586862246,52.322078799996234
0,338,-5639.0,0.19962500000000005,283.00576400756836,119.75850754480862,-5232.71,340.57518362323464,52.50029039999936
0,339,-4616.0,0.19725000000000004,306.4051399230957,125.51485584922166,-5220.01,351.32620127169565,52.666188299997884
0,340,-5028.0,0.19487500000000002,336.02533098856605,136.2064976399405,-5206.13,344.86942876978816,52.82732979999855
0,341,-5574.0,0.1925,278.7886833190918,98.74926663087483,-5198.13,331.3382001822307,52.97908149999421
0,342,-5305.0,0.190125,269.0765902201335,116.07713679393565,-5195.778,330.15172166142037,53.13937359999545
0,343,-4817.0,0.18775000000000008,263.12551142374673,164.95954137373812,-5180.078,329.1242903767511,53.36017909999646
0,344,-4832.0,0.18537499999999996,249.93379770914714,131.5385298718976,-5178.498,330.59856109184744,53.55013269999472
0,345,-5500.0,0.18300000000000005,298.8979125976563,120.10105757879772,-5180.938,332.5066988137232,53.72361379999347
0,346,-5299.0,0.18062500000000004,259.3868095397949,150.37004119068126,-5179.298,331.71718646461477,53.8978935999985
0,347,-5455.0,0.17825000000000002,240.6525395711263,112.46452946556968,-5191.7880000000005,330.1019882642332,54.071619999995164
0,348,-5109.0,0.175875,330.8841028849284,123.87601982133367,-5191.81,330.09643333426067,54.24341829999321
0,349,-5199.3,0.1735,294.59381408691405,160.51995204873296,-5209.856,304.3442466418578,54.41941429999861
0,350,-5239.0,0.17112499999999997,293.76165033976235,134.9652249405772,-5218.156,299.3256101037798,54.596634099994844
0,351,-4832.0,0.16875000000000007,279.4032869974772,123.80266615576292,-5212.255999999999,303.9360979942988,54.771371799994085
0,352,-5433.0,0.16637500000000005,275.93896509806314,151.96502821364072,-5227.356,295.66046483085967,54.94999879999523
0,353,-5567.0,0.16400000000000003,314.0857487996419,184.8985887028778,-5230.795999999999,298.5772053992066,55.12116989999777
0,354,-4380.0,0.16162500000000013,294.56139755249023,152.84958100105644,-5226.116,309.8302369750247,55.40517069999623
0,355,-5003.0,0.15925,260.9647321065267,144.4784841091286,-5226.255999999999,309.7277896217903,55.59562339999684
0,356,-5589.0,0.1568750000000001,287.3381930033366,135.3028464401779,-5232.936,313.8499977760076,55.77889989999676
0,357,-5117.0,0.15450000000000008,233.65605977376302,130.3442918784369,-5220.556,305.8691093654278,55.9559500999967
0,358,-5497.0,0.15212500000000007,275.9940404256185,161.53613680554417,-5228.116,307.9300435878253,56.12933829999383
0,359,-5486.0,0.14975000000000005,255.83194783528646,120.68459291065591,-5222.516,300.5549050406598,56.29793979999522
0,360,-4795.1,0.14737500000000003,280.17831598917644,151.66755158194022,-5209.198,304.4208898810986,56.51114169999346
0,361,-5508.0,0.14500000000000002,275.0638114929199,142.62475387438764,-5202.038,292.8799889989072,56.68546039999637
0,362,-6171.0,0.1426250000000001,339.9574724833171,179.11943933455117,-5217.657999999999,321.8786361907233,56.85701479999989
0,363,-5153.0,0.14024999999999999,325.13659108479817,140.42905448124964,-5214.458,321.71016091506965,57.032873199997994
0,364,-5190.0,0.13787500000000008,263.6087346394857,121.97581742387861,-5212.238,321.4882155787363,57.21027389999654
0,365,-5895.0,0.13550000000000006,260.89263407389325,109.40330061877381,-5224.798,335.3508917477334,57.39545089999592
0,366,-5602.0,0.13312500000000005,264.86305872599286,144.1585382134191,-5233.958,339.2511984297181,57.57938429999922
0,367,-4772.0,0.13075000000000003,340.25181884765624,142.80344988998854,-5228.598,344.35208115531987,57.75724689999333
0,368,-5678.0,0.12837500000000002,244.36996358235677,118.0160154952541,-5233.018,348.64697485565534,57.93170579999423
0,369,-5785.0,0.126,282.1402990976969,173.78081800030895,-5244.9580000000005,357.0228278919991,58.105986899994605
0,370,-5618.0,0.1236250000000001,272.06665852864586,150.72941675729004,-5258.838000000001,357.76468684877216,58.28489699999773
0,371,-6000.0,0.12124999999999997,292.66183420817055,157.99298499626545,-5276.478,371.85227835257376,58.45181400000001
0,372,-5067.0,0.11887500000000006,324.2034851074219,149.44343579628617,-5280.378000000001,368.5979903851891,58.61136599999736
0,373,-4973.0,0.11650000000000005,342.52777837117515,141.68635504749415,-5266.078,366.3693482211633,58.78162759999395
0,374,-5189.0,0.11412500000000003,334.75085678100584,187.14407197672887,-5263.298000000001,366.4162995774069,58.939451699996425
0,375,-4876.1,0.11175000000000002,310.787660853068,155.7897498865793,-5258.42,369.898457958397,59.11085659999662
0,376,-5347.1,0.109375,312.15320383707683,158.1499341184539,-5251.562000000001,364.97930620242016,59.27721019999444
0,377,-5904.0,0.1070000000000001,268.4328985850016,131.91725106669625,-5270.161999999999,373.94735933818276,59.43294109999988
0,378,-6064.0,0.10462500000000008,300.74475682576497,152.03960557541566,-5295.262,384.1312082557209,59.590675399995234
0,379,-5381.0,0.10225000000000006,322.33737996419273,147.03468531205198,-5299.562,383.86344180710927,59.7536581999957
0,380,-5223.0,0.09987500000000005,297.76001790364586,151.32475169564478,-5298.302,384.00925847692787,59.908294999993814
0,381,-5807.0,0.09750000000000003,266.20651893615724,125.69531325883719,-5303.062,388.7806296049225,60.07471529999748
0,382,-5313.0,0.09512500000000002,313.09057159423827,182.4816744333009,-5313.102,382.37292189170506,60.23952719999943
0,383,-5032.0,0.09275000000000011,298.0870880126953,132.6706151155851,-5307.604,384.39357536774725,60.402821399999084
0,384,-5151.2,0.09037499999999998,306.73729680379233,140.48781157813676,-5303.456,384.9395371535639,60.571347199998854
0,385,-5615.0,0.08800000000000008,295.0553217569987,137.9828356386192,-5314.116,386.0377568891416,60.73397719999775
0,386,-5500.0,0.08562500000000006,305.96285146077474,146.1520529323518,-5320.356,386.4701339870909,60.89621039999474
0,387,-5655.0,0.08325000000000005,311.8704636891683,179.2215981370582,-5335.616,384.31270047189435,61.067884199997934
0,388,-5157.0,0.08087500000000003,288.21350479125977,153.8430716022282,-5325.976,382.62325938708955,61.23550629999954
0,389,-5855.0,0.07850000000000001,319.77149505615233,110.60365644260096,-5350.755999999999,375.90227408729515,61.41731259999506
0,390,-4775.0,0.076125,294.2270698547363,131.14826892255084,-5345.696,381.8682846008555,61.58144170000014
0,391,-5405.1,0.0737500000000001,302.531867090861,161.99859618321685,-5342.317999999999,380.5786361266223,61.73824809999496
0,392,-5371.0,0.07137499999999997,342.1265380859375,174.29841855767515,-5343.638000000001,380.56137002591316,61.90980069999932
0,393,-4587.0,0.06900000000000006,277.10922775268557,142.22322829432295,-5339.0380000000005,388.2123979936756,62.094104299998435
0,394,-4981.0,0.06662500000000005,286.18854471842445,201.5435258645821,-5342.018,384.8662872687084,62.264739199999894
0,395,-5378.0,0.06425000000000003,325.07218170166016,133.63498605954615,-5339.578,384.2431955363686,62.43416869999783
0,396,-5002.0,0.06187500000000001,329.65663935343423,163.28984237902534,-5333.638000000001,387.1095405127598,62.5944931999984
0,397,-5768.0,0.0595,310.9477011362712,185.46937712527836,-5339.898,391.52706291647326,62.752035599995
0,398,-5669.0,0.05712499999999998,287.6270062764486,176.3510013636586,-5351.098000000001,392.7695072125635,62.924807299998065
0,399,-5013.1,0.054750000000000076,304.6980499267578,149.40710418215906,-5347.373999999999,395.06710559599867,63.08553479999682
0,400,-4795.4,0.05237499999999995,314.1640970865885,159.5907457509236,-5338.502,402.3156882300266,63.268314199995075
0,401,-4753.0,0.050000000000000044,337.8841011047363,145.2510559981652,-5336.922,404.4512120342824,63.439854899996135
0,402,-5467.0,0.050000000000000044,268.8362257639567,131.6669494757036,-5337.602,404.6407129738677,63.60134259999904
0,403,-4461.0,0.050000000000000044,318.2785970052083,165.36124191420802,-5315.482,421.3798342066217,63.76172459999361
0,404,-6177.0,0.050000000000000044,316.02158139546714,136.51015224000193,-5351.422,416.66655123251735,63.929209099995205
0,405,-4780.5,0.050000000000000044,308.3071454366048,139.08314391112864,-5346.972,421.52377538639496,64.09958779999579
0,406,-5212.0,0.050000000000000044,383.25923614501954,213.17761132532053,-5339.432,420.49760923933917,64.27196809999441
0,407,-5271.0,0.050000000000000044,317.9803757985433,156.74692476723146,-5342.512,419.41970847350507,64.43942599999718
0,408,-5797.0,0.050000000000000044,358.2620984395345,148.9786820953498,-5348.512,423.71068886210554,64.60909609999362
0,409,-5099.0,0.050000000000000044,312.3043899536133,149.3076668679854,-5340.772,424.66210805297897,64.77513099999487
0,410,-5276.0,0.050000000000000044,281.8362370808919,180.96390215018664,-5350.39,417.5813090884217,64.9209070999932
0,411,-5813.0,0.050000000000000044,350.57422320048016,152.26362533455946,-5356.49,422.0429856069166,65.09084389999771
0,412,-5224.0,0.050000000000000044,327.74715957641604,149.55153904268872,-5337.55,406.00997438486655,65.24942969999393
0,413,-5024.1,0.050000000000000044,369.8833404541016,120.51158832909364,-5334.972,407.5798047204989,65.39614209999854
0,414,-5166.1,0.050000000000000044,336.3260854085286,205.2241548944845,-5334.494000000001,407.7635174509853,65.5634368999963
0,415,-5606.0,0.050000000000000044,361.31893361409504,106.02476575175515,-5328.714,401.78184180472863,65.72835809999378
0,416,-4613.0,0.050000000000000044,321.6469258626302,135.4430926609214,-5308.934,412.0541540186193,65.89647100000002
0,417,-5441.0,0.050000000000000044,301.0592010498047,180.9854921763248,-5322.314,405.20669738295294,66.07323289999476
0,418,-4948.0,0.050000000000000044,401.87879384358723,144.55833373727916,-5307.714,405.27925730784693,66.27856969999993
0,419,-5358.8,0.050000000000000044,338.3103963216146,177.28985109549075,-5299.19,399.5932618300764,66.43045669999992
0,420,-4946.0,0.050000000000000044,306.64330673217773,131.96886759312758,-5285.75,399.9452568789884,66.59177809999528
0,421,-5029.0,0.050000000000000044,282.89675928751626,141.43929867130265,-5266.33,388.1937945150592,66.75833489999786
0,422,-5054.3,0.050000000000000044,333.0726872762044,166.6558307836855,-5266.076,388.3282670937051,66.9551152999993
0,423,-5099.0,0.050000000000000044,268.2008275349935,166.7267845782641,-5268.596,386.8241326287697,67.13661659999343
0,424,-5209.0,0.050000000000000044,360.14024251302084,218.26141631426688,-5268.996,386.7519525277151,67.28780749999714
0,425,-5203.3,0.050000000000000044,331.20102971394857,122.76283955178883,-5275.54,382.79658148943804,67.42947199999617
0,426,-5091.0,0.050000000000000044,298.67955856323243,129.7198500334469,-5270.418000000001,383.5174982657245,67.61328169999615
0,427,-5093.0,0.050000000000000044,344.87661870320636,167.9874896326405,-5254.198,373.3947013496576,67.78957660000015
0,428,-4701.0,0.050000000000000044,342.5950342814128,163.1932401947752,-5226.938,362.8849271546009,67.95877919999475
0,429,-5812.0,0.050000000000000044,351.6575369517008,210.90553388541016,-5235.558,371.45984283095794,68.1354016999976
0,430,-4812.0,0.050000000000000044,297.89446818033855,187.2418638619964,-5227.338000000001,376.1644852401672,68.33085999999457
0,431,-4923.0,0.050000000000000044,336.2610576629639,143.96278627046763,-5209.657999999999,369.2145842677399,68.49767939999583
0,432,-5416.2,0.050000000000000044,330.2556894938151,200.9496057931189,-5211.722000000001,370.0739787069607,68.67776419999427
0,433,-4987.0,0.050000000000000044,272.13302523295084,118.01736893657201,-5210.822,370.56435246256484,68.84556559999328
0,434,-5564.0,0.050000000000000044,350.6107772827148,125.75016393741429,-5219.078,373.7290142817386,69.01673729999311
0,435,-5696.0,0.050000000000000044,314.792938486735,198.07177886983,-5220.698,375.6125117671136,69.18577359999472
0,436,-4301.0,0.050000000000000044,374.35044657389324,182.56584626386416,-5196.718000000001,394.7992080488511,69.37850409999373
0,437,-4823.0,0.050000000000000044,265.90139338175453,179.307892948542,-5180.078,392.66064243313207,69.53146049999486
0,438,-5145.9,0.050000000000000044,290.9253002166748,109.42613926935515,-5179.856000000001,392.67676486392725,69.6976555999936
0,439,-5167.0,0.050000000000000044,312.89535268147785,162.5416768066615,-5166.096,380.6476338873,69.8736315999995
0,440,-6454.0,0.050000000000000044,342.3159051259359,162.51016429916132,-5199.676,416.9889895716672,70.13146289999713
0,441,-5426.0,0.050000000000000044,258.7368497212728,164.37356269958153,-5200.094,417.20512144986907,70.31168899999466
0,442,-4417.0,0.050000000000000044,265.54510536193845,157.13130727493882,-5181.014,430.5538456499953,70.4730644999945
0,443,-5264.0,0.050000000000000044,298.5687665303548,183.71065205644706,-5194.554,422.22501499082216,70.63998999999603
0,444,-5139.0,0.050000000000000044,303.2716810862223,160.62309084464295,-5197.714,421.2049339739505,70.81865749999997
0,445,-5268.0,0.050000000000000044,318.66684646606444,194.7103862190079,-5195.514,420.544287803318,70.98372159999417
0,446,-5817.3,0.050000000000000044,314.7193277994792,186.368582736291,-5211.82,428.4565504225603,71.15704219999316
0,447,-4808.0,0.050000000000000044,380.85427017211913,171.8635576839699,-5192.62,424.59517613840126,71.3295977999951
0,448,-5859.0,0.050000000000000044,322.29654286702475,175.62221781263096,-5196.42,429.6616245372631,71.51220959999773
0,449,-5875.0,0.050000000000000044,340.6494489034017,138.9861622076556,-5213.658,439.14605182786283,71.66621199999645
0,450,-4659.2,0.050000000000000044,331.173753229777,142.53165207290786,-5210.934,442.1442219954933,71.82377739999356
0,451,-5711.0,0.050000000000000044,331.88809521993,194.7015573831184,-5230.094,442.64167965070794,71.99913459999516
0,452,-5595.0,0.050000000000000044,264.6081194559733,169.22773525052406,-5232.654,444.3711755773545,72.17223549999471
0,453,-4822.5,0.050000000000000044,345.30998916625975,189.37889693216806,-5239.884,434.59060843971304,72.34564200000023
0,454,-4801.0,0.050000000000000044,294.37874069213865,132.1462506386213,-5212.3640000000005,417.6126218207491,72.50680749999447
0,455,-5002.0,0.050000000000000044,398.08642501831054,192.1468250529646,-5216.794,414.1685731245189,72.66990089999308
0,456,-5885.0,0.050000000000000044,344.42392921447754,207.97123967899253,-5230.254,424.59858794395444,72.84078459999728
0,457,-4980.0,0.050000000000000044,365.91098861694337,150.17465408616218,-5224.434,425.99228284559337,73.00823919999675
0,458,-4940.4,0.050000000000000044,332.60072530110676,164.94676170905095,-5207.302,419.80089256217644,73.18141269999614
0,459,-5225.0,0.050000000000000044,371.92066243489586,189.74553703773526,-5209.822,419.5212949493744,73.35860309999407
0,460,-5165.0,0.050000000000000044,383.11230417887367,142.73017348253657,-5207.602,419.4589112130055,73.51963289999549
0,461,-5437.0,0.050000000000000044,358.1748547871908,164.63918559946686,-5200.082,411.83924275862785,73.70537679999688
0,462,-5487.0,0.050000000000000044,375.40686950683596,225.07007400855883,-5205.342,413.78604572411575,73.88752369999565
0,463,-5451.1,0.050000000000000044,327.894792175293,157.5788899485248,-5213.8820000000005,414.3632786287897,74.04988729999604
0,464,-5051.0,0.050000000000000044,382.7369018554688,182.3688879372617,-5211.58,414.9416537297744,74.21344089999911
0,465,-5513.0,0.050000000000000044,408.8367167154948,191.30316566036456,-5209.72,413.3749557000279,74.38653739999427
0,466,-5864.0,0.050000000000000044,431.0976061503092,196.023576810818,-5234.74,414.35854618916693,74.55360010000004
0,467,-5192.0,0.050000000000000044,414.4011660257975,224.19926509734725,-5229.76,413.344740864088,74.72862599999644
0,468,-5707.0,0.050000000000000044,377.0065404256185,170.1840439083366,-5244.94,416.64232718244074,74.90308799999912
0,469,-4895.0,0.050000000000000044,346.3191301981608,167.98651911775167,-5235.664000000001,419.1594716858966,75.0791312999936
0,470,-5577.0,0.050000000000000044,371.68893547058104,217.39260631442778,-5248.283999999999,419.7469463188505,75.26471409999795
0,471,-5081.0,0.050000000000000044,423.34010721842446,179.01870978635063,-5249.3240000000005,419.26648640691525,75.48049029999675
0,472,-5870.0,0.050000000000000044,340.7878832499186,194.4178558698618,-5265.637999999999,427.15609179315237,75.6286911999996
0,473,-4962.0,0.050000000000000044,305.8297871907552,155.43312552486415,-5262.898,428.6529778223873,75.78761079999822
0,474,-4753.0,0.050000000000000044,376.0244211832682,184.95547527583628,-5253.778,434.5135446864689,75.9383885999996
0,475,-4961.0,0.050000000000000044,336.19794921875,154.11628599443782,-5248.932,436.3965574749645,76.09289509999508
0,476,-5534.0,0.050000000000000044,397.8992872873942,192.57541617342082,-5257.7919999999995,437.5955675461076,76.25301209999452
0,477,-5170.0,0.050000000000000044,361.09056396484374,177.09371236218107,-5259.331999999999,437.14817828283356,76.41885159999947
0,478,-5681.0,0.050000000000000044,313.06901524861655,174.5479310997895,-5278.932,433.6308976260802,76.56652179999946
0,479,-5561.6,0.050000000000000044,371.91809539794923,187.52849032739795,-5273.924,428.8653278408037,76.72196669999539
0,480,-5535.0,0.050000000000000044,344.283851369222,171.98442693469724,-5288.383999999999,425.22007918723693,76.88867459999892
0,481,-5669.0,0.050000000000000044,371.26036732991537,192.1434040063985,-5303.303999999999,425.2255528351983,77.05368269999599
0,482,-4829.0,0.050000000000000044,379.3110117594401,177.29283138012738,-5291.56,430.02700473342367,77.22494480000023
0,483,-6002.0,0.050000000000000044,332.40150400797523,161.7682151526196,-5311.86,439.033596436537,77.40081149999605
0,484,-5017.0,0.050000000000000044,325.5714581807454,168.61114041496668,-5300.92,439.4293708891112,77.56998839999869
0,485,-5179.0,0.050000000000000044,379.9661020914713,177.87349333785502,-5290.58,436.08116446368103,77.74103249999462
0,486,-4898.0,0.050000000000000044,407.7784417470296,195.89388964610296,-5302.52,416.55879296925195,77.92006389999733
0,487,-4274.0,0.050000000000000044,342.33171501159666,232.47400268162826,-5291.54,435.8428005600185,78.09099900000001
0,488,-5664.0,0.050000000000000044,366.0718610127767,212.4609530821317,-5301.901999999999,438.4083537023445,78.23885539999901
0,489,-4981.0,0.050000000000000044,347.37685521443683,159.6733887114748,-5298.182,440.3221968922303,78.39181049999752
0,490,-5879.0,0.050000000000000044,362.48340810139973,206.72884393729868,-5286.682,416.86937171732825,78.54707139999664
0,491,-5438.0,0.050000000000000044,376.2604876200358,170.10520010775895,-5286.922,416.9529567181411,78.71036069999536
0,492,-5454.0,0.050000000000000044,393.30391260782875,211.05490653805924,-5307.661999999999,398.5506692454549,78.87531799999852
0,493,-5451.0,0.050000000000000044,348.57834676106773,183.53210480033897,-5311.401999999999,399.00054711240693,79.03016369999386
0,494,-5125.4,0.050000000000000044,392.0519437154134,226.33769703934362,-5311.13,399.12259833289323,79.17171899999812
0,495,-5415.0,0.050000000000000044,305.82518971761067,153.1321075716954,-5314.07,399.3354235476738,79.34325790000003
0,496,-5360.0,0.050000000000000044,364.76940434773763,180.24253637242367,-5304.923999999999,392.8899512891619,79.51391399999557
0,497,-5119.0,0.050000000000000044,365.7791946411133,187.37336007853298,-5311.144,387.3970971290312,79.68524379999872
0,498,-5233.0,0.050000000000000044,402.47569847106934,221.14306818742742,-5298.624,379.5246582555605,79.85743739999452
0,499,-6082.0,0.050000000000000044,377.008108774821,189.00290517285933,-5302.764,386.84777355440474,80.01919359999738
0,500,-5510.0,0.050000000000000044,344.9663909912109,163.9455188016901,-5319.78,376.7454026262298,80.19006289999379
1,1,-4914.0,1.0,,,-4914.0,,0.04797880000114674
1,2,-5606.0,0.997625,,,-5260.0,346.0,0.09406110000418266
1,3,-4933.0,0.99525,,,-5151.0,321.82707572027977,0.1333946000013384
1,4,-4931.0,0.992875,,,-5096.0,294.54116859956946,0.17073250000248663
1,5,-5416.0,0.9905,,,-5160.0,292.8952031017237,0.2064955000023474
1,6,-5474.0,0.988125,,,-5212.333333333333,291.86222015799774,0.24416270000074292
1,7,-5934.0,0.98575,,,-5315.428571428572,369.84624494235334,0.2856543000016245
1,8,-5494.0,0.983375,,,-5337.75,350.96394045542627,0.3287980000022799
1,9,-5002.0,0.981,,,-5300.444444444444,347.3084159683856,0.371741100003419
1,10,-5255.6,0.978625,,,-5295.96,329.76023774858,0.4138105000020005
1,11,-5328.0,0.97625,,,-5298.872727272727,314.54893849883484,0.4551664000027813
1,12,-5492.0,0.973875,,,-5314.966666666666,305.8514545040161,0.49671130000206176
1,13,-4932.0,0.9715,,,-5285.507692307693,311.068012502679,0.5372685000038473
1,14,-5432.0,0.969125,,,-5295.971428571429,302.11754436352237,0.5792825000025914
1,15,-6122.0,0.96675,,,-5351.04,357.275350021987,0.6291960000016843
1,16,-4889.0,0.964375,,,-5322.1625,363.5608217255401,0.6731717000002391
1,17,-5443.0,0.962,,,-5329.270588235295,353.849944542309,0.7144094000032055
1,18,-4633.0,0.959625,,,-5290.588888888889,379.065086596673,0.759311699999671
1,19,-4611.3,0.95725,,,-5254.836842105264,398.91784830374644,0.8018951000049128
1,20,-5759.0,0.954875,,,-5280.045,404.0448619584216,0.842308100000082
1,21,-5343.0,0.9525,,,-5283.042857142857,394.53526678193657,0.8809551000013016
1,22,-5408.0,0.950125,,,-5288.722727272728,386.34206220514693,0.9215427000017371
1,23,-5494.0,0.94775,,,-5297.647826086957,380.16191043744504,0.9655175000007148
1,24,-4849.0,0.945375,,,-5278.954166666666,382.8037355912804,1.0164895000052638
1,25,-5805.0,0.9430000000000001,,,-5299.996,388.9773283676055,1.0628911000021617
1,26,-4833.0,0.940625,,,-5282.034615384615,391.8536529627313,1.107071000005817
1,27,-5302.0,0.93825,,,-5282.774074074074,384.547125265641,1.1455675000033807
1,28,-5360.0,0.935875,,,-5285.532142857142,377.88963435446465,1.1936623000001418
1,29,-5169.0,0.9335,,,-5281.513793103448,371.92544648193245,1.237825200005318
1,30,-5458.0,0.931125,,,-5287.3966666666665,367.0438997207585,1.284453600004781
1,31,-4669.0,0.92875,,,-5267.448387096774,377.2444752548429,1.3291902000055416
1,32,-5251.0,0.926375,,,-5266.934375,371.31427525192106,1.3735060000035446
1,33,-5000.0,0.924,,,-5258.845454545454,368.4970318460365,1.4179939000023296
1,34,-5054.0,0.921625,175.02648707798548,8.911432517330425,-5252.820588235294,364.68356773526904,1.5755566000007093
1,35,-5948.0,0.91925,170.51666310628255,7.492926321367891,-5272.682857142857,377.63421945862166,1.7470009000026039
1,36,-5609.0,0.916875,167.44742940266926,11.210458771273542,-5282.025,376.43183784274504,1.911068500005058
1,37,-5311.0,0.9145,143.12910283406575,13.543975810132265,-5282.808108108108,371.33980532032876,2.0751531000059913
1,38,-5166.0,0.912125,119.76285069783529,15.17421508014254,-5279.734210526316,366.8979266314842,2.233787700002722
1,39,-5344.0,0.9097500000000001,83.43711293538412,10.082320956234462,-5281.382051282051,362.30598901735465,2.396133300004294
1,40,-5044.0,0.907375,63.34845835367839,12.2386315281724,-5275.4475,359.6630728803695,2.5610455999994883
1,41,-5119.0,0.905,93.49114608764648,14.267363366798705,-5271.631707317073,356.06863851806645,2.7222642000051565
1,42,-5622.0,0.902625,67.84735933939616,8.350115251382663,-5279.973809523809,355.8362056711485,2.882296800002223
1,43,-6119.4,0.90025,62.62470957438151,6.05399921758239,-5299.495348837209,373.7386370387413,3.039665200005402
1,44,-5821.0,0.897875,62.89125658671061,6.619900316441911,-5311.347727272727,377.553442628046,3.190922600006161
1,45,-5325.0,0.8955,65.1197723388672,6.512260693064872,-5311.651111111111,373.3402598299258,3.417404899999383
1,46,-5541.0,0.893125,62.77695287068685,6.765546441113905,-5316.636956521739,370.77152660171106,3.575594699999783
1,47,-5137.0,0.89075,80.4956734975179,23.46741186231211,-5312.814893617021,367.72078328404444,3.731645899999421
1,48,-4850.0,0.888375,84.25874315897623,11.988212367992759,-5303.172916666666,369.82563951339694,3.883183400001144
1,49,-4640.0,0.886,70.13645909627279,6.550096636915552,-5289.638775510204,377.85190426632,4.099386400004732
1,50,-4817.0,0.883625,71.09308433532715,7.85482320744958,-5280.186,379.86183488737055,4.232976200000849
1,51,-4648.0,0.88125,71.54263229370117,9.137189323480493,-5274.866,386.75321620382164,4.365103399999498
1,52,-4866.0,0.878875,70.10837186177572,6.632519153354072,-5260.066,387.95546631540066,4.522408600001654
1,53,-5302.0,0.8765000000000001,72.59465268452962,7.291653819532601,-5267.446,385.16321901760034,4.680749500003003
1,54,-4899.0,0.874125,98.92873802185059,22.71800982542817,-5266.806,385.7478795327331,4.843164900004922
1,55,-5640.0,0.87175,81.10424397786458,8.046314821060752,-5271.286,388.7436872850799,5.003661700000521
1,56,-5438.0,0.869375,77.84165458679199,9.772262564966995,-5270.566,388.40075675003516,5.1551552000019
1,57,-5633.0,0.867,77.3781224568685,9.875183814501453,-5264.545999999999,380.31984182264273,5.301107999999658
1,58,-5335.0,0.864625,81.59538294474284,8.921443567890446,-5261.366,379.0506064419367,5.4439637000032235
1,59,-5508.0,0.86225,84.1097780863444,12.78972368819567,-5271.486,378.74542902060216,5.58814859999984
1,60,-5144.0,0.859875,81.62874259948731,14.105859789119208,-5269.254,379.16107986448185,5.7478303000025335
1,61,-5282.0,0.8575,117.11936264038086,21.313067708369758,-5268.334,379.07321910681054,5.911351700000523
1,62,-4970.0,0.855125,89.912819925944,11.48316380383691,-5257.894,379.95663668897794,6.067438400001265
1,63,-4806.0,0.85275,90.41043548583984,15.941005389344578,-5255.374,382.518916034227,6.233137000002898
1,64,-4628.0,0.850375,92.42767333984375,13.3010500899456,-5239.294,391.54844216776036,6.399947700003395
1,65,-5704.0,0.848,88.75873998006185,10.04172154084431,-5230.934,376.79693290152983,6.560599200005527
1,66,-5837.0,0.8456250000000001,93.7134641011556,15.391176596911487,-5249.894,382.91564314349966,6.7173223000063444
1,67,-5177.0,0.84325,111.5306007385254,32.14096986003082,-5244.5740000000005,382.0426148010193,6.882812300005753
1,68,-4971.0,0.840875,117.2152114868164,21.091095169704975,-5251.334,374.0685250645929,7.04696430000331
1,69,-5444.0,0.8385,99.05287221272786,14.092849826971095,-5267.988,363.59240786353064,7.218029800002114
1,70,-5199.1,0.836125,98.93082936604817,13.743244753448213,-5256.79,356.8572533941267,7.382813700001861
1,71,-6022.0,0.83375,95.86132481892903,12.63998058566629,-5270.37,372.45800635776374,7.535477600002196
1,72,-4994.0,0.831375,101.85828857421875,17.748994194266036,-5262.09,373.90530258342153,7.690238200004387
1,73,-5552.0,0.829,107.2786491394043,22.413235705517504,-5263.25,374.71207733405123,7.841652000002796
1,74,-5397.0,0.8266249999999999,113.37006301879883,22.158686779799304,-5274.21,370.4250791995596,8.006148600004963
1,75,-4879.0,0.82425,107.78111216227214,18.142543720683445,-5255.69,366.55259827206237,8.155058000003919
1,76,-5620.0,0.821875,114.39036115010579,23.248109483671957,-5271.43,364.9577489244474,8.32089840000117
1,77,-5421.0,0.8195,110.79339243570963,17.666828659990298,-5273.81,365.5369027882137,8.485290300006454
1,78,-5227.0,0.817125,117.58731129964193,17.527277516330013,-5271.15,365.3839089232037,8.650999299999967
1,79,-4524.0,0.81475,110.80762532552083,18.00964939129769,-5258.25,379.8617655147725,8.806318000002648
1,80,-5682.0,0.8123750000000001,109.76702779134115,19.74869555679281,-5262.73,383.4946811886705,8.961051500002213
1,81,-5405.0,0.81,136.63981297810872,30.893970160549785,-5277.45,374.4409177694126,9.128948700003093
1,82,-5206.0,0.807625,116.44225896199545,26.43959365057268,-5276.55,374.55747342697623,9.283179500002007
1,83,-5444.0,0.80525,115.68559595743815,25.134426946217303,-5285.43,373.156319121089,9.445639199999277
1,84,-5445.0,0.802875,109.4512575785319,19.97496428239164,-5293.25,372.32048144038487,9.609744500005036
1,85,-4859.0,0.8005,114.65258560180663,24.65902489368142,-5271.47,365.16528107146223,9.772201600004337
1,86,-4579.0,0.798125,115.69967651367188,22.496534984580453,-5250.87,374.47708407858545,9.940934300000663
1,87,-5544.0,0.79575,133.8350461324056,32.37303496270647,-5255.53,376.6398312712026,10.16617750000296
1,88,-5415.0,0.7933749999999999,132.88018035888672,26.404532957818773,-5260.51,377.06904314727296,10.340709200005222
1,89,-5374.0,0.791,122.20465418497722,25.393039562249992,-5261.11,377.2252527336949,10.51706820000254
1,90,-5262.0,0.788625,119.04130147298177,19.93753134132921,-5265.47,375.94835084091005,10.681399400004011
1,91,-5522.0,0.78625,122.57930119832356,23.99677972166285,-5273.53,377.04016032778253,10.85189420000097
1,92,-5323.0,0.783875,117.74419072469075,27.587102476976934,-5267.55,373.823274957566,11.002287499999511
1,93,-5551.0,0.7815,122.32056096394857,24.139489690877777,-5256.182,355.96140110410846,11.167227300000377
1,94,-5464.0,0.7791250000000001,144.50689595540365,26.533234099372404,-5249.0419999999995,348.05303968791884,11.337390100001357
1,95,-5751.0,0.77675,138.1558687845866,27.962655854270455,-5257.562,354.9537608703421,11.500043000000005
1,96,-5223.2,0.774375,128.1692003885905,24.56009376059659,-5251.206,352.6593917138745,11.668515400000615
1,97,-4957.0,0.772,130.24640986124675,30.655851904414966,-5247.606000000001,354.71956495801015,11.817372500001511
1,98,-4910.0,0.769625,128.9070597330729,29.122484078545405,-5248.806,353.47174620328565,11.9888401000062
1,99,-5395.0,0.76725,131.9155476888021,25.64971761042055,-5263.906,343.1163420241012,12.156291600003897
1,100,-4946.0,0.764875,131.4619992574056,30.889434765627083,-5266.486,340.2189777246413,12.315682300002663
1,101,-5289.0,0.7625,150.38666865030925,38.084459207500124,-5279.306,328.54868644388154,12.476384500005224
1,102,-5072.0,0.760125,138.61578496297201,30.59838855287668,-5283.4259999999995,324.6079843811609,12.633119199999783
1,103,-5112.0,0.75775,137.89314880371094,30.404519998019623,-5279.626,325.47924837691266,12.79541440000321
1,104,-5179.0,0.755375,135.61819305419922,26.61398450059524,-5285.226,321.26370776046275,12.961769200002891
1,105,-5340.0,0.753,141.3771074930827,34.1764870281046,-5279.226,317.35954676675476,13.125805100004072
1,106,-5287.0,0.750625,134.882687886556,34.117048537320294,-5276.206,316.5517123062202,13.280623099999502
1,107,-5740.0,0.7482500000000001,146.1173853556315,37.95057795980054,-5278.346,319.30622493775473,13.449660700003733
1,108,-4979.5,0.7458750000000001,152.32200775146484,35.560098754835664,-5271.236,321.91287377798363,13.607295600006182
1,109,-4847.0,0.7435,143.73658828735353,34.677849705803716,-5258.016,325.471211851371,13.766642800001136
1,110,-4883.299999999999,0.741125,151.22159156799316,46.82068636925513,-5252.802,329.32138192956745,13.922911400004523
1,111,-5081.0,0.73875,151.98263346354167,41.45403110611564,-5248.781999999999,330.16614041418603,14.083378100003756
1,112,-5792.0,0.736375,144.68853251139322,36.973827117011076,-5265.222,336.28371134504863,14.25183300000208
1,113,-5977.0,0.734,147.00011698404947,40.74437840695472,-5288.642,344.1701608739491,14.411097399999562
1,114,-4693.0,0.731625,161.66654281616212,38.4843007125259,-5289.941999999999,341.78683479034123,14.576616000005743
1,115,-4506.0,0.72925,151.76399408976238,40.28462281976593,-5265.982,353.7040846187672,14.740156800005934
1,116,-5097.0,0.726875,153.76438369750977,36.29486386038681,-5251.182,344.8730297892255,14.894044700005907
1,117,-5699.0,0.7245,144.98264770507814,42.04863893273568,-5261.621999999999,350.3272369028706,15.052506500003801
1,118,-5449.0,0.722125,137.6904401143392,38.87780255797395,-5271.182,348.78469960134436,15.191776200001186
1,119,-4932.0,0.71975,154.6728729248047,43.92823324832041,-5260.941999999999,351.0690479606541,15.34748910000053
1,120,-4405.0,0.7173750000000001,163.92991943359374,48.315262026968945,-5245.06,370.90899692512176,15.510639300002367
1,121,-4810.0,0.7150000000000001,157.8431734720866,43.26939788830865,-5220.82,358.7460594905538,15.670853100004024
1,122,-4740.0,0.7126250000000001,164.79010314941405,43.424112293639645,-5215.74,363.68632088655744,15.841831000005186
1,123,-5421.0,0.71025,157.3415402730306,48.36009889632712,-5213.12,361.72101570132753,16.000955700001214
1,124,-4956.0,0.707875,160.97234242757162,38.706792311080456,-5204.3,362.5055552677779,16.16658599999937
1,125,-4838.0,0.7055,159.52370427449543,49.466650153326995,-5203.48,363.2859991797097,16.311748500003887
1,126,-5211.0,0.703125,152.4559590657552,43.220228151256215,-5195.3,358.3868825724513,16.476899500004947
1,127,-4998.0,0.70075,162.9682846069336,49.159502363433816,-5186.84,357.9515637624733,16.659562000000733
1,128,-5534.0,0.698375,155.7388122558594,42.55311993922739,-5192.98,361.20598998355496,16.881537500004924
1,129,-5582.0,0.696,154.34198023478191,46.11523918622046,-5214.14,352.27555691532166,17.099050200005877
1,130,-4729.0,0.6936249999999999,164.22675755818685,58.2153969050337,-5195.08,352.22739984277206,17.282077100004244
1,131,-5327.0,0.69125,169.1559979756673,39.45996721885344,-5193.52,351.46612525249145,17.454090999999607
1,132,-5610.0,0.688875,152.74466934204102,49.687252527045544,-5201.6,356.2711714410808,17.626260299999558
1,133,-5146.0,0.6865,165.04285278320313,35.15533174208999,-5195.64,354.6551818315926,17.78491010000289
1,134,-6181.0,0.684125,158.28075841267903,43.907162693733575,-5210.36,379.12886727338497,17.964781000002404
1,135,-5624.0,0.6817500000000001,184.0305211385091,57.20052997363783,-5225.66,380.0756398402823,18.12239380000392
1,136,-4209.0,0.6793750000000001,159.95867589314778,42.391695554053435,-5218.26,395.8677809572282,18.308053900000232
1,137,-4952.2,0.677,161.52720489501954,48.37276442089292,-5206.424,394.79720949368425,18.455878500004474
1,138,-5055.0,0.674625,158.46854146321616,47.5918684147873,-5199.224,394.2099722533666,18.605635800005984
1,139,-5374.0,0.67225,148.75459416707358,38.93917262598364,-5199.224,394.2099722533666,18.79037740000058
1,140,-5536.0,0.669875,172.72469889322917,50.14810020653768,-5204.704000000001,396.93956313776533,18.95500980000361
1,141,-5034.0,0.6675,152.0808090209961,49.05701397337223,-5194.944,395.01268494062316,19.117698900001415
1,142,-6007.0,0.665125,174.0409029642741,59.99185970408684,-5208.624,410.7415379822207,19.281154200005403
1,143,-5219.0,0.66275,162.5874282836914,50.47264952109148,-5201.984,407.8262474927282,19.468288399999437
1,144,-5402.0,0.660375,160.40646057128907,50.361330593040265,-5200.744000000001,407.121346608109,19.627618000005896
1,145,-5029.0,0.658,165.83102467854818,53.633234548879464,-5186.304,400.09194441278123,19.791222800005926
1,146,-5354.0,0.655625,161.88311894734701,41.74481004464796,-5188.92,400.7517101647852,19.984367400000338
1,147,-4757.0,0.65325,175.91207326253254,41.77629498126811,-5184.92,404.0313022526844,20.130234700001893
1,148,-4640.4,0.6508750000000001,188.29350814819335,80.41202214397588,-5179.528,409.4272096673596,20.302265400001488
1,149,-5733.0,0.6485000000000001,182.22695083618163,57.289842456318105,-5186.288,415.67175012983506,20.478870700004336
1,150,-5435.4,0.6461250000000001,174.8138796488444,68.25328886105137,-5196.076,415.6604001152864,20.636890100002347
1,151,-5401.0,0.64375,163.1788564046224,58.28408721236986,-5198.316,416.45615632861046,20.805318500002613
1,152,-5138.0,0.641375,196.06824239095053,60.2239290498428,-5199.6359999999995,416.1581832716978,20.964229600002
1,153,-5019.7,0.639,167.4702412923177,59.28728926675705,-5197.79,416.74712200565943,21.123557099999744
1,154,-5301.0,0.636625,181.70658340454102,49.774057490627634,-5200.23,416.9870440433372,21.288211999999476
1,155,-5299.0,0.63425,194.82124811808268,54.08766372372,-5199.41,416.7516283111561,21.454754300000786
1,156,-5977.0,0.631875,183.3864433288574,56.864584130330925,-5213.21,430.6169570511594,21.615892100002384
1,157,-5344.0,0.6295,181.05068918863932,54.06453550257942,-5205.29,424.45282859229485,21.778948400002264
1,158,-5300.0,0.6271249999999999,157.12185185750326,38.94032087325608,-5211.7,423.41338287777353,21.939638700001524
1,159,-5425.0,0.62475,187.21840337117513,56.897916976130475,-5223.26,421.1829474230883,22.10594890000357
1,160,-5361.0,0.622375,174.56299692789713,48.06683246807864,-5232.814,418.77414724884824,22.27013760000409
1,161,-5537.0,0.62,190.83627624511718,49.51196841599029,-5241.934,420.331113104895,22.435818700003438
1,162,-5893.5,0.617625,160.81607411702473,54.86872020320948,-5243.964,423.2179541371089,22.59284160000243
1,163,-4926.0,0.6152500000000001,166.19122823079428,59.686423124492194,-5222.944,412.2460222537023,22.772619600000326
1,164,-5166.0,0.6128750000000001,152.86535263061523,60.943702290194366,-5232.404,405.34593964168437,22.93790219999937
1,165,-4815.0,0.6105,175.5954813639323,56.900017525226495,-5238.584,396.4825405285837,23.104972500004806
1,166,-5632.0,0.608125,191.65849965413412,74.28653708248473,-5249.284000000001,399.72305080392846,23.273127400003432
1,167,-5096.0,0.60575,181.92107340494792,70.63713854404112,-5237.224,395.04190135224894,23.449524600000586
1,168,-5086.0,0.603375,158.13707211812337,56.6315476982172,-5229.964,394.4182915433816,23.60733220000111
1,169,-5733.0,0.601,162.15875244140625,62.12487668281932,-5245.984,398.23912633491955,23.768647100005182
1,170,-5608.0,0.598625,168.51730550130208,65.14047028384353,-5270.044,382.7421430467254,23.94772400000511
1,171,-5019.0,0.59625,197.63400497436524,61.27783170377134,-5274.224,378.81621906143357,24.08963130000484
1,172,-5593.0,0.593875,182.4752530415853,66.15105204906513,-5291.284000000001,373.54402865525776,24.22789290000219
1,173,-4618.0,0.5915,173.3318084716797,68.25440684394998,-5275.224,384.71667474129583,24.385778200005007
1,174,-5443.0,0.589125,226.5400843302409,70.04327751607,-5284.964,382.67080984052075,24.53455770000437
1,175,-5101.0,0.58675,164.35446599324544,66.05960328877592,-5290.224,378.2731814760333,24.702231300005224
1,176,-5092.7,0.5843750000000001,166.27814788818358,59.10634519551719,-5287.858,379.13030429655714,24.86675390000164
1,177,-5256.0,0.5820000000000001,192.10584081013997,69.38974209324829,-5293.018,376.8993333451255,25.028404600001522
1,178,-5512.0,0.5796250000000001,171.92001647949218,64.88568288318709,-5292.578,376.6304949363501,25.19101120000414
1,179,-5413.0,0.57725,179.87044626871744,62.610294557299795,-5289.198,374.77170730459363,25.342559299999266
1,180,-5049.0,0.574875,197.5920893351237,61.00217227926832,-5295.598000000001,367.81834945527123,25.496244200003275
1,181,-5402.0,0.5725,205.60100606282552,69.65625061426174,-5297.098000000001,368.0961751988195,25.6508976000041
1,182,-5538.0,0.570125,200.15724970499676,56.75382219864282,-5295.658,367.00850512760604,25.807200100003683
1,183,-5105.0,0.56775,187.8330950419108,70.22537398261535,-5294.838000000001,367.3875740359219,26.00255340000149
1,184,-5458.0,0.565375,192.20272267659504,76.55339553886125,-5280.378000000001,345.8197694117559,26.212911599999643
1,185,-5159.0,0.563,169.72161229451498,69.83128705629021,-5271.078,342.69221426230274,26.38030450000224
1,186,-4949.0,0.5606249999999999,165.06131871541342,64.51088230872261,-5285.878000000001,311.01994295543176,26.543556700002227
1,187,-5627.0,0.55825,193.75575790405273,73.94677243850998,-5299.374,310.88860886819253,26.703865100003895
1,188,-5442.0,0.555875,212.03017578125,87.7012827150963,-5307.1140000000005,309.52268092015487,26.853012100000342
1,189,-5143.0,0.5535000000000001,186.70969505310057,57.21966531881497,-5302.494000000001,310.21305414827407,26.997080600005575
1,190,-5153.0,0.5511250000000001,181.26504313151042,70.66463168697318,-5294.834,309.0791669524169,27.14639570000145
1,191,-4320.0,0.5487500000000001,177.50521926879884,80.30104387820278,-5280.554,336.1121123732377,27.313211400003638
1,192,-5622.9,0.546375,181.24324696858724,59.991800425227154,-5272.872,323.57669696070514,27.470189600004232
1,193,-5321.0,0.544,188.76955006917316,62.13089740326161,-5274.911999999999,323.55215878742024,27.631337099999655
1,194,-5848.0,0.541625,201.48380025227866,79.70882878119737,-5283.831999999999,332.94444427862135,27.795969500002684
1,195,-5100.0,0.53925,180.6206901550293,65.7755527485292,-5285.2519999999995,332.0046440880007,27.954335500005982
1,196,-5046.0,0.536875,202.1164629618327,84.33871305704683,-5279.092,333.52577521984716,28.122275500005344
1,197,-5098.0,0.5345,180.97835235595704,47.29040005137358,-5285.911999999999,326.18586029440337,28.284092000001692
1,198,-4645.0,0.532125,168.53777923583985,65.47066717200902,-5286.004,326.0043803141301,28.451672000002873
1,199,-5568.0,0.5297499999999999,199.49555511474608,72.4420142965839,-5282.704000000001,322.27673261344825,28.616731300004176
1,200,-5560.7,0.527375,195.78422520955402,71.25594866742553,-5285.21,323.9372261719854,28.78602780000074
1,201,-5538.0,0.525,202.17687428792317,73.1380515276736,-5287.95,325.48076456220883,28.93232550000539
1,202,-5125.0,0.5226250000000001,201.0498845418294,67.51462203231455,-5287.69,325.6056118988123,29.099580500005686
1,203,-4810.9,0.5202500000000001,182.44805348714192,69.6533137211208,-5283.514,330.3207180968218,29.28566480000154
1,204,-4967.0,0.5178750000000001,183.4500857035319,70.6496782355711,-5276.833999999999,333.2636515493402,29.494820100000652
1,205,-4964.0,0.5155000000000001,216.49636001586913,75.86925877949417,-5270.134,336.1060056648795,29.646547800002736
1,206,-4723.4,0.513125,171.4374974568685,54.12485008124906,-5245.062000000001,329.1258305815574,29.80700870000146
1,207,-5282.0,0.51075,189.09953918457032,71.16743289434147,-5243.821999999999,328.86743304255594,29.968065300003218
1,208,-4841.0,0.508375,214.8736999511719,100.45368551121098,-5234.642,333.54416204754654,30.12156590000086
1,209,-5855.0,0.506,203.22357864379882,72.75983897893116,-5243.241999999999,343.7294075810215,30.2965675000014
1,210,-5465.0,0.503625,203.04888153076172,75.24887480834612,-5245.321999999999,344.74885426350585,30.489278700006253
1,211,-4753.3,0.50125,217.9372075398763,78.69046924208263,-5229.648,348.921610245052,30.640383400001156
1,212,-5675.0,0.49887500000000007,187.09782803853352,83.53111776132269,-5225.278,341.8771295597294,30.8056715000057
1,213,-5163.0,0.49650000000000005,185.41194915771484,62.07405271559064,-5230.018,339.3283493550163,30.9675344999996
1,214,-4853.6,0.49412500000000004,180.36667493184407,69.02221595447254,-5223.77,343.30239629224843,31.13114610000048
1,215,-5124.7,0.49175,226.20618413289387,68.4284338602366,-5229.964000000001,338.63344297927813,31.296156900003552
1,216,-5141.0,0.489375,202.06765162150066,75.61317745614231,-5220.144,333.9188662894027,31.457710000002407
1,217,-5040.0,0.487,228.60786412556965,78.94347350403226,-5219.024,334.4269089412513,31.619537400001718
1,218,-6081.0,0.4846250000000001,186.39188741048176,76.62804351533202,-5238.924,354.8964528196922,31.787480900005903
1,219,-4807.6,0.48224999999999996,204.44070434570312,78.72325078644022,-5220.416,352.77121785088985,31.94713540000521
1,220,-5001.0,0.47987500000000005,178.9078276316325,77.84462442596177,-5208.276000000001,349.6549628190625,32.10444200000347
1,221,-5401.0,0.47750000000000004,236.47426732381186,79.698145604725,-5215.916,349.60916198520886,32.29435700000613
1,222,-5354.0,0.475125,209.97062098185222,73.8198549305989,-5211.1359999999995,346.03643551510584,32.48305360000086
1,223,-4787.0,0.47275,223.93976872762045,91.5531969026682,-5214.516,341.01526497211233,32.662770900002215
1,224,-5594.0,0.470375,196.41700693766276,83.51455299902518,-5217.536,343.6835083387039,32.868383000000904
1,225,-5635.0,0.46799999999999997,195.13483200073242,98.78182181475258,-5228.215999999999,348.1640454498425,33.05912100000569
1,226,-5158.0,0.46562500000000007,217.9425900777181,104.22103987210188,-5229.522,347.77551799400715,33.2472412000061
1,227,-4905.0,0.46325000000000005,224.54420369466146,82.86717325337129,-5222.5019999999995,350.70044111178413,33.401967500001774
1,228,-4723.0,0.46087500000000003,204.3199592590332,96.0138586755877,-5206.722,355.0431721861441,33.568211199999496
1,229,-5562.0,0.4585,208.7435599009196,104.04418710555663,-5209.701999999999,357.37964491000326,33.72322759999952
1,230,-5706.0,0.456125,194.76847432454426,92.50386892410422,-5222.842000000001,363.25924962208467,33.890526499999396
1,231,-5008.0,0.4537500000000001,207.3624043782552,76.79589829967807,-5214.9619999999995,363.56069363450166,34.053453600005014
1,232,-5013.0,0.45137499999999997,219.9578946431478,79.9372436034201,-5204.462,361.6556787277092,34.212853200006066
1,233,-5210.0,0.44900000000000007,202.49762827555338,73.34083110912677,-5206.562,361.3767833660596,34.383399199999985
1,234,-5255.0,0.44662500000000005,199.88164240519205,93.96154646314774,-5202.502,359.665399219886,34.54893029999948
1,235,-5459.0,0.44425000000000003,218.50076700846355,84.4062664034213,-5208.5019999999995,361.38784622064975,34.72361830000591
1,236,-4461.7,0.441875,227.75341974894206,111.32493093278565,-5198.756,374.5846094862948,34.876051500003086
1,237,-5723.0,0.4395,201.99178733825684,94.00439971199992,-5200.6759999999995,377.01289132336046,35.039205600005516
1,238,-5503.0,0.437125,226.34277356465657,111.57060704354369,-5201.896,377.889510815,35.2047978000046
1,239,-5972.0,0.4347500000000001,194.0461893717448,83.74757100580211,-5218.476,392.8325529077243,35.364647300004435
1,240,-5630.0,0.43237499999999995,217.1276522318522,83.03121400660417,-5228.016,396.8975950342859,35.52215790000628
1,241,-5350.0,0.43000000000000005,221.04620513916015,107.10620249321956,-5248.616,375.38124852474976,35.66564400000061
1,242,-4818.0,0.42762500000000003,213.9240697224935,113.5835122844716,-5232.518,376.24296495217027,35.82494980000047
1,243,-5148.9,0.42525,239.6485168457031,109.13808119889781,-5229.076,376.2049699618548,35.9932215000008
1,244,-4969.0,0.422875,203.67467524210613,103.58473404608553,-5211.496,367.3044720446513,36.145101500005694
1,245,-4900.6,0.4205,205.04039408365887,86.39598149397783,-5207.508,369.5688979554421,36.29575670000486
1,246,-4841.0,0.41812499999999997,160.01446075439452,84.73875078124033,-5203.407999999999,372.4637243222486,36.460531299999275
1,247,-5330.0,0.41575000000000006,227.01785367329916,78.24588846583063,-5208.048,372.5667592472522,36.6288166000013
1,248,-5153.0,0.41337499999999994,184.40530014038086,90.39752575564411,-5218.208,363.8995866114717,36.79957760000252
1,249,-5438.0,0.41100000000000003,229.19335912068684,104.6354388913565,-5215.608,361.8497350227025,36.969459700005245
1,250,-5102.0,0.408625,204.20447260538737,87.53059634061601,-5206.434,358.78605636785835,37.13292419999925
1,251,-4969.0,0.40625,234.27089869181316,117.85393729059861,-5195.054,357.10881770687206,37.29641120000451
1,252,-5208.0,0.4038750000000001,181.40283368428547,75.32302163302506,-5196.714,356.97220172444804,37.45856389999972
1,253,-5279.0,0.4015000000000001,227.07404403686525,70.7842412335733,-5206.076,352.8454004574808,37.60613320000266
1,254,-5182.0,0.39912500000000006,206.7230475107829,95.79154449738448,-5210.376,351.2119488627914,37.759473900005105
1,255,-5102.0,0.39675000000000005,203.56721827189128,101.69935906639323,-5213.1359999999995,349.80437376339364,37.920067500002915
1,256,-5050.0,0.39437500000000003,227.31163279215494,99.19775151245908,-5219.668,343.59259738242326,38.087126700003864
1,257,-5127.8,0.392,201.5321034749349,75.52288299715751,-5216.584,343.7112901026092,38.25330190000386
1,258,-4911.0,0.3896250000000001,231.78306045532227,112.74943895403133,-5217.9839999999995,342.31835437790943,38.41406160000042
1,259,-5239.0,0.38725,218.3255875905355,112.00237594774337,-5205.664000000001,330.03502708652,38.58363300000201
1,260,-5583.0,0.3848750000000001,194.9262503306071,87.64692740799666,-5208.024,332.2951932002628,38.735414100003254
1,261,-5036.0,0.38250000000000006,242.12510197957357,113.5888149808904,-5213.678000000001,326.8707611824588,38.88783520000288
1,262,-5730.0,0.38012500000000005,242.55124117533367,103.79957848063029,-5214.778,328.5098064228829,39.055173300002934
1,263,-5492.0,0.37775000000000003,224.44879201253255,88.00885685735595,-5221.358,330.6944481481357,39.21952290000627
1,264,-5536.0,0.375375,255.90141169230142,110.90379859535147,-5235.005999999999,329.31386694762796,39.37100560000545
1,265,-5806.4,0.373,203.33621063232422,92.19230503319561,-5248.64,338.449716797045,39.53292350000265
1,266,-5902.0,0.3706250000000001,242.3113650004069,129.70018382950096,-5263.86,350.17484318551493,39.69625200000155
1,267,-5492.0,0.36824999999999997,246.90103302001953,106.08518073178047,-5272.9,350.1133964874809,39.8625977000047
1,268,-4855.5,0.36587500000000006,227.8339937845866,98.33146620635968,-5248.39,335.26495984519465,40.033519700002216
1,269,-5395.0,0.36350000000000005,193.14115740458172,93.09715631928371,-5260.138000000001,329.861412044513,40.19518300000345
1,270,-5233.0,0.36112500000000003,224.42802441914876,116.09604649128168,-5264.778,327.808939652353,40.36260990000301
1,271,-4955.0,0.35875,223.8181308746338,105.92804721168115,-5255.858,330.04129141063544,40.52413950000482
1,272,-6193.0,0.356375,204.85004094441732,60.23154160733484,-5272.638000000001,354.98979021374686,40.690068700001575
1,273,-5457.0,0.354,247.82257041931152,117.72707300868943,-5286.0380000000005,349.0001328882268,40.85673350000434
1,274,-5029.0,0.3516250000000001,265.1443806966146,95.31732189320881,-5274.738,347.99132396656097,41.02918890000001
1,275,-5526.0,0.34924999999999995,229.43375091552736,102.09526898614797,-5272.558000000001,346.0637034362315,41.203354400000535
1,276,-5082.0,0.34687500000000004,227.25004590352376,91.31538277526622,-5271.0380000000005,346.72979790609287,41.373039199999766
1,277,-5067.0,0.34450000000000003,222.71268259684246,106.85652061770257,-5274.278,344.0407082250587,41.53755340000498
1,278,-4680.0,0.342125,205.67974828084309,100.74004103835802,-5273.418000000001,345.46844642600865,41.704221300002246
1,279,-4689.0,0.3397500000000001,200.44717407226562,92.72400192899437,-5255.9580000000005,352.4328197486721,41.87752829999954
1,280,-5535.0,0.337375,218.21441853841145,99.7391324274065,-5252.5380000000005,348.8606150828723,42.04878440000175
1,281,-5808.0,0.3350000000000001,234.89259465535483,104.73344421064863,-5268.5380000000005,355.55943631972417,42.21735260000423
1,282,-5112.1,0.33262500000000006,207.49808705647786,82.27940159543164,-5270.52,354.4037923047664,42.379385100000945
1,283,-5033.0,0.33025000000000004,205.7092082977295,93.06798223568573,-5266.98,355.87157515036233,42.535905900003854
1,284,-6081.0,0.327875,218.31043065388997,120.39952891686636,-5283.5,373.65942835689293,42.71323180000036
1,285,-5159.5,0.3255,242.5141232808431,95.27337070400229,-5277.51,373.19834310993394,42.86707550000574
1,286,-6263.0,0.323125,231.69439239501952,115.4428517098669,-5313.536,379.5945498871131,43.0381217000031
1,287,-5412.1,0.3207500000000001,225.48988876342773,126.33792935713741,-5307.317999999999,375.3590823145218,43.20109760000196
1,288,-5248.0,0.31837499999999996,227.974223836263,103.03463436680842,-5302.218000000001,374.39681392340935,43.38960520000546
1,289,-5329.0,0.31600000000000006,206.54460322062175,104.1182415248511,-5289.358,362.007985597003,43.56968190000043
1,290,-4966.0,0.31362500000000004,253.17530517578126,91.84680436991404,-5276.078,361.44694177154133,43.73016350000398
1,291,-4830.0,0.31125,226.0837870279948,126.95541499895117,-5265.678000000001,366.61444886419844,43.894168000006175
1,292,-5458.0,0.308875,221.62218221028647,87.12563276306005,-5278.478,361.9029667134548,44.077548000001116
1,293,-5416.0,0.3065,245.57841669718425,90.64526020640488,-5283.82,361.92217008633224,44.25169910000113
1,294,-5599.9,0.304125,242.37278213500977,113.8770179026019,-5296.438,361.72412410012134,44.461116800004675
1,295,-4564.0,0.3017500000000001,225.39942143758137,89.72400883425938,-5289.706,372.01421500259903,44.60759870000038
1,296,-5717.0,0.29937499999999995,217.97350489298503,113.63511268757954,-5307.226,371.0963318654605,44.76575150000281
1,297,-5183.0,0.29700000000000004,213.88559494018554,117.28336246301552,-5304.286,371.48635614784024,44.94359260000056
1,298,-4706.0,0.294625,201.50803044637044,92.33169470017725,-5295.346,380.29378496630727,45.105151900002966
1,299,-4728.0,0.29225,269.42835642496743,127.36622631853227,-5281.146,387.8818754260116,45.2634085000027
1,300,-5974.0,0.289875,235.79780871073405,95.32424354305647,-5298.585999999999,398.88251804760756,45.435617200004344
1,301,-4520.0,0.2875000000000001,242.59691747029623,110.9311049210792,-5289.606,411.0693461740975,45.59667199999967
1,302,-4730.4,0.2851250000000001,240.4888158162435,110.44003738819289,-5280.054,418.3393393932729,45.75556670000515
1,303,-5327.0,0.28275000000000006,251.2795280456543,127.43063630190763,-5281.013999999999,418.3908909190065,45.917156800001976
1,304,-5328.0,0.28037500000000004,250.70247294108074,96.80094931639704,-5283.934,418.19910263414005,46.12250520000089
1,305,-5692.0,0.278,239.48795267740886,143.0155596680901,-5295.7339999999995,421.21206896764005,46.27549210000143
1,306,-5664.0,0.2756250000000001,269.90199801127113,139.24995332124251,-5308.014,422.8161557982381,46.43798439999955
1,307,-5054.0,0.27325,256.43920847574867,149.151365621288,-5306.5380000000005,423.5708247223833,46.605476100005035
1,308,-5090.0,0.2708750000000001,256.6638465881348,123.61943256121829,-5310.118,420.9610374797174,46.77638450000086
1,309,-5309.0,0.26850000000000007,227.49837697347004,120.99079327766886,-5311.518,420.8385731797882,46.928995100002794
1,310,-5334.0,0.26612500000000006,254.13548011779784,141.29167579670414,-5306.5380000000005,419.06606108822507,47.07492280000588
1,311,-4798.0,0.26375000000000004,239.6394925435384,116.81995452445629,-5301.778,423.440795998685,47.24106620000384
1,312,-4519.0,0.261375,229.61318283081056,113.09735812883373,-5277.558000000001,432.7849877664428,47.39600020000216
1,313,-5574.0,0.259,238.58623860677082,115.21825067251184,-5279.198,433.7487818956959,47.565194300004805
1,314,-5745.0,0.2566250000000001,250.13361994425455,135.1821394918524,-5283.378000000001,437.1967727648501,47.73422920000303
1,315,-5735.0,0.25425,277.2982147216797,142.30725365327842,-5281.95,435.5998017676317,47.903965500001505
1,316,-5582.0,0.25187500000000007,251.5466246287028,135.59207628984066,-5275.55,428.7395331667002,48.07572610000352
1,317,-5358.0,0.24950000000000006,256.6053975423177,128.283923093213,-5272.87,427.79592436113745,48.242730100006156
1,318,-5779.0,0.24712500000000004,250.2104288736979,104.23942845394761,-5291.34,429.3106208795678,48.40892330000497
1,319,-5285.0,0.24475000000000002,245.88338445027668,115.12379266123844,-5289.14,429.05555024961507,48.56894029999967
1,320,-5514.0,0.242375,278.74191805521644,138.87822029039265,-5294.76,430.12240955337353,48.727031700000225
1,321,-5409.0,0.24,272.069243367513,119.03233030258403,-5303.84,427.6390057045779,48.88709290000406
1,322,-5123.0,0.2376250000000001,283.6568388621012,140.66403912134365,-5282.44,408.9732402003828,49.05159900000581
1,323,-4999.0,0.23524999999999996,249.33187967936198,133.6882624228933,-5273.28,410.0884616762583,49.20729510000092
1,324,-5194.0,0.23287500000000005,266.09649124145506,113.1901589019464,-5276.58,408.77121767560885,49.38377170000604
1,325,-5089.0,0.23050000000000004,273.74713567097984,137.25966938983095,-5267.84,408.0159790988583,49.56335200000467
1,326,-5448.0,0.22812500000000002,259.38329861958823,125.501041667729,-5275.16,407.89934934981204,49.73652990000119
1,327,-4473.0,0.22575000000000012,252.1264518737793,151.47361254568492,-5263.28,422.18875683750747,49.906194800001686
1,328,-4833.0,0.223375,261.57572886149086,142.37669953851986,-5266.34,418.488338188772,50.067206700005045
1,329,-5641.0,0.22100000000000009,269.90117975870766,140.6605694249246,-5285.38,413.41376416370076,50.2292682000043
1,330,-5518.0,0.21862500000000007,279.3804318745931,110.8906887360704,-5285.04,413.2152746450693,50.37454500000604
1,331,-4856.0,0.21625000000000005,255.14538497924804,109.5987376717884,-5266.0,410.60456013054704,50.53485200000432
1,332,-5175.0,0.21387500000000004,305.1981187184652,163.45723438174232,-5267.258000000001,410.2273004518349,50.69257959999959
1,333,-5702.0,0.21150000000000002,249.83397432963054,119.31950253819969,-5280.638000000001,413.2673342474578,50.85513060000085
1,334,-4534.9,0.209125,258.16504592895507,111.97145324900123,-5249.715999999999,410.05443070889993,51.0388660000026
1,335,-5460.0,0.2067500000000001,262.53641713460286,137.07542089040345,-5255.726,410.88943126344833,51.196602600000915
1,336,-5950.0,0.20437499999999997,274.2243403116862,127.69014186370318,-5249.465999999999,397.6672561878838,51.365713800005324
1,337,-4798.0,0.20200000000000007,269.63336919148765,134.20147220406804,-5237.184,401.9152071569325,51.60179290000087
1,338,-5189.0,0.19962500000000005,271.26853739420574,165.0467184941312,-5236.004,401.968326593029,51.77683320000506
1,339,-5687.0,0.19725000000000004,248.20578486124674,113.83633510466777,-5243.164000000001,406.72134527708283,51.934688500004995
1,340,-4894.8,0.19487500000000002,319.25164896647135,146.66146945139315,-5241.74,407.812428452101,52.09288260000176
1,341,-4913.0,0.1925,243.4642468770345,105.46658223339644,-5243.4,406.2991808999866,52.25660749999952
1,342,-5471.0,0.190125,287.4005167643229,127.30077582791361,-5243.66,406.44055998386784,52.43060340000375
1,343,-5308.0,0.18775000000000008,230.98358840942382,151.38602983361193,-5241.5,405.80541445377486,52.598519800005306
1,344,-4910.5,0.18537499999999996,231.09439557393392,137.023240181902,-5227.712,405.1050903851987,52.77005360000476
1,345,-5120.0,0.18300000000000005,289.9714195251465,143.21328897879417,-5238.832,394.2185243947829,52.93921129999944
1,346,-5233.0,0.18062500000000004,276.41913274129234,103.9821308053092,-5229.152,388.25549589928534,53.103383000001486
1,347,-5110.0,0.17825000000000002,272.1195859273275,148.36781386603897,-5227.692,388.5634341211226,53.282768700002634
1,348,-5305.0,0.175875,250.8198492685954,149.75963286796468,-5239.6720000000005,381.46336864239015,53.44875780000439
1,349,-5426.0,0.1735,245.52973556518555,156.90117505119602,-5253.632,375.2034351868331,53.62838069999998
1,350,-5010.7,0.17112499999999997,286.93920542399087,149.9775087174862,-5234.366,362.22666528570204,53.79356420000113
1,351,-5076.0,0.16875000000000007,317.2023915608724,154.07753628199063,-5245.486000000001,348.3959282253454,53.96926870000607
1,352,-5231.0,0.16637500000000005,267.9021915435791,135.38384093410562,-5255.4980000000005,340.55455920601037,54.13685660000192
1,353,-5490.0,0.16400000000000003,274.5432879130046,143.42017836475065,-5258.758000000001,342.00051642651067,54.29763079999975
1,354,-5365.0,0.16162500000000013,290.1764081319173,162.5127593110376,-5259.4980000000005,342.1895144448468,54.48014289999992
1,355,-6030.0,0.15925,289.4565368652344,156.68247540343242,-5266.258000000001,353.8082435953125,54.6213373999999
1,356,-4504.0,0.1568750000000001,312.51339569091795,151.6866608957879,-5243.058000000001,364.8270884076455,54.7975493000049
1,357,-5457.0,0.15450000000000008,252.59921518961588,111.90662312648827,-5251.118,365.0128845342312,54.96023790000618
1,358,-5573.4,0.15212500000000007,295.4028594970703,187.58210879731604,-5260.786000000001,367.01371800519934,55.11527660000138
1,359,-5615.0,0.14975000000000005,288.49622904459636,219.9583512225048,-5266.906000000001,370.3032192190611,55.297151500002656
1,360,-5482.0,0.14737500000000003,298.05278828938805,133.6087963509604,-5269.866,371.4175400327777,55.45884560000559
1,361,-4783.0,0.14500000000000002,277.87862599690754,146.69760782156288,-5269.566,371.80440912393715,55.61489000000438
1,362,-5193.0,0.1426250000000001,296.30407663981117,124.24908436665145,-5283.045999999999,356.2401842633703,55.77891230000387
1,363,-5609.0,0.14024999999999999,280.5218563079834,142.47093982420324,-5283.746,356.84508471324085,55.93907380000019
1,364,-4604.4,0.13787500000000008,293.31202290852866,165.1301022716591,-5260.934,363.0332517056806,56.104955900002096
1,365,-5522.0,0.13550000000000006,336.35539423624675,168.0250841737061,-5256.673999999999,358.66883322084175,56.249437000005855
1,366,-5240.2,0.13312500000000005,267.7329564412435,140.9896411668568,-5249.838000000001,355.64770315018205,56.39524750000419
1,367,-5181.0,0.13075000000000003,237.98570493062337,140.93388725843843,-5246.298000000001,355.4343120690517,56.54166770000302
1,368,-5760.0,0.12837500000000002,286.53581886291505,126.516616781157,-5245.918000000001,354.8743048968184,56.71226860000024
1,369,-5363.6,0.126,300.3803304036458,120.7134663454724,-5247.49,355.21786849763066,56.89424820000568
1,370,-5503.0,0.1236250000000001,326.233713277181,137.13573379674438,-5247.27,355.0561100727602,57.07636910000292
1,371,-5235.0,0.12124999999999997,277.1042198181152,107.28458164816843,-5243.79,354.3058143750961,57.27237100000639
1,372,-5158.0,0.11887500000000006,307.97055435180664,158.6965787978856,-5244.49,354.1009942092793,57.4463881000047
1,373,-5397.5,0.11650000000000005,271.05857988993324,161.18551940764993,-5252.46,352.9687345927398,57.63306050000392
1,374,-5277.0,0.11412500000000003,266.2876870473226,173.52981019041175,-5254.12,352.8850589072879,57.81152330000623
1,375,-5589.0,0.11175000000000002,288.41553217569987,159.49870395410878,-5264.12,355.14147152930474,58.0016512000002
1,376,-5675.0,0.109375,239.5014554341634,121.56948628019398,-5268.66,358.8942234140862,58.16122220000398
1,377,-5046.0,0.1070000000000001,250.21298446655274,116.05453639192025,-5280.12,342.0581599669858,58.3213670000041
1,378,-4966.0,0.10462500000000008,251.54046936035155,131.18316309888846,-5282.78,339.0749339010479,58.48793700000533
1,379,-5471.0,0.10225000000000006,321.75958925882975,159.81254413798493,-5279.38,336.3069354027657,58.650015600003826
1,380,-4909.0,0.09987500000000005,314.93252283732096,151.8986705803325,-5267.2,338.46541802671663,58.83219939999981
1,381,-5262.0,0.09750000000000003,279.56688588460287,177.21800428544185,-5275.32,333.3342718653454,58.993039200002386
1,382,-5209.0,0.09512500000000002,290.3840680440267,113.86425194642358,-5276.0,333.16356223332707,59.147922399999516
1,383,-4853.0,0.09275000000000011,302.6845165252686,153.21496134996517,-5259.02,332.6540226722052,59.385176300005696
1,384,-5075.0,0.09037499999999998,293.29553400675456,145.79352750919082,-5269.821999999999,317.3835019593804,59.55946390000463
1,385,-5843.0,0.08800000000000008,336.1671541849772,150.43906872051318,-5277.482,326.37542596831645,59.71071220000158
1,386,-5318.0,0.08562500000000006,301.51384989420575,150.86024698585305,-5264.842,312.00700959433584,59.84869630000321
1,387,-4832.0,0.08325000000000005,246.68270111083984,125.1500061815746,-5265.522,311.0243182067923,60.01421620000474
1,388,-5611.0,0.08087500000000003,309.34092610677084,161.52189253605465,-5273.9619999999995,314.53915742876916,60.154109200004314
1,389,-5038.0,0.07850000000000001,299.4138895670573,107.79256521725397,-5260.982,310.5929082834958,60.3073355000015
1,390,-5218.0,0.076125,247.9399220784505,118.15303170861404,-5267.446,306.2373838772791,60.485221800001455
1,391,-5174.0,0.0737500000000001,276.96554527282717,156.2400454230993,-5272.666,302.350939545423,60.66149790000054
1,392,-6061.0,0.07137499999999997,320.75073432922363,162.42912054767564,-5284.466000000001,320.8107433425508,60.8245190000016
1,393,-5262.0,0.06900000000000006,326.656699625651,145.87312045743934,-5283.546000000001,320.80789280190726,61.00168510000367
1,394,-5429.0,0.06662500000000005,257.79849370320636,105.75366978120414,-5293.916,316.93854001052006,61.17407730000559
1,395,-5516.0,0.06425000000000003,291.06004905700684,163.57495409361547,-5301.835999999999,317.4410217725491,61.33098620000237
1,396,-5188.4,0.06187500000000001,282.9419401804606,152.34967790165769,-5300.944,317.6957558167877,61.4982730000047
1,397,-4323.0,0.0595,291.1371431986491,138.25222969480936,-5285.204000000001,345.0813567609818,61.65880240000115
1,398,-4727.0,0.05712499999999998,270.0633024851481,154.00716868642775,-5273.644,353.79585309045103,61.8225001000028
1,399,-5034.0,0.054750000000000076,345.4548105875651,210.80958072572662,-5265.804,354.6750315204046,61.96814610000001
1,400,-5683.0,0.05237499999999995,270.9735720316569,154.57700114983314,-5279.25,357.48156889551666,62.145129800002906
1,401,-5391.4,0.050000000000000044,251.83908971150717,139.75332842679063,-5285.558000000001,356.62111888669745,62.31810300000507
1,402,-4731.2,0.050000000000000044,306.2147939046224,145.4046726272964,-5275.562,364.91838369147695,62.490215500001796
1,403,-5765.9,0.050000000000000044,289.62745208740233,149.46595622641232,-5281.080000000001,370.1674383302778,62.65981870000542
1,404,-5583.0,0.050000000000000044,305.4762898763021,127.78839588959588,-5285.44,372.4072840318782,62.81851930000266
1,405,-5022.3,0.050000000000000044,279.981637318929,132.11312875182617,-5265.286,358.57839143484375,63.159132300002966
1,406,-5631.0,0.050000000000000044,302.0485163370768,128.76407015066414,-5287.826,345.1872221331491,63.349350700002105
1,407,-5977.0,0.050000000000000044,310.616273244222,178.08472632107933,-5298.226000000001,357.7329695792659,63.520207699999446
1,408,-5738.0,0.050000000000000044,300.5996856689453,143.48963564109138,-5301.518,360.99258867184517,63.73330420000275
1,409,-5684.0,0.050000000000000044,314.2621556599935,185.1706913903509,-5302.898,362.317781782788,63.88934130000416
1,410,-5192.0,0.050000000000000044,265.9377368927002,129.83816608311173,-5297.098000000001,361.72496706199314,64.0350552000018
1,411,-5351.0,0.050000000000000044,264.20441411336265,165.5062017884481,-5308.4580000000005,354.24296130763133,64.20699270000478
1,412,-5086.9,0.050000000000000044,313.1669625600179,160.22054100032216,-5306.336000000001,355.244592786435,64.37605380000605
1,413,-5457.0,0.050000000000000044,313.9987087249756,169.02065536002044,-5303.296000000001,353.2865154290495,64.54929670000274
1,414,-5198.0,0.050000000000000044,244.63846664428712,152.23830607386674,-5315.168000000001,339.2978782368083,64.71947630000068
1,415,-5490.2,0.050000000000000044,375.3514881134033,190.77752857507127,-5314.532000000001,338.93919834684215,64.8820979000011
1,416,-5993.0,0.050000000000000044,269.47046788533527,183.45902011407608,-5329.588000000001,351.77971609517226,65.05247240000608
1,417,-5032.0,0.050000000000000044,263.91357065836587,130.68569201818758,-5326.608,353.65193727166263,65.21836940000503
1,418,-5526.0,0.050000000000000044,300.8412221272786,117.03281890212754,-5321.928000000001,349.4085877822696,65.37324690000241
1,419,-4891.0,0.050000000000000044,260.48572794596356,142.94793437123977,-5312.476,354.50848878976086,65.52875490000588
1,420,-5218.0,0.050000000000000044,249.35420608520508,131.874097576961,-5306.776,353.68956024174645,65.68660060000548
1,421,-5209.0,0.050000000000000044,367.98578592936195,183.07758099726288,-5306.255999999999,353.813795186112,65.83076920000167
1,422,-4847.0,0.050000000000000044,240.73351097106934,147.3259890753153,-5300.036000000001,359.0602148721019,65.98527500000637
1,423,-4950.0,0.050000000000000044,290.8246420542399,132.87796331699835,-5291.085999999999,362.083767661573,66.15439610000612
1,424,-5474.0,0.050000000000000044,296.4619280497233,183.4588185189911,-5295.026,362.9797701305129,66.30807930000447
1,425,-5796.0,0.050000000000000044,304.12962849934894,162.74952751913517,-5299.166,367.4619145489774,66.46117360000062
1,426,-5878.0,0.050000000000000044,258.8677275339762,121.64254467199721,-5303.226000000001,372.67643757554623,66.62170120000519
1,427,-4420.0,0.050000000000000044,284.4036679585775,141.93887062255925,-5290.706,391.1642056272532,66.78572120000172
1,428,-5336.0,0.050000000000000044,265.8590807596842,170.74693421852587,-5298.106,388.44179353411494,66.96340210000199
1,429,-6391.0,0.050000000000000044,326.9676523844401,137.19135339681372,-5316.505999999999,416.9400030747829,67.12467240000115
1,430,-5331.0,0.050000000000000044,323.5322985331217,170.9653253212791,-5324.946,412.85676848514913,67.27561799999967
1,431,-5567.0,0.050000000000000044,309.0270233154297,142.0487932382989,-5331.045999999999,414.13290147487686,67.42871520000335
1,432,-4933.0,0.050000000000000044,363.9230313618978,186.8421180506206,-5325.526,417.54819784547027,67.59640290000243
1,433,-5578.0,0.050000000000000044,334.0585624694824,141.6005453422942,-5340.026,413.45555205366395,67.81106640000507
1,434,-5071.0,0.050000000000000044,299.17562573750814,156.36896610493304,-5339.946,413.50720826123455,67.96425470000395
1,435,-5552.2,0.050000000000000044,400.8903953552246,191.9629586417779,-5334.13,408.40440019666784,68.12784770000144
1,436,-5645.0,0.050000000000000044,331.1556846618652,210.12220758048974,-5340.67,410.70546879728784,68.29572490000282
1,437,-5013.0,0.050000000000000044,301.8332171122233,161.75875637899898,-5344.29,406.9868878723244,68.46145900000556
1,438,-4980.0,0.050000000000000044,261.6479868570963,151.55018528755997,-5331.67,408.3019986480595,68.6281969000047
1,439,-5141.7,0.050000000000000044,294.62283579508465,163.17540906629185,-5333.744000000001,407.0665194584295,68.78673870000057
1,440,-5501.0,0.050000000000000044,376.89028752644856,179.90338410568475,-5339.404,407.38516613151245,68.93255390000559
1,441,-5680.0,0.050000000000000044,299.6279747009277,155.8979218692369,-5349.524,409.430338670695,69.08266320000257
1,442,-5137.0,0.050000000000000044,324.60358403523765,165.37256882084338,-5331.044,397.5815122261094,69.25445640000544
1,443,-4916.0,0.050000000000000044,334.180903116862,220.7490196374221,-5324.123999999999,401.7126602734846,69.40681900000345
1,444,-5030.0,0.050000000000000044,383.75476760864257,184.14228173505663,-5316.144,403.50908300061843,69.54947540000285
1,445,-5409.0,0.050000000000000044,360.73875961303713,176.07794745655474,-5314.004,402.7264540404566,69.71037430000433
1,446,-5198.7,0.050000000000000044,359.8926174163818,183.26778718821618,-5314.21,402.664782790847,69.86269020000327
1,447,-4908.0,0.050000000000000044,300.271292368571,167.11531957000446,-5325.91,381.6441055486119,70.0250726000013
1,448,-5556.0,0.050000000000000044,347.1739657084147,169.13332904514684,-5342.49,373.1786318909484,70.18566280000232
1,449,-5311.0,0.050000000000000044,339.2039118448893,176.81326738459632,-5348.03,370.60506000323306,70.35640609999973
1,450,-5173.0,0.050000000000000044,383.9910494486491,179.65302915296533,-5337.83,368.2562728589969,70.52112320000015
1,451,-5037.0,0.050000000000000044,331.1106535593669,178.31972216839313,-5330.741999999999,370.56041563556136,70.69667090000439
1,452,-4581.0,0.050000000000000044,348.2258071899414,202.1385994428282,-5327.738,375.9777210899603,70.87132710000151
1,453,-5148.0,0.050000000000000044,285.31165644327797,165.27811090830713,-5315.38,371.500905517066,71.04051600000093
1,454,-5044.0,0.050000000000000044,283.10176849365234,182.51256214648697,-5304.6,371.39904038648245,71.21592680000322
1,455,-5389.0,0.050000000000000044,353.5641672770182,189.84693139329283,-5311.934,369.36710877391346,71.38890390000597
1,456,-4371.6,0.050000000000000044,315.61561546325686,192.51077355849515,-5286.746,389.16079463892555,71.56115069999942
1,457,-5259.0,0.050000000000000044,379.216580581665,196.75804836543676,-5272.386000000001,376.46553574530566,71.72853480000049
1,458,-5375.0,0.050000000000000044,328.0880854288737,166.7984309320926,-5265.126,370.8749879999998,71.91295680000621
1,459,-4843.0,0.050000000000000044,368.33914337158205,180.04852491862925,-5248.3060000000005,370.5671908898574,72.07892830000492
1,460,-5831.0,0.050000000000000044,279.35070254007974,153.87830436291586,-5261.085999999999,379.32038332259447,72.26629540000431
1,461,-5537.0,0.050000000000000044,291.326457341512,185.2454064131258,-5264.806,381.09184583771923,72.42713730000105
1,462,-5364.0,0.050000000000000044,370.9261942545573,215.1159043219877,-5270.348000000001,380.47872384142585,72.6165073000011
1,463,-5317.0,0.050000000000000044,318.8344088236491,166.69164495478782,-5267.548000000001,379.608967354566,72.79320630000439
1,464,-5509.0,0.050000000000000044,317.4263698577881,169.3560203247023,-5273.768,380.9639386818652,72.98452860000543
1,465,-5230.0,0.050000000000000044,285.7707041422526,145.803044861398,-5268.563999999999,379.7471494349892,73.18790730000183
1,466,-5288.0,0.050000000000000044,311.97667299906414,153.64681668750623,-5254.464,365.40455977450523,73.37840600000345
1,467,-5393.0,0.050000000000000044,394.48839340209963,218.00211128450556,-5261.684,364.50295436937137,73.58101100000204
1,468,-5010.0,0.050000000000000044,299.32816149393716,187.85272054449902,-5251.3640000000005,364.17789485909213,73.75591450000502
1,469,-4850.0,0.050000000000000044,353.77808405558267,210.0115900026935,-5250.543999999999,365.03353772496024,73.9082028000048
1,470,-4476.0,0.050000000000000044,321.3933794657389,141.3509535024915,-5235.704000000001,380.79711656471346,74.04986389999976
1,471,-5518.0,0.050000000000000044,386.21279296875,183.41942164886177,-5241.884,382.8156346650434,74.19467750000331
1,472,-6086.0,0.050000000000000044,309.1947741190592,149.2855937153498,-5266.664000000001,396.3151911092987,74.35166790000221
1,473,-5008.0,0.050000000000000044,328.6555633544922,172.96110843766368,-5267.823999999999,395.4706115806837,74.49168250000366
1,474,-6341.0,0.050000000000000044,303.33325551350913,168.15028372317605,-5285.164000000001,422.2325102405072,74.63619040000049
1,475,-6090.0,0.050000000000000044,324.6714017232259,152.69373393625017,-5291.044,431.2561531897255,74.79643970000325
1,476,-5155.0,0.050000000000000044,319.8132532755534,160.34747881454638,-5276.584,423.38232195499137,74.96948089999933
1,477,-5894.0,0.050000000000000044,350.637215423584,173.86696003287568,-5306.063999999999,413.9237218425636,75.1342447000061
1,478,-5725.0,0.050000000000000044,365.4989559173584,196.95614046682923,-5313.844,418.04849391428263,75.30801360000623
1,479,-5271.6,0.050000000000000044,356.3502497355143,210.83497104947443,-5291.456,388.70774479549544,75.47294340000371
1,480,-5624.0,0.050000000000000044,351.7315559387207,171.20052859352958,-5297.316000000001,391.45856350832327,75.64347760000237
1,481,-5252.0,0.050000000000000044,368.2529815673828,208.46026235882124,-5291.016,389.59799607287505,75.81280379999953
1,482,-5151.0,0.050000000000000044,356.4851908365885,182.4912601441975,-5295.376,386.77664022533725,75.9625215000051
1,483,-4974.0,0.050000000000000044,353.042404683431,183.31195081369813,-5283.295999999999,387.1929327660824,76.13610600000538
1,484,-4793.0,0.050000000000000044,376.1837437947591,181.85372275511583,-5277.736,392.165609282609,76.29996850000316
1,485,-5530.0,0.050000000000000044,357.48029174804685,177.31672606472554,-5277.2919999999995,391.86707023683425,76.47118500000215
1,486,-5320.0,0.050000000000000044,324.0957380930583,195.07705886757282,-5270.7919999999995,388.3939324139861,76.64931070000603
1,487,-4873.0,0.050000000000000044,310.75214029947915,145.78413018534343,-5267.991999999999,390.73986478986245,76.80704210000113
1,488,-5355.0,0.050000000000000044,316.983415222168,174.43537030777264,-5275.491999999999,388.73385746034523,76.9721359000032
1,489,-5697.0,0.050000000000000044,411.13156038920084,222.69689370020268,-5286.598000000001,392.66530607630716,77.13948390000587
1,490,-5461.0,0.050000000000000044,344.8268834431966,125.68276717639971,-5285.798000000001,392.2682237908138,77.31301950000488
1,491,-5549.0,0.050000000000000044,300.50710118611653,182.29967840567215,-5283.178000000001,390.0578117612823,77.51633969999966
1,492,-4853.0,0.050000000000000044,329.81405754089354,182.13674317545687,-5277.4980000000005,394.19098949113487,77.66398160000244
1,493,-5040.0,0.050000000000000044,448.0106140136719,249.5890150042186,-5279.978,392.2943738011036,77.83956659999967
1,494,-5263.0,0.050000000000000044,274.2363993326823,158.5714263371521,-5284.638000000001,390.6778022309432,77.97834390000207
1,495,-5085.2,0.050000000000000044,382.04185180664064,173.61567584615963,-5278.161999999999,391.2459568557865,78.14951000000292
1,496,-5042.3,0.050000000000000044,373.92569020589195,221.94686972353247,-5275.034000000001,392.49197169368955,78.30850810000265
1,497,-4819.0,0.050000000000000044,323.42138684590657,188.53524827408157,-5273.254,394.34989601114387,78.45272720000503
1,498,-4823.0,0.050000000000000044,344.3988395690918,190.14789068075888,-5258.594,397.1808053821332,78.63317910000478
1,499,-4767.0,0.050000000000000044,324.5210652669271,158.42079512192112,-5247.714,403.0044456380103,78.79925970000477
1,500,-5188.0,0.050000000000000044,355.0346922556559,206.8266264892453,-5248.014,402.95429617265535,78.97259750000376
2,1,-5125.0,1.0,,,-5125.0,,0.049840100000437815
2,2,-4819.0,0.997625,,,-4972.0,153.0,0.09229619999678107
2,3,-5793.0,0.99525,,,-5245.666666666667,406.6852454772473,0.13680459999886807
2,4,-5232.1,0.992875,,,-5242.275,352.2487429005248,0.17553659999975935
2,5,-5238.0,0.9905,,,-5241.42,315.06549414367805,0.21169039999949746
2,6,-5547.0,0.988125,,,-5292.349999999999,309.3399626624403,0.2485143000012613
2,7,-5112.0,0.98575,,,-5266.585714285714,293.2640956474528,0.28496289999748114
2,8,-5314.0,0.983375,,,-5272.5125,274.77124775665663,0.3231558999978006
2,9,-5381.0,0.981,,,-5284.566666666667,261.2907533338632,0.35997779999888735
2,10,-5912.0,0.978625,,,-5347.3099999999995,311.2492648987303,0.3966276999999536
2,11,-5018.0,0.97625,,,-5317.372727272727,311.49893941424324,0.43737729999702424
2,12,-5184.0,0.973875,,,-5306.258333333333,300.5069895424878,0.47684189999563387
2,13,-5679.0,0.9715,,,-5334.930769230769,305.3248393347533,0.5189046000014059
2,14,-4987.0,0.969125,,,-5310.078571428572,307.5608329572993,0.5616502999982913
2,15,-4960.0,0.96675,,,-5286.740000000001,309.6983474285906,0.6129262999966159
2,16,-5191.0,0.964375,,,-5280.75625,300.7583393871856,0.6524748999945587
2,17,-4964.0,0.962,,,-5262.123529411765,301.14699855798733,0.6948411999983364
2,18,-5812.0,0.959625,,,-5292.672222222222,318.61574524383434,0.7359069999947678
2,19,-5228.1,0.95725,,,-5289.273684210527,310.45280994414605,0.7784940999990795
2,20,-5168.0,0.954875,,,-5283.210000000001,303.74413064288166,0.8190405999994255
2,21,-5514.0,0.9525,,,-5294.200000000001,300.4708669817457,0.8619049999979325
2,22,-5369.0,0.950125,,,-5297.6,293.97574884519116,0.9039946999982931
2,23,-5488.0,0.94775,,,-5305.878260869566,290.1239824274858,0.946295599998848
2,24,-5289.0,0.945375,,,-5305.175,284.03545003220984,1.0075786000015796
2,25,-5279.8,0.9430000000000001,,,-5304.16,278.3411877534476,1.0512961999993422
2,26,-5652.1,0.940625,,,-5317.542307692308,281.01816417213064,1.0984037999951397
2,27,-5339.2,0.93825,,,-5318.344444444445,275.7953553356027,1.149734599996009
2,28,-5651.0,0.935875,,,-5330.225,277.7724333553329,1.203587099997094
2,29,-5534.0,0.9335,,,-5337.251724137932,275.46218667928053,1.2514553000000888
2,30,-4933.0,0.931125,,,-5323.776666666668,280.3851644712244,1.2997226000006776
2,31,-5305.0,0.92875,,,-5323.170967741936,275.84570277199015,1.345096699995338
2,32,-5822.0,0.926375,,,-5338.759375,285.03677707816826,1.3933360999944853
2,33,-5519.8,0.924,,,-5344.245454545454,282.3952399921924,1.4302032999985386
2,34,-5569.0,0.921625,174.81449381510416,13.516583397630471,-5350.85588235294,280.7910173181727,1.5943801999965217
2,35,-5796.1,0.91925,178.00804341634114,8.569254295940818,-5363.5771428571425,286.51903460649305,1.7709026000011363
2,36,-5434.0,0.916875,171.65967763264973,9.614487598969367,-5365.533333333333,282.7485199882673,1.941011899994919
2,37,-4973.0,0.9145,152.40222930908203,13.2683045946621,-5354.924324324324,286.0731407188723,2.113958099995216
2,38,-4806.6,0.912125,118.4095848083496,13.876108504128936,-5340.494736842105,295.6147750628461,2.2972441999954754
2,39,-4816.0,0.9097500000000001,82.31848220825195,11.766174243945455,-5327.046153846153,303.34835001952143,2.480119599997124
2,40,-5688.0,0.907375,64.77130241394043,14.40747463846297,-5336.07,304.78759505596685,2.625330099996063
2,41,-5347.0,0.905,108.17896779378255,13.48817946505259,-5336.336585365853,301.0524496528783,2.7916008999964106
2,42,-4540.0,0.902625,73.00760752360026,10.524026119038671,-5317.3761904761905,321.26938615549045,2.9696026999954483
2,43,-5391.0,0.90025,63.00044708251953,6.83536520860933,-5319.088372093023,317.705552732219,3.1399678999950993
2,44,-4540.0,0.897875,64.40760548909505,7.083163123894324,-5301.381818181818,334.8495898925959,3.3050641999943764
2,45,-5765.0,0.8955,60.9404483795166,6.923263582287549,-5311.684444444444,338.08717610538497,3.4572160999960033
2,46,-4877.0,0.893125,59.44623057047526,5.968498438763783,-5302.234782608695,340.3474945567246,3.622245300000941
2,47,-5241.0,0.89075,83.56387570699056,31.997405405854234,-5300.9319148936165,336.8232411665653,3.776865200001339
2,48,-4939.1,0.888375,93.5621098836263,14.40393558535419,-5293.39375,337.2789364941193,3.9377378999997745
2,49,-6060.0,0.886,74.71331354777018,9.535169364456081,-5309.038775510204,350.9762320089999,4.1041540000005625
2,50,-4986.0,0.883625,71.05222142537436,8.881943328793662,-5302.578,350.37974900955675,4.272161699998833
2,51,-5449.0,0.88125,69.31847496032715,7.373234856206594,-5309.058000000001,350.03155177212244,4.4446192999967025
2,52,-5035.0,0.878875,72.48477834065756,8.87915759750988,-5313.378000000001,345.2570690311786,4.59654109999974
2,53,-4842.0,0.8765000000000001,73.04442621866862,8.071774181962747,-5294.358,344.505272000299,4.762843699994846
2,54,-5993.0,0.874125,96.78592834472656,21.745596953085567,-5309.576,357.961990473849,4.921982899999421
2,55,-5817.0,0.87175,82.16379470825196,10.685783396856214,-5321.156,364.7599348393406,5.071614599997702
2,56,-5239.4,0.869375,79.95580698649088,7.153215383802114,-5315.004,363.4907613461448,5.221316899995145
2,57,-5149.0,0.867,85.01715977986653,10.425454100816557,-5315.743999999999,363.1141970014392,5.375742899996112
2,58,-5271.0,0.864625,79.54917996724447,9.024101761077544,-5314.884,363.16822568060655,5.5173155999946175
2,59,-5651.0,0.86225,77.65382779439291,11.395071138506166,-5320.284000000001,366.1066141767996,5.680949499997951
2,60,-6130.0,0.859875,78.94342308044433,16.435215497588306,-5324.644,374.33312285182564,5.82873649999965
2,61,-4835.0,0.8575,114.9341049194336,16.423996962198103,-5320.984,378.18818773726923,5.972632099998009
2,62,-5486.0,0.855125,87.07993151346842,10.401148593136654,-5327.024,378.3637628314847,6.137625099996512
2,63,-5287.0,0.85275,92.9065497080485,15.59503447533165,-5319.184,375.03595526829156,6.303039599995827
2,64,-4508.0,0.850375,93.75121663411458,12.928850656754134,-5309.604,389.2475520590977,6.465305699995952
2,65,-5434.0,0.848,82.56099446614583,9.015381869591774,-5319.084,386.3791072819544,6.635415400000056
2,66,-5504.0,0.8456250000000001,86.34056866963705,12.244444071615124,-5325.344,386.78856661488845,6.837991299995338
2,67,-5206.0,0.84325,101.3639528910319,23.683977688699667,-5330.184,383.73876497429865,7.005316299997503
2,68,-4564.0,0.840875,96.2628173828125,15.624335699727782,-5305.224,392.08451056373036,7.173163599996769
2,69,-5085.0,0.8385,94.80406875610352,14.235731593125939,-5302.361999999999,393.15783389880454,7.338205200001539
2,70,-6069.0,0.836125,99.93692779541016,16.529942141601715,-5320.382,406.99137027214715,7.494845000001078
2,71,-5255.0,0.83375,98.5132692972819,20.095722177181838,-5315.201999999999,406.1414539246148,7.652110800001537
2,72,-5271.4,0.831375,96.34506022135416,12.876368689769304,-5313.25,406.1127406275258,7.814013399998657
2,73,-5125.0,0.829,99.34308751424153,12.62947927535128,-5305.99,406.1685124428037,7.97381669999595
2,74,-5390.0,0.8266249999999999,135.82569834391276,30.945089087598753,-5308.01,406.33011271624946,8.13078709999536
2,75,-4974.0,0.82425,107.86432240804037,17.53217194800459,-5301.893999999999,409.0013356506309,8.29412329999468
2,76,-5531.0,0.821875,103.93411585489909,18.49915674950168,-5299.472,407.2752543624521,8.458573600000818
2,77,-5341.0,0.8195,106.7399424235026,20.398408267298773,-5299.508000000001,407.2788439582886,8.606524199996784
2,78,-5541.0,0.817125,107.4610605875651,18.866778051398448,-5297.308000000001,405.6681549444078,8.777472499998112
2,79,-4944.0,0.81475,107.12711766560872,20.9799746562908,-5285.508000000001,407.18973554842955,8.94052240000019
2,80,-5813.0,0.8123750000000001,105.11603215535482,22.824502118328336,-5303.108,410.5769588469377,9.102712799998699
2,81,-5823.0,0.81,139.21981252034504,19.240725503644867,-5313.468000000001,416.97936612739005,9.25391999999556
2,82,-5412.0,0.807625,116.06573079427083,22.52427435791031,-5305.268,410.88517492847075,9.410553199995775
2,83,-4918.9,0.80525,116.2183214823405,24.775321638544483,-5293.25,413.2158270202147,9.554001299999072
2,84,-5400.6,0.802875,112.531423441569,27.58050497954029,-5289.882,411.6378207550905,9.703754399997706
2,85,-5149.0,0.8005,113.06762682596842,24.043675612657378,-5276.94,405.6476569635279,9.87324219999573
2,86,-4794.0,0.798125,110.18220520019531,16.909627421746244,-5264.14,410.5574814809736,10.039615499998035
2,87,-5252.0,0.79575,129.24033228556314,29.90859133405279,-5269.72,408.4531880154689,10.192205499995907
2,88,-5379.0,0.7933749999999999,115.65073318481446,23.375020945997214,-5281.168000000001,403.30161142251836,10.336571100000583
2,89,-5474.0,0.791,143.08161290486655,33.40537014205508,-5294.328,398.61643520557453,10.487555100000463
2,90,-5452.0,0.788625,131.3300033569336,27.71072714462663,-5289.608,395.3105618826798,10.650603099995351
2,91,-5446.0,0.78625,124.270884958903,21.69398924427281,-5291.588000000001,395.84063997523043,10.80260029999772
2,92,-5586.0,0.783875,128.56772537231444,23.211049352468848,-5312.508000000001,382.99875187263996,10.956779799998912
2,93,-4890.0,0.7815,119.01787287394205,27.867134744170805,-5302.488,387.3431086982186,11.122675699996762
2,94,-5534.0,0.7791250000000001,149.01959584554035,39.94794194756887,-5322.368,372.9392263841389,11.278280200000154
2,95,-5252.0,0.77675,118.943115234375,24.290471027023866,-5312.108,367.6397289956568,11.425468000001274
2,96,-4853.0,0.774375,128.3519765218099,33.74298307277485,-5311.628000000001,368.2227092616641,11.577063299999281
2,97,-5034.0,0.772,131.09714024861654,27.203623361412344,-5307.488,370.15213609541684,11.74025840000104
2,98,-4619.0,0.769625,125.85847905476888,23.627673685948874,-5301.085999999999,379.12760174379287,11.913307099996018
2,99,-5072.0,0.76725,128.65662892659506,26.40108258796495,-5281.326,364.52418235831766,12.086315199994715
2,100,-4714.0,0.764875,128.94303207397462,28.823465773363917,-5275.8859999999995,370.86535670509863,12.25739749999775
2,101,-5434.0,0.7625,149.16416358947754,40.10075177421094,-5275.586000000001,370.7312428215351,12.429313900000125
2,102,-6041.0,0.760125,139.3930992126465,32.93823320648321,-5295.706,384.1827421475358,12.636358399999153
2,103,-4922.0,0.75775,134.79649022420247,24.15777643305497,-5297.306,382.45255936390333,12.81470029999764
2,104,-4528.0,0.755375,129.04700368245443,29.286071921916385,-5268.005999999999,384.1461984245061,12.986499699996784
2,105,-5086.0,0.753,150.97626241048178,39.64638624914998,-5253.386000000001,376.8145336952916,13.158020099996065
2,106,-5108.0,0.750625,137.94822311401367,31.7613775412308,-5250.758000000001,377.36072402410935,13.321663399998215
2,107,-4963.0,0.7482500000000001,149.04272130330403,36.68540582808355,-5247.0380000000005,379.2575340794168,13.48984080000082
2,108,-5934.0,0.7458750000000001,154.2567237854004,43.20737598871844,-5260.298000000001,391.2637240992321,13.657666599996446
2,109,-5052.0,0.7435,143.7659657796224,33.3148482856786,-5248.318,388.2764240537919,13.827577099997143
2,110,-5275.5,0.741125,154.55833257039387,41.436270207360366,-5231.228,367.3336734033514,13.997558399998525
2,111,-5511.0,0.73875,136.89304911295574,38.96606331511008,-5244.7480000000005,364.93390099578306,14.210394599998835
2,112,-5703.0,0.736375,155.55868657430014,39.67638322613047,-5249.088000000001,369.0443927984816,14.394873599994753
2,113,-5205.0,0.734,137.38783582051596,32.28313359047795,-5247.448,369.0544714483216,14.580123899999307
2,114,-5117.5,0.731625,169.09810994466145,37.063604255981545,-5259.638000000001,354.195806801831,14.762060099994414
2,115,-5019.0,0.72925,161.81375986735026,46.63407604210841,-5251.338000000001,354.8744430865655,14.943869499998982
2,116,-4925.0,0.726875,156.32115681966147,37.08225139593353,-5239.758,355.8861363357668,15.11901019999641
2,117,-5226.0,0.7245,150.79935760498046,45.604417176307834,-5240.158,355.85920760323177,15.296973299999081
2,118,-5529.0,0.722125,158.62070592244467,38.5690288393171,-5259.4580000000005,344.6564765618079,15.472330099997635
2,119,-6158.0,0.71975,167.10101725260418,49.20586126725525,-5280.918000000001,365.87757225060955,15.6437192999947
2,120,-5314.0,0.7173750000000001,144.96442998250325,48.79052410774456,-5265.818,348.19364077478497,15.817955899998196
2,121,-5791.0,0.7150000000000001,178.97007115681967,53.178681911440826,-5276.5380000000005,355.8621575217011,15.9909559000007
2,122,-5013.2,0.7126250000000001,158.24635264078776,44.10489915612295,-5271.374,357.76754789108526,16.160833199995977
2,123,-5206.0,0.71025,158.00628026326498,48.528844456153635,-5272.994000000001,357.2841476528171,16.336108999996213
2,124,-5187.1,0.707875,164.17812805175782,51.07772220790223,-5268.936,357.08436300683906,16.503477499994915
2,125,-5786.0,0.7055,150.38113327026366,47.04173748550684,-5285.176000000001,361.73590286837714,16.68268629999511
2,126,-5346.0,0.703125,170.27612889607747,51.68013520436214,-5281.476,360.1452149119852,16.862482999997155
2,127,-4671.0,0.70075,164.91671193440754,41.923180363744365,-5268.076,370.01050339686304,17.051713100001507
2,128,-5943.0,0.698375,167.858487701416,52.36310522704044,-5276.116,380.0839761736872,17.229235699996934
2,129,-5938.0,0.696,157.53184458414714,51.13940386193111,-5295.996,388.10359748912407,17.402818199996545
2,130,-5343.0,0.6936249999999999,147.7005411783854,37.97328122174696,-5286.596,381.09627023102706,17.57380949999788
2,131,-5449.0,0.69125,163.3514030456543,47.736422911312324,-5279.116,374.1006989354604,17.748681199998828
2,132,-5663.0,0.688875,167.54566599527996,48.93464253206167,-5284.1359999999995,377.5186192812217,17.92067899999529
2,133,-5794.0,0.6865,157.1492162068685,45.15135736353249,-5301.638000000001,380.45402765117365,18.10081060000084
2,134,-5567.0,0.684125,194.72813110351564,52.96165403514782,-5304.965999999999,382.02966094794266,18.278329799999483
2,135,-5117.0,0.6817500000000001,174.230623626709,47.10538083962242,-5304.326,382.31710493254155,18.453750000000582
2,136,-5049.0,0.6793750000000001,180.84828364054363,42.046303574074145,-5309.4259999999995,377.14126467943015,18.6273979999969
2,137,-5370.0,0.677,161.9325304667155,46.057088019359014,-5311.786,377.1437301666303,18.800093199999537
2,138,-5482.0,0.674625,164.25055872599285,49.52521154874916,-5313.846,377.7859860873614,18.971188399998937
2,139,-5820.0,0.67225,157.4643768310547,40.22627387766542,-5320.766,383.7775608917228,19.14236049999454
2,140,-5531.6,0.669875,163.90024337768554,49.46188113912159,-5322.357999999999,384.48309980544,19.30363309999666
2,141,-5083.0,0.6675,174.9558115641276,41.88976023598947,-5315.098000000001,385.5056998229728,19.462978600000497
2,142,-5014.0,0.665125,180.53673807779947,46.47118200136356,-5303.658,385.7838944746139,19.611432999998215
2,143,-4784.3,0.66275,169.14835408528646,50.48333554581396,-5301.544,388.3260744065482,19.76973949999956
2,144,-4849.0,0.660375,182.33076909383138,58.98771674792145,-5287.843999999999,391.94981268524674,19.934097599994857
2,145,-5345.0,0.658,169.24553985595702,56.57755751548921,-5289.704000000001,391.9959647547408,20.097360200001276
2,146,-4729.0,0.655625,174.09798151652018,53.033516630547545,-5287.224,395.13068448805643,20.23888829999487
2,147,-5611.0,0.65325,185.73149617513022,54.12347903750076,-5298.764,395.9914851407793,20.379445899998245
2,148,-5237.0,0.6508750000000001,186.3006935119629,58.95779674419866,-5311.124,384.04583141078353,20.537721799999417
2,149,-5238.0,0.6485000000000001,179.70346399943034,54.76806615826867,-5314.444,382.67938912881107,20.704076199996052
2,150,-5344.0,0.6461250000000001,172.0912815093994,61.16701169328251,-5327.044,372.94981708535533,20.870680399995763
2,151,-5218.0,0.64375,169.1176907857259,60.042559553357464,-5322.724,372.93688986744127,21.039873499998066
2,152,-5318.0,0.641375,183.47393417358398,47.245179554926175,-5308.264,358.54549265609234,21.198485900000378
2,153,-5141.0,0.639,194.92838516235352,54.44917229928405,-5312.644,355.12143453190765,21.361184800000046
2,154,-5122.0,0.636625,186.31650390625,50.19448425788768,-5324.524,338.20656029119243,21.513449300000502
2,155,-4951.0,0.63425,186.72148793538412,61.77129768952588,-5321.8240000000005,340.6301763261734,21.647692399994412
2,156,-4976.0,0.631875,195.7628028869629,69.22820852871773,-5319.184,342.78188129479656,21.7915737000003
2,157,-5453.0,0.6295,163.57180353800456,54.046827625401505,-5328.984,339.4468614437317,21.945992499997374
2,158,-5114.0,0.6271249999999999,175.58838272094727,49.494032385330584,-5312.584,329.48245316556694,22.185617600000114
2,159,-5582.0,0.62475,194.5768046061198,54.89890333505265,-5323.184,329.4540121837948,22.350822499996866
2,160,-4866.0,0.622375,190.98615137736002,64.40991390681795,-5314.994000000001,335.57076595555816,22.517176599998493
2,161,-6074.0,0.62,191.0174924214681,69.93035639789646,-5326.254,351.0475558724203,22.679684700000507
2,162,-5310.0,0.617625,169.86811892191568,49.989496717214045,-5318.394,346.8993222305284,22.838218400000187
2,163,-6036.0,0.6152500000000001,166.5954564412435,63.438919285597215,-5335.014,360.7005944048332,22.98740949999774
2,164,-4431.0,0.6128750000000001,162.5932238260905,59.172424075378316,-5321.284000000001,381.20202694109594,23.132548199995654
2,165,-4693.0,0.6105,175.1272009531657,65.9242170097923,-5314.764,389.02413588876465,23.27114889999939
2,166,-5102.0,0.608125,171.14346923828126,39.83815231988697,-5318.304,386.25677674831803,23.42485389999638
2,167,-5271.0,0.60575,168.37319590250652,56.56256326335153,-5319.204000000001,386.0930462777075,23.563036499996088
2,168,-5652.0,0.603375,184.02834548950196,82.13226181778998,-5321.664000000001,387.8099600371296,23.71219249999558
2,169,-5685.0,0.601,195.05060895284018,73.80695717352413,-5312.204000000001,372.7709435886869,23.880022799996368
2,170,-5069.0,0.598625,167.16062672932944,46.25220253547143,-5307.304,374.3221414557253,24.04920129999664
2,171,-5190.0,0.59625,189.75591430664062,66.18194473754421,-5295.284000000001,368.19635161690564,24.18968599999789
2,172,-5147.8,0.593875,181.21161244710285,69.16874260243053,-5297.976,366.612751311244,24.343664599997282
2,173,-5073.0,0.5915,195.90946451822916,78.9042811941482,-5295.316,367.7511742251817,24.480831399996532
2,174,-5048.2,0.589125,198.12200800577799,74.220516586167,-5292.5380000000005,369.0803722172177,24.62171519999538
2,175,-4609.0,0.58675,199.2172602335612,76.51904549928966,-5268.9980000000005,374.35354759371523,24.77689499999542
2,176,-5138.0,0.5843750000000001,172.63272883097332,64.70930234695346,-5264.838000000001,374.6303462828392,24.939508399998886
2,177,-5132.0,0.5820000000000001,171.7924799601237,59.68766691009063,-5274.058000000001,365.46263179154175,25.10072019999643
2,178,-5171.0,0.5796250000000001,205.47208506266276,63.46979576681927,-5258.618,352.96925174298116,25.2685771999968
2,179,-5188.0,0.57725,198.57097702026368,59.329977333478354,-5243.618,339.45667275220853,25.43614279999747
2,180,-3955.0,0.574875,189.70756861368815,60.42634336616218,-5215.858,384.02266396138657,25.60404639999615
2,181,-5217.0,0.5725,190.263628133138,71.39149794375696,-5211.218,382.57652708445147,25.766979499996523
2,182,-5293.0,0.570125,168.22244466145833,75.05147627473774,-5203.818,377.308448720672,25.92937429999438
2,183,-5800.0,0.56775,188.26858317057292,61.04426852905154,-5203.938,377.4970394003111,26.08576489999541
2,184,-4861.0,0.565375,207.02357762654623,61.595662438097726,-5189.818,376.85605935953845,26.229079299999285
2,185,-5086.0,0.563,183.2865313212077,72.53268216048077,-5189.198,377.0008214792111,26.38505289999739
2,186,-5289.0,0.5606249999999999,176.67721684773764,67.32081065515438,-5193.998,376.71299233766814,26.549422799995227
2,187,-5304.0,0.55825,173.5386530558268,61.09550904253037,-5192.678,376.2092647928809,26.702785599998606
2,188,-5678.0,0.555875,202.57509206136066,76.14675402017474,-5196.598,380.2034310681586,26.86939480000001
2,189,-5794.0,0.5535000000000001,168.4039733886719,76.75084984022064,-5196.0779999999995,379.36731608824715,27.07256499999494
2,190,-5544.0,0.5511250000000001,195.71618194580077,68.64483795829074,-5196.326,379.5905598457369,27.220839999994496
2,191,-5248.0,0.5487500000000001,190.5487336476644,79.49868851459463,-5199.626,379.30812214346264,27.383094400000118
2,192,-5144.0,0.546375,198.16428807576497,73.33115660069173,-5202.226,378.4714471713817,27.537414099999296
2,193,-5393.0,0.544,196.03615900675456,60.885833008828875,-5214.4,374.60256486041317,27.699234100000467
2,194,-4582.0,0.541625,194.5190862019857,75.07521719457127,-5209.06,381.61082007720904,27.86042489999818
2,195,-5151.0,0.53925,181.23420333862305,67.4600652961439,-5205.18,381.1949490746172,28.005150199998752
2,196,-5366.0,0.536875,221.62515411376953,89.22403563074401,-5217.92,375.67219114541865,28.173221099998045
2,197,-4989.0,0.5345,206.78852233886718,67.98697794390145,-5205.48,372.73675858439293,28.340603399999964
2,198,-5175.0,0.532125,210.9415599822998,81.50370130734595,-5204.24,372.73296607625144,28.50663109999732
2,199,-4666.0,0.5297499999999999,210.75353418986003,76.2001068873068,-5192.8,380.22393612185965,28.67369250000047
2,200,-5065.0,0.527375,180.71356633504232,75.9796958833016,-5187.22,380.01122772886595,28.841066299995873
2,201,-4722.0,0.525,225.73126347859701,93.8308641630583,-5177.3,385.51234947793824,29.00672019999911
2,202,-4937.0,0.5226250000000001,219.45493189493814,73.88944232064692,-5169.68,386.42031416580573,29.143236899995827
2,203,-4623.0,0.5202500000000001,211.23989639282226,74.09294281913797,-5159.32,393.92138708122974,29.308989799996198
2,204,-5193.0,0.5178750000000001,207.35556131998698,80.67992177613995,-5160.74,393.91226688185276,29.477446599994437
2,205,-5694.0,0.5155000000000001,187.45279032389323,76.31396227797788,-5175.6,399.69183329159983,29.64563609999459
2,206,-4840.0,0.513125,181.6290074666341,69.18521368160796,-5172.88,401.4995731006448,29.813526699996146
2,207,-5109.0,0.51075,217.73229497273763,73.74223469931779,-5166.0,399.5833349878346,29.982025599994813
2,208,-4822.0,0.508375,195.06400477091472,67.65129725701998,-5160.16,402.4243730193289,30.149854600000253
2,209,-5191.0,0.506,190.9700085957845,62.63617770655703,-5152.34,397.9249502104637,30.316544099994644
2,210,-5163.0,0.503625,184.45274899800617,91.74625065641492,-5158.28,395.81743670535786,30.471862799997325
2,211,-6095.0,0.50125,204.39438400268554,81.83097863023501,-5158.7,396.7988049377165,30.620049599994672
2,212,-4981.0,0.49887500000000007,196.0297575632731,85.21856400715576,-5152.12,396.9631055904314,30.77830779999931
2,213,-5630.0,0.49650000000000005,213.2037197113037,99.24814451936173,-5144.0,382.6960694859564,30.941967799997656
2,214,-4609.0,0.49412500000000004,209.03668416341145,75.92177291880346,-5147.56,376.82983958280164,31.098044699996535
2,215,-4578.0,0.49175,194.84860331217448,81.22579843885356,-5145.26,379.93540766819825,31.251443900000595
2,216,-5120.0,0.489375,213.84907938639324,74.29285700906782,-5145.62,379.9027733512879,31.41963009999745
2,217,-4916.0,0.487,192.69452985127768,82.45119614735458,-5138.52,380.80941584997606,31.587927699998545
2,218,-4865.9,0.4846250000000001,236.6530657450358,92.86116074058495,-5122.798,375.4754705649891,31.745645499999227
2,219,-5565.0,0.48224999999999996,203.18638763427734,98.36791521847465,-5120.398,372.2438708642494,31.91409759999806
2,220,-5003.0,0.47987500000000005,194.67736129760743,67.89353464335457,-5119.0779999999995,372.5406926981266,32.06814999999915
2,221,-4877.0,0.47750000000000004,228.77042439778646,89.13877365282138,-5112.818,373.92354389099387,32.235075500000676
2,222,-5354.0,0.475125,195.98867327372233,107.28092066981166,-5116.941999999999,375.42071018525337,32.40048530000058
2,223,-4927.0,0.47275,214.06448300679526,86.71715812422707,-5114.022,376.3178503818281,32.56924689999869
2,224,-5388.0,0.470375,188.35910619099934,94.56439794268321,-5120.818,378.1316795456313,32.73225239999738
2,225,-5470.0,0.46799999999999997,180.98247985839845,71.43668792728624,-5138.038,374.0139659905763,32.900196899994626
2,226,-4548.0,0.46562500000000007,235.0174306233724,82.68796029026802,-5126.238,383.027549343386,33.0742453999992
2,227,-5175.0,0.46325000000000005,224.12855428059896,82.31363468556941,-5127.098,383.0877896722891,33.23882759999833
2,228,-5356.0,0.46087500000000003,241.60355733235676,115.17341479718401,-5130.798,384.38514460889354,33.375900200000615
2,229,-5192.0,0.4585,236.20210405985515,97.8722035871216,-5130.878,384.3974574785843,33.53457309999794
2,230,-4256.0,0.456125,196.49194412231446,102.06440984858406,-5136.898,367.9396877152559,33.70164970000042
2,231,-5198.0,0.4537500000000001,174.70372619628907,82.573259719852,-5136.518,367.8665680324865,33.87076199999865
2,232,-5165.0,0.45137499999999997,222.6817709604899,91.3944520181092,-5133.958,367.2134943544422,34.04711939999834
2,233,-5296.2,0.44900000000000007,231.35819613138835,101.20712368884897,-5123.8820000000005,355.5255758394886,34.211876699999266
2,234,-5515.0,0.44662500000000005,234.1648053487142,111.24252886978152,-5136.962,357.63763162732187,34.3941307999994
2,235,-5094.0,0.44425000000000003,207.9747122446696,107.09584690057584,-5137.121999999999,357.6165853480512,34.54898629999661
2,236,-5093.2,0.441875,210.66520703633626,86.84175674797821,-5133.206,357.00354531012715,34.72354009999981
2,237,-4922.0,0.4395,224.656019337972,83.59947940760242,-5125.566000000001,357.3540393559306,34.87051169999904
2,238,-5416.0,0.437125,227.76570256551108,110.2432841116708,-5120.326,351.08093585952514,35.0100844999979
2,239,-5915.0,0.4347500000000001,217.35186869303385,80.53533106042481,-5122.746,356.0974154413368,35.164775699995516
2,240,-4941.0,0.43237499999999995,208.72355524698892,91.64132152387937,-5110.686,351.8116814490389,35.311717299999145
2,241,-4721.0,0.43000000000000005,219.61657892862956,110.52728771263004,-5100.146,355.41576847967787,35.46653759999754
2,242,-5735.0,0.42762500000000003,242.62654813130698,122.84871406040195,-5111.965999999999,366.33725533175027,35.63371180000104
2,243,-5326.0,0.42525,221.0533457438151,87.95849882377661,-5110.626,365.4282390894278,35.80105259999982
2,244,-5378.0,0.422875,209.47491416931152,93.03682118203143,-5126.545999999999,359.33997785384247,35.949666399996204
2,245,-5186.0,0.4205,210.73618647257487,98.80309935456161,-5127.246,359.421013971081,36.12325430000055
2,246,-5583.0,0.41812499999999997,193.05368830362957,100.3000967376773,-5131.585999999999,363.564016926868,36.28978579999966
2,247,-5749.0,0.41575000000000006,252.19530563354493,87.31914393746054,-5146.786,373.04844189997635,36.45804379999754
2,248,-4717.0,0.41337499999999994,236.97672742207845,96.50817949563493,-5137.626,377.83545879655077,36.626975300001504
2,249,-5368.0,0.41100000000000003,221.74925994873047,102.98977860719972,-5151.666,373.0621050763532,36.79353219999757
2,250,-5282.0,0.408625,273.03161392211916,100.23345804597142,-5156.005999999999,373.2907951771648,36.96165459999611
2,251,-5012.0,0.40625,210.16353174845378,93.13672311390322,-5161.806,368.7274171579868,37.13161079999554
2,252,-5124.0,0.4038750000000001,234.67919540405273,113.26171077833234,-5165.545999999999,367.3741303957044,37.303213599996525
2,253,-5287.0,0.4015000000000001,224.17764841715496,103.09299697213085,-5178.826,359.43746538723536,37.44272319999436
2,254,-4806.0,0.39912500000000006,235.10781555175782,97.11981539457881,-5171.085999999999,363.1960220101536,37.58621139999741
2,255,-5443.0,0.39675000000000005,214.36543858846028,110.82133942936841,-5166.066,357.6256610535659,37.7267395999952
2,256,-4987.0,0.39437500000000003,200.7002861022949,77.32159176021592,-5169.005999999999,355.53112629416853,37.87346139999863
2,257,-5194.0,0.392,231.09130935668946,93.75945482105865,-5170.706,355.44334480195295,38.01766679999855
2,258,-5023.0,0.3896250000000001,229.21061274210612,99.38319913661503,-5174.726,352.60209120763875,38.18288429999666
2,259,-5440.0,0.38725,203.86274248758951,73.99637880357243,-5179.706,354.54977558024206,38.35027569999511
2,260,-5220.0,0.3848750000000001,239.33962160746256,109.35299195388954,-5180.846,354.5858627807939,38.51818869999988
2,261,-5498.0,0.38250000000000006,205.9215040842692,101.48343123697983,-5168.906,332.99662605497974,38.682087199995294
2,262,-4971.0,0.38012500000000005,214.15839869181315,105.70121865838583,-5168.706,333.11240649966794,38.8477264999965
2,263,-5012.6,0.37775000000000003,220.80604972839356,84.69369842318089,-5156.358,327.1741750749897,38.99659989999782
2,264,-5269.0,0.375375,211.0109130859375,97.49135388645338,-5169.558,318.0101407754162,39.162750499999675
2,265,-6053.0,0.373,184.52100372314453,111.37426962122909,-5199.058,329.9557207202203,39.32940679999592
2,266,-4908.0,0.3706250000000001,219.34657198588053,103.53099508215,-5194.818,332.2981972205086,39.49584409999807
2,267,-5153.2,0.36824999999999997,224.02958068847656,86.67949737614153,-5199.562,329.96884391711893,39.6607073999985
2,268,-4962.0,0.36587500000000006,186.75784797668456,97.10075673446705,-5201.484,328.29537210262345,39.820019999999204
2,269,-5764.0,0.36350000000000005,251.27992324829103,111.72448978022256,-5205.464,333.837712525113,39.98369549999916
2,270,-5445.0,0.36112500000000003,210.95603307088217,121.82705157145773,-5214.304,334.2112942196897,40.146889799994824
2,271,-5633.0,0.35875,236.50153198242188,118.24679953398766,-5229.424,335.70704762337056,40.3063719999991
2,272,-5520.0,0.356375,228.18311716715496,101.46736946196759,-5232.744,337.7373299829322,40.44643709999946
2,273,-5032.0,0.354,192.0750981648763,82.58707400253856,-5234.844,336.1524494392388,40.59245150000061
2,274,-5366.0,0.3516250000000001,246.3811528523763,84.09583830044762,-5234.404,335.96603754546385,40.750048299996706
2,275,-5294.0,0.34924999999999995,235.61580073038738,133.78074824866854,-5230.884,334.39753609140126,40.907476299995324
2,276,-5344.0,0.34687500000000004,237.2615010579427,106.7910323274509,-5246.803999999999,320.15239993478104,41.065772599999036
2,277,-4725.0,0.34450000000000003,245.62151947021485,83.89099472914435,-5237.804,328.26670739506926,41.212103099998785
2,278,-5062.0,0.342125,260.4603220621745,105.16744292658655,-5231.924,328.7296637421089,41.37130089999846
2,279,-5440.0,0.3397500000000001,257.62184626261393,122.96065484798402,-5236.884,329.95851882319994,41.52934290000121
2,280,-5111.0,0.337375,185.82208938598632,70.78883794237294,-5253.9839999999995,299.4235818101173,41.69546460000129
2,281,-5536.0,0.3350000000000001,262.75194193522134,122.33825760561308,-5260.743999999999,301.88865507666895,41.85291850000067
2,282,-5628.0,0.33262500000000006,221.49750213623048,94.88103125476208,-5270.004,305.8843140535323,42.00068669999746
2,283,-5227.0,0.33025000000000004,255.22397677103677,97.92188645208988,-5268.62,305.919205673655,42.1624548999971
2,284,-5559.0,0.327875,256.8721136728922,124.1743061503256,-5269.5,306.68898708626625,42.322830799996154
2,285,-5288.0,0.3255,235.5563139597575,100.85917077969087,-5273.38,305.6696262306741,42.49195519999921
2,286,-5297.1,0.323125,221.22925809224446,114.94814005002854,-5277.458,304.59685887415185,42.66123669999797
2,287,-5602.0,0.3207500000000001,240.49693616231283,121.78728984044534,-5291.058000000001,303.6014308859561,42.82570499999565
2,288,-5404.0,0.31837499999999996,242.3334529876709,96.4265277936588,-5290.818,303.50729657785826,42.99655319999874
2,289,-5239.0,0.31600000000000006,228.5865498860677,98.89248913598367,-5277.298000000001,290.16465566295284,43.164604400000826
2,290,-5314.0,0.31362500000000004,229.33405278523762,105.03353917653308,-5284.758000000001,286.19030318303936,43.32258329999604
2,291,-5435.0,0.31125,246.2342674255371,127.75625166079728,-5299.0380000000005,275.3106658958203,43.49254909999581
2,292,-5475.0,0.308875,268.60783106486,113.70690892329684,-5293.838000000001,269.41959460291673,43.639558099996066
2,293,-5521.0,0.3065,243.98555730183918,96.58508358105323,-5297.738,271.2619979945587,43.801610399998026
2,294,-5613.0,0.304125,237.86324513753254,129.88326798090156,-5302.438,274.626918483968,43.96909519999463
2,295,-5686.0,0.3017500000000001,227.266343943278,113.45521458556502,-5312.438,279.26901789493223,44.13569899999857
2,296,-4817.0,0.29937499999999995,246.1243469238281,160.50178141442234,-5297.118,284.9589133120773,44.304759799997555
2,297,-5665.0,0.29700000000000004,234.05920168558757,91.24813129758573,-5295.438,282.5270895967323,44.44877799999813
2,298,-5395.0,0.294625,247.7786834716797,115.2502969228808,-5308.9980000000005,270.45170399906897,44.60706699999719
2,299,-5565.0,0.29225,246.99247283935546,91.76328207744078,-5312.938,272.7081156768166,44.77135029999772
2,300,-4358.0,0.289875,219.724005762736,106.01006528512518,-5294.4580000000005,303.72223237030244,44.939561300001515
2,301,-5371.0,0.2875000000000001,252.41630172729492,122.76874712900684,-5301.638000000001,301.1929035618203,45.09847369999625
2,302,-6088.0,0.2851250000000001,272.3116780598958,128.33658634690204,-5320.918000000001,319.50218383604204,45.24512269999832
2,303,-5877.0,0.28275000000000006,230.4838778177897,126.82018941625066,-5332.718000000001,328.7916371746702,45.411880399995425
2,304,-5259.0,0.28037500000000004,257.2642636617025,106.25083729157447,-5341.778,320.2841034394308,45.57877369999915
2,305,-5059.0,0.278,248.69455693562824,87.71393541787982,-5334.098000000001,322.36202412194893,45.74672819999978
2,306,-5365.5,0.2756250000000001,256.2833773295085,99.0210502829802,-5341.668000000001,318.54379757892,45.91544209999847
2,307,-4967.4,0.27325,266.0726099650065,123.50230315714123,-5337.1359999999995,322.20339213608537,46.083624099999724
2,308,-4990.0,0.2708750000000001,260.83349355061847,124.50473056590187,-5336.476,322.879280574025,46.24616089999472
2,309,-4880.0,0.26850000000000007,256.64320386250813,128.61509191413833,-5325.276,328.7531782720891,46.39071249999688
2,310,-4553.0,0.26612500000000006,216.20855255126952,112.59600874879064,-5311.936,345.8427970971783,46.53991739999765
2,311,-5127.0,0.26375000000000004,282.67124226888023,134.05986711211204,-5304.516,345.7510869744302,46.709578399997554
2,312,-5167.0,0.261375,278.2798548380534,151.3010214598547,-5308.436,343.0481049415665,46.869795200000226
2,313,-5157.0,0.259,246.04256935119628,116.82493299931532,-5311.3240000000005,341.14797408749183,47.03475429999526
2,314,-5453.0,0.2566250000000001,269.536328125,139.6910054425077,-5315.004,341.663596515637,47.206126199998835
2,315,-4831.0,0.25425,232.72012634277343,118.97997888559766,-5290.564,331.5556289734801,47.3752744999947
2,316,-4771.0,0.25187500000000007,254.7912384033203,122.33771985000145,-5287.8240000000005,335.2513359018872,47.54447639999853
2,317,-4653.0,0.24950000000000006,261.56871185302737,116.84476903103851,-5277.82,346.39707850962026,47.714477999994415
2,318,-4785.0,0.24712500000000004,315.69421946207683,132.67483013788114,-5274.28,350.48679005063804,47.87518989999808
2,319,-5298.0,0.24475000000000002,262.65773010253906,143.20788143145967,-5264.96,343.4659616322992,48.04644919999555
2,320,-6187.0,0.242375,246.56179695129396,126.8144579386253,-5279.8,366.20145876279634,48.211551299995335
2,321,-5582.0,0.24,247.11977399190266,127.09981539913636,-5278.78,365.2861344206758,48.38104829999793
2,322,-5307.0,0.2376250000000001,237.69963633219402,103.08085219040267,-5274.52,363.6866755876547,48.54980380000052
2,323,-5253.0,0.23524999999999996,255.664102045695,122.89755030395547,-5278.94,362.0516604022139,48.718713399997796
2,324,-5339.0,0.23287500000000005,219.7706834157308,121.4249334434796,-5278.4,361.9415262165976,48.88819700000022
2,325,-5946.0,0.23050000000000004,276.1446881612142,117.67935343324412,-5291.44,373.81887967303095,49.05626059999486
2,326,-5300.0,0.22812500000000002,262.6416856129964,136.31763446536803,-5290.56,373.74589603097985,49.225010800000746
2,327,-5345.0,0.22575000000000012,250.84372634887694,127.48918932338559,-5302.96,364.958006899424,49.38515799999732
2,328,-5006.0,0.223375,279.4692830403646,106.38938545918047,-5301.84,365.78075783179196,49.54998969999724
2,329,-5625.0,0.22100000000000009,270.4374468485514,132.6663083911622,-5305.54,368.0879742670222,49.72059810000064
2,330,-4879.0,0.21862500000000007,245.73178405761718,105.96317628129617,-5300.9,371.95300563377623,49.889886099997966
2,331,-5364.0,0.21625000000000005,354.70179494222003,118.86656879938762,-5297.46,370.5555245843732,50.067749800000456
2,332,-5812.0,0.21387500000000004,337.31282170613605,151.3948392140643,-5301.14,374.710219769891,50.23523199999909
2,333,-5253.0,0.21150000000000002,273.77382316589353,112.88359021410193,-5301.66,374.6250029029029,50.40494110000145
2,334,-5511.0,0.209125,248.38322639465332,134.425283131626,-5300.7,374.02534459579067,50.57465550000052
2,335,-5852.0,0.2067500000000001,288.2693458557129,136.37897814497296,-5311.98,381.8941319266375,50.726982399995904
2,336,-5639.0,0.20437499999999997,296.84708938598635,137.800007933944,-5318.818,384.6177102994609,50.899685299998964
2,337,-4646.0,0.20200000000000007,251.89044926961262,135.47178901978532,-5299.698,393.719505480742,51.04631839999638
2,338,-5049.0,0.19962500000000005,298.80138066609703,171.93832305161197,-5292.598000000001,394.9734808768811,51.19254430000001
2,339,-4761.0,0.19725000000000004,244.61417083740236,99.2333275854225,-5283.0380000000005,401.8794978050012,51.35079869999754
2,340,-5667.0,0.19487500000000002,251.00053990681965,118.8481311733134,-5290.098000000001,405.44623638159476,51.48734429999604
2,341,-4873.0,0.1925,246.21068064371744,118.36652020823453,-5278.858,409.04742516730255,51.634091899999476
2,342,-5224.0,0.190125,306.16089350382487,152.0501625236218,-5273.838000000001,408.1486860887831,51.802881999996316
2,343,-5650.0,0.18775000000000008,261.6744633992513,122.20835896075911,-5276.418000000001,410.1059247023871,51.973785499998485
2,344,-5921.0,0.18537499999999996,296.71619453430174,166.5154306024275,-5282.578,417.36422237177925,52.126270199994906
2,345,-4898.0,0.18300000000000005,264.83619232177733,127.62320839031412,-5266.818,416.71037313222723,52.276012999995146
2,346,-5737.0,0.18062500000000004,242.35374145507814,126.10733290964961,-5285.218000000001,416.7537314482019,52.44035789999907
2,347,-5155.0,0.17825000000000002,237.4707260131836,150.098410075313,-5275.018,413.5626674108774,52.61006929999712
2,348,-5341.0,0.175875,250.05859756469727,114.88270011727477,-5273.938,413.3183668263485,52.78057499999704
2,349,-5570.2,0.1735,287.8216845194499,165.5735283045034,-5274.0419999999995,413.3922389644005,52.93097599999601
2,350,-5270.0,0.17112499999999997,246.19301490783693,110.0095847156911,-5292.281999999999,392.1455258905806,53.07239909999771
2,351,-5553.0,0.16875000000000007,288.30812683105466,139.40845177684608,-5295.922,393.70091556408653,53.230299800001376
2,352,-5209.0,0.16637500000000005,349.566205851237,205.65894160702302,-5278.342,377.21971321233997,53.40265859999636
2,353,-5055.0,0.16400000000000003,276.36392135620116,161.39837231517595,-5261.901999999999,368.5841062715537,53.573868499996024
2,354,-5695.0,0.16162500000000013,312.34275487264,150.36262165616532,-5270.621999999999,373.53649636414383,53.733295799996995
2,355,-5081.7,0.15925,270.1502039591471,158.19156167861377,-5271.076,373.2927283299261,53.907598300000245
2,356,-5639.0,0.1568750000000001,256.82664540608727,131.8394253149746,-5276.546000000001,376.62525630127357,54.07840569999826
2,357,-5043.0,0.15450000000000008,283.38708267211916,136.6279444488237,-5278.058000000001,375.53128662735946,54.24486049999541
2,358,-5226.0,0.15212500000000007,303.35205459594727,138.30847871409563,-5282.778,373.3578997637522,54.393142199995054
2,359,-6143.0,0.14975000000000005,291.14075978597003,149.84440427857837,-5308.0380000000005,387.70232028709864,54.541524799999024
2,360,-5788.0,0.14737500000000003,244.75138778686522,127.93183926433285,-5332.738,378.0325673219174,54.70801470000151
2,361,-5294.0,0.14500000000000002,289.2961819966634,111.04105248496522,-5336.078,376.93622340655986,54.853079399996204
2,362,-5137.0,0.1426250000000001,291.2155426025391,150.3691516331861,-5335.478,377.22864434716513,55.019983699996374
2,363,-5641.0,0.14024999999999999,264.8685752868652,150.4442424239173,-5345.158,378.7314795947123,55.16514169999573
2,364,-5540.0,0.13787500000000008,326.55009765625,152.79067331942747,-5346.898,379.4221609184155,55.317649199998414
2,365,-5397.0,0.13550000000000006,305.53064727783203,109.44995273400038,-5358.218000000001,372.2367836149458,55.4868634999948
2,366,-5526.0,0.13312500000000005,269.2283532460531,167.35961368330746,-5373.318,363.3162939863832,55.65603589999955
2,367,-4855.0,0.13075000000000003,328.48469263712565,140.1215313796892,-5377.358,356.3401723578188,55.825993699996616
2,368,-5569.0,0.12837500000000002,338.5306587219238,150.0436289419044,-5393.0380000000005,347.0579622426202,55.99619099999836
2,369,-5184.0,0.126,304.9842445373535,132.68823763643982,-5390.758000000001,348.0478760687961,56.16544520000025
2,370,-5678.1,0.1236250000000001,304.85423278808594,166.0887425743603,-5380.58,331.6700384418225,56.33310260000144
2,371,-4994.0,0.12124999999999997,356.58812510172527,151.41446454360513,-5368.82,334.7300380903991,56.50237769999512
2,372,-5821.0,0.11887500000000006,243.85339914957683,119.35814824103092,-5379.1,340.51640312912974,56.665331099997275
2,373,-5974.0,0.11650000000000005,299.74832077026366,175.9310321754368,-5393.52,350.00511481976946,56.83044549999613
2,374,-5398.0,0.11412500000000003,231.34270273844402,92.31114714433902,-5394.7,349.91876314367596,57.003724399997736
2,375,-5117.0,0.11175000000000002,318.7898554484049,126.39268296824625,-5378.12,342.97515420216666,57.16820590000134
2,376,-4861.0,0.109375,300.9714419047038,124.4805800486233,-5369.34,350.4013059336395,57.33168379999552
2,377,-5491.0,0.1070000000000001,336.18008740743,199.79355956742378,-5372.26,350.79441728739073,57.49842269999499
2,378,-4798.0,0.10462500000000008,303.75555419921875,148.96526886883606,-5368.1,356.30321469220564,57.66698199999519
2,379,-5031.0,0.10225000000000006,283.3481969197591,134.97681129131945,-5356.22,357.4403760069643,57.83441740000126
2,380,-5318.0,0.09987500000000005,355.8391624450684,157.7253849691351,-5365.0,350.9429737151038,58.00477039999532
2,381,-5376.0,0.09750000000000003,352.2101206461588,146.58941380144233,-5365.24,350.94631099357633,58.174400799995055
2,382,-5565.0,0.09512500000000002,345.53736775716146,161.40210342043517,-5360.3,346.33091227899365,58.3449535999971
2,383,-5170.0,0.09275000000000011,271.4563975016276,138.5448208980154,-5358.64,347.0394231207746,58.51475769999524
2,384,-5720.0,0.09037499999999998,280.7683364868164,142.27887117614446,-5362.82,350.09461349755156,58.68524510000134
2,385,-6258.0,0.08800000000000008,292.1008420308431,131.12452167670116,-5370.94,365.70658621359286,58.85568649999914
2,386,-5626.0,0.08562500000000006,305.4474454243978,160.86380881989592,-5370.68,365.5204897129571,59.02602279999701
2,387,-5953.0,0.08325000000000005,303.13548062642417,151.18423960951048,-5396.82,359.4449031492866,59.196580700001505
2,388,-5155.0,0.08087500000000003,327.8198066711426,220.3348902713595,-5398.94,357.6955509927402,59.34925449999719
2,389,-5833.0,0.07850000000000001,364.2847890218099,125.73599892468795,-5420.38,350.87782261066315,59.51952519999759
2,390,-5088.0,0.076125,255.53804244995118,145.71530366842163,-5408.8,352.0997739277888,59.689083299999766
2,391,-5191.0,0.0737500000000001,300.65472348531085,146.50971056267173,-5415.16,345.16793767671993,59.85845239999617
2,392,-5745.0,0.07137499999999997,369.099142964681,129.43834449690166,-5425.58,347.09850820768446,60.01935660000163
2,393,-5120.0,0.06900000000000006,332.1865936279297,199.47746290327575,-5414.98,348.17425292516964,60.187689300000784
2,394,-5719.0,0.06662500000000005,313.836466217041,149.31471207011202,-5410.94,343.41873449187364,60.34146949999558
2,395,-4932.0,0.06425000000000003,315.82499872843425,163.2032586146998,-5411.62,342.4346454434773,60.51145259999612
2,396,-5428.0,0.06187500000000001,325.08914642333986,157.43006578877018,-5405.44,339.28044034397266,60.68232059999718
2,397,-5341.6,0.0595,319.5640946706136,159.77093178712323,-5409.172,337.52688250863815,60.843440500000725
2,398,-5104.0,0.05712499999999998,288.6181065877279,162.94107521027576,-5404.432,340.1052474984766,61.0152134999953
2,399,-4534.1,0.054750000000000076,256.98336537679035,149.73898242460592,-5383.71,360.33616707180533,61.183266100000765
2,400,-5709.0,0.05237499999999995,318.36894709269205,175.32550750366102,-5392.49,362.798480288989,61.354302499996265
2,401,-5619.0,0.050000000000000044,345.00886891682944,195.00717394669303,-5393.81,363.4994653366081,61.524409199999354
2,402,-5300.0,0.050000000000000044,314.1954167683919,209.42664298520188,-5395.63,362.79672063016227,61.693442899995716
2,403,-5043.0,0.050000000000000044,302.32471516927086,156.54755732537043,-5395.39,363.0258741467335,61.857228799999575
2,404,-5219.0,0.050000000000000044,352.0067192077637,216.19023696711892,-5385.87,361.2811931169404,62.03067359999841
2,405,-4963.0,0.050000000000000044,339.8965716044108,167.55941839309514,-5383.496000000001,363.65431055330555,62.201248899997154
2,406,-4940.0,0.050000000000000044,250.54340413411458,130.81999357018518,-5369.516,366.9838488871138,62.352430599996296
2,407,-5174.0,0.050000000000000044,287.95332323710124,137.2752702070029,-5372.1359999999995,365.10622715040074,62.51279069999873
2,408,-4625.0,0.050000000000000044,374.1125205993652,192.62612942238732,-5360.116,379.33521606093996,62.68311589999939
2,409,-5740.0,0.050000000000000044,343.81594161987306,198.1668094218012,-5352.056,366.68560438610075,62.84517929999856
2,410,-6178.0,0.050000000000000044,310.7149322509766,121.11527668800893,-5359.856,379.7897034728561,63.01574889999756
2,411,-5285.0,0.050000000000000044,314.10501963297526,173.73982847204192,-5359.6759999999995,379.82300433754665,63.186419699995895
2,412,-5125.0,0.050000000000000044,296.1658770243327,125.49518862043298,-5359.436000000001,379.9673953170193,63.357145399997535
2,413,-5488.0,0.050000000000000044,355.0603172302246,165.19207122073692,-5356.376,378.29996857520354,63.52726429999893
2,414,-5727.6,0.050000000000000044,357.0402791341146,174.62700998787253,-5360.128,381.0230680890594,63.6976022999952
2,415,-5342.0,0.050000000000000044,383.1221782684326,190.85169384956856,-5359.027999999999,380.9944225523518,63.84447150000051
2,416,-5792.0,0.050000000000000044,343.61727867126467,180.6230200595355,-5364.348000000001,385.1235512092191,63.986123299997416
2,417,-4358.1,0.050000000000000044,353.70309410095217,160.78223925736927,-5354.41,404.0833811232528,64.14821500000107
2,418,-5617.0,0.050000000000000044,335.2892593383789,123.04317067642764,-5355.37,404.6486749020686,64.31191369999578
2,419,-4818.0,0.050000000000000044,306.19183514912925,166.91117757945207,-5348.05,410.94396759169,64.48273479999625
2,420,-6049.0,0.050000000000000044,304.5047798156738,211.36699980474287,-5355.468000000001,420.08079672367785,64.65347520000068
2,421,-5753.0,0.050000000000000044,322.57754440307616,142.29679215809168,-5370.648,420.45795853568995,64.81657439999981
2,422,-5291.1,0.050000000000000044,287.9640073140462,138.08113042771598,-5360.05,415.6233830043733,64.95737569999619
2,423,-5294.0,0.050000000000000044,315.03357798258463,155.0668805563582,-5346.45,406.3328641643449,65.12952989999758
2,424,-5187.0,0.050000000000000044,342.5857683817546,165.1357941115571,-5342.23,406.87089610833556,65.29704079999647
2,425,-5653.0,0.050000000000000044,349.9582982381185,191.04995014401325,-5352.95,407.8553622302887,65.46718409999448
2,426,-5292.0,0.050000000000000044,311.86058985392253,132.93666718278345,-5361.57,401.8777103796626,65.63995820000127
2,427,-5904.0,0.050000000000000044,374.50827713012694,201.21460297007482,-5369.83,408.6404655684505,65.80785279999691
2,428,-6042.0,0.050000000000000044,322.70449981689455,169.899439214945,-5394.71,410.93122891792973,65.97913020000124
2,429,-5168.0,0.050000000000000044,305.00896275838215,122.4968231497522,-5397.45,408.9489167365528,66.14973199999804
2,430,-4900.0,0.050000000000000044,306.4482714335124,152.1295613664914,-5389.09,414.71943636632216,66.32072060000064
2,431,-5892.0,0.050000000000000044,319.55910161336266,156.13508645452288,-5399.41,420.64313960886125,66.49513499999739
2,432,-5134.0,0.050000000000000044,355.5098691304525,148.32648045887828,-5390.79,421.5765587648345,66.6644931999981
2,433,-6063.0,0.050000000000000044,366.2543172200521,150.8431856801068,-5408.65,430.6624855963194,66.82908589999715
2,434,-4865.0,0.050000000000000044,317.03756383260094,152.21288027650232,-5391.55,434.91389550116696,67.00988040000084
2,435,-5427.0,0.050000000000000044,347.59622650146486,184.75135061680402,-5374.93,416.99435739587653,67.18369600000005
2,436,-5290.0,0.050000000000000044,335.4241566975912,142.14633935150107,-5368.21,415.59917576915376,67.32726449999609
2,437,-5085.0,0.050000000000000044,379.82457377115884,169.8143166017905,-5350.85,408.88369556635536,67.48182149999775
2,438,-5085.0,0.050000000000000044,380.33899917602537,171.65351263814892,-5349.45,409.6709612603754,67.63945450000028
2,439,-4550.0,0.050000000000000044,359.88791987101234,165.49874985494876,-5323.79,418.6619816749546,67.80095240000082
2,440,-5115.0,0.050000000000000044,319.1436003367106,163.7605399330384,-5324.33,418.3748201075203,67.97301259999949
2,441,-5165.0,0.050000000000000044,352.7706591288249,185.3993538507733,-5323.81,418.5563318120991,68.14132009999594
2,442,-5426.0,0.050000000000000044,401.1072608947754,199.7814831477137,-5317.43,414.49913642853346,68.31346859999758
2,443,-6373.0,0.050000000000000044,354.49005228678385,153.95825216350005,-5342.49,438.96072591975695,68.48356380000041
2,444,-5887.0,0.050000000000000044,362.41636136372887,216.1980014035844,-5345.85,442.4588754901409,68.65159480000148
2,445,-4672.0,0.050000000000000044,420.91255213419595,182.0988289653312,-5340.65,448.7748394239588,68.81619099999807
2,446,-4966.0,0.050000000000000044,341.4985308329264,208.81333722415062,-5331.41,451.62831056079733,68.99003249999805
2,447,-5691.1,0.050000000000000044,268.3231618245443,109.99593653271677,-5338.4,454.42791727621665,69.15899109999737
2,448,-5300.2,0.050000000000000044,304.28329238891604,148.93662704145385,-5342.3240000000005,453.2324478940139,69.30930349999835
2,449,-5397.0,0.050000000000000044,386.1839556376139,177.0795052687974,-5359.582,438.3116264440175,69.46634069999709
2,450,-4867.3,0.050000000000000044,328.5628359476725,159.00804947093462,-5342.748,440.7251648090905,69.61668419999478
2,451,-5232.0,0.050000000000000044,289.0616045633952,157.33835692466258,-5335.008000000001,439.2012777030595,69.80325430000084
2,452,-5286.0,0.050000000000000044,372.3192663828532,213.6224215323644,-5334.728,439.2279686176644,69.97812919999706
2,453,-4896.0,0.050000000000000044,301.01068725585935,118.11647994307275,-5331.7880000000005,441.65609410037587,70.14942999999766
2,454,-5082.0,0.050000000000000044,336.7857322692871,166.2302065985729,-5329.048000000001,442.7708844266976,70.31162839999888
2,455,-5010.0,0.050000000000000044,410.02880706787107,127.2042403610124,-5329.988,442.04205937444453,70.47121699999843
2,456,-5210.0,0.050000000000000044,321.83254254659016,167.16916196652124,-5335.388000000001,438.88284525144064,70.642594799996
2,457,-5719.0,0.050000000000000044,295.9394140879313,183.4268462808046,-5346.2880000000005,441.49924513638746,70.81317169999966
2,458,-6247.0,0.050000000000000044,301.38119951883954,182.56953115289485,-5378.728,446.86658458202044,70.98543190000055
2,459,-5667.0,0.050000000000000044,364.2786272684733,151.07861998523646,-5377.268,445.80183778894406,71.13059870000143
2,460,-4872.0,0.050000000000000044,322.98991266886395,168.89145942624597,-5351.148,436.2791589063131,71.27095199999894
2,461,-4649.6,0.050000000000000044,309.9067253112793,130.48850470938592,-5338.44,447.13967840038526,71.42713409999851
2,462,-4844.0,0.050000000000000044,287.80511334737145,151.8136760403956,-5332.82,451.53138672743444,71.58048349999444
2,463,-5453.0,0.050000000000000044,327.4668685913086,219.486807467286,-5332.12,451.3173508740828,71.7324449000007
2,464,-5245.0,0.050000000000000044,388.2882527669271,153.37100418206325,-5322.468000000001,447.90389524539745,71.90379179999582
2,465,-5429.0,0.050000000000000044,412.0683822631836,225.56883308322145,-5324.2080000000005,448.14531475404266,72.06563779999851
2,466,-5534.0,0.050000000000000044,432.6314303080241,214.8491373582118,-5319.048000000001,444.19732562904966,72.25343319999956
2,467,-5321.0,0.050000000000000044,363.8667116800944,190.29961501741246,-5338.306,422.4595229888894,72.43347879999783
2,468,-5713.0,0.050000000000000044,340.53270327250164,190.6013345024535,-5340.226,423.9373386763662,72.58819719999883
2,469,-5009.3,0.050000000000000044,352.281081644694,185.83069468462213,-5344.052,420.05246017134573,72.74683809999988
2,470,-5025.0,0.050000000000000044,353.57768096923826,139.73626924360693,-5323.571999999999,410.02620503572695,72.90527589999692
2,471,-5030.0,0.050000000000000044,388.6861750284831,242.38156167929083,-5309.111999999999,407.3670574015528,73.06254700000136
2,472,-5394.0,0.050000000000000044,347.77538782755533,229.02178130729905,-5311.17,407.5307533180778,73.24040199999581
2,473,-5204.0,0.050000000000000044,369.44297892252604,189.3331831630763,-5309.37,407.8012835928793,73.41268149999814
2,474,-5613.0,0.050000000000000044,370.90527165730794,172.97980442177192,-5317.89,409.6017965048493,73.58139129999472
2,475,-5113.0,0.050000000000000044,406.78256645202634,189.88155481400221,-5307.09,407.73841577658584,73.7498986999999
2,476,-6058.0,0.050000000000000044,404.61852645874023,191.13939427988217,-5322.41,421.0566181643509,73.93817169999966
2,477,-6382.0,0.050000000000000044,320.06637535095217,182.78314232524534,-5331.97,439.18898312685394,74.1301325999957
2,478,-4698.0,0.050000000000000044,335.9284409840902,200.35501956610622,-5305.09,436.02744833324425,74.27647299999808
2,479,-5090.0,0.050000000000000044,372.9922645568848,157.7323636086956,-5303.53,436.6542143389893,74.43473909999739
2,480,-4953.1,0.050000000000000044,407.7736305236816,192.36703037332225,-5304.592,435.73509100828676,74.60888649999833
2,481,-5819.0,0.050000000000000044,300.72268091837566,198.27205452199703,-5303.132,433.8828028120036,74.76777179999772
2,482,-5570.0,0.050000000000000044,344.6502431233724,181.36589397989255,-5311.852,434.7763863137003,74.93556289999833
2,483,-5434.4,0.050000000000000044,364.37916056315106,189.06070580224184,-5299.28,421.76811733463205,75.10752639999555
2,484,-4631.3,0.050000000000000044,454.222820409139,228.23263680064744,-5294.606,427.8065705012021,75.27086820000113
2,485,-4708.0,0.050000000000000044,406.42740325927736,168.98482450408534,-5280.226,435.1358936286456,75.42256439999619
2,486,-6050.0,0.050000000000000044,396.91453119913734,216.48351366464425,-5295.4259999999995,448.2871128239133,75.5848560999948
2,487,-5553.0,0.050000000000000044,338.92969195048016,183.5917482186597,-5304.786,448.68143621505004,75.74580349999451
2,488,-5810.0,0.050000000000000044,326.2648956298828,194.13657365147552,-5319.286000000001,453.0380637474074,75.91698039999756
2,489,-4782.0,0.050000000000000044,367.48938013712564,186.40470028297466,-5323.9259999999995,446.2728577047903,76.08782529999735
2,490,-5168.0,0.050000000000000044,400.9418098449707,185.04844753368127,-5324.986,445.83808361780854,76.25791649999883
2,491,-4884.0,0.050000000000000044,375.2714277903239,192.93079173299532,-5319.366,449.57477136067143,76.4347867999968
2,492,-5779.0,0.050000000000000044,372.04322713216146,204.8049017967005,-5326.426000000001,453.9443617052645,76.61303359999874
2,493,-5780.0,0.050000000000000044,397.1362599690755,239.0557049117238,-5314.566,433.74309060087626,76.78569309999875
2,494,-5222.0,0.050000000000000044,428.5555043538412,186.56178965089185,-5301.266,426.11493079215137,76.95183859999815
2,495,-4829.0,0.050000000000000044,382.49833984375,204.198034817008,-5304.406,422.0251937550648,77.11012629999459
2,496,-5150.0,0.050000000000000044,346.5431699117025,183.45411974203876,-5308.086000000001,419.8549435269281,77.28104570000141
2,497,-5461.0,0.050000000000000044,374.8540550231934,167.57327830912072,-5303.484,416.88206311137924,77.44786929999827
2,498,-5873.0,0.050000000000000044,434.0437072753906,227.65635138154298,-5314.94,424.436294866497,77.61193919999641
2,499,-5354.0,0.050000000000000044,358.84848238627114,193.89489283468416,-5314.08,424.3126979009702,77.78787459999876
2,500,-5313.0,0.050000000000000044,426.2532491048177,189.96122553829494,-5322.994000000001,419.48728486570366,78.00889179999649
