service_level,total_cost,scri_viol,VaR95,TVaR95,method,seed,episode
0.018733608092918696,5095.0,5,1310.6,1346.0,qlearning,0,0
0.018129079042784626,5388.0,10,1574.8,1596.0,qlearning,0,1
0.018281535648994516,5107.0,0,1385.3999999999999,1422.0,qlearning,0,2
0.018910741301059002,5105.0,7,1341.0,1370.0,qlearning,0,3
0.016795431642593214,5631.0,0,1478.6,1480.0,qlearning,0,4
0.019083969465648856,5032.0,5,1444.0,1490.0,qlearning,0,5
0.018511662347278787,5084.0,0,1285.6,1293.0,qlearning,0,6
0.01787629603146228,5306.0,6,1416.0,1446.0,qlearning,0,7
0.02035830618892508,4494.0,0,1355.3999999999999,1419.0,qlearning,0,8
0.0177999288002848,5280.0,3,1590.0,1650.0,qlearning,0,9
0.017825311942959002,5287.0,5,1480.6,1507.0,qlearning,0,10
0.01621271076523995,5885.0,10,1622.8,1635.0,qlearning,0,11
0.0194325689856199,4773.0,0,1337.6,1384.0,qlearning,0,12
0.019394879751745538,5113.0,20,1402.8,1415.0,qlearning,0,13
0.01652892561983471,5892.0,9,1536.8,1569.0,qlearning,0,14
0.01771793054571226,5446.0,7,1489.6,1501.0,qlearning,0,15
0.02114029468289558,5817.6,0,1618.8,1628.0,qlearning,0,16
0.018511662347278787,5029.0,5,1388.4,1403.0,qlearning,0,17
0.017445917655268667,5424.0,0,1428.0,1447.0,qlearning,0,18
0.017674089784376106,5285.0,2,1514.2,1558.0,qlearning,0,19
0.018796992481203006,5072.0,6,1519.6,1574.0,qlearning,0,20
0.019425019425019424,4900.0,3,1318.8,1320.0,qlearning,0,21
0.01734304543877905,5368.0,0,1511.1999999999998,1596.0,qlearning,0,22
0.019502868068833654,5032.1,9,1434.0,1486.0,qlearning,0,23
0.018545994065281898,5224.0,10,1400.8,1472.0,qlearning,0,24
0.017391304347826087,5557.0,8,1577.3999999999999,1640.0,qlearning,0,25
0.016329196603527107,5876.0,9,1550.6,1574.0,qlearning,0,26
0.01725923369002416,5461.0,3,1449.6,1468.0,qlearning,0,27
0.01864883884588318,5371.3,0,1510.6,1558.0,qlearning,0,28
0.01616031027795734,6000.0,6,1626.4,1650.0,qlearning,0,29
0.018436578171091445,5191.0,6,1469.8,1521.0,qlearning,0,30
0.016097875080489377,5989.0,5,1754.8,1821.0,qlearning,0,31
0.016249593760155997,5766.0,1,1721.3999999999999,1814.0,qlearning,0,32
0.019592476489028215,4711.0,0,1229.8,1266.0,qlearning,0,33
0.015772870662460567,6032.0,4,1701.8,1776.0,qlearning,0,34
0.018050541516245487,5202.0,4,1563.3999999999999,1617.0,qlearning,0,35
0.019312475859405175,4930.0,0,1281.2,1295.0,qlearning,0,36
0.020466786355475764,5297.7,3,1433.0,1449.0,qlearning,0,37
0.01824817518248175,5022.0,0,1273.0,1282.0,qlearning,0,38
0.017692852087756547,5379.0,4,1412.2,1454.0,qlearning,0,39
0.01791472590469366,5404.0,11,1589.6,1652.0,qlearning,0,40
0.01722949689869056,5656.0,8,1551.4,1554.0,qlearning,0,41
0.01841620626151013,5047.0,0,1425.0,1456.0,qlearning,0,42
0.018782870022539443,5076.0,5,1498.4,1511.0,qlearning,0,43
0.020785219399538105,4973.4,4,1501.0,1526.0,qlearning,0,44
0.017391304347826087,5422.0,6,1547.0,1588.0,qlearning,0,45
0.019230769230769232,4872.0,3,1369.0,1373.0,qlearning,0,46
0.016818028927009756,5613.0,0,1361.0,1381.0,qlearning,0,47
0.018063583815028903,5243.0,0,1444.8,1491.0,qlearning,0,48
0.019327406262079627,4806.0,0,1265.4,1271.0,qlearning,0,49
0.016025641025641024,5902.0,0,1714.6,1785.0,qlearning,0,50
0.017001020061203673,5594.0,7,1571.8,1637.0,qlearning,0,51
0.01675041876046901,5672.0,4,1640.2,1683.0,qlearning,0,52
0.01765536723163842,5451.0,5,1566.3999999999999,1605.0,qlearning,0,53
0.02386024712398807,4391.8,0,1142.2,1160.0,qlearning,0,54
0.01927525057825752,5040.0,9,1257.4,1267.0,qlearning,0,55
0.032432432432432434,5276.2,5,1528.2,1539.0,qlearning,0,56
0.017158544955387784,5495.0,3,1463.4,1464.0,qlearning,0,57
0.017452006980802792,5407.0,6,1485.2,1506.0,qlearning,0,58
0.017433751743375175,5623.0,9,1493.4,1499.0,qlearning,0,59
0.019623233908948195,4758.0,4,1371.8,1409.0,qlearning,0,60
0.01830831197363603,5019.0,0,1321.8,1328.0,qlearning,0,61
0.01725923369002416,5546.0,0,1425.0,1473.0,qlearning,0,62
0.018782870022539443,5066.0,0,1417.2,1469.0,qlearning,0,63
0.018443378827001106,5199.0,7,1572.3999999999999,1614.0,qlearning,0,64
0.01858045336306206,5084.0,0,1395.6,1448.0,qlearning,0,65
0.024390243902439025,5115.6,0,1348.6,1355.0,qlearning,0,66
0.01692047377326565,5622.0,1,1563.2,1577.0,qlearning,0,67
0.016087516087516088,5768.0,0,1524.0,1528.0,qlearning,0,68
0.01867762420620097,5111.0,6,1497.0,1585.0,qlearning,0,69
0.019164430816404752,4855.0,0,1389.8,1402.0,qlearning,0,70
0.02139495079161318,4326.0,0,1085.4,1104.0,qlearning,0,71
0.01818181818181818,5257.0,6,1438.6,1474.0,qlearning,0,72
0.017035775127768313,5752.0,10,1546.4,1548.0,qlearning,0,73
0.018194791295041028,5418.1,11,1510.0,1563.0,qlearning,0,74
0.017959770114942528,5295.0,4,1295.8,1312.0,qlearning,0,75
0.018135654697134566,5166.0,0,1446.2,1459.0,qlearning,0,76
0.01721763085399449,5565.0,6,1455.0,1466.0,qlearning,0,77
0.0205761316872428,4432.0,0,1381.0,1477.0,qlearning,0,78
0.026156178923426837,4894.9,0,1373.0,1392.0,qlearning,0,79
0.017445917655268667,5494.0,4,1418.0,1436.0,qlearning,0,80
0.017319016279875303,5501.0,3,1512.0,1521.0,qlearning,0,81
0.016926201760324982,5510.0,0,1401.8,1416.0,qlearning,0,82
0.01667778519012675,5678.0,0,1541.0,1551.0,qlearning,0,83
0.019561815336463225,4719.0,0,1280.0,1307.0,qlearning,0,84
0.01858736059479554,4932.0,0,1433.8,1446.0,qlearning,0,85
0.030371203599550055,5059.1,3,1437.0,1481.0,qlearning,0,86
0.01963093835885355,4766.0,2,1376.8,1383.0,qlearning,0,87
0.01650709805216243,5620.0,0,1662.3999999999999,1719.0,qlearning,0,88
0.018135654697134566,5081.0,0,1486.3999999999999,1536.0,qlearning,0,89
0.01768033946251768,5298.0,0,1504.6,1524.0,qlearning,0,90
0.01812250815512867,5250.0,5,1492.3999999999999,1561.0,qlearning,0,91
0.016458196181698487,5708.0,0,1458.8,1465.0,qlearning,0,92
0.021747726374060895,4690.5,2,1362.0,1380.0,qlearning,0,93
0.017319016279875303,5461.0,0,1612.2,1654.0,qlearning,0,94
0.01791472590469366,5299.0,2,1480.6,1524.0,qlearning,0,95
0.016661112962345886,5634.0,0,1675.2,1699.0,qlearning,0,96
0.020508613617719443,4563.0,4,1360.8,1439.0,qlearning,0,97
0.018221574344023325,5225.0,7,1613.1999999999998,1705.0,qlearning,0,98
0.01697792869269949,5492.0,0,1636.3999999999999,1738.0,qlearning,0,99
0.017543859649122806,5557.0,10,1399.2,1400.0,qlearning,0,100
0.017793594306049824,5367.0,5,1437.2,1445.0,qlearning,0,101
0.018335166850018333,5156.0,1,1401.8,1440.0,qlearning,0,102
0.018656716417910446,5072.0,2,1373.8,1389.0,qlearning,0,103
0.016420361247947456,5992.0,15,1571.2,1578.0,qlearning,0,104
0.017812611328820806,5301.0,0,1519.2,1558.0,qlearning,0,105
0.0222809667673716,4923.9,0,1323.6,1326.0,qlearning,0,106
0.016377333770062234,5703.0,0,1470.8,1483.0,qlearning,0,107
0.017415534656913968,5554.0,12,1525.0,1532.0,qlearning,0,108
0.0177367860943597,5390.0,7,1535.4,1551.0,qlearning,0,109
0.017992083483267363,5390.0,12,1592.8,1670.0,qlearning,0,110
0.01845018450184502,5197.0,6,1496.6,1511.0,qlearning,0,111
0.019584802193497845,4678.0,0,1295.4,1317.0,qlearning,0,112
0.016165535079211122,5873.0,3,1718.6,1798.0,qlearning,0,113
0.020885547201336674,4440.0,0,1186.8,1191.0,qlearning,0,114
0.01722356183258698,5538.0,6,1476.0,1480.0,qlearning,0,115
0.016666666666666666,5662.0,3,1798.6,1885.0,qlearning,0,116
0.016852039096730706,5666.0,0,1575.2,1609.0,qlearning,0,117
0.016818028927009756,5578.0,1,1498.4,1516.0,qlearning,0,118
0.016784155756965426,5690.0,4,1684.3999999999999,1765.0,qlearning,0,119
0.01845699520118125,5140.0,4,1504.0,1561.0,qlearning,0,120
0.023196963306621677,4394.5,0,1281.8,1297.0,qlearning,0,121
0.017605633802816902,5442.0,7,1626.2,1681.0,qlearning,0,122
0.018281535648994516,5177.0,2,1365.0,1369.0,qlearning,0,123
0.017277125086385625,5470.0,0,1508.8,1514.0,qlearning,0,124
0.018409425625920472,5204.0,7,1377.0,1389.0,qlearning,0,125
0.019532612486920127,5401.6,0,1622.0,1654.0,qlearning,0,126
0.01937984496124031,4957.0,6,1330.0,1345.0,qlearning,0,127
0.01658374792703151,5767.0,3,1572.6,1596.0,qlearning,0,128
0.030003797949107482,4910.9,2,1413.52,1430.9,qlearning,0,129
0.019334880123743233,4919.0,5,1398.3999999999999,1442.0,qlearning,0,130
0.019223375624759707,4889.0,0,1397.6,1420.0,qlearning,0,131
0.019387359441644048,4955.0,7,1329.6,1370.0,qlearning,0,132
0.016404199475065617,5703.0,0,1397.4,1409.0,qlearning,0,133
0.015451174289245983,6369.0,9,1729.6,1793.0,qlearning,0,134
0.01783166904422254,5255.0,0,1362.2,1391.0,qlearning,0,135
0.019826964671953856,5175.5,0,1495.8999999999999,1554.0,qlearning,0,136
0.017793594306049824,5352.0,4,1411.8,1446.0,qlearning,0,137
0.01817520901490367,5104.0,0,1446.2,1504.0,qlearning,0,138
0.017094017094017096,5607.0,5,1561.6,1573.0,qlearning,0,139
0.016196954972465177,5756.0,0,1545.6,1601.0,qlearning,0,140
0.01689760054072322,5620.0,0,1604.2,1664.0,qlearning,0,141
0.01845699520118125,5095.0,2,1398.6,1450.0,qlearning,0,142
0.016561775422325273,5785.0,0,1496.2,1519.0,qlearning,0,143
0.02178649237472767,4252.0,0,1202.4,1218.0,qlearning,0,144
0.023112480739599383,4925.0,0,1533.1999999999998,1609.0,qlearning,0,145
0.02872340425531915,5326.8,3,1323.4,1342.0,qlearning,0,146
0.02005198663200891,5033.4,2,1431.3999999999999,1504.0,qlearning,0,147
0.016605778811026237,5759.0,6,1445.0,1453.0,qlearning,0,148
0.017869907076483203,5218.0,0,1512.3999999999999,1561.0,qlearning,0,149
0.020635575732562937,4438.0,0,1291.6,1329.0,qlearning,0,150
0.0171939477303989,5458.0,0,1428.6,1435.0,qlearning,0,151
0.018162005085361425,5168.0,0,1530.2,1592.0,qlearning,0,152
0.017761989342806393,5437.0,6,1457.2,1499.0,qlearning,0,153
0.018525379770285292,5050.0,4,1379.4,1386.0,qlearning,0,154
0.017135023989033583,5533.0,6,1587.8,1621.0,qlearning,0,155
0.016823687752355317,5706.0,4,1579.2,1611.0,qlearning,0,156
0.017470300489168415,5306.0,2,1517.0,1566.0,qlearning,0,157
0.018102824040550327,5191.0,2,1455.2,1504.0,qlearning,0,158
0.015518311607697082,6061.0,2,1599.4,1604.0,qlearning,0,159
0.01789549033643522,5355.0,5,1506.6,1533.0,qlearning,0,160
0.019062142584826535,4958.0,4,1358.8,1367.0,qlearning,0,161
0.02870028700287003,4605.2,3,1176.4,1178.0,qlearning,0,162
0.017889087656529516,5232.0,3,1416.4,1421.0,qlearning,0,163
0.0166333998669328,5634.0,0,1534.0,1549.0,qlearning,0,164
0.01650709805216243,5745.0,5,1495.2,1524.0,qlearning,0,165
0.016420361247947456,5647.0,2,1693.6,1749.0,qlearning,0,166
0.01787629603146228,5246.0,0,1287.8,1294.0,qlearning,0,167
0.0177367860943597,5300.0,0,1434.0,1462.0,qlearning,0,168
0.014943215780035863,6494.0,9,1813.0,1844.0,qlearning,0,169
0.017277125086385625,5610.0,11,1622.8,1684.0,qlearning,0,170
0.019372336303758234,4774.0,0,1335.3999999999999,1367.0,qlearning,0,171
0.01620745542949757,5892.0,3,1538.4,1545.0,qlearning,0,172
0.017921146953405017,5307.0,3,1439.6,1461.0,qlearning,0,173
0.018148820326678767,5222.0,2,1424.6,1436.0,qlearning,0,174
0.017926186291739893,5307.1,0,1423.4,1436.0,qlearning,0,175
0.018195050946142648,5183.0,4,1399.0,1411.0,qlearning,0,176
0.020234722784297856,4624.0,0,1230.0,1231.0,qlearning,0,177
0.01709986320109439,5580.0,4,1545.0,1559.0,qlearning,0,178
0.016339869281045753,5847.0,0,1574.6,1597.0,qlearning,0,179
0.016539861065167052,5673.0,0,1495.8,1557.0,qlearning,0,180
0.017452006980802792,5367.0,0,1384.6,1394.0,qlearning,0,181
0.01906941266209001,5086.0,8,1269.2,1284.0,qlearning,0,182
0.01988862370723946,4770.0,4,1240.0,1251.0,qlearning,0,183
0.01737921445950643,5336.0,0,1458.2,1483.0,qlearning,0,184
0.018646408839779006,5384.4,0,1564.0,1580.0,qlearning,0,185
0.027890056588520614,4641.9,4,1255.0,1263.0,qlearning,0,186
0.016983695652173912,5640.0,6,1543.2,1583.0,qlearning,0,187
0.01654533421575116,5806.0,8,1499.8,1501.0,qlearning,0,188
0.01949317738791423,4812.0,0,1452.8,1483.0,qlearning,0,189
0.018076644974692697,5234.0,3,1435.2,1461.0,qlearning,0,190
0.01690420947961551,5611.1,0,1545.2,1592.0,qlearning,0,191
0.01864975755315181,5009.0,0,1375.3999999999999,1419.0,qlearning,0,192
0.017580872011251757,5520.0,5,1560.0,1603.0,qlearning,0,193
0.01834862385321101,5152.0,3,1460.0,1471.0,qlearning,0,194
0.019638648860958365,4689.0,0,1272.2,1298.0,qlearning,0,195
0.017998560115190784,5143.0,0,1454.4,1456.0,qlearning,0,196
0.019091256204658267,4965.0,8,1448.2,1489.0,qlearning,0,197
0.01781895937277263,5259.0,0,1472.2,1519.0,qlearning,0,198
0.019127773527161437,4925.0,3,1317.0,1322.0,qlearning,0,199
0.018545994065281898,5229.0,10,1525.0,1533.0,qlearning,0,200
0.022894521668029435,4609.6,3,1186.8,1189.0,qlearning,0,201
0.016739203213927016,5856.0,14,1622.3999999999999,1676.0,qlearning,0,202
0.018642803877703208,5015.7,5,1434.6,1471.0,qlearning,0,203
0.01746419839329375,5523.0,12,1414.2,1421.0,qlearning,0,204
0.017409470752089137,5521.0,9,1377.2,1384.0,qlearning,0,205
0.018782870022539443,5131.0,8,1225.0,1235.0,qlearning,0,206
0.017391304347826087,5477.0,2,1580.3999999999999,1659.0,qlearning,0,207
0.01815541031227306,5285.0,9,1598.4,1599.0,qlearning,0,208
0.019538882375928098,4740.0,0,1301.4,1313.0,qlearning,0,209
0.01585791309863622,5973.0,7,1586.8,1596.0,qlearning,0,210
0.018148820326678767,5302.0,9,1489.8,1524.0,qlearning,0,211
0.0171291538198013,5415.0,0,1537.2,1582.0,qlearning,0,212
0.01719986240110079,5526.0,4,1400.2,1413.0,qlearning,0,213
0.01827485380116959,5134.0,2,1500.6,1569.0,qlearning,0,214
0.0166333998669328,5884.0,10,1536.0,1570.0,qlearning,0,215
0.020525451559934318,4504.0,0,1202.2,1225.0,qlearning,0,216
0.018288222384784197,5085.0,0,1480.0,1528.0,qlearning,0,217
0.01789549033643522,5275.0,0,1352.2,1359.0,qlearning,0,218
0.018811136192626036,5028.0,6,1459.2,1494.0,qlearning,0,219
0.017768301350390904,5380.0,11,1450.2,1469.0,qlearning,0,220
0.016561775422325273,5620.0,0,1473.4,1480.0,qlearning,0,221
0.022043386983904827,5454.3,5,1460.4,1477.0,qlearning,0,222
0.020202020202020204,4662.0,0,1379.3999999999999,1473.0,qlearning,0,223
0.018315018315018316,5182.0,6,1584.8,1616.0,qlearning,0,224
0.0165508109897385,5589.0,0,1569.0,1573.0,qlearning,0,225
0.017844396859386154,5296.0,0,1447.0,1460.0,qlearning,0,226
0.019357336430507164,4793.0,0,1287.3999999999999,1332.0,qlearning,0,227
0.020483408439164276,4564.0,0,1326.2,1344.0,qlearning,0,228
0.01652892561983471,5717.0,1,1566.6,1578.0,qlearning,0,229
0.01675603217158177,5660.0,4,1540.3999999999999,1570.0,qlearning,0,230
0.017787264318747775,5419.0,5,1539.8,1581.0,qlearning,0,231
0.01867762420620097,5106.0,6,1428.2,1429.0,qlearning,0,232
0.017337031900138695,5500.0,2,1454.6,1481.0,qlearning,0,233
0.018301610541727673,5196.0,4,1498.0,1499.0,qlearning,0,234
0.017152658662092625,5457.0,0,1668.8,1771.0,qlearning,0,235
0.01890359168241966,4983.7,2,1434.2,1461.0,qlearning,0,236
0.016414970453053186,5799.0,8,1701.2,1715.0,qlearning,0,237
0.018889308651303362,4961.0,0,1385.8,1397.0,qlearning,0,238
0.01927525057825752,4935.0,3,1359.2,1382.0,qlearning,0,239
0.01921598770176787,4921.0,4,1261.2,1268.0,qlearning,0,240
0.018558951965065504,5218.1,3,1482.6,1538.0,qlearning,0,241
0.01822821728034998,5088.0,0,1469.6,1502.0,qlearning,0,242
0.019305019305019305,4857.0,3,1190.2,1197.0,qlearning,0,243
0.01866368047779022,5130.0,6,1331.2,1346.0,qlearning,0,244
0.0177999288002848,5275.0,0,1420.3999999999999,1450.0,qlearning,0,245
0.01772421127259837,5394.0,10,1451.3999999999999,1499.0,qlearning,0,246
0.018063583815028903,5163.0,0,1482.2,1508.0,qlearning,0,247
0.01839587932303164,5163.0,5,1509.6,1570.0,qlearning,0,248
0.016711229946524065,5766.0,9,1878.3999999999999,1918.0,qlearning,0,249
0.018525379770285292,5160.0,4,1415.0,1464.0,qlearning,0,250
0.017972681524083392,5356.0,4,1351.2,1359.0,qlearning,0,251
0.01984126984126984,4827.0,6,1372.6,1401.0,qlearning,0,252
0.01924557351809084,4978.0,0,1194.4,1197.0,qlearning,0,253
0.01858045336306206,5004.0,0,1405.8,1483.0,qlearning,0,254
0.017135023989033583,5493.0,3,1425.8,1433.0,qlearning,0,255
0.019825535289452814,4726.0,4,1249.2,1267.0,qlearning,0,256
0.018642803877703208,5041.0,0,1394.2,1416.0,qlearning,0,257
0.017135023989033583,5503.0,2,1452.2,1466.0,qlearning,0,258
0.018518518518518517,4972.0,0,1433.8,1484.0,qlearning,0,259
0.017844396859386154,5206.0,0,1418.8,1437.0,qlearning,0,260
0.016600265604249667,5686.0,0,1532.6,1539.0,qlearning,0,261
0.017599436818021823,5309.0,0,1338.8,1349.0,qlearning,0,262
0.015151515151515152,6217.0,0,1614.2,1642.0,qlearning,0,263
0.018996960486322188,4896.0,0,1419.6,1487.0,qlearning,0,264
0.017618040873854827,5343.0,4,1521.0,1566.0,qlearning,0,265
0.018195050946142648,5193.0,4,1314.2,1322.0,qlearning,0,266
0.017599436818021823,5319.0,0,1416.6,1460.0,qlearning,0,267
0.01827485380116959,5224.0,4,1521.2,1553.0,qlearning,0,268
0.018910741301059002,4935.0,0,1304.2,1341.0,qlearning,0,269
0.0170299727520436,5469.0,0,1408.8,1428.0,qlearning,0,270
0.016909029421711193,5736.0,8,1793.3999999999999,1866.0,qlearning,0,271
0.01631321370309951,5787.0,0,1775.0,1845.0,qlearning,0,272
0.02268760907504363,5393.5,0,1634.2,1657.0,qlearning,0,273
0.01834862385321101,5042.0,0,1379.2,1397.0,qlearning,0,274
0.01855287569573284,5142.0,7,1289.6,1295.0,qlearning,0,275
0.01599488163787588,6004.0,6,1573.4,1577.0,qlearning,0,276
0.01614987080103359,5849.0,4,1529.8,1566.0,qlearning,0,277
0.01742767514813524,5525.0,7,1493.2,1537.0,qlearning,0,278
0.01820830298616169,5274.0,6,1555.0,1603.0,qlearning,0,279
0.017587055926837847,5343.6,0,1535.6,1580.0,qlearning,0,280
0.01840264998159735,5096.0,0,1601.8,1646.0,qlearning,0,281
0.01707650273224044,5478.0,0,1605.2,1617.0,qlearning,0,282
0.018083182640144666,5197.0,0,1347.6,1350.0,qlearning,0,283
0.018525379770285292,5135.0,5,1347.0,1353.0,qlearning,0,284
0.020218358269308533,4613.0,4,1244.6,1251.0,qlearning,0,285
0.0165892501658925,5660.0,0,1496.8,1540.0,qlearning,0,286
0.018656716417910446,5027.0,0,1334.8,1337.0,qlearning,0,287
0.01791472590469366,5264.0,3,1521.3999999999999,1592.0,qlearning,0,288
0.016846361185983826,5668.0,5,1511.2,1522.0,qlearning,0,289
0.01631321370309951,5877.0,4,1480.4,1486.0,qlearning,0,290
0.01816935207404868,5406.3,0,1584.26,1646.0,qlearning,0,291
0.01722949689869056,5611.0,8,1400.0,1404.0,qlearning,0,292
0.01864975755315181,4969.0,0,1395.2,1431.0,qlearning,0,293
0.0176678445229682,5272.0,0,1570.8,1648.0,qlearning,0,294
0.017140898183064794,5541.0,0,1336.0,1365.0,qlearning,0,295
0.019394879751745538,4918.0,4,1352.8,1405.0,qlearning,0,296
0.018511662347278787,5149.0,6,1477.4,1478.0,qlearning,0,297
0.02152389151958674,4328.0,0,1112.2,1120.0,qlearning,0,298
0.0203125,4817.2,0,1308.0,1330.0,qlearning,0,299
0.018601190476190476,5108.0,4,1475.0,1514.0,qlearning,0,300
0.02035830618892508,4729.0,6,1351.8,1399.0,qlearning,0,301
0.017624250969333802,5416.0,6,1704.3999999999999,1870.0,qlearning,0,302
0.02032520325203252,4557.0,3,1228.0,1231.0,qlearning,0,303
0.018375597206909223,5139.0,0,1542.8,1604.0,qlearning,0,304
0.017568517217146872,5299.0,0,1572.2,1640.0,qlearning,0,305
0.01656726308813784,5668.0,0,1729.8,1833.0,qlearning,0,306
0.018018018018018018,5202.0,0,1475.2,1524.0,qlearning,0,307
0.0159846547314578,5823.0,0,1503.4,1523.0,qlearning,0,308
0.01694915254237288,5612.0,0,1510.8,1524.0,qlearning,0,309
0.01607717041800643,5897.0,8,1599.4,1616.0,qlearning,0,310
0.017618040873854827,5388.0,5,1400.0,1404.0,qlearning,0,311
0.01771793054571226,5316.0,4,1462.2,1510.0,qlearning,0,312
0.018005041411595247,5271.0,5,1288.2,1291.0,qlearning,0,313
0.017705382436260624,5290.0,0,1419.3999999999999,1450.0,qlearning,0,314
0.01787629603146228,5291.0,6,1516.2,1549.0,qlearning,0,315
0.01838235294117647,5132.0,3,1399.2,1423.0,qlearning,0,316
0.016914749661705007,5664.0,5,1405.0,1422.0,qlearning,0,317
0.02164179104477612,5007.8,0,1408.6,1434.0,qlearning,0,318
0.019105846388995033,4896.0,0,1416.3999999999999,1467.0,qlearning,0,319
0.01845018450184502,5107.0,4,1466.0,1551.0,qlearning,0,320
0.01967729240456513,4719.0,0,1261.4,1279.0,qlearning,0,321
0.01656726308813784,5658.0,0,1414.6,1420.0,qlearning,0,322
0.017513134851138354,5372.0,0,1361.0,1381.0,qlearning,0,323
0.018525379770285292,5080.0,3,1555.3999999999999,1616.0,qlearning,0,324
0.016700066800267203,5645.0,0,1530.6,1589.0,qlearning,0,325
0.019470404984423675,4753.0,5,1244.6,1266.0,qlearning,0,326
0.018953752843062926,5003.0,4,1449.6,1495.0,qlearning,0,327
0.01820830298616169,5164.0,2,1361.3999999999999,1414.0,qlearning,0,328
0.02023121387283237,5318.6,6,1433.52,1457.0,qlearning,0,329
0.0166333998669328,5614.0,0,1726.8,1801.0,qlearning,0,330
0.019319938176197836,4833.0,5,1552.0,1665.0,qlearning,0,331
0.017992083483267363,5205.0,5,1536.6,1618.0,qlearning,0,332
0.01753155680224404,5411.0,1,1545.8,1611.0,qlearning,0,333
0.018518518518518517,4992.0,0,1394.8,1423.0,qlearning,0,334
0.01858736059479554,4992.0,0,1288.0,1303.0,qlearning,0,335
0.01867762420620097,4966.0,0,1286.6,1290.0,qlearning,0,336
0.017135023989033583,5638.0,7,1415.2,1424.0,qlearning,0,337
0.019312475859405175,4740.0,0,1351.8,1393.0,qlearning,0,338
0.01881821603312006,4961.0,0,1405.2,1408.0,qlearning,0,339
0.017006802721088437,5597.0,8,1439.6,1441.0,qlearning,0,340
0.01849112426035503,5090.0,4,1382.0,1392.0,qlearning,0,341
0.019770660340055358,4790.0,3,1387.3999999999999,1418.0,qlearning,0,342
0.0194325689856199,4773.0,0,1269.0,1282.0,qlearning,0,343
0.017452006980802792,5642.0,14,1623.0,1680.0,qlearning,0,344
0.017934002869440458,5278.0,3,1490.8,1531.0,qlearning,0,345
0.01718213058419244,5392.0,0,1416.8,1418.0,qlearning,0,346
0.01849796522382538,5123.0,0,1368.8,1379.0,qlearning,0,347
0.020781082049444642,5399.8,6,1468.8,1520.0,qlearning,0,348
0.018050541516245487,5232.0,0,1447.4,1468.0,qlearning,0,349
0.0194325689856199,4768.0,0,1267.8,1281.0,qlearning,0,350
0.018201674554058973,5271.0,8,1495.0,1548.0,qlearning,0,351
0.02390710382513661,5575.0,8,1648.8,1696.0,qlearning,0,352
0.020729684908789386,4531.0,6,1263.3999999999999,1298.0,qlearning,0,353
0.018615040953090096,5094.0,3,1304.4,1318.0,qlearning,0,354
0.01694915254237288,5497.0,0,1527.6,1560.0,qlearning,0,355
0.018747656542932135,4971.0,2,1223.8,1242.0,qlearning,0,356
0.017024174327545116,5556.0,2,1513.4,1523.0,qlearning,0,357
0.017170329670329672,5511.0,3,1658.2,1675.0,qlearning,0,358
0.02220549491908167,4961.9,0,1338.0,1370.0,qlearning,0,359
0.017611835153222965,5375.0,7,1547.0,1597.0,qlearning,0,360
0.015792798483891344,6109.0,3,1532.2,1537.0,qlearning,0,361
0.017825311942959002,5272.0,4,1423.4,1442.0,qlearning,0,362
0.018096272167933407,5203.0,6,1513.8,1564.0,qlearning,0,363
0.015832805573147563,5983.0,1,1593.2,1615.0,qlearning,0,364
0.01670564650851988,5758.0,8,1647.6,1666.0,qlearning,0,365
0.019120458891013385,4817.0,1,1260.0,1276.0,qlearning,0,366
0.01650709805216243,5675.0,5,1554.8,1571.0,qlearning,0,367
0.01595405232929164,5845.0,0,1638.2,1663.0,qlearning,0,368
0.016655562958027982,5596.0,0,1512.2,1515.0,qlearning,0,369
0.015605493133583021,6025.0,0,1750.8,1754.0,qlearning,0,370
0.01870557426112982,4968.0,4,1315.0,1322.0,qlearning,0,371
0.018635855385762207,4993.0,0,1509.6,1562.0,qlearning,0,372
0.018635855385762207,5103.0,6,1551.1999999999998,1643.0,qlearning,0,373
0.018960940462646948,4936.0,0,1322.3999999999999,1388.0,qlearning,0,374
0.017385257301808066,5414.0,0,1772.1999999999998,1875.0,qlearning,0,375
0.016398819285011478,5945.0,10,1777.0,1817.0,qlearning,0,376
0.015571473061351603,6239.0,7,1685.6,1728.0,qlearning,0,377
0.017611835153222965,5260.0,0,1571.0,1620.0,qlearning,0,378
0.01765536723163842,5246.0,0,1335.6,1346.0,qlearning,0,379
0.0166333998669328,5634.0,1,1519.0,1523.0,qlearning,0,380
0.018601190476190476,5208.0,11,1521.0,1568.0,qlearning,0,381
0.01906941266209001,4976.0,7,1335.8,1339.0,qlearning,0,382
0.01787629603146228,5216.0,0,1621.3999999999999,1705.0,qlearning,0,383
0.017053206002728513,5716.0,6,1633.8,1662.0,qlearning,0,384
0.01753155680224404,5461.0,7,1424.2,1434.0,qlearning,0,385
0.01654533421575116,5801.0,2,1579.8,1583.0,qlearning,0,386
0.018518518518518517,5112.0,3,1405.4,1420.0,qlearning,0,387
0.01654533421575116,5691.0,0,1381.8,1391.0,qlearning,0,388
0.030290791599353797,4686.5,4,1352.6,1394.0,qlearning,0,389
0.017482517482517484,5372.0,0,1372.2,1377.0,qlearning,0,390
0.017661603673613566,5324.0,2,1504.8,1556.0,qlearning,0,391
0.02015316404675534,4544.0,0,1241.6,1273.0,qlearning,0,392
0.01968503937007874,4837.0,5,1432.8,1442.0,qlearning,0,393
0.01697792869269949,5552.0,0,1447.2,1457.0,qlearning,0,394
0.018443378827001106,5134.0,4,1427.2,1462.0,qlearning,0,395
0.016469038208168644,5814.0,0,1629.0,1670.0,qlearning,0,396
0.01701837985023826,5538.0,0,1562.3999999999999,1597.0,qlearning,0,397
0.02116198537899192,4910.5,5,1463.0,1509.0,qlearning,0,398
0.018953752843062926,4963.0,0,1266.8,1286.0,qlearning,0,399
0.020070838252656435,4886.0,4,1438.62,1475.0,qlearning,0,400
0.016846361185983826,5523.0,0,1556.6,1575.0,qlearning,0,401
0.020627062706270627,4530.0,0,1330.2,1364.0,qlearning,0,402
0.015644555694618274,6209.0,8,1759.6,1796.0,qlearning,0,403
0.018733608092918696,4990.0,0,1428.0,1498.0,qlearning,0,404
0.01841620626151013,5137.0,5,1372.0,1402.0,qlearning,0,405
0.017768301350390904,5365.0,6,1457.3999999999999,1500.0,qlearning,0,406
0.017123287671232876,5482.0,2,1567.6,1630.0,qlearning,0,407
0.018341892883345562,5144.0,3,1361.2,1376.0,qlearning,0,408
0.01768033946251768,5203.0,0,1434.4,1459.0,qlearning,0,409
0.016485328058028353,5953.0,12,1568.2,1578.0,qlearning,0,410
0.017587055926837847,5353.0,0,1382.8,1384.0,qlearning,0,411
0.018804061677322303,5080.0,6,1411.2,1424.0,qlearning,0,412
0.018635855385762207,5163.0,9,1448.6,1493.0,qlearning,0,413
0.017188037126160193,5640.0,11,1580.0,1615.0,qlearning,0,414
0.02478667208451849,4565.1,0,1350.0,1404.0,qlearning,0,415
0.017793594306049824,5312.0,5,1506.8,1543.0,qlearning,0,416
0.019455252918287938,4847.0,9,1371.8,1444.0,qlearning,0,417
0.017812611328820806,5316.0,0,1563.3999999999999,1613.0,qlearning,0,418
0.01855287569573284,5137.0,2,1469.6,1498.0,qlearning,0,419
0.018670649738610903,5003.0,3,1341.2,1366.0,qlearning,0,420
0.018811136192626036,4983.0,3,1556.0,1616.0,qlearning,0,421
0.01845018450184502,5152.0,3,1523.8,1601.0,qlearning,0,422
0.018135654697134566,5301.0,9,1372.4,1384.0,qlearning,0,423
0.01878612716763006,5148.2,0,1398.2,1416.0,qlearning,0,424
0.01855287569573284,5107.0,5,1444.4,1448.0,qlearning,0,425
0.01820830298616169,5199.0,0,1378.0,1384.0,qlearning,0,426
0.019327406262079627,4841.0,0,1352.0,1412.0,qlearning,0,427
0.016066838046272493,6016.0,4,1646.2,1659.0,qlearning,0,428
0.018925056775170326,4876.0,0,1255.6,1263.0,qlearning,0,429
0.018698578908002993,5005.0,2,1478.6,1494.0,qlearning,0,430
0.017618040873854827,5333.0,0,1483.0,1514.0,qlearning,0,431
0.01963093835885355,4866.0,8,1321.8,1353.0,qlearning,0,432
0.01731301939058172,5503.0,6,1653.8,1729.0,qlearning,0,433
0.016345210853220007,5670.0,0,1497.4,1502.0,qlearning,0,434
0.021496130696474634,4319.0,2,1154.3999999999999,1201.0,qlearning,0,435
0.019105846388995033,4806.0,0,1391.2,1395.0,qlearning,0,436
0.024572649572649572,5239.9,0,1565.8,1659.0,qlearning,0,437
0.018328445747800588,5193.0,9,1443.6,1450.0,qlearning,0,438
0.015015015015015015,6542.0,11,1737.6,1762.0,qlearning,0,439
0.0178826895565093,5294.0,6,1561.8,1588.0,qlearning,0,440
0.021645021645021644,4332.0,5,1223.8,1265.0,qlearning,0,441
0.01787629603146228,5316.0,4,1420.3999999999999,1458.0,qlearning,0,442
0.018288222384784197,5070.0,4,1370.4,1389.0,qlearning,0,443
0.017992083483267363,5210.0,3,1466.2,1471.0,qlearning,0,444
0.01832460732984293,5829.6,3,1622.0,1637.0,qlearning,0,445
0.018910741301059002,4935.0,0,1455.3999999999999,1545.0,qlearning,0,446
0.016113438607798906,5813.0,0,1652.0,1662.0,qlearning,0,447
0.01580278128950695,6090.0,6,1759.6,1783.0,qlearning,0,448
0.019447685725398678,4754.0,0,1282.4,1288.0,qlearning,0,449
0.016852039096730706,5681.0,4,1651.3999999999999,1686.0,qlearning,0,450
0.017135023989033583,5593.0,7,1493.8,1551.0,qlearning,0,451
0.01988862370723946,4955.0,11,1446.3999999999999,1476.0,qlearning,0,452
0.019179133103183737,4891.0,0,1338.3999999999999,1385.0,qlearning,0,453
0.018214936247723135,5182.0,0,1619.2,1655.0,qlearning,0,454
0.015581177937052042,6065.0,0,1808.2,1852.0,qlearning,0,455
0.018925056775170326,5081.0,7,1464.0,1478.0,qlearning,0,456
0.01954152574220218,5134.2,4,1499.44,1579.0,qlearning,0,457
0.017488632388947184,5415.0,3,1640.6,1729.0,qlearning,0,458
0.01840264998159735,5271.0,11,1383.4,1400.0,qlearning,0,459
0.01749475157452764,5453.0,2,1519.2,1554.0,qlearning,0,460
0.017295053614666205,5629.0,8,1559.6,1570.0,qlearning,0,461
0.017409470752089137,5426.0,2,1429.0,1448.0,qlearning,0,462
0.01847063169560399,5056.0,0,1357.3999999999999,1405.0,qlearning,0,463
0.01749475157452764,5358.0,2,1320.2,1328.0,qlearning,0,464
0.015959144589849983,5948.0,3,1652.3999999999999,1688.0,qlearning,0,465
0.0189897455374098,5068.0,8,1321.8,1333.0,qlearning,0,466
0.016914749661705007,5629.0,8,1541.4,1566.0,qlearning,0,467
0.01876876876876877,4910.0,0,1382.6,1428.0,qlearning,0,468
0.01675603217158177,5735.0,5,1635.4,1656.0,qlearning,0,469
0.018635855385762207,5068.0,3,1460.8,1503.0,qlearning,0,470
0.016129032258064516,5792.0,0,1537.2,1539.0,qlearning,0,471
0.01890359168241966,4992.0,5,1391.6,1443.0,qlearning,0,472
0.01921598770176787,4856.0,0,1227.8,1241.0,qlearning,0,473
0.01893939393939394,5017.0,3,1494.6,1590.0,qlearning,0,474
0.016937669376693765,5531.0,0,1486.0,1492.0,qlearning,0,475
0.01820830298616169,5299.0,4,1408.4,1423.0,qlearning,0,476
0.017117425539198903,5554.0,3,1503.2,1535.0,qlearning,0,477
0.016857720836142953,5584.0,0,1435.0,1439.0,qlearning,0,478
0.016983695652173912,5535.0,0,1596.2,1657.0,qlearning,0,479
0.0165508109897385,5669.0,0,1450.2,1452.0,qlearning,0,480
0.018733608092918696,5025.0,3,1434.6,1502.0,qlearning,0,481
0.016485328058028353,5933.0,13,1595.8,1606.0,qlearning,0,482
0.018754688672168042,5094.0,6,1438.8,1478.0,qlearning,0,483
0.017966223499820338,5258.0,5,1574.4,1577.0,qlearning,0,484
0.01868460388639761,5149.0,5,1451.3999999999999,1497.0,qlearning,0,485
0.021505376344086023,4352.0,0,1287.6,1360.0,qlearning,0,486
0.01677289500167729,5779.0,6,1576.0,1599.0,qlearning,0,487
0.018301610541727673,5116.0,0,1479.6,1537.0,qlearning,0,488
0.016307893020221786,5749.0,2,1809.6,1906.0,qlearning,0,489
0.018115942028985508,5272.0,12,1541.8,1593.0,qlearning,0,490
0.017806267806267807,5423.0,6,1543.6,1563.0,qlearning,0,491
0.017247326664367024,5545.0,4,1669.8,1714.0,qlearning,0,492
0.017699115044247787,5282.0,0,1598.8,1640.0,qlearning,0,493
0.017934002869440458,5218.0,3,1363.2,1400.0,qlearning,0,494
0.018037518037518036,5276.0,6,1581.8,1677.0,qlearning,0,495
0.01886080724254998,5114.0,11,1527.0,1588.0,qlearning,0,496
0.017985611510791366,5167.0,0,1417.8,1461.0,qlearning,0,497
0.015605493133583021,6020.0,0,1543.0,1551.0,qlearning,0,498
0.017421602787456445,5497.0,4,1542.8,1626.0,qlearning,0,499
0.01734304543877905,5398.0,0,1327.6,1332.0,qlearning,0,500
0.0178826895565093,5354.0,8,1597.6,1651.0,qlearning,0,501
0.018532246108228317,5158.0,4,1577.0,1614.0,qlearning,0,502
0.020711080428028994,5577.0,11,1452.0,1459.0,qlearning,0,503
0.016650016650016652,5783.0,7,1569.6,1585.0,qlearning,0,504
0.01971608832807571,4899.0,10,1345.6,1354.0,qlearning,0,505
0.018975332068311195,5107.0,11,1626.1999999999998,1725.0,qlearning,0,506
0.016539861065167052,5773.0,4,1462.2,1469.0,qlearning,0,507
0.018328445747800588,5098.0,0,1561.6,1594.0,qlearning,0,508
0.018525379770285292,5020.0,0,1529.8,1602.0,qlearning,0,509
0.017152658662092625,5617.0,4,1523.6,1550.0,qlearning,0,510
0.027016595908915475,4882.4,7,1342.4,1357.0,qlearning,0,511
0.019296254256526674,5043.1,4,1505.3999999999999,1570.0,qlearning,0,512
0.017743080198722498,5333.0,4,1491.4,1507.0,qlearning,0,513
0.018083182640144666,5247.0,0,1351.6,1355.0,qlearning,0,514
0.017587055926837847,5493.0,7,1548.4,1560.0,qlearning,0,515
0.01868460388639761,5034.0,5,1252.4,1259.0,qlearning,0,516
0.01904036557501904,4984.0,2,1385.0,1407.0,qlearning,0,517
0.01868460388639761,5029.0,5,1259.6,1267.0,qlearning,0,518
0.018070112034694615,5171.0,0,1307.6,1341.0,qlearning,0,519
0.017035775127768313,5462.0,0,1471.8,1472.0,qlearning,0,520
0.017593244194229415,5361.0,4,1436.6,1438.0,qlearning,0,521
0.017985611510791366,5187.0,0,1576.8,1684.0,qlearning,0,522
0.015417823003391921,6248.0,8,1730.8,1776.0,qlearning,0,523
0.017661603673613566,5264.0,2,1394.8,1427.0,qlearning,0,524
0.01675041876046901,5617.0,0,1637.6,1676.0,qlearning,0,525
0.01787629603146228,5441.0,10,1475.8,1505.0,qlearning,0,526
0.01914241960183767,4916.0,0,1482.8,1485.0,qlearning,0,527
0.01707650273224044,5538.0,6,1419.8,1444.0,qlearning,0,528
0.017064846416382253,5542.0,3,1467.8,1495.0,qlearning,0,529
0.01802451333813987,5100.0,0,1392.6,1407.0,qlearning,0,530
0.017289073305670817,5381.0,0,1401.8,1405.0,qlearning,0,531
0.019936204146730464,4718.0,2,1264.2,1265.0,qlearning,0,532
0.01750700280112045,5329.0,0,1507.3999999999999,1546.0,qlearning,0,533
0.016835016835016835,5522.0,0,1636.2,1666.0,qlearning,0,534
0.01893939393939394,4907.0,0,1282.2,1296.0,qlearning,0,535
0.01832172957127153,5140.0,0,1586.0,1641.0,qlearning,0,536
0.019708316909735908,4671.0,0,1295.6,1304.0,qlearning,0,537
0.017793594306049824,5317.0,4,1427.3999999999999,1461.0,qlearning,0,538
0.0162813415825464,5784.0,3,1491.4,1500.0,qlearning,0,539
0.018096272167933407,5128.0,0,1541.8,1635.0,qlearning,0,540
0.015683814303638646,6008.0,0,1510.4,1512.0,qlearning,0,541
0.015313935681470138,6202.0,4,1726.0,1773.0,qlearning,0,542
0.017537706068046298,5424.0,4,1572.2,1632.0,qlearning,0,543
0.018698578908002993,5005.0,0,1351.6,1386.0,qlearning,0,544
0.01632386549134835,5778.0,0,1510.3999999999999,1541.0,qlearning,0,545
0.01775568181818182,5359.0,4,1436.0,1472.0,qlearning,0,546
0.01598976654940838,5931.0,5,1664.8,1670.0,qlearning,0,547
0.018656716417910446,5057.0,0,1327.2,1337.0,qlearning,0,548
0.017088174982911826,5664.0,7,1470.6,1475.0,qlearning,0,549
0.018076644974692697,5224.0,4,1479.0,1482.0,qlearning,0,550
0.017812611328820806,5296.0,3,1405.6,1409.0,qlearning,0,551
0.019809825673534072,4835.0,5,1219.8,1243.0,qlearning,0,552
0.020028109627547436,5339.7,4,1519.36,1552.7,qlearning,0,553
0.01845018450184502,5202.0,7,1314.8,1328.0,qlearning,0,554
0.016202203499675955,5814.0,0,1638.3999999999999,1677.0,qlearning,0,555
0.019409937888198756,4759.0,0,1312.8,1362.0,qlearning,0,556
0.01670564650851988,5658.0,2,1373.8,1375.0,qlearning,0,557
0.018288222384784197,5120.0,0,1444.0,1447.0,qlearning,0,558
0.0165016501650165,5767.0,6,1685.6,1742.0,qlearning,0,559
0.016846361185983826,5588.0,0,1525.0,1528.0,qlearning,0,560
0.018409425625920472,5124.0,6,1378.0,1391.0,qlearning,0,561
0.017674089784376106,5340.0,4,1548.6,1637.0,qlearning,0,562
0.02441077441077441,4434.8,3,1346.1599999999999,1405.0,qlearning,0,563
0.016534391534391533,5680.0,2,1456.8,1466.0,qlearning,0,564
0.015933715742511154,6113.0,6,1579.8,1611.0,qlearning,0,565
0.016611295681063124,5692.0,0,1797.8,1910.0,qlearning,0,566
0.016914749661705007,5644.0,5,1494.6,1497.0,qlearning,0,567
0.017587055926837847,5403.0,3,1348.0,1366.0,qlearning,0,568
0.017277125086385625,5455.0,0,1587.0,1598.0,qlearning,0,569
0.018083182640144666,5257.0,5,1499.4,1508.0,qlearning,0,570
0.01812250815512867,5250.0,7,1296.6,1298.0,qlearning,0,571
0.019312475859405175,4855.0,0,1429.0,1489.0,qlearning,0,572
0.01818181818181818,5202.0,4,1528.8,1593.0,qlearning,0,573
0.018109380659181457,5299.0,11,1483.6,1525.0,qlearning,0,574
0.01768033946251768,5313.0,3,1669.1999999999998,1766.0,qlearning,0,575
0.016903313049357674,5753.0,9,1666.6,1710.0,qlearning,0,576
0.020064205457463884,4797.5,7,1429.0,1431.0,qlearning,0,577
0.023055881203595155,4755.9,1,1439.2,1500.0,qlearning,0,578
0.01934984520123839,4865.0,0,1217.8,1219.0,qlearning,0,579
0.022123893805309734,5177.0,3,1348.3999999999999,1381.0,qlearning,0,580
0.018018018018018018,5137.0,0,1397.8,1411.0,qlearning,0,581
0.01725327812284334,5473.0,3,1457.4,1483.0,qlearning,0,582
0.023583111449220234,4901.2,0,1395.6,1442.0,qlearning,0,583
0.0159846547314578,5913.0,2,1610.0,1645.0,qlearning,0,584
0.018889308651303362,5116.0,7,1455.3999999999999,1500.0,qlearning,0,585
0.018368846436443792,5116.0,3,1478.8,1508.0,qlearning,0,586
0.018195050946142648,5148.0,0,1446.3999999999999,1496.0,qlearning,0,587
0.018294914013904134,5283.0,9,1432.2,1472.0,qlearning,0,588
0.019857029388403495,4688.0,0,1211.2,1220.0,qlearning,0,589
0.01772421127259837,5349.0,9,1417.8,1420.0,qlearning,0,590
0.016711229946524065,5666.0,3,1692.3999999999999,1766.0,qlearning,0,591
0.016835016835016835,5627.0,0,1628.3999999999999,1677.0,qlearning,0,592
0.020169851380042462,5264.7,0,1380.34,1396.0,qlearning,0,593
0.018804061677322303,5040.0,4,1442.8,1489.0,qlearning,0,594
0.017354289456450556,5850.3,4,1505.8,1518.0,qlearning,0,595
0.02045542261675029,4959.3,7,1333.46,1339.0,qlearning,0,596
0.01827485380116959,5359.0,11,1494.8,1516.0,qlearning,0,597
0.017397355601948505,5370.0,0,1375.2,1384.0,qlearning,0,598
0.017117425539198903,5619.0,7,1646.8,1708.0,qlearning,0,599
0.024343856979840244,5021.4,3,1378.6,1400.0,qlearning,0,600
0.017094017094017096,5527.0,5,1642.0,1702.0,qlearning,0,601
0.017985611510791366,5252.0,0,1391.6,1425.0,qlearning,0,602
0.019327406262079627,4961.0,9,1327.8,1330.0,qlearning,0,603
0.01567889620570712,6025.0,0,1718.3999999999999,1778.0,qlearning,0,604
0.018142235123367198,5134.0,4,1332.0,1342.0,qlearning,0,605
0.017476406850751487,5334.0,0,1485.8,1501.0,qlearning,0,606
0.0177367860943597,5240.0,0,1475.3999999999999,1510.0,qlearning,0,607
0.020056157240272765,4633.0,0,1417.0,1452.0,qlearning,0,608
0.03526148969889065,4713.9,0,1510.3999999999999,1540.0,qlearning,0,609
0.016903313049357674,5513.0,0,1581.3999999999999,1651.0,qlearning,0,610
0.016700066800267203,5790.0,5,1776.3999999999999,1876.0,qlearning,0,611
0.016578249336870028,5709.0,2,1516.2,1576.0,qlearning,0,612
0.017433751743375175,5458.0,4,1459.6,1500.0,qlearning,0,613
0.017844396859386154,5286.0,3,1456.3999999999999,1506.0,qlearning,0,614
0.015748031496062992,5987.0,0,1709.3999999999999,1775.0,qlearning,0,615
0.018201674554058973,5091.0,0,1401.6,1429.0,qlearning,0,616
0.016903313049357674,5648.0,8,1462.0,1465.0,qlearning,0,617
0.018050541516245487,5252.0,3,1418.8,1454.0,qlearning,0,618
0.016409583196586808,5821.0,8,1485.4,1510.0,qlearning,0,619
0.017812611328820806,5286.0,2,1339.2,1347.0,qlearning,0,620
0.01671681711802073,5639.0,0,1589.6,1603.0,qlearning,0,621
0.017111567419575632,5636.0,10,1540.8,1601.0,qlearning,0,622
0.017605633802816902,5452.0,4,1412.8,1414.0,qlearning,0,623
0.018635855385762207,5153.0,9,1574.8,1642.0,qlearning,0,624
0.020466786355475764,5182.7,1,1569.1399999999999,1624.0,qlearning,0,625
0.023003472222222224,4310.3,5,1081.6,1102.0,qlearning,0,626
0.01755001755001755,5425.0,0,1482.6,1496.0,qlearning,0,627
0.019149751053236307,5014.0,6,1388.2,1427.0,qlearning,0,628
0.01858045336306206,5189.0,8,1603.0,1646.0,qlearning,0,629
0.018368846436443792,5046.0,0,1426.8,1488.0,qlearning,0,630
0.018573551263001486,5141.0,5,1431.8,1484.0,qlearning,0,631
0.016778523489932886,5777.0,9,1710.6,1763.0,qlearning,0,632
0.01694915254237288,5507.0,0,1643.3999999999999,1698.0,qlearning,0,633
0.017812611328820806,5426.0,7,1558.6,1610.0,qlearning,0,634
0.017247326664367024,5485.0,5,1511.0,1563.0,qlearning,0,635
0.024859663191659984,4856.2,12,1320.0,1342.0,qlearning,0,636
0.018917896329928113,4973.0,6,1386.6,1414.0,qlearning,0,637
0.017972681524083392,5216.0,0,1408.6,1433.0,qlearning,0,638
0.017152658662092625,5527.0,4,1431.6,1453.0,qlearning,0,639
0.01719986240110079,5631.0,7,1439.2,1470.0,qlearning,0,640
0.01856665428889714,5258.0,8,1402.2,1445.0,qlearning,0,641
0.01834862385321101,5107.0,0,1325.0,1328.0,qlearning,0,642
0.020202020202020204,4727.0,8,1328.1999999999998,1407.0,qlearning,0,643
0.017699115044247787,5352.0,3,1472.0,1508.0,qlearning,0,644
0.01599488163787588,6049.0,5,1630.6,1673.0,qlearning,0,645
0.016761649346295676,5703.0,6,1460.2,1474.0,qlearning,0,646
0.017857142857142856,5222.0,0,1581.0,1642.0,qlearning,0,647
0.017170329670329672,5481.0,2,1530.8,1551.0,qlearning,0,648
0.018656716417910446,5022.0,2,1452.8,1502.0,qlearning,0,649
0.0167897918065816,5653.0,0,1571.1999999999998,1646.0,qlearning,0,650
0.01771793054571226,5426.0,7,1452.4,1462.0,qlearning,0,651
0.016307893020221786,5729.0,2,1595.6,1669.0,qlearning,0,652
0.01755001755001755,5345.0,0,1522.6,1546.0,qlearning,0,653
0.0175561797752809,5468.0,4,1540.6,1571.0,qlearning,0,654
0.01786352268667381,5280.0,3,1375.0,1384.0,qlearning,0,655
0.016960651289009497,5573.0,3,1514.6,1547.0,qlearning,0,656
0.01707650273224044,5568.0,7,1381.0,1381.0,qlearning,0,657
0.017761989342806393,5252.0,0,1534.2,1540.0,qlearning,0,658
0.017611835153222965,5465.0,8,1522.8,1550.0,qlearning,0,659
0.018628912071535022,5275.0,19,1289.6,1295.0,qlearning,0,660
0.01838235294117647,5082.0,5,1487.2,1532.0,qlearning,0,661
0.016869095816464237,5570.0,0,1514.0,1550.0,qlearning,0,662
0.017146776406035666,5464.0,3,1543.0,1580.0,qlearning,0,663
0.021132713440405747,4494.0,3,1278.2,1314.0,qlearning,0,664
0.01839587932303164,5093.0,0,1287.6,1300.0,qlearning,0,665
0.017711654268508677,5393.0,6,1465.2,1477.0,qlearning,0,666
0.018504811250925242,5166.0,4,1461.8,1489.0,qlearning,0,667
0.017946877243359655,5254.0,0,1381.2,1411.0,qlearning,0,668
0.016711229946524065,5771.0,7,1656.3999999999999,1698.0,qlearning,0,669
0.016371971185330715,5770.0,0,1538.0,1558.0,qlearning,0,670
0.018607856650585803,5476.4,0,1511.6,1558.0,qlearning,0,671
0.020697167755991286,5085.7,0,1451.2,1502.0,qlearning,0,672
0.018656716417910446,4977.0,0,1594.8,1690.0,qlearning,0,673
0.021145975443383355,5547.2,1,1460.8,1499.0,qlearning,0,674
0.018436578171091445,5096.0,3,1479.2,1508.0,qlearning,0,675
0.017158544955387784,5520.0,2,1421.6,1432.0,qlearning,0,676
0.01882530120481928,5079.0,6,1489.8,1495.0,qlearning,0,677
0.018018018018018018,5297.0,3,1428.0,1467.0,qlearning,0,678
0.017568517217146872,5419.0,4,1410.0,1414.0,qlearning,0,679
0.022476340694006308,4854.7,9,1165.8,1168.0,qlearning,0,680
0.018889308651303362,4966.0,4,1475.6,1537.0,qlearning,0,681
0.01750087504375219,5356.0,0,1376.2,1386.0,qlearning,0,682
0.017881705639614855,5623.2,9,1434.8,1452.0,qlearning,0,683
0.01856665428889714,5093.0,3,1503.0,1569.0,qlearning,0,684
0.018601190476190476,4993.0,0,1478.0,1512.0,qlearning,0,685
0.017024174327545116,5661.0,7,1531.0,1570.0,qlearning,0,686
0.019473081328751432,4805.1,2,1420.8,1495.0,qlearning,0,687
0.01952362358453729,4929.0,10,1316.6,1338.0,qlearning,0,688
0.018063583815028903,5283.0,4,1500.2,1544.0,qlearning,0,689
0.018162005085361425,5193.0,5,1430.8,1455.0,qlearning,0,690
0.016835016835016835,5572.0,0,1573.2,1634.0,qlearning,0,691
0.019485580670303974,4859.0,2,1368.8,1435.0,qlearning,0,692
0.016270745200130166,5843.0,5,1633.6,1696.0,qlearning,0,693
0.01607717041800643,5977.0,6,1728.6,1794.0,qlearning,0,694
0.019267822736030827,5087.0,12,1317.8,1348.0,qlearning,0,695
0.01750087504375219,5391.0,0,1433.2,1435.0,qlearning,0,696
0.01722356183258698,5623.0,10,1642.1999999999998,1730.0,qlearning,0,697
0.015351550506601168,6351.0,4,1712.6,1720.0,qlearning,0,698
0.020987654320987655,4487.1,0,1116.4,1126.0,qlearning,0,699
0.01723543605653223,5419.0,0,1484.4,1499.0,qlearning,0,700
0.016914749661705007,5649.0,4,1589.0,1614.0,qlearning,0,701
0.018545994065281898,5149.0,6,1382.2,1392.0,qlearning,0,702
0.01808972503617945,5221.1,3,1534.0,1561.0,qlearning,0,703
0.016857720836142953,5519.0,0,1588.8,1656.0,qlearning,0,704
0.018328445747800588,5233.0,10,1557.3999999999999,1587.0,qlearning,0,705
0.015446400988569663,6096.0,0,1614.0,1631.0,qlearning,0,706
0.01856665428889714,5108.0,3,1454.2,1502.0,qlearning,0,707
0.020721686316541622,5255.8,7,1537.8,1566.0,qlearning,0,708
0.016605778811026237,5779.0,5,1609.8,1640.0,qlearning,0,709
0.02009646302250804,4618.0,0,1258.3999999999999,1301.0,qlearning,0,710
0.01839587932303164,5348.0,15,1339.4,1349.0,qlearning,0,711
0.01815541031227306,5190.0,0,1436.8,1485.0,qlearning,0,712
0.01697216564833673,5539.0,0,1422.6,1432.0,qlearning,0,713
0.01846381093057607,5073.0,3,1473.0,1535.0,qlearning,0,714
0.020868113522537562,4379.0,0,1273.3999999999999,1317.0,qlearning,0,715
0.017611835153222965,5350.0,1,1384.0,1401.0,qlearning,0,716
0.016931933626820182,5548.0,1,1350.6,1364.0,qlearning,0,717
0.017605633802816902,5462.0,5,1350.6,1364.0,qlearning,0,718
0.01751927119831815,5330.0,3,1609.8,1652.0,qlearning,0,719
0.01571832756994656,6109.0,6,1837.0,1917.0,qlearning,0,720
0.017170329670329672,5591.0,6,1420.8,1430.0,qlearning,0,721
0.02025931928687196,4563.0,0,1163.6,1167.0,qlearning,0,722
0.01719986240110079,5596.0,9,1653.8,1689.0,qlearning,0,723
0.017283097131005877,5553.0,5,1480.8,1497.0,qlearning,0,724
0.017319016279875303,5496.0,4,1692.6,1731.0,qlearning,0,725
0.01672800267648043,5765.0,8,1813.6,1978.0,qlearning,0,726
0.018484288354898338,5117.0,2,1519.6,1612.0,qlearning,0,727
0.018960940462646948,5006.0,4,1639.8,1750.0,qlearning,0,728
0.01858045336306206,5054.0,0,1348.6,1350.0,qlearning,0,729
0.01701258931609391,5530.0,0,1507.6,1521.0,qlearning,0,730
0.0188821752265861,4843.0,0,1357.2,1419.0,qlearning,0,731
0.017979144192736426,5374.0,8,1369.2,1379.0,qlearning,0,732
0.016989466530750934,5453.0,0,1621.0,1707.0,qlearning,0,733
0.018076644974692697,5289.0,5,1422.2,1448.0,qlearning,0,734
0.01730103806228374,5372.0,0,1583.2,1623.0,qlearning,0,735
0.01849796522382538,5018.0,0,1597.6,1693.0,qlearning,0,736
0.01676727028839705,5646.0,0,1507.2,1533.0,qlearning,0,737
0.018747656542932135,4981.0,0,1334.6,1345.0,qlearning,0,738
0.017599436818021823,5449.0,4,1569.0,1641.0,qlearning,0,739
0.019238168526356292,4850.0,0,1380.0,1397.0,qlearning,0,740
0.01652892561983471,5807.0,4,1599.0,1651.0,qlearning,0,741
0.019085343896290963,5266.3,2,1535.6,1570.0,qlearning,0,742
0.017283097131005877,5583.0,8,1516.3999999999999,1559.0,qlearning,0,743
0.01839587932303164,5038.0,2,1422.4,1423.0,qlearning,0,744
0.015051173991571343,6381.0,6,1557.8,1570.0,qlearning,0,745
0.018601190476190476,5053.0,0,1290.4,1307.0,qlearning,0,746
0.016909029421711193,5531.0,0,1521.8,1558.0,qlearning,0,747
0.0188821752265861,4918.0,0,1510.6,1583.0,qlearning,0,748
0.017325017325017324,5454.0,3,1524.1999999999998,1611.0,qlearning,0,749
0.018195050946142648,5168.0,0,1373.6,1417.0,qlearning,0,750
0.019786307874950535,4756.0,0,1249.4,1271.0,qlearning,0,751
0.017476406850751487,5359.0,0,1425.2,1429.0,qlearning,0,752
0.019105846388995033,4956.0,1,1418.2,1426.0,qlearning,0,753
0.0169664065151001,5631.0,3,1476.6,1489.0,qlearning,0,754
0.0186219739292365,5107.0,4,1292.2,1294.0,qlearning,0,755
0.019011406844106463,5032.0,6,1434.8,1437.0,qlearning,0,756
0.016795431642593214,5661.0,4,1523.0,1552.0,qlearning,0,757
0.016857720836142953,5654.0,5,1480.6,1498.0,qlearning,0,758
0.016983695652173912,5580.0,4,1590.8,1617.0,qlearning,0,759
0.017992083483267363,5365.0,6,1617.8,1687.0,qlearning,0,760
0.01840264998159735,5266.0,12,1579.8,1636.0,qlearning,0,761
0.01849112426035503,5185.0,7,1536.8,1582.0,qlearning,0,762
0.018698578908002993,5040.0,4,1276.8,1277.0,qlearning,0,763
0.01855976243504083,5090.0,1,1402.8,1414.0,qlearning,0,764
0.017059024223814397,5644.0,8,1644.6,1692.0,qlearning,0,765
0.017271157167530225,5547.0,6,1596.2,1644.0,qlearning,0,766
0.022286421791167972,4453.4,0,1229.3999999999999,1262.0,qlearning,0,767
0.018221574344023325,5270.0,5,1559.8,1595.0,qlearning,0,768
0.019004180919802355,4984.0,5,1374.0,1408.0,qlearning,0,769
0.0177367860943597,5395.0,3,1456.0,1481.0,qlearning,0,770
0.019692792437967704,4755.0,0,1285.2,1303.0,qlearning,0,771
0.018839487565938208,5025.0,5,1260.0,1263.0,qlearning,0,772
0.017998560115190784,5193.0,0,1384.8,1412.0,qlearning,0,773
0.018975332068311195,5057.0,9,1323.4,1327.0,qlearning,0,774
0.019747235387045814,4766.0,2,1409.8,1476.0,qlearning,0,775
0.018102824040550327,5171.0,0,1429.2,1458.0,qlearning,0,776
0.017035775127768313,5607.0,4,1505.8,1540.0,qlearning,0,777
0.01697216564833673,5594.0,4,1568.8,1582.0,qlearning,0,778
0.01972386587771203,4702.0,0,1305.2,1351.0,qlearning,0,779
0.018925056775170326,4951.0,3,1368.2,1400.0,qlearning,0,780
0.0164257555847569,5865.0,5,1609.3999999999999,1646.0,qlearning,0,781
0.019546520719311962,4908.0,8,1331.8,1348.0,qlearning,0,782
0.0169548999660902,5580.0,2,1649.6,1748.0,qlearning,0,783
0.018821022727272728,5294.3,0,1279.8,1300.0,qlearning,0,784
0.017692852087756547,5399.0,7,1403.0,1421.0,qlearning,0,785
0.017158544955387784,5505.0,0,1375.8,1379.0,qlearning,0,786
0.017992083483267363,5200.0,4,1445.0,1463.0,qlearning,0,787
0.01937984496124031,4897.0,5,1169.2,1180.0,qlearning,0,788
0.01901863826550019,4850.0,0,1208.6,1221.0,qlearning,0,789
0.017934002869440458,5523.0,14,1677.1999999999998,1750.0,qlearning,0,790
0.01867762420620097,5006.0,0,1372.4,1382.0,qlearning,0,791
0.016926201760324982,5800.0,11,1504.4,1518.0,qlearning,0,792
0.016661112962345886,5714.0,3,1501.6,1503.0,qlearning,0,793
0.01632386549134835,5758.0,0,1510.0,1514.0,qlearning,0,794
0.017024174327545116,5561.0,4,1613.4,1627.0,qlearning,0,795
0.019700551615445233,4793.0,4,1266.2,1268.0,qlearning,0,796
0.01730103806228374,5407.0,0,1375.2,1387.0,qlearning,0,797
0.017889087656529516,5177.0,2,1443.8,1495.0,qlearning,0,798
0.01768033946251768,5508.0,11,1580.6,1668.0,qlearning,0,799
0.0189897455374098,4953.0,0,1388.8,1422.0,qlearning,0,800
0.017806267806267807,5333.0,7,1463.0,1500.0,qlearning,0,801
0.016463615409944024,5806.0,2,1711.3999999999999,1789.0,qlearning,0,802
0.018615040953090096,4989.0,0,1352.8,1357.0,qlearning,0,803
0.01876876876876877,4925.0,0,1475.6,1563.0,qlearning,0,804
0.01853911753800519,5021.0,1,1400.8,1416.0,qlearning,0,805
0.01773049645390071,5357.0,0,1522.0,1596.0,qlearning,0,806
0.017152658662092625,5557.0,3,1365.8,1368.0,qlearning,0,807
0.01734906315058987,5371.0,0,1445.0,1475.0,qlearning,0,808
0.016818028927009756,5578.0,4,1564.0,1599.0,qlearning,0,809
0.018960940462646948,4936.0,0,1361.2,1382.0,qlearning,0,810
0.01790189760114572,5173.0,0,1336.6,1349.0,qlearning,0,811
0.01830831197363603,5134.0,0,1296.6,1318.0,qlearning,0,812
0.017415534656913968,5474.0,5,1421.4,1425.0,qlearning,0,813
0.01749475157452764,5403.0,2,1514.6,1558.0,qlearning,0,814
0.016452780519907863,5810.0,4,1570.0,1619.0,qlearning,0,815
0.016534391534391533,5745.0,2,1551.4,1561.0,qlearning,0,816
0.017599436818021823,5399.0,2,1585.3999999999999,1619.0,qlearning,0,817
0.0167897918065816,5653.0,0,1472.0,1488.0,qlearning,0,818
0.01721170395869191,5572.0,3,1521.6,1540.0,qlearning,0,819
0.018335166850018333,5066.0,0,1422.2,1470.0,qlearning,0,820
0.018241517694272163,5144.0,4,1397.6,1441.0,qlearning,0,821
0.023125699365908244,5015.2,0,1442.6,1493.0,qlearning,0,822
0.019201228878648235,4835.0,0,1364.0,1409.0,qlearning,0,823
0.023119392684610076,5664.7,8,1716.6,1744.0,qlearning,0,824
0.016801075268817203,5609.0,0,1356.4,1369.0,qlearning,0,825
0.018436578171091445,5136.0,4,1300.0,1307.0,qlearning,0,826
0.016650016650016652,5818.0,9,1654.0,1675.0,qlearning,0,827
0.016943409013893594,5569.0,0,1532.6,1575.0,qlearning,0,828
0.0162813415825464,5739.0,0,1454.6,1474.0,qlearning,0,829
0.018018018018018018,5202.0,0,1430.2,1480.0,qlearning,0,830
0.01845699520118125,5105.0,6,1330.6,1349.0,qlearning,0,831
0.017857142857142856,5272.0,0,1568.0,1594.0,qlearning,0,832
0.017053206002728513,5506.0,3,1556.2,1580.0,qlearning,0,833
0.017611835153222965,5350.0,0,1454.6,1458.0,qlearning,0,834
0.018129079042784626,5233.0,2,1507.2,1546.0,qlearning,0,835
0.017241379310344827,5562.0,4,1456.2,1465.0,qlearning,0,836
0.017863049950380416,5623.4,0,1558.4,1576.0,qlearning,0,837
0.019004180919802355,5034.0,2,1381.8,1396.0,qlearning,0,838
0.017568517217146872,5269.0,0,1407.4,1426.0,qlearning,0,839
0.018532246108228317,5148.0,0,1332.6,1335.0,qlearning,0,840
0.018889308651303362,5096.0,5,1304.0,1305.0,qlearning,0,841
0.02004008016032064,4802.0,5,1295.8,1299.0,qlearning,0,842
0.016611295681063124,5737.0,0,1614.2,1638.0,qlearning,0,843
0.016512549537648614,5803.0,4,1617.2,1635.0,qlearning,0,844
0.016474464579901153,5772.0,0,1545.0,1565.0,qlearning,0,845
0.017593244194229415,5421.0,9,1477.8,1516.0,qlearning,0,846
0.017985611510791366,5252.0,5,1538.0,1585.0,qlearning,0,847
0.020374898125509373,4650.0,3,1302.8,1333.0,qlearning,0,848
0.018096272167933407,5118.0,0,1485.2,1551.0,qlearning,0,849
0.019485580670303974,4789.0,2,1535.3999999999999,1611.0,qlearning,0,850
0.017692852087756547,5274.0,0,1516.0,1587.0,qlearning,0,851
0.01701258931609391,5620.0,3,1610.6,1669.0,qlearning,0,852
0.01765536723163842,5441.0,5,1421.2,1434.0,qlearning,0,853
0.018628912071535022,5125.0,4,1500.2,1564.0,qlearning,0,854
0.0164257555847569,5830.0,5,1819.0,1921.0,qlearning,0,855
0.016345210853220007,5735.0,0,1429.2,1431.0,qlearning,0,856
0.01789549033643522,5230.0,0,1415.4,1437.0,qlearning,0,857
0.017699115044247787,5457.0,9,1506.0,1537.0,qlearning,0,858
0.0178826895565093,5144.0,0,1344.4,1355.0,qlearning,0,859
0.018832391713747645,5122.0,6,1562.8,1661.0,qlearning,0,860
0.01853911753800519,5031.0,2,1344.2,1345.0,qlearning,0,861
0.01949317738791423,4882.0,9,1434.8,1500.0,qlearning,0,862
0.016818028927009756,5548.0,0,1549.0,1625.0,qlearning,0,863
0.016523463317911435,5699.0,1,1578.0,1634.0,qlearning,0,864
0.016627868307283005,5756.0,5,1460.2,1466.0,qlearning,0,865
0.01757469244288225,5357.0,0,1534.8,1579.0,qlearning,0,866
0.019409937888198756,4989.0,7,1504.6,1527.0,qlearning,0,867
0.01719986240110079,5546.0,6,1498.0,1505.0,qlearning,0,868
0.018076644974692697,5244.0,5,1488.2,1500.0,qlearning,0,869
0.018740629685157422,5138.0,8,1336.4,1362.0,qlearning,0,870
0.01783166904422254,5250.0,3,1473.2,1514.0,qlearning,0,871
0.01802451333813987,5170.0,0,1383.0,1391.0,qlearning,0,872
0.018031013342949875,5138.0,0,1660.6,1725.0,qlearning,0,873
0.019857029388403495,4748.0,2,1339.8,1383.0,qlearning,0,874
0.018083182640144666,5157.0,0,1358.0,1401.0,qlearning,0,875
0.018148820326678767,5137.0,1,1280.0,1294.0,qlearning,0,876
0.016846361185983826,5593.0,3,1487.0,1504.0,qlearning,0,877
0.016795431642593214,5746.0,2,1669.6,1749.0,qlearning,0,878
0.01734304543877905,5378.0,0,1528.2,1530.0,qlearning,0,879
0.017271157167530225,5387.0,0,1486.3999999999999,1524.0,qlearning,0,880
0.018443378827001106,5164.0,5,1386.8,1410.0,qlearning,0,881
0.01882530120481928,5039.0,9,1398.3999999999999,1429.0,qlearning,0,882
0.01932536893886156,5419.5,7,1520.6,1576.0,qlearning,0,883
0.018188432157148052,5150.0,0,1377.6,1412.0,qlearning,0,884
0.02025586353944563,5340.7,3,1572.8,1612.0,qlearning,0,885
0.01815541031227306,5160.0,0,1509.0,1540.0,qlearning,0,886
0.022251891410769914,4366.0,9,1259.0,1308.0,qlearning,0,887
0.01785076758300607,5294.0,5,1360.6,1374.0,qlearning,0,888
0.016291951775822745,5895.0,3,1463.4,1465.0,qlearning,0,889
0.01768033946251768,5233.0,0,1324.2,1327.0,qlearning,0,890
0.017580872011251757,5395.0,6,1493.4,1512.0,qlearning,0,891
0.017812611328820806,5326.0,4,1483.3999999999999,1518.0,qlearning,0,892
0.0190990990990991,5117.3,0,1444.06,1531.0,qlearning,0,893
0.020022667170381564,5026.3,6,1393.3999999999999,1425.0,qlearning,0,894
0.018148820326678767,5257.0,9,1379.3999999999999,1415.0,qlearning,0,895
0.01887504718761797,4920.0,0,1198.2,1223.0,qlearning,0,896
0.018315018315018316,5142.0,0,1519.8,1568.0,qlearning,0,897
0.016622340425531915,5718.0,0,1710.3999999999999,1794.0,qlearning,0,898
0.01830831197363603,5189.0,4,1457.4,1464.0,qlearning,0,899
0.016700066800267203,5620.0,0,1584.0,1621.0,qlearning,0,900
0.016744809109176157,5699.0,10,1739.6,1757.0,qlearning,0,901
0.016041065126724416,5901.0,7,1595.6,1604.0,qlearning,0,902
0.0160926939169617,5906.0,0,1701.2,1720.0,qlearning,0,903
0.016728624535315983,6073.4,1,1766.1999999999998,1849.0,qlearning,0,904
0.01839587932303164,5163.0,3,1370.0,1383.0,qlearning,0,905
0.018443378827001106,5264.0,9,1527.6,1551.0,qlearning,0,906
0.01610824742268041,5735.0,0,1561.0,1569.0,qlearning,0,907
0.017959770114942528,5195.0,0,1465.4,1486.0,qlearning,0,908
0.017241379310344827,5452.0,1,1507.8,1579.0,qlearning,0,909
0.0178826895565093,5314.0,3,1481.2,1496.0,qlearning,0,910
0.01763046544428773,5339.0,0,1573.4,1600.0,qlearning,0,911
0.017768301350390904,5235.0,0,1295.6,1302.0,qlearning,0,912
0.01697216564833673,5554.0,0,1355.0,1364.0,qlearning,0,913
0.017337031900138695,5510.0,3,1485.6,1520.0,qlearning,0,914
0.018148820326678767,5237.0,3,1566.6,1661.0,qlearning,0,915
0.018188432157148052,5220.0,3,1397.0,1409.0,qlearning,0,916
0.03369524522650692,5098.0,7,1445.2,1473.0,qlearning,0,917
0.016983695652173912,5530.0,0,1487.4,1504.0,qlearning,0,918
0.018389113644722323,5260.0,9,1403.4,1410.0,qlearning,0,919
0.017482517482517484,5327.0,0,1539.0,1620.0,qlearning,0,920
0.019054878048780487,4965.0,6,1419.4,1423.0,qlearning,0,921
0.016249593760155997,5806.0,6,1566.3999999999999,1620.0,qlearning,0,922
0.01845699520118125,4955.0,0,1286.8,1287.0,qlearning,0,923
0.01889644746787604,4934.0,3,1274.4,1275.0,qlearning,0,924
0.018096272167933407,5213.0,3,1444.0,1482.0,qlearning,0,925
0.018188432157148052,5235.0,7,1440.0,1475.0,qlearning,0,926
0.02076923076923077,4817.4,0,1328.2,1330.0,qlearning,0,927
0.01701258931609391,5565.0,3,1406.8,1407.0,qlearning,0,928
0.016812373907195696,5690.0,2,1639.3999999999999,1693.0,qlearning,0,929
0.01927525057825752,4815.0,1,1280.6,1301.0,qlearning,0,930
0.016134236850596968,5860.0,0,1595.0,1606.0,qlearning,0,931
0.0176678445229682,5342.0,1,1355.8,1359.0,qlearning,0,932
0.01709986320109439,5530.0,2,1451.8,1470.0,qlearning,0,933
0.017283097131005877,5358.0,0,1581.6,1652.0,qlearning,0,934
0.018341892883345562,5209.0,7,1479.8,1537.0,qlearning,0,935
0.017992083483267363,5165.0,0,1482.0,1518.0,qlearning,0,936
0.017793594306049824,5212.0,0,1583.0,1645.0,qlearning,0,937
0.018545994065281898,4989.0,0,1379.6,1429.0,qlearning,0,938
0.02074688796680498,4447.0,4,1279.2,1304.0,qlearning,0,939
0.018946570670708603,4940.0,3,1426.2,1427.0,qlearning,0,940
0.017649135192375574,5453.0,6,1400.4,1403.0,qlearning,0,941
0.018341892883345562,5099.0,0,1582.8,1655.0,qlearning,0,942
0.01733102253032929,5512.0,7,1712.0,1802.0,qlearning,0,943
0.019135093761959432,5033.0,7,1351.2,1369.0,qlearning,0,944
0.017047391749062394,5508.0,0,1585.3999999999999,1625.0,qlearning,0,945
0.016254876462938883,5844.0,0,1516.0,1518.0,qlearning,0,946
0.016518004625041296,5641.0,0,1516.6,1536.0,qlearning,0,947
0.01750700280112045,5459.0,4,1500.6,1540.0,qlearning,0,948
0.018294914013904134,5123.0,0,1496.3999999999999,1539.0,qlearning,0,949
0.018719580681392737,5034.0,0,1344.6,1354.0,qlearning,0,950
0.018294914013904134,5068.0,0,1377.8,1386.0,qlearning,0,951
0.016558441558441557,5852.1,5,1692.3999999999999,1773.0,qlearning,0,952
0.017985611510791366,5287.0,6,1384.4,1396.0,qlearning,0,953
0.01889644746787604,5019.0,4,1365.0,1373.0,qlearning,0,954
0.017064846416382253,5477.0,0,1592.2,1602.0,qlearning,0,955
0.016355904481517827,5846.0,5,1733.2,1743.0,qlearning,0,956
0.01638806948541462,5814.0,0,1713.8,1802.0,qlearning,0,957
0.017445917655268667,5414.0,5,1428.0,1474.0,qlearning,0,958
0.01992825827022718,4785.0,5,1443.0,1536.0,qlearning,0,959
0.018982536066818528,5015.0,5,1438.8,1442.0,qlearning,0,960
0.01667778519012675,5763.0,8,1537.2,1544.0,qlearning,0,961
0.018076644974692697,5139.0,0,1659.3999999999999,1776.0,qlearning,0,962
0.017289073305670817,5366.0,0,1471.4,1481.0,qlearning,0,963
0.020292207792207792,4755.0,13,1288.4,1303.0,qlearning,0,964
0.017934002869440458,5268.0,0,1233.8,1247.0,qlearning,0,965
0.018115942028985508,5197.0,5,1443.8,1475.0,qlearning,0,966
0.017825311942959002,5427.0,5,1400.2,1424.0,qlearning,0,967
0.018889308651303362,5126.0,7,1445.2,1472.0,qlearning,0,968
0.01616031027795734,5895.0,3,1562.6,1613.0,qlearning,0,969
0.01904036557501904,4949.0,0,1375.8,1418.0,qlearning,0,970
0.01707650273224044,5538.0,3,1371.6,1380.0,qlearning,0,971
0.019027484143763214,5468.4,5,1535.8,1568.0,qlearning,0,972
0.01785076758300607,5164.0,0,1427.4,1438.0,qlearning,0,973
0.018545994065281898,5084.0,0,1367.6,1402.0,qlearning,0,974
0.018148820326678767,5177.0,0,1378.6,1401.0,qlearning,0,975
0.019470404984423675,4808.0,0,1374.0,1382.0,qlearning,0,976
0.01934984520123839,4815.0,0,1319.8,1358.0,qlearning,0,977
0.018511662347278787,5079.0,6,1303.4,1323.0,qlearning,0,978
0.016863406408094434,5647.0,7,1525.0,1534.0,qlearning,0,979
0.017946877243359655,5389.0,10,1522.0,1557.0,qlearning,0,980
0.01775568181818182,5414.0,4,1440.0,1445.0,qlearning,0,981
0.01830831197363603,5129.0,1,1497.3999999999999,1535.0,qlearning,0,982
0.01967729240456513,4754.0,0,1443.0,1536.0,qlearning,0,983
0.01675041876046901,5572.0,0,1574.0,1576.0,qlearning,0,984
0.01723543605653223,5414.0,0,1445.4,1461.0,qlearning,0,985
0.01621271076523995,5860.0,0,1523.6,1535.0,qlearning,0,986
0.015659254619480114,6038.0,0,1585.6,1614.0,qlearning,0,987
0.016891891891891893,5572.0,0,1528.4,1535.0,qlearning,0,988
0.018436578171091445,5121.0,3,1298.2,1326.0,qlearning,0,989
0.017140898183064794,5521.0,3,1508.6,1520.0,qlearning,0,990
0.018063583815028903,5223.0,2,1345.2,1362.0,qlearning,0,991
0.021343596920923722,5294.1,0,1509.0,1558.0,qlearning,0,992
0.019305019305019305,4902.0,0,1327.6,1346.0,qlearning,0,993
0.018005041411595247,5216.0,0,1420.2,1472.0,qlearning,0,994
0.01750700280112045,5429.0,4,1556.0,1620.0,qlearning,0,995
0.015878056525881232,6155.0,9,1751.6,1783.0,qlearning,0,996
0.017409470752089137,5396.0,0,1424.8,1435.0,qlearning,0,997
0.017421602787456445,5482.0,3,1375.0,1388.0,qlearning,0,998
0.016523463317911435,5704.0,0,1381.6,1392.0,qlearning,0,999
0.01952362358453729,4774.0,6,1579.1999999999998,1718.0,qlearning,1,0
0.01676727028839705,5616.0,0,1541.4,1560.0,qlearning,1,1
0.02378255945639864,4931.3,0,1471.06,1541.0,qlearning,1,2
0.019267822736030827,4867.0,5,1393.8,1458.0,qlearning,1,3
0.017164435290078956,5458.0,0,1458.8,1468.0,qlearning,1,4
0.0175561797752809,5478.0,6,1506.6,1541.0,qlearning,1,5
0.016061676839061997,5918.0,6,1633.6,1636.0,qlearning,1,6
0.017452006980802792,5432.0,1,1462.0,1464.0,qlearning,1,7
0.019387359441644048,4950.0,7,1350.8,1356.0,qlearning,1,8
0.01804402742692169,5229.0,5,1531.6,1616.0,qlearning,1,9
0.018083182640144666,5367.0,11,1537.0,1559.0,qlearning,1,10
0.01746419839329375,5503.0,7,1494.2,1501.0,qlearning,1,11
0.018867924528301886,4982.0,0,1231.4,1237.0,qlearning,1,12
0.01734906315058987,5366.0,0,1482.2,1516.0,qlearning,1,13
0.015239256324291375,6164.0,0,1624.4,1646.0,qlearning,1,14
0.019149751053236307,4884.0,3,1315.2,1330.0,qlearning,1,15
0.01755001755001755,5375.0,6,1675.6,1711.0,qlearning,1,16
0.019952114924181964,4669.0,0,1266.6,1293.0,qlearning,1,17
0.020292207792207792,4745.0,3,1412.0,1493.0,qlearning,1,18
0.01670564650851988,5678.0,7,1634.4,1661.0,qlearning,1,19
0.01753155680224404,5381.0,3,1282.4,1284.0,qlearning,1,20
0.01750700280112045,5324.0,0,1400.6,1407.0,qlearning,1,21
0.017205781142463867,5409.0,2,1647.3999999999999,1683.0,qlearning,1,22
0.019319938176197836,4888.0,8,1283.8,1291.0,qlearning,1,23
0.016672224074691565,5755.0,7,1610.6,1673.0,qlearning,1,24
0.01927525057825752,4805.0,0,1305.0,1341.0,qlearning,1,25
0.01771793054571226,5311.0,0,1461.3999999999999,1496.0,qlearning,1,26
0.01768033946251768,5338.0,3,1444.8,1471.0,qlearning,1,27
0.01846381093057607,5128.0,6,1427.8,1441.0,qlearning,1,28
0.017188037126160193,5465.0,0,1569.6,1599.0,qlearning,1,29
0.01968503937007874,4682.0,0,1332.6,1353.0,qlearning,1,30
0.01789549033643522,5305.0,5,1431.2,1457.0,qlearning,1,31
0.018642803877703208,5041.0,5,1549.0,1628.0,qlearning,1,32
0.01834862385321101,5097.0,0,1367.6,1381.0,qlearning,1,33
0.016270745200130166,5928.0,11,1577.4,1578.0,qlearning,1,34
0.016784155756965426,5540.0,0,1562.2,1577.0,qlearning,1,35
0.017587055926837847,5403.0,0,1434.6,1452.0,qlearning,1,36
0.018201674554058973,5161.0,0,1510.0,1567.0,qlearning,1,37
0.018063583815028903,5203.0,3,1429.6,1471.0,qlearning,1,38
0.018635855385762207,5018.0,0,1538.6,1633.0,qlearning,1,39
0.01845699520118125,5145.0,3,1516.1999999999998,1604.0,qlearning,1,40
0.017064846416382253,5647.0,8,1528.0,1565.0,qlearning,1,41
0.015688735487919672,6091.0,7,2058.6,2186.0,qlearning,1,42
0.016339869281045753,5722.0,0,1618.8,1695.0,qlearning,1,43
0.01812250815512867,5300.0,10,1498.2,1507.0,qlearning,1,44
0.017035775127768313,5447.0,0,1590.0,1648.0,qlearning,1,45
0.01870557426112982,5118.0,5,1415.0,1422.0,qlearning,1,46
0.01937984496124031,4877.0,3,1363.6,1418.0,qlearning,1,47
0.02050020500205002,4645.0,8,1347.3999999999999,1378.0,qlearning,1,48
0.019569471624266144,4702.0,0,1406.8,1443.0,qlearning,1,49
0.023510336441021483,4591.8,1,1273.4,1293.0,qlearning,1,50
0.018975332068311195,4957.0,0,1491.3999999999999,1560.0,qlearning,1,51
0.018315018315018316,5192.0,7,1513.6,1583.0,qlearning,1,52
0.018782870022539443,4946.0,0,1378.2,1419.0,qlearning,1,53
0.01734304543877905,5613.0,10,1630.4,1654.0,qlearning,1,54
0.017605633802816902,5417.0,3,1451.2,1452.0,qlearning,1,55
0.016960651289009497,5658.0,6,1653.2,1707.0,qlearning,1,56
0.01783166904422254,5355.0,5,1392.6,1395.0,qlearning,1,57
0.01688048615800135,5506.0,0,1609.0,1679.0,qlearning,1,58
0.018368846436443792,5086.0,4,1413.6,1420.0,qlearning,1,59
0.01818181818181818,5327.0,11,1509.8,1562.0,qlearning,1,60
0.01859427296392711,5070.0,0,1306.6,1316.0,qlearning,1,61
0.01937984496124031,4792.0,0,1308.0,1320.0,qlearning,1,62
0.02013693113169553,4593.0,3,1226.8,1269.0,qlearning,1,63
0.016661112962345886,5694.0,4,1576.8,1580.0,qlearning,1,64
0.01615508885298869,5787.0,0,1655.3999999999999,1708.0,qlearning,1,65
0.018294914013904134,5188.0,5,1476.0,1504.0,qlearning,1,66
0.018960940462646948,4926.0,6,1434.1999999999998,1521.0,qlearning,1,67
0.01772421127259837,5334.0,7,1444.6,1477.0,qlearning,1,68
0.01773049645390071,5292.0,0,1579.2,1635.0,qlearning,1,69
0.015772870662460567,5917.0,0,1623.0,1699.0,qlearning,1,70
0.0189897455374098,4908.0,2,1171.4,1182.0,qlearning,1,71
0.01699524133242692,5506.0,0,1354.0,1362.0,qlearning,1,72
0.01742767514813524,5370.0,0,1497.6,1558.0,qlearning,1,73
0.01960015680125441,4874.0,4,1379.0,1419.0,qlearning,1,74
0.01721170395869191,5477.0,2,1377.6,1387.0,qlearning,1,75
0.017618040873854827,5393.0,3,1463.4,1466.0,qlearning,1,76
0.01870557426112982,5203.0,14,1359.6,1367.0,qlearning,1,77
0.020308692120227456,4536.0,0,1320.8,1355.0,qlearning,1,78
0.017135023989033583,5588.0,4,1887.8,2012.0,qlearning,1,79
0.017476406850751487,5399.0,1,1432.2,1484.0,qlearning,1,80
0.018201674554058973,5186.0,4,1451.0,1488.0,qlearning,1,81
0.023725212464589234,5336.7,2,1575.8,1642.0,qlearning,1,82
0.01781895937277263,5384.0,7,1468.6,1473.0,qlearning,1,83
0.019646365422396856,4892.0,8,1392.6,1434.0,qlearning,1,84
0.020145044319097503,4656.0,0,1420.0,1511.0,qlearning,1,85
0.01737921445950643,5446.0,7,1501.3999999999999,1534.0,qlearning,1,86
0.01971830985915493,5542.6,10,1546.2,1584.0,qlearning,1,87
0.01763046544428773,5329.0,0,1416.2,1421.0,qlearning,1,88
0.018031013342949875,5178.0,0,1416.0,1453.0,qlearning,1,89
0.017397355601948505,5410.0,1,1574.0,1652.0,qlearning,1,90
0.0177367860943597,5150.0,0,1294.8,1299.0,qlearning,1,91
0.016846361185983826,5563.0,0,1463.4,1465.0,qlearning,1,92
0.017537706068046298,5529.0,10,1438.3999999999999,1474.0,qlearning,1,93
0.016329196603527107,5886.0,6,1570.4,1576.0,qlearning,1,94
0.018148820326678767,5207.0,2,1260.4,1278.0,qlearning,1,95
0.018670649738610903,4958.0,0,1470.6,1546.0,qlearning,1,96
0.018982536066818528,5055.0,6,1412.6,1439.0,qlearning,1,97
0.017543859649122806,5357.0,3,1314.8,1316.0,qlearning,1,98
0.01885369532428356,4976.0,0,1291.6,1310.0,qlearning,1,99
0.017959770114942528,5380.0,10,1537.0,1546.0,qlearning,1,100
0.01877581674802854,5113.0,5,1415.8,1416.0,qlearning,1,101
0.018315018315018316,5112.0,0,1379.3999999999999,1411.0,qlearning,1,102
0.018115942028985508,5227.0,5,1468.6,1492.0,qlearning,1,103
0.017780938833570414,5246.0,1,1404.8,1413.0,qlearning,1,104
0.017568517217146872,5329.0,0,1527.6,1552.0,qlearning,1,105
0.016329196603527107,5841.0,0,1634.2,1667.0,qlearning,1,106
0.018982536066818528,5025.0,6,1452.6,1489.0,qlearning,1,107
0.019440124416796267,4906.0,5,1362.2,1374.0,qlearning,1,108
0.019425019425019424,4935.0,9,1259.8,1262.0,qlearning,1,109
0.01849796522382538,5198.0,5,1459.4,1482.0,qlearning,1,110
0.016452780519907863,5715.0,7,1407.4,1431.0,qlearning,1,111
0.016051364365971106,5997.0,8,1652.4,1653.0,qlearning,1,112
0.019880715705765408,4762.0,5,1207.2,1208.0,qlearning,1,113
0.02035002035002035,4646.0,2,1137.8,1151.0,qlearning,1,114
0.019120458891013385,5007.0,12,1410.2,1456.0,qlearning,1,115
0.016414970453053186,5774.0,0,1422.2,1455.0,qlearning,1,116
0.017277125086385625,5555.0,4,1361.6,1362.0,qlearning,1,117
0.018782870022539443,5006.0,0,1336.4,1348.0,qlearning,1,118
0.020458265139116204,4505.0,0,1264.0,1275.0,qlearning,1,119
0.01906941266209001,4916.0,0,1270.2,1272.0,qlearning,1,120
0.019801980198019802,4872.0,6,1373.6,1388.0,qlearning,1,121
0.01725923369002416,5441.0,0,1568.0,1630.0,qlearning,1,122
0.018796992481203006,4922.0,0,1211.8,1219.0,qlearning,1,123
0.01924557351809084,5003.0,5,1296.6,1337.0,qlearning,1,124
0.017946877243359655,5364.0,6,1429.0,1446.0,qlearning,1,125
0.018436578171091445,5061.0,3,1368.0,1434.0,qlearning,1,126
0.017176228100309172,5659.0,6,1728.3999999999999,1796.0,qlearning,1,127
0.016561775422325273,5730.0,3,1599.2,1618.0,qlearning,1,128
0.0195160031225605,4796.0,0,1308.3999999999999,1350.0,qlearning,1,129
0.017618040873854827,5388.0,0,1517.3999999999999,1562.0,qlearning,1,130
0.016398819285011478,5780.0,0,1551.8,1567.0,qlearning,1,131
0.017927572606669058,5185.0,0,1323.4,1344.0,qlearning,1,132
0.015625,6257.0,14,1695.8,1760.0,qlearning,1,133
0.01682935038707506,5684.0,3,1615.0,1675.0,qlearning,1,134
0.02237136465324385,4142.0,4,1138.8,1180.0,qlearning,1,135
0.0186219739292365,4997.0,0,1358.6,1368.0,qlearning,1,136
0.01824817518248175,5112.0,0,1288.6,1300.0,qlearning,1,137
0.01734304543877905,5493.0,5,1446.4,1471.0,qlearning,1,138
0.01730103806228374,5647.0,10,1299.8,1302.0,qlearning,1,139
0.01841620626151013,5172.0,4,1438.6,1524.0,qlearning,1,140
0.015777847901546228,6040.0,4,1536.2,1551.0,qlearning,1,141
0.017699115044247787,5317.0,0,1268.8,1269.0,qlearning,1,142
0.017927572606669058,5555.0,19,1508.2,1509.0,qlearning,1,143
0.018188432157148052,5090.0,0,1515.4,1537.0,qlearning,1,144
0.017135023989033583,5578.0,4,1527.6,1556.0,qlearning,1,145
0.018982536066818528,4845.0,0,1508.2,1547.0,qlearning,1,146
0.020032051282051284,4739.0,6,1407.3999999999999,1473.0,qlearning,1,147
0.01620745542949757,5807.0,3,1493.6,1504.0,qlearning,1,148
0.025346400811084826,5618.7,0,1608.8,1630.0,qlearning,1,149
0.017265193370165747,5449.0,3,1551.2,1587.0,qlearning,1,150
0.018518518518518517,5287.0,11,1433.3999999999999,1468.0,qlearning,1,151
0.01841620626151013,5162.0,4,1411.0,1412.0,qlearning,1,152
0.01734906315058987,5386.0,0,1591.3999999999999,1679.0,qlearning,1,153
0.017277125086385625,5420.0,1,1590.1999999999998,1685.0,qlearning,1,154
0.015762925598991173,6036.0,2,1705.6,1787.0,qlearning,1,155
0.01725923369002416,5416.0,0,1474.3999999999999,1504.0,qlearning,1,156
0.017780938833570414,5401.0,10,1404.8,1410.0,qlearning,1,157
0.01721763085399449,5520.0,3,1626.3999999999999,1680.0,qlearning,1,158
0.018245614035087718,5382.2,3,1628.2,1635.0,qlearning,1,159
0.01709986320109439,5580.0,5,1568.3999999999999,1619.0,qlearning,1,160
0.016041065126724416,5966.0,8,1512.8,1552.0,qlearning,1,161
0.01845018450184502,5047.0,0,1513.0,1570.0,qlearning,1,162
0.01773049645390071,5207.0,0,1371.0,1382.0,qlearning,1,163
0.01937984496124031,4887.0,4,1310.0,1349.0,qlearning,1,164
0.01668335001668335,5631.0,0,1499.3999999999999,1531.0,qlearning,1,165
0.018188432157148052,5290.0,5,1568.8,1635.0,qlearning,1,166
0.018148820326678767,5237.0,4,1399.2,1433.0,qlearning,1,167
0.0163826998689384,5836.0,2,1605.2,1620.0,qlearning,1,168
0.016474464579901153,5647.0,0,1426.2,1443.0,qlearning,1,169
0.018532246108228317,5033.0,0,1478.2,1510.0,qlearning,1,170
0.016840687100033683,5615.0,5,1506.4,1523.0,qlearning,1,171
0.01997602876548142,4633.0,0,1269.3999999999999,1328.0,qlearning,1,172
0.016931933626820182,5683.0,4,1372.3999999999999,1406.0,qlearning,1,173
0.018195050946142648,5143.0,0,1428.0,1431.0,qlearning,1,174
0.018076644974692697,5179.0,0,1462.0,1495.0,qlearning,1,175
0.017787264318747775,5329.0,4,1514.8,1536.0,qlearning,1,176
0.017047391749062394,5683.0,3,1483.4,1491.0,qlearning,1,177
0.01721763085399449,5465.0,0,1557.8,1594.0,qlearning,1,178
0.018328445747800588,5208.0,4,1649.6,1737.0,qlearning,1,179
0.01718213058419244,5627.0,8,1501.3999999999999,1532.0,qlearning,1,180
0.01699524133242692,5606.0,3,1542.2,1557.0,qlearning,1,181
0.01787629603146228,5176.0,0,1501.6,1558.0,qlearning,1,182
0.017047391749062394,5563.0,0,1413.8,1435.0,qlearning,1,183
0.0177367860943597,5325.0,0,1358.6,1361.0,qlearning,1,184
0.018740629685157422,5138.0,8,1537.0,1590.0,qlearning,1,185
0.016556291390728478,5877.0,8,1942.3999999999999,2050.0,qlearning,1,186
0.017140898183064794,5546.0,4,1370.4,1376.0,qlearning,1,187
0.01867762420620097,5206.0,10,1468.3999999999999,1514.0,qlearning,1,188
0.018731988472622477,5189.2,0,1428.4,1449.0,qlearning,1,189
0.020764119601328904,4448.0,0,1242.2,1267.0,qlearning,1,190
0.016339869281045753,5687.0,0,1561.8,1619.0,qlearning,1,191
0.017857142857142856,5347.0,8,1598.0,1651.0,qlearning,1,192
0.01591849729385546,5874.0,0,1439.4,1459.0,qlearning,1,193
0.01802451333813987,5280.0,0,1384.3999999999999,1415.0,qlearning,1,194
0.018261504747991233,5198.0,3,1417.3999999999999,1466.0,qlearning,1,195
0.01839587932303164,5108.0,5,1480.2,1498.0,qlearning,1,196
0.019825535289452814,4666.0,0,1335.3999999999999,1392.0,qlearning,1,197
0.016914749661705007,5654.0,3,1527.8,1582.0,qlearning,1,198
0.016818028927009756,5538.0,0,1448.4,1454.0,qlearning,1,199
0.016761649346295676,5623.0,0,1350.4,1351.0,qlearning,1,200
0.018083182640144666,5272.0,5,1221.6,1226.0,qlearning,1,201
0.020673813169984685,4951.4,6,1430.8,1461.0,qlearning,1,202
0.018670649738610903,5068.0,0,1397.0,1420.0,qlearning,1,203
0.01876172607879925,5097.0,7,1361.2,1363.0,qlearning,1,204
0.02183235867446394,4882.6,2,1340.3999999999999,1372.0,qlearning,1,205
0.017445917655268667,5314.0,0,1402.6,1415.0,qlearning,1,206
0.019252984212552945,4871.0,0,1444.0,1451.0,qlearning,1,207
0.016134236850596968,5900.0,4,1570.3999999999999,1604.0,qlearning,1,208
0.01719986240110079,5581.0,7,1587.6,1610.0,qlearning,1,209
0.018996960486322188,4896.0,3,1390.6,1428.0,qlearning,1,210
0.016666666666666666,5752.0,6,1580.2,1590.0,qlearning,1,211
0.018102824040550327,5216.0,5,1550.0,1602.0,qlearning,1,212
0.019563581640331076,4898.2,0,1353.96,1400.2,qlearning,1,213
0.01823486506199854,5306.0,8,1499.0,1544.0,qlearning,1,214
0.018037518037518036,5216.0,0,1447.6,1503.0,qlearning,1,215
0.01820830298616169,5144.0,0,1291.4,1311.0,qlearning,1,216
0.015620118712902219,6059.0,0,1682.3999999999999,1735.0,qlearning,1,217
0.01924557351809084,4868.0,3,1314.6,1351.0,qlearning,1,218
0.018545994065281898,5074.0,4,1284.4,1308.0,qlearning,1,219
0.017006802721088437,5422.0,0,1523.6,1572.0,qlearning,1,220
0.017176228100309172,5459.0,0,1533.0,1552.0,qlearning,1,221
0.01889644746787604,4894.0,0,1464.8,1561.0,qlearning,1,222
0.016661112962345886,5629.0,0,1432.0,1433.0,qlearning,1,223
0.016891891891891893,5642.0,5,1840.8,1979.0,qlearning,1,224
0.018375597206909223,5134.0,6,1495.2,1517.0,qlearning,1,225
0.018917896329928113,5073.0,11,1523.8,1586.0,qlearning,1,226
0.021721958925750396,4681.5,1,1239.6,1288.0,qlearning,1,227
0.01694915254237288,5607.0,6,1408.2,1409.0,qlearning,1,228
0.02200825309491059,5589.4,7,1587.3999999999999,1630.0,qlearning,1,229
0.018037518037518036,5106.0,0,1404.8,1417.0,qlearning,1,230
0.018642803877703208,4921.0,3,1343.0,1349.0,qlearning,1,231
0.01804402742692169,5329.0,5,1439.4,1452.0,qlearning,1,232
0.01771793054571226,5271.0,0,1445.8,1461.0,qlearning,1,233
0.017024174327545116,5496.0,0,1439.0,1467.0,qlearning,1,234
0.02074688796680498,4502.0,3,1214.3999999999999,1259.0,qlearning,1,235
0.0166333998669328,5809.0,7,1513.0,1517.0,qlearning,1,236
0.016761649346295676,5638.0,0,1505.2,1536.0,qlearning,1,237
0.016170763260025874,5971.0,10,1713.3999999999999,1811.0,qlearning,1,238
0.016700066800267203,5770.0,4,1560.8,1580.0,qlearning,1,239
0.017373175816539264,5463.0,1,1591.3999999999999,1683.0,qlearning,1,240
0.019127773527161437,4895.0,3,1334.3999999999999,1367.0,qlearning,1,241
0.017605633802816902,5352.0,0,1511.3999999999999,1558.0,qlearning,1,242
0.01858045336306206,5079.0,4,1337.2,1340.0,qlearning,1,243
0.01867762420620097,4976.0,0,1354.6,1363.0,qlearning,1,244
0.01907668828691339,5014.0,3,1450.8,1499.0,qlearning,1,245
0.017433751743375175,5403.0,4,1432.6,1464.0,qlearning,1,246
0.018315018315018316,5107.0,4,1383.6,1386.0,qlearning,1,247
0.016801075268817203,5539.0,0,1297.0,1301.0,qlearning,1,248
0.018162005085361425,5218.0,0,1461.4,1475.0,qlearning,1,249
0.019179133103183737,5011.0,9,1354.8,1421.0,qlearning,1,250
0.02214285714285714,5183.2,0,1249.8,1260.0,qlearning,1,251
0.01772421127259837,5389.0,5,1604.3999999999999,1653.0,qlearning,1,252
0.01774937877174299,5281.0,0,1421.3999999999999,1451.0,qlearning,1,253
0.018201674554058973,5211.0,2,1342.0,1358.0,qlearning,1,254
0.01840264998159735,5141.0,3,1408.4,1430.0,qlearning,1,255
0.01824817518248175,5257.0,5,1398.2,1421.0,qlearning,1,256
0.019201228878648235,4900.0,6,1373.0,1377.0,qlearning,1,257
0.0177367860943597,5340.0,5,1481.3999999999999,1518.0,qlearning,1,258
0.016700066800267203,5640.0,0,1670.0,1752.0,qlearning,1,259
0.01841620626151013,5157.0,2,1306.4,1311.0,qlearning,1,260
0.016840687100033683,5635.0,3,1595.0,1607.0,qlearning,1,261
0.016700066800267203,5555.0,0,1514.3999999999999,1549.0,qlearning,1,262
0.01749475157452764,5608.0,11,1606.0,1676.0,qlearning,1,263
0.01929260450160772,5918.0,0,1536.2,1551.0,qlearning,1,264
0.01597954618088846,6035.0,4,1579.4,1593.0,qlearning,1,265
0.01697216564833673,5539.0,0,1655.6,1724.0,qlearning,1,266
0.019179133103183737,4921.0,5,1232.2,1238.0,qlearning,1,267
0.01721763085399449,5525.0,0,1452.4,1453.0,qlearning,1,268
0.017482517482517484,5347.0,0,1608.8,1696.0,qlearning,1,269
0.019698725376593278,5010.1,10,1338.4,1350.0,qlearning,1,270
0.015743073047858942,5999.0,0,1623.6,1659.0,qlearning,1,271
0.02097168822090178,5345.0,1,1424.6,1465.0,qlearning,1,272
0.018628912071535022,5030.0,0,1275.6,1279.0,qlearning,1,273
0.017059024223814397,5654.0,6,1497.6,1512.0,qlearning,1,274
0.01846381093057607,5048.0,0,1371.8,1395.0,qlearning,1,275
0.01820830298616169,5119.0,0,1422.0,1451.0,qlearning,1,276
0.019538882375928098,4760.0,0,1287.2,1316.0,qlearning,1,277
0.02007226013649137,4709.0,4,1446.0,1515.0,qlearning,1,278
0.01731301939058172,5428.0,1,1510.6,1556.0,qlearning,1,279
0.016051364365971106,5867.0,0,1634.0,1685.0,qlearning,1,280
0.01841620626151013,5212.0,7,1366.4,1371.0,qlearning,1,281
0.018195050946142648,5118.0,0,1442.8,1449.0,qlearning,1,282
0.015446400988569663,6136.0,4,1567.4,1592.0,qlearning,1,283
0.017761989342806393,5292.0,0,1457.3999999999999,1486.0,qlearning,1,284
0.015455950540958269,6412.0,13,1896.2,1930.0,qlearning,1,285
0.016989466530750934,5504.1,0,1554.0,1571.0,qlearning,1,286
0.017599436818021823,5329.0,3,1347.6,1363.0,qlearning,1,287
0.017649135192375574,5393.0,4,1296.4,1299.0,qlearning,1,288
0.019157088122605363,4967.0,5,1436.4,1437.0,qlearning,1,289
0.01886080724254998,4909.0,2,1464.1999999999998,1544.0,qlearning,1,290
0.01790830945558739,5371.0,4,1416.4,1424.0,qlearning,1,291
0.026657313223430377,5341.6,6,1499.8,1569.0,qlearning,1,292
0.016903313049357674,5603.0,0,1659.8,1746.0,qlearning,1,293
0.02044989775051125,4592.0,2,1288.2,1338.0,qlearning,1,294
0.016561775422325273,5825.0,4,1715.3999999999999,1770.0,qlearning,1,295
0.018063583815028903,5248.0,0,1412.0,1434.0,qlearning,1,296
0.019692792437967704,4725.0,0,1287.6,1290.0,qlearning,1,297
0.01973943939992104,4698.0,0,1268.2,1301.0,qlearning,1,298
0.015688735487919672,6026.0,3,1767.8,1849.0,qlearning,1,299
0.020618556701030927,4517.0,4,1174.0,1190.0,qlearning,1,300
0.019290123456790122,4831.0,0,1344.8,1353.0,qlearning,1,301
0.017787264318747775,5374.0,5,1550.6,1621.0,qlearning,1,302
0.01757469244288225,5322.0,0,1392.0,1422.0,qlearning,1,303
0.01610305958132045,5797.0,0,1458.6,1472.0,qlearning,1,304
0.01725923369002416,5641.0,13,1509.4,1533.0,qlearning,1,305
0.01896813353566009,4999.0,3,1621.0,1700.0,qlearning,1,306
0.018740629685157422,5013.0,2,1192.6,1194.0,qlearning,1,307
0.017857142857142856,5192.0,0,1367.0,1374.0,qlearning,1,308
0.017927572606669058,5415.0,10,1574.3999999999999,1641.0,qlearning,1,309
0.019238168526356292,4890.0,0,1333.0,1355.0,qlearning,1,310
0.020080321285140562,4572.0,0,1172.0,1183.0,qlearning,1,311
0.016739203213927016,5751.0,3,1513.4,1540.0,qlearning,1,312
0.016661112962345886,5604.0,0,1713.6,1778.0,qlearning,1,313
0.016600265604249667,5736.0,6,1716.6,1725.0,qlearning,1,314
0.017774617845716316,5508.0,14,1662.8,1725.0,qlearning,1,315
0.017295053614666205,5469.0,0,1337.8,1338.0,qlearning,1,316
0.016711229946524065,5691.0,7,1505.6,1526.0,qlearning,1,317
0.017337031900138695,5465.0,0,1471.3999999999999,1513.0,qlearning,1,318
0.018218623481781375,5635.4,0,1593.2,1602.0,qlearning,1,319
0.017476406850751487,5394.0,0,1430.2,1461.0,qlearning,1,320
0.018070112034694615,5146.0,0,1294.4,1296.0,qlearning,1,321
0.018796992481203006,5052.0,2,1319.4,1323.0,qlearning,1,322
0.01783803068141277,5453.0,8,1494.6,1524.0,qlearning,1,323
0.01827485380116959,5244.0,4,1429.2,1451.0,qlearning,1,324
0.017325017325017324,5404.0,5,1441.6,1459.0,qlearning,1,325
0.022727272727272728,4394.4,2,1334.0,1365.0,qlearning,1,326
0.01893222264293828,4954.0,0,1320.4,1330.0,qlearning,1,327
0.01722356183258698,5653.0,11,1498.2,1532.0,qlearning,1,328
0.01707067258449983,5515.0,0,1699.0,1795.0,qlearning,1,329
0.023655093475772607,4840.2,0,1287.4,1298.0,qlearning,1,330
0.018484288354898338,5162.0,10,1462.8,1476.0,qlearning,1,331
0.016474464579901153,5682.0,0,1487.8,1497.0,qlearning,1,332
0.020935960591133004,4589.1,2,1306.2,1332.0,qlearning,1,333
0.017649135192375574,5428.0,9,1566.6,1648.0,qlearning,1,334
0.01591849729385546,5959.0,0,1796.4,1814.0,qlearning,1,335
0.0194325689856199,4818.0,0,1232.8,1233.0,qlearning,1,336
0.01876172607879925,5047.0,6,1519.0,1555.0,qlearning,1,337
0.01677289500167729,5699.0,3,1527.2,1529.0,qlearning,1,338
0.01846381093057607,5068.0,1,1517.8,1603.0,qlearning,1,339
0.018889308651303362,4916.0,0,1300.0,1319.0,qlearning,1,340
0.01733102253032929,5482.0,3,1510.2,1573.0,qlearning,1,341
0.01774937877174299,5301.0,0,1407.0,1445.0,qlearning,1,342
0.018656716417910446,5022.0,0,1446.6,1480.0,qlearning,1,343
0.018518518518518517,5062.0,0,1413.0,1462.0,qlearning,1,344
0.018070112034694615,5151.0,0,1619.3999999999999,1680.0,qlearning,1,345
0.018698578908002993,4930.0,0,1371.6,1395.0,qlearning,1,346
0.017979144192736426,5119.0,1,1479.0,1493.0,qlearning,1,347
0.01734304543877905,5453.0,4,1564.2,1579.0,qlearning,1,348
0.020944402132520943,4969.5,4,1389.4,1395.0,qlearning,1,349
0.018628912071535022,5100.0,6,1284.8,1326.0,qlearning,1,350
0.01820830298616169,5169.0,7,1334.0,1374.0,qlearning,1,351
0.01672800267648043,5560.0,0,1420.2,1452.0,qlearning,1,352
0.01751927119831815,5505.0,5,1406.2,1417.0,qlearning,1,353
0.015503875968992248,6122.0,0,1640.4,1646.0,qlearning,1,354
0.020242914979757085,4562.0,0,1199.8,1205.0,qlearning,1,355
0.017593244194229415,5266.0,0,1531.2,1576.0,qlearning,1,356
0.01677289500167729,5554.0,0,1479.8,1496.0,qlearning,1,357
0.017064846416382253,5622.0,8,1350.0,1354.0,qlearning,1,358
0.017642907551164433,5375.0,5,1354.4,1368.0,qlearning,1,359
0.019327406262079627,4776.0,0,1128.8,1138.0,qlearning,1,360
0.018341892883345562,5209.0,8,1573.8,1684.0,qlearning,1,361
0.016846361185983826,5633.0,5,1659.0,1729.0,qlearning,1,362
0.020193861066235864,4649.0,7,1195.6,1214.0,qlearning,1,363
0.01734304543877905,5433.0,2,1424.8,1429.0,qlearning,1,364
0.01768033946251768,5473.0,8,1466.6,1505.0,qlearning,1,365
0.01794043774668102,5241.0,0,1364.0,1396.0,qlearning,1,366
0.02586496472959355,5653.7,4,1669.6,1729.0,qlearning,1,367
0.017844396859386154,5331.0,5,1627.3999999999999,1717.0,qlearning,1,368
0.017241379310344827,5442.0,0,1504.6,1591.0,qlearning,1,369
0.01808972503617945,5215.0,3,1537.3999999999999,1573.0,qlearning,1,370
0.018301610541727673,5246.0,5,1432.4,1446.0,qlearning,1,371
0.017476406850751487,5394.0,0,1487.0,1512.0,qlearning,1,372
0.01786352268667381,5395.0,6,1414.6,1415.0,qlearning,1,373
0.01688048615800135,5646.0,8,1509.3999999999999,1545.0,qlearning,1,374
0.01652892561983471,5687.0,0,1371.6,1372.0,qlearning,1,375
0.018789928598271326,5024.0,4,1384.4,1387.0,qlearning,1,376
0.019062142584826535,5033.0,6,1333.6,1344.0,qlearning,1,377
0.017537706068046298,5304.0,0,1375.4,1396.0,qlearning,1,378
0.0187125748502994,4951.0,0,1297.6,1303.0,qlearning,1,379
0.01838235294117647,5152.0,5,1561.0,1642.0,qlearning,1,380
0.017927572606669058,5375.0,10,1619.3999999999999,1715.0,qlearning,1,381
0.0195160031225605,4756.0,0,1216.6,1224.0,qlearning,1,382
0.01886080724254998,5079.0,2,1380.2,1400.0,qlearning,1,383
0.016404199475065617,5788.0,3,1796.0,1917.0,qlearning,1,384
0.018129079042784626,5173.0,3,1355.4,1379.0,qlearning,1,385
0.019654088050314465,4855.0,11,1385.0,1407.0,qlearning,1,386
0.016711229946524065,5616.0,0,1634.8,1647.0,qlearning,1,387
0.018368846436443792,5026.0,0,1335.6,1365.0,qlearning,1,388
0.017618040873854827,5363.0,3,1414.2,1420.0,qlearning,1,389
0.0178826895565093,5239.0,3,1471.8,1524.0,qlearning,1,390
0.01599488163787588,6064.0,5,1707.2,1725.0,qlearning,1,391
0.017587055926837847,5293.0,0,1655.8,1732.0,qlearning,1,392
0.01689760054072322,5575.0,3,1540.4,1559.0,qlearning,1,393
0.017787264318747775,5329.0,6,1393.0,1437.0,qlearning,1,394
0.018477457501847747,5090.3,3,1503.6,1572.0,qlearning,1,395
0.0206782464846981,4508.0,2,1326.6,1327.0,qlearning,1,396
0.019171779141104295,4948.0,3,1218.4,1223.0,qlearning,1,397
0.018328445747800588,5173.0,2,1377.6,1379.0,qlearning,1,398
0.016840687100033683,5565.0,0,1374.4,1376.0,qlearning,1,399
0.017761989342806393,5312.0,4,1438.0,1499.0,qlearning,1,400
0.019470404984423675,4803.0,0,1454.8,1555.0,qlearning,1,401
0.021746403479424557,5661.7,4,1660.4,1663.0,qlearning,1,402
0.017513134851138354,5422.0,5,1510.0,1525.0,qlearning,1,403
0.030033370411568408,4984.1,0,1450.0,1500.0,qlearning,1,404
0.01669449081803005,5692.0,0,1611.6,1654.0,qlearning,1,405
0.016139444803098774,6028.0,10,1638.6,1662.0,qlearning,1,406
0.016072002571520413,5899.0,0,1583.2,1584.0,qlearning,1,407
0.01697792869269949,5617.0,3,1375.4,1388.0,qlearning,1,408
0.0176678445229682,5347.0,4,1463.6,1475.0,qlearning,1,409
0.017319016279875303,5391.0,0,1401.0,1402.0,qlearning,1,410
0.01839587932303164,5098.0,0,1379.3999999999999,1431.0,qlearning,1,411
0.016852039096730706,5576.0,3,1465.2,1488.0,qlearning,1,412
0.02230347349177331,5208.1,6,1455.6,1490.0,qlearning,1,413
0.021955403087478557,5473.4,5,1530.4,1545.0,qlearning,1,414
0.015654351909830933,6100.0,4,1665.2,1689.0,qlearning,1,415
0.018368846436443792,5091.0,0,1268.2,1290.0,qlearning,1,416
0.01654533421575116,5646.0,0,1620.4,1626.0,qlearning,1,417
0.019083969465648856,4857.0,0,1466.0,1500.0,qlearning,1,418
0.017927572606669058,5315.0,2,1426.4,1453.0,qlearning,1,419
0.017768301350390904,5380.0,4,1373.8,1376.0,qlearning,1,420
0.02015316404675534,4689.0,6,1235.8,1264.0,qlearning,1,421
0.019252984212552945,4891.0,3,1291.2,1301.0,qlearning,1,422
0.017361111111111112,5437.0,0,1405.0,1428.0,qlearning,1,423
0.016638935108153077,5692.0,0,1607.2,1620.0,qlearning,1,424
0.01668335001668335,5656.0,3,1464.4,1469.0,qlearning,1,425
0.027479604980678404,4312.7,3,1323.8,1334.0,qlearning,1,426
0.01749475157452764,5368.0,0,1594.8,1666.0,qlearning,1,427
0.015688735487919672,6276.0,15,1799.8,1873.0,qlearning,1,428
0.018148820326678767,5167.0,5,1409.2,1428.0,qlearning,1,429
0.017661603673613566,5429.0,8,1459.8,1461.0,qlearning,1,430
0.019334880123743233,4864.0,6,1318.2,1322.0,qlearning,1,431
0.01783166904422254,5405.0,6,1428.4,1429.0,qlearning,1,432
0.018188432157148052,5160.0,3,1508.0,1511.0,qlearning,1,433
0.022640195053988156,5532.3,5,1507.4,1521.0,qlearning,1,434
0.017135023989033583,5803.0,14,1713.6,1744.0,qlearning,1,435
0.019334880123743233,4949.0,7,1269.6,1301.0,qlearning,1,436
0.01876172607879925,5197.0,7,1457.4,1481.0,qlearning,1,437
0.018670649738610903,5313.0,15,1571.0,1626.0,qlearning,1,438
0.017105713308244955,5563.0,3,1578.0,1641.0,qlearning,1,439
0.016688918558077435,5594.0,0,1446.4,1467.0,qlearning,1,440
0.018789928598271326,5119.0,9,1584.3999999999999,1678.0,qlearning,1,441
0.019455252918287938,4842.0,0,1211.2,1215.0,qlearning,1,442
0.018429782528566162,5058.0,0,1307.2,1350.0,qlearning,1,443
0.017140898183064794,5456.0,0,1538.6,1603.0,qlearning,1,444
0.017927572606669058,5175.0,0,1510.8,1566.0,qlearning,1,445
0.018615040953090096,4949.0,0,1308.0,1324.0,qlearning,1,446
0.016823687752355317,5651.0,3,1597.6,1624.0,qlearning,1,447
0.017452006980802792,5492.0,4,1612.3999999999999,1686.0,qlearning,1,448
0.017562346329469618,5351.0,0,1464.0,1515.0,qlearning,1,449
0.019334880123743233,4909.0,4,1327.4,1347.0,qlearning,1,450
0.019880715705765408,4597.0,0,1286.8,1291.0,qlearning,1,451
0.01849796522382538,5078.0,0,1405.8,1454.0,qlearning,1,452
0.01994828223125231,5021.4,0,1421.08,1462.0,qlearning,1,453
0.017409470752089137,5361.0,2,1744.1999999999998,1859.0,qlearning,1,454
0.021321961620469083,4332.0,0,1391.4,1397.0,qlearning,1,455
0.01822821728034998,5213.0,2,1462.6,1507.0,qlearning,1,456
0.017488632388947184,5285.0,0,1588.0,1626.0,qlearning,1,457
0.01960015680125441,4829.0,4,1595.0,1678.0,qlearning,1,458
0.016518004625041296,5776.0,7,1582.0,1622.0,qlearning,1,459
0.017146776406035666,5424.0,0,1488.6,1553.0,qlearning,1,460
0.01781895937277263,5309.0,0,1418.6,1452.0,qlearning,1,461
0.01824817518248175,5247.0,4,1354.6,1372.0,qlearning,1,462
0.017024174327545116,5451.0,0,1472.4,1475.0,qlearning,1,463
0.01808972503617945,5260.0,5,1281.0,1284.0,qlearning,1,464
0.017319016279875303,5401.0,0,1370.0,1402.0,qlearning,1,465
0.01765536723163842,5451.0,4,1481.0,1533.0,qlearning,1,466
0.01889644746787604,4939.0,0,1218.0,1218.0,qlearning,1,467
0.019062142584826535,4898.0,0,1433.6,1445.0,qlearning,1,468
0.020781379883624274,4419.0,0,1269.6,1329.0,qlearning,1,469
0.017158544955387784,5620.0,9,1662.1999999999998,1739.0,qlearning,1,470
0.015537600994406464,6143.0,4,1664.2,1671.0,qlearning,1,471
0.019230769230769232,4802.0,0,1192.2,1210.0,qlearning,1,472
0.01524390243902439,6307.0,5,1650.0,1650.0,qlearning,1,473
0.015698587127158554,6092.0,5,1605.6,1617.0,qlearning,1,474
0.01836210062431142,5068.0,0,1460.6,1464.0,qlearning,1,475
0.021359223300970873,5888.6,6,1661.32,1670.0,qlearning,1,476
0.016556291390728478,5897.0,13,1523.0,1530.0,qlearning,1,477
0.017470300489168415,5336.0,0,1552.6,1611.0,qlearning,1,478
0.017088174982911826,5694.0,9,1474.2,1477.0,qlearning,1,479
0.018294914013904134,5203.0,7,1516.1999999999998,1599.0,qlearning,1,480
0.01902587519025875,5018.0,8,1442.8,1497.0,qlearning,1,481
0.01968503937007874,4757.0,2,1369.6,1419.0,qlearning,1,482
0.019417475728155338,4872.0,5,1282.8,1305.0,qlearning,1,483
0.017277125086385625,5515.0,5,1494.3999999999999,1524.0,qlearning,1,484
0.018375597206909223,5174.0,9,1367.2,1399.0,qlearning,1,485
0.019267822736030827,4817.0,0,1406.6,1452.0,qlearning,1,486
0.018031013342949875,5228.0,0,1403.6,1421.0,qlearning,1,487
0.016318537859007835,5810.0,0,1660.2,1724.0,qlearning,1,488
0.017295053614666205,5499.0,5,1527.3999999999999,1557.0,qlearning,1,489
0.01701258931609391,5620.0,6,1696.8,1742.0,qlearning,1,490
0.01904761904761905,5037.0,8,1322.8,1323.0,qlearning,1,491
0.019157088122605363,4947.0,7,1520.6,1592.0,qlearning,1,492
0.0177999288002848,5295.0,4,1523.6,1536.0,qlearning,1,493
0.018484288354898338,5197.0,5,1498.2,1544.0,qlearning,1,494
0.022844509948415623,5101.2,4,1628.1999999999998,1745.0,qlearning,1,495
0.018545994065281898,5029.0,0,1636.6,1746.0,qlearning,1,496
0.01924557351809084,4978.0,4,1307.4,1321.0,qlearning,1,497
0.022036474164133738,4981.8,4,1291.6,1296.0,qlearning,1,498
0.018315018315018316,5247.0,5,1363.2,1386.0,qlearning,1,499
0.019692792437967704,4655.0,0,1216.2,1230.0,qlearning,1,500
0.02203856749311295,5626.4,7,1444.28,1453.0,qlearning,1,501
0.02012072434607646,4722.0,6,1329.0,1347.0,qlearning,1,502
0.016485328058028353,5708.0,0,1626.6,1660.0,qlearning,1,503
0.016015374759769378,6046.0,5,1684.0,1731.0,qlearning,1,504
0.017587055926837847,5478.0,3,1525.8,1584.0,qlearning,1,505
0.019004180919802355,4944.0,0,1325.4,1326.0,qlearning,1,506
0.01765536723163842,5301.0,0,1537.0,1588.0,qlearning,1,507
0.02967590784849668,4792.3,0,1315.0,1318.0,qlearning,1,508
0.020016012810248198,4613.0,2,1308.8,1314.0,qlearning,1,509
0.017433751743375175,5418.0,4,1482.3999999999999,1516.0,qlearning,1,510
0.01751927119831815,5355.0,0,1555.6,1608.0,qlearning,1,511
0.01786352268667381,5480.0,12,1477.2,1488.0,qlearning,1,512
0.01838235294117647,5077.0,3,1368.2,1390.0,qlearning,1,513
0.01689760054072322,5635.0,6,1480.2,1498.0,qlearning,1,514
0.019164430816404752,4820.0,0,1258.8,1282.0,qlearning,1,515
0.017537706068046298,5344.0,0,1439.8,1458.0,qlearning,1,516
0.0164257555847569,5680.0,0,1478.0,1480.0,qlearning,1,517
0.019786307874950535,4731.0,0,1400.0,1457.0,qlearning,1,518
0.017649135192375574,5313.0,0,1485.3999999999999,1566.0,qlearning,1,519
0.01697216564833673,5614.0,4,1551.6,1579.0,qlearning,1,520
0.01893939393939394,4917.0,1,1358.2,1367.0,qlearning,1,521
0.018867924528301886,5027.0,2,1418.2,1442.0,qlearning,1,522
0.017409470752089137,5311.0,0,1464.6,1504.0,qlearning,1,523
0.017812611328820806,5241.0,0,1325.2,1328.0,qlearning,1,524
0.018109380659181457,5359.0,10,1617.2,1681.0,qlearning,1,525
0.019708316909735908,4826.0,6,1332.8,1337.0,qlearning,1,526
0.01757469244288225,5392.0,0,1599.0,1697.0,qlearning,1,527
0.018910741301059002,5010.0,3,1365.4,1380.0,qlearning,1,528
0.017959770114942528,5340.0,10,1509.2,1565.0,qlearning,1,529
0.0170299727520436,5609.0,0,1540.3999999999999,1608.0,qlearning,1,530
0.020292207792207792,4595.0,0,1239.0,1249.0,qlearning,1,531
0.021906693711967545,4612.4,0,1361.08,1385.0,qlearning,1,532
0.017111567419575632,5496.0,0,1370.6,1379.0,qlearning,1,533
0.01805706031058144,5220.0,3,1533.0,1586.0,qlearning,1,534
0.020491803278688523,4572.0,4,1165.2,1166.0,qlearning,1,535
0.01751927119831815,5405.0,3,1542.0,1580.0,qlearning,1,536
0.01730103806228374,5522.0,5,1450.8,1460.0,qlearning,1,537
0.015873015873015872,6052.0,8,1495.6,1506.0,qlearning,1,538
0.020807324178110695,4508.0,0,1335.6,1378.0,qlearning,1,539
0.01721763085399449,5625.0,9,1670.6,1736.0,qlearning,1,540
0.015620118712902219,6019.0,0,1745.6,1848.0,qlearning,1,541
0.019164430816404752,4825.0,0,1311.6,1331.0,qlearning,1,542
0.017605633802816902,5467.0,5,1448.8,1480.0,qlearning,1,543
0.01805706031058144,5310.0,7,1387.6,1393.0,qlearning,1,544
0.0169548999660902,5650.0,7,1389.0,1402.0,qlearning,1,545
0.017146776406035666,5474.0,0,1575.6,1589.0,qlearning,1,546
0.017283097131005877,5433.0,3,1499.0,1542.0,qlearning,1,547
0.017158544955387784,5500.0,2,1501.4,1524.0,qlearning,1,548
0.01984126984126984,4802.0,4,1401.8,1433.0,qlearning,1,549
0.015267175572519083,6287.0,4,1689.2,1757.0,qlearning,1,550
0.019477989871445268,4761.0,0,1387.3999999999999,1426.0,qlearning,1,551
0.01827485380116959,5059.0,0,1348.6,1358.0,qlearning,1,552
0.016377333770062234,5858.0,5,1487.0,1495.0,qlearning,1,553
0.01876172607879925,5022.0,3,1394.2,1442.0,qlearning,1,554
0.017105713308244955,5408.0,0,1501.0,1531.0,qlearning,1,555
0.01876172607879925,5032.0,2,1330.6,1355.0,qlearning,1,556
0.01722949689869056,5506.0,5,1399.2,1411.0,qlearning,1,557
0.018031013342949875,5298.0,4,1493.6,1513.0,qlearning,1,558
0.01768033946251768,5308.0,0,1341.2,1350.0,qlearning,1,559
0.016339869281045753,5847.0,4,1576.8,1583.0,qlearning,1,560
0.018050541516245487,5232.0,5,1468.6,1512.0,qlearning,1,561
0.019546520719311962,4758.0,0,1200.8,1213.0,qlearning,1,562
0.018782870022539443,5006.0,5,1487.8,1526.0,qlearning,1,563
0.026405130139569973,5016.0,6,1518.6,1569.0,qlearning,1,564
0.01709986320109439,5555.0,6,1523.2,1591.0,qlearning,1,565
0.018484288354898338,5167.0,9,1430.6,1462.0,qlearning,1,566
0.016474464579901153,5717.0,3,1585.0,1636.0,qlearning,1,567
0.018341892883345562,5244.0,7,1374.8,1387.0,qlearning,1,568
0.017053206002728513,5516.0,4,1714.3999999999999,1813.0,qlearning,1,569
0.0171291538198013,5425.0,0,1450.6,1519.0,qlearning,1,570
0.018168604651162792,5116.0,0,1343.6,1346.0,qlearning,1,571
0.019197805965032566,5486.6,3,1523.9199999999998,1578.0,qlearning,1,572
0.020174848688634835,5546.0,0,1667.6,1715.0,qlearning,1,573
0.01832172957127153,5230.0,0,1503.0,1573.0,qlearning,1,574
0.017064846416382253,5532.0,0,1485.2,1489.0,qlearning,1,575
0.017271157167530225,5452.0,0,1554.6,1590.0,qlearning,1,576
0.020333468889792598,4640.0,5,1227.0,1228.0,qlearning,1,577
0.016627868307283005,5716.0,4,1450.8,1451.0,qlearning,1,578
0.01725327812284334,5448.0,2,1739.0,1849.0,qlearning,1,579
0.017844396859386154,5301.0,3,1472.6,1488.0,qlearning,1,580
0.01858045336306206,5144.0,7,1369.0,1369.0,qlearning,1,581
0.017140898183064794,5486.0,0,1515.8,1561.0,qlearning,1,582
0.016666666666666666,5717.0,5,1570.8,1587.0,qlearning,1,583
0.017959770114942528,5235.0,0,1500.3999999999999,1566.0,qlearning,1,584
0.018301610541727673,5213.6,7,1602.8,1638.0,qlearning,1,585
0.01677289500167729,5774.0,7,1747.0,1806.0,qlearning,1,586
0.018409425625920472,5249.0,8,1487.6,1516.0,qlearning,1,587
0.019762845849802372,4692.0,0,1154.6,1176.0,qlearning,1,588
0.019098548510313215,4888.0,0,1319.8,1342.0,qlearning,1,589
0.019615535504119264,4905.0,7,1384.8,1409.0,qlearning,1,590
0.01846381093057607,5203.0,8,1385.8,1415.0,qlearning,1,591
0.01893939393939394,4902.0,3,1321.0,1330.0,qlearning,1,592
0.01620745542949757,5857.0,5,1539.0,1572.0,qlearning,1,593
0.017117425539198903,5789.0,15,1623.6,1640.0,qlearning,1,594
0.017001020061203673,5589.0,0,1738.3999999999999,1816.0,qlearning,1,595
0.017543859649122806,5607.0,14,1535.0,1576.0,qlearning,1,596
0.02021993614757006,5185.7,0,1310.16,1327.7,qlearning,1,597
0.019402405898331393,4746.0,0,1470.1999999999998,1547.0,qlearning,1,598
0.01752541184717841,5423.0,0,1314.0,1314.0,qlearning,1,599
0.018518518518518517,5022.0,0,1330.0,1363.0,qlearning,1,600
0.019402405898331393,4786.0,3,1330.3999999999999,1376.0,qlearning,1,601
0.017241379310344827,5602.0,4,1519.6,1546.0,qlearning,1,602
0.018328445747800588,5068.0,0,1421.3999999999999,1475.0,qlearning,1,603
0.018829168093118794,5574.5,2,1573.0,1575.0,qlearning,1,604
0.01719986240110079,5521.0,6,1500.6,1504.0,qlearning,1,605
0.022017614091273018,4768.5,6,1278.8,1306.0,qlearning,1,606
0.018135654697134566,5141.0,3,1335.4,1339.0,qlearning,1,607
0.017452006980802792,5567.0,10,1381.6,1398.0,qlearning,1,608
0.021939953810623556,4908.7,2,1283.8,1310.0,qlearning,1,609
0.01722356183258698,5423.0,0,1490.6,1500.0,qlearning,1,610
0.017205781142463867,5554.0,5,1689.0,1756.0,qlearning,1,611
0.01597954618088846,5925.0,0,1573.8,1605.0,qlearning,1,612
0.018096272167933407,5218.0,5,1654.3999999999999,1780.0,qlearning,1,613
0.01708233686368295,5526.0,0,1493.8,1511.0,qlearning,1,614
0.016490765171503958,5676.0,0,1599.6,1618.0,qlearning,1,615
0.017289073305670817,5491.0,3,1561.4,1574.0,qlearning,1,616
0.017674089784376106,5320.0,3,1410.8,1417.0,qlearning,1,617
0.016909029421711193,5541.0,0,1588.0,1617.0,qlearning,1,618
0.020106221547799695,4999.3,3,1250.2,1255.0,qlearning,1,619
0.018670649738610903,4988.0,0,1298.3999999999999,1330.0,qlearning,1,620
0.020145044319097503,4576.0,0,1331.6,1376.0,qlearning,1,621
0.019470404984423675,4748.0,0,1217.8,1227.0,qlearning,1,622
0.016561775422325273,5735.0,4,1627.8,1674.0,qlearning,1,623
0.01675041876046901,5647.0,5,1588.6,1628.0,qlearning,1,624
0.017959770114942528,5255.0,0,1553.0,1635.0,qlearning,1,625
0.01790189760114572,5363.0,6,1345.6,1369.0,qlearning,1,626
0.016371971185330715,5725.0,0,1517.4,1535.0,qlearning,1,627
0.016452780519907863,5735.0,1,1564.8,1604.0,qlearning,1,628
0.018518518518518517,5037.0,6,1518.1999999999998,1620.0,qlearning,1,629
0.015878056525881232,6060.0,0,1580.8,1603.0,qlearning,1,630
0.017295053614666205,5409.0,0,1361.2,1373.0,qlearning,1,631
0.017152658662092625,5562.0,4,1477.6,1502.0,qlearning,1,632
0.018782870022539443,5026.0,4,1261.6,1277.0,qlearning,1,633
0.01737921445950643,5401.0,0,1409.4,1416.0,qlearning,1,634
0.019554165037152915,4691.0,0,1242.4,1266.0,qlearning,1,635
0.018294914013904134,5148.0,7,1491.6,1518.0,qlearning,1,636
0.019817677368212445,4718.0,0,1194.6,1206.0,qlearning,1,637
0.016903313049357674,5608.0,4,1515.4,1530.0,qlearning,1,638
0.01920860545524395,4833.0,0,1284.6,1297.0,qlearning,1,639
0.018443378827001106,5234.0,9,1441.4,1456.0,qlearning,1,640
0.017024174327545116,5611.0,7,1470.2,1512.0,qlearning,1,641
0.01742767514813524,5535.0,10,1415.2,1425.0,qlearning,1,642
0.01676727028839705,5576.0,0,1514.8,1529.0,qlearning,1,643
0.016191709844559584,5958.0,6,1411.0,1418.0,qlearning,1,644
0.017768301350390904,5410.0,6,1595.6,1613.0,qlearning,1,645
0.0148720999405116,6541.0,11,1706.4,1711.0,qlearning,1,646
0.01763046544428773,5374.0,0,1356.2,1365.0,qlearning,1,647
0.01734906315058987,5416.0,0,1381.8,1394.0,qlearning,1,648
0.01818181818181818,5292.0,5,1417.2,1436.0,qlearning,1,649
0.01675041876046901,5627.0,4,1498.6,1539.0,qlearning,1,650
0.017164435290078956,5523.0,8,1384.8,1390.0,qlearning,1,651
0.0175561797752809,5458.0,10,1530.2,1563.0,qlearning,1,652
0.01904761904761905,5072.0,12,1398.3999999999999,1432.0,qlearning,1,653
0.017289073305670817,5471.0,0,1396.4,1403.0,qlearning,1,654
0.017593244194229415,5231.0,0,1365.0,1367.0,qlearning,1,655
0.01742767514813524,5430.0,5,1565.8,1595.0,qlearning,1,656
0.01994415636218588,4646.0,0,1246.8,1259.0,qlearning,1,657
0.019091256204658267,4825.0,0,1218.6,1222.0,qlearning,1,658
0.01812250815512867,5225.0,2,1456.0,1491.0,qlearning,1,659
0.01822821728034998,5178.0,2,1469.4,1474.0,qlearning,1,660
0.019857029388403495,4783.0,4,1336.8,1376.0,qlearning,1,661
0.017289073305670817,5441.0,2,1385.2,1394.0,qlearning,1,662
0.01749475157452764,5368.0,0,1619.8,1650.0,qlearning,1,663
0.018063583815028903,5208.0,0,1486.2,1530.0,qlearning,1,664
0.01734906315058987,5426.0,0,1400.4,1404.0,qlearning,1,665
0.023255813953488372,4853.4,2,1342.4,1349.0,qlearning,1,666
0.017158544955387784,5480.0,0,1555.2,1602.0,qlearning,1,667
0.019593613933236574,5094.4,0,1275.8,1293.0,qlearning,1,668
0.01689760054072322,5665.0,4,1681.6,1701.0,qlearning,1,669
0.018036767256330213,5418.2,0,1486.4,1506.0,qlearning,1,670
0.018301610541727673,5076.0,1,1379.8,1422.0,qlearning,1,671
0.01834862385321101,5102.0,3,1592.6,1659.0,qlearning,1,672
0.017992083483267363,5295.5,6,1458.8,1479.0,qlearning,1,673
0.01694915254237288,5592.0,6,1529.3999999999999,1599.0,qlearning,1,674
0.015460729746444033,6130.0,5,1616.2,1648.0,qlearning,1,675
0.017421602787456445,5377.0,0,1421.6,1429.0,qlearning,1,676
0.0175561797752809,5372.9,0,1463.8,1478.0,qlearning,1,677
0.019546520719311962,4828.0,3,1301.2,1308.0,qlearning,1,678
0.016857720836142953,5654.0,0,1604.4,1611.0,qlearning,1,679
0.02032520325203252,4652.0,4,1271.8,1286.0,qlearning,1,680
0.023722627737226276,5188.5,6,1337.8,1339.0,qlearning,1,681
0.015581177937052042,6075.0,3,1633.0,1666.0,qlearning,1,682
0.018946570670708603,4895.0,0,1409.2,1430.0,qlearning,1,683
0.021436227224008574,5297.1,5,1372.8,1395.0,qlearning,1,684
0.01885369532428356,4886.0,0,1362.2,1368.0,qlearning,1,685
0.01722949689869056,5476.0,0,1424.0,1452.0,qlearning,1,686
0.018328445747800588,5098.0,1,1342.6,1353.0,qlearning,1,687
0.017247326664367024,5625.0,11,1681.0,1725.0,qlearning,1,688
0.019554165037152915,4711.0,0,1439.3999999999999,1539.0,qlearning,1,689
0.017966223499820338,5228.0,0,1482.6,1510.0,qlearning,1,690
0.01750087504375219,5386.0,4,1443.4,1462.0,qlearning,1,691
0.02748344370860927,5635.3,0,1509.4,1516.0,qlearning,1,692
0.016784155756965426,5640.0,0,1486.6,1520.0,qlearning,1,693
0.0196078431372549,4757.0,2,1438.2,1462.0,qlearning,1,694
0.017188037126160193,5440.0,0,1642.6,1759.0,qlearning,1,695
0.02051702913418137,4616.0,5,1176.4,1180.0,qlearning,1,696
0.019561815336463225,4809.0,6,1224.6,1229.0,qlearning,1,697
0.018545994065281898,5159.0,8,1377.2,1383.0,qlearning,1,698
0.01561524047470331,6066.0,0,1613.0,1631.0,qlearning,1,699
0.018261504747991233,5198.0,2,1407.8,1447.0,qlearning,1,700
0.02175368139223561,5659.8,3,1474.0,1498.0,qlearning,1,701
0.015375153751537515,6176.0,0,1870.8,1931.0,qlearning,1,702
0.01742767514813524,5355.0,0,1539.3999999999999,1579.0,qlearning,1,703
0.018254837531945966,5265.0,7,1405.4,1424.0,qlearning,1,704
0.01858045336306206,5064.0,2,1311.8,1347.0,qlearning,1,705
0.018328445747800588,5188.0,9,1555.2,1589.0,qlearning,1,706
0.019934758970641536,5175.5,0,1378.7,1405.0,qlearning,1,707
0.017024174327545116,5476.0,0,1471.4,1497.0,qlearning,1,708
0.015959144589849983,5968.0,5,1701.6,1747.0,qlearning,1,709
0.016840687100033683,5680.0,5,1516.6,1517.0,qlearning,1,710
0.017361111111111112,5442.0,3,1551.6,1607.0,qlearning,1,711
0.01937984496124031,4762.0,2,1322.4,1338.0,qlearning,1,712
0.01876876876876877,5020.0,5,1332.4,1335.0,qlearning,1,713
0.021739130434782608,5449.3,2,1436.4,1438.0,qlearning,1,714
0.019149751053236307,4969.0,3,1541.8,1629.0,qlearning,1,715
0.01859427296392711,5030.0,0,1385.3999999999999,1436.0,qlearning,1,716
0.016835016835016835,5602.0,0,1471.2,1525.0,qlearning,1,717
0.017433751743375175,5358.0,1,1535.2,1566.0,qlearning,1,718
0.017001020061203673,5499.0,0,1518.8,1541.0,qlearning,1,719
0.018148820326678767,5142.0,1,1474.2,1494.0,qlearning,1,720
0.02034174125305126,4628.0,2,1124.0,1124.0,qlearning,1,721
0.019098548510313215,4973.0,3,1414.1999999999998,1488.0,qlearning,1,722
0.018635855385762207,5053.0,0,1326.2,1336.0,qlearning,1,723
0.016874789065136685,5633.0,4,1575.2,1576.0,qlearning,1,724
0.01849796522382538,5153.0,9,1415.0,1433.0,qlearning,1,725
0.025088200705605645,4730.4,0,1182.92,1201.4,qlearning,1,726
0.018846588767433094,5058.0,5,1470.0,1553.0,qlearning,1,727
0.018656716417910446,5057.0,2,1336.6,1352.0,qlearning,1,728
0.016784155756965426,5795.0,10,1614.0,1636.0,qlearning,1,729
0.018698578908002993,5055.0,4,1328.6,1335.0,qlearning,1,730
0.016539861065167052,5818.0,5,1585.4,1612.0,qlearning,1,731
0.018953752843062926,5068.0,9,1398.0,1419.0,qlearning,1,732
0.015513496742165685,6203.0,7,1701.4,1726.0,qlearning,1,733
0.018135654697134566,5181.0,4,1344.8,1377.0,qlearning,1,734
0.01580278128950695,6045.0,4,1539.6,1550.0,qlearning,1,735
0.017568517217146872,5589.0,15,1539.0,1559.0,qlearning,1,736
0.015698587127158554,6047.0,2,1725.6,1742.0,qlearning,1,737
0.0163826998689384,5856.0,6,1577.8,1592.0,qlearning,1,738
0.019011406844106463,5192.0,11,1462.8,1501.0,qlearning,1,739
0.017537706068046298,5319.0,0,1397.6,1404.0,qlearning,1,740
0.01973164956590371,4810.0,4,1354.0,1364.0,qlearning,1,741
0.018796992481203006,4967.0,0,1436.2,1449.0,qlearning,1,742
0.0165016501650165,5787.0,2,1678.3999999999999,1749.0,qlearning,1,743
0.0169664065151001,5641.0,3,1505.0,1516.0,qlearning,1,744
0.01753155680224404,5471.0,4,1667.0,1705.0,qlearning,1,745
0.01868460388639761,5099.0,5,1466.0,1483.0,qlearning,1,746
0.01763046544428773,5444.0,3,1533.2,1576.0,qlearning,1,747
0.019448946515397084,5898.0,6,1692.0,1706.0,qlearning,1,748
0.018241517694272163,5179.0,6,1432.0,1449.0,qlearning,1,749
0.016249593760155997,5751.0,0,1465.4,1469.0,qlearning,1,750
0.0171939477303989,5493.0,0,1422.2,1439.0,qlearning,1,751
0.017295053614666205,5554.0,10,1415.0,1421.0,qlearning,1,752
0.017158544955387784,5530.0,3,1614.3999999999999,1682.0,qlearning,1,753
0.019584802193497845,4828.0,2,1525.0,1636.0,qlearning,1,754
0.020719738276990186,5284.7,10,1350.2,1372.0,qlearning,1,755
0.017857142857142856,5212.0,0,1396.6,1433.0,qlearning,1,756
0.018789928598271326,5059.0,7,1437.0,1465.0,qlearning,1,757
0.017661603673613566,5319.0,3,1410.2,1411.0,qlearning,1,758
0.018129079042784626,5188.0,0,1382.0,1416.0,qlearning,1,759
0.01672800267648043,5820.0,10,1597.6,1600.0,qlearning,1,760
0.017543859649122806,5382.0,0,1560.2,1563.0,qlearning,1,761
0.01763668430335097,5287.0,0,1354.6,1363.0,qlearning,1,762
0.017205781142463867,5614.0,12,1481.8,1493.0,qlearning,1,763
0.016818028927009756,5578.0,0,1629.0,1699.0,qlearning,1,764
0.016874789065136685,5558.0,0,1568.2,1610.0,qlearning,1,765
0.016909029421711193,5611.0,0,1506.0,1512.0,qlearning,1,766
0.016931933626820182,5568.0,4,1649.2,1704.0,qlearning,1,767
0.018409425625920472,4994.0,0,1364.2,1397.0,qlearning,1,768
0.017146776406035666,5424.0,0,1489.6,1544.0,qlearning,1,769
0.018083182640144666,5102.0,0,1359.2,1379.0,qlearning,1,770
0.018754688672168042,5074.0,4,1365.8,1378.0,qlearning,1,771
0.01725327812284334,5383.0,0,1549.4,1577.0,qlearning,1,772
0.017373175816539264,5508.0,9,1287.6,1291.0,qlearning,1,773
0.018477457501847747,5064.0,0,1359.6,1393.0,qlearning,1,774
0.017537706068046298,5434.0,3,1442.4,1460.0,qlearning,1,775
0.025389755011135856,4158.2,6,1289.1999999999998,1371.0,qlearning,1,776
0.0195160031225605,4671.0,0,1303.8,1330.0,qlearning,1,777
0.0186219739292365,5092.0,6,1410.4,1416.0,qlearning,1,778
0.02052173913043478,5497.9,5,1446.8,1455.0,qlearning,1,779
0.03254113345521024,5150.9,0,1559.1999999999998,1651.0,qlearning,1,780
0.015703517587939697,5960.0,0,1521.6,1561.0,qlearning,1,781
0.018917896329928113,4953.0,3,1346.4,1365.0,qlearning,1,782
0.01733102253032929,5432.0,3,1515.4,1523.0,qlearning,1,783
0.01567398119122257,6062.0,0,1464.0,1477.0,qlearning,1,784
0.019638648860958365,4809.0,4,1350.2,1400.0,qlearning,1,785
0.017064846416382253,5497.0,0,1630.2,1636.0,qlearning,1,786
0.018355359765051395,5060.0,0,1384.3999999999999,1420.0,qlearning,1,787
0.01621271076523995,5950.0,7,1849.6,1940.0,qlearning,1,788
0.017998560115190784,5338.0,9,1460.4,1472.0,qlearning,1,789
0.018221574344023325,5240.0,6,1442.0,1486.0,qlearning,1,790
0.018804061677322303,5115.0,5,1393.2,1402.0,qlearning,1,791
0.01730103806228374,5477.0,1,1511.6,1513.0,qlearning,1,792
0.018129079042784626,5248.0,5,1499.0,1534.0,qlearning,1,793
0.01734906315058987,5511.0,4,1382.6,1387.0,qlearning,1,794
0.01979414093428345,4889.0,14,1246.0,1258.0,qlearning,1,795
0.017158544955387784,5630.0,7,1595.6,1604.0,qlearning,1,796
0.01789549033643522,5245.0,0,1410.0,1421.0,qlearning,1,797
0.017006802721088437,5502.0,0,1587.2,1614.0,qlearning,1,798
0.01740341106856944,5403.0,3,1424.0,1432.0,qlearning,1,799
0.019364833462432222,4956.0,9,1308.4,1313.0,qlearning,1,800
0.01893222264293828,5259.0,10,1494.2,1561.0,qlearning,1,801
0.01697216564833673,5594.0,2,1616.6,1669.0,qlearning,1,802
0.017006802721088437,5677.0,9,1523.3999999999999,1552.0,qlearning,1,803
0.019786307874950535,4686.0,0,1266.2,1302.0,qlearning,1,804
0.018311291963377416,5535.4,1,1622.3999999999999,1663.0,qlearning,1,805
0.017934002869440458,5283.0,6,1466.4,1484.0,qlearning,1,806
0.017543859649122806,5467.0,6,1433.6,1437.0,qlearning,1,807
0.016638935108153077,5582.0,0,1394.2,1399.0,qlearning,1,808
0.01907668828691339,5089.0,12,1523.8,1576.0,qlearning,1,809
0.017265193370165747,5424.0,4,1467.8,1475.0,qlearning,1,810
0.018504811250925242,5056.0,3,1463.3999999999999,1543.0,qlearning,1,811
0.017283097131005877,5518.0,4,1458.0,1459.0,qlearning,1,812
0.017391304347826087,5407.0,0,1377.2,1387.0,qlearning,1,813
0.017587055926837847,5498.0,6,1397.6,1402.0,qlearning,1,814
0.01594387755102041,6004.0,1,1710.8,1808.0,qlearning,1,815
0.01827485380116959,5109.0,5,1458.3999999999999,1549.0,qlearning,1,816
0.01682935038707506,5649.0,0,1724.6,1837.0,qlearning,1,817
0.01921598770176787,4746.0,0,1448.6,1531.0,qlearning,1,818
0.020308692120227456,4571.0,0,1288.0,1306.0,qlearning,1,819
0.017111567419575632,5551.0,4,1450.2,1490.0,qlearning,1,820
0.017391304347826087,5492.0,8,1657.6,1732.0,qlearning,1,821
0.016223231667748216,5896.0,0,1509.2,1513.0,qlearning,1,822
0.017593244194229415,5446.0,4,1626.8,1692.0,qlearning,1,823
0.018195050946142648,5283.0,12,1521.6,1581.0,qlearning,1,824
0.023956442831215972,5158.6,0,1446.8,1474.0,qlearning,1,825
0.01845018450184502,5117.0,7,1551.3999999999999,1638.0,qlearning,1,826
0.018477457501847747,5089.0,0,1516.3999999999999,1604.0,qlearning,1,827
0.017992083483267363,5220.0,0,1296.4,1314.0,qlearning,1,828
0.020177562550443905,4798.0,8,1252.2,1254.0,qlearning,1,829
0.018953752843062926,4928.0,0,1344.6,1375.0,qlearning,1,830
0.017041581458759374,5635.0,4,1616.6,1654.0,qlearning,1,831
0.017966223499820338,5243.0,4,1544.8,1614.0,qlearning,1,832
0.017164435290078956,5623.0,5,1501.6,1550.0,qlearning,1,833
0.01790189760114572,5278.0,6,1554.8,1627.0,qlearning,1,834
0.020567667626491155,4529.0,0,1259.8,1276.0,qlearning,1,835
0.016926201760324982,5655.0,7,1567.8,1568.0,qlearning,1,836
0.016239038648911984,5860.0,4,1613.3999999999999,1644.0,qlearning,1,837
0.01921598770176787,4936.0,6,1316.0,1362.0,qlearning,1,838
0.01834862385321101,5167.0,3,1487.0,1536.0,qlearning,1,839
0.01822821728034998,5213.0,6,1375.2,1388.0,qlearning,1,840
0.017283097131005877,5458.0,0,1521.3999999999999,1565.0,qlearning,1,841
0.017649135192375574,5268.0,0,1425.0,1428.0,qlearning,1,842
0.017743080198722498,5378.0,4,1452.0,1476.0,qlearning,1,843
0.018076644974692697,5254.0,7,1372.0,1376.0,qlearning,1,844
0.018846588767433094,4983.0,2,1485.0,1521.0,qlearning,1,845
0.0169548999660902,5550.0,0,1501.2,1524.0,qlearning,1,846
0.017433751743375175,5308.0,0,1540.6,1605.0,qlearning,1,847
0.02198665096191598,4901.6,7,1392.2,1410.0,qlearning,1,848
0.016926201760324982,5730.0,10,1444.6,1457.0,qlearning,1,849
0.01430615164520744,6657.0,4,1884.2,1950.0,qlearning,1,850
0.019290123456790122,4881.0,7,1513.0,1579.0,qlearning,1,851
0.016512549537648614,5743.0,4,1683.0,1757.0,qlearning,1,852
0.018014955812372536,5546.3,2,1534.4,1558.0,qlearning,1,853
0.017869907076483203,5303.0,3,1371.8,1382.0,qlearning,1,854
0.018946570670708603,4895.0,0,1355.2,1376.0,qlearning,1,855
0.018601190476190476,5098.0,6,1428.6,1484.0,qlearning,1,856
0.017295053614666205,5464.0,4,1493.6,1515.0,qlearning,1,857
0.02011263073209976,4674.0,5,1311.6,1338.0,qlearning,1,858
0.017705382436260624,5340.0,6,1373.6,1418.0,qlearning,1,859
0.018656716417910446,4947.0,0,1417.6,1482.0,qlearning,1,860
0.01757469244288225,5457.0,5,1574.4,1588.0,qlearning,1,861
0.01877581674802854,4973.0,0,1260.0,1273.0,qlearning,1,862
0.01742767514813524,5470.0,5,1564.8,1583.0,qlearning,1,863
0.018429782528566162,5078.0,0,1448.2,1510.0,qlearning,1,864
0.017661603673613566,5394.0,0,1448.0,1460.0,qlearning,1,865
0.017495711835334476,5477.1,0,1365.8799999999999,1367.1,qlearning,1,866
0.020242914979757085,4572.0,0,1245.6,1246.0,qlearning,1,867
0.018076644974692697,5224.0,2,1494.2,1517.0,qlearning,1,868
0.01794043774668102,5141.0,0,1390.0,1405.0,qlearning,1,869
0.019638648860958365,4829.0,7,1428.0,1487.0,qlearning,1,870
0.017611835153222965,5415.0,4,1432.2,1439.0,qlearning,1,871
0.015229972586049346,6268.0,3,1648.3999999999999,1682.0,qlearning,1,872
0.020885547201336674,4445.0,0,1265.3999999999999,1296.0,qlearning,1,873
0.018355359765051395,5135.0,7,1396.8,1409.0,qlearning,1,874
0.018195050946142648,5238.0,4,1413.6,1470.0,qlearning,1,875
0.016795431642593214,5686.0,0,1680.6,1750.0,qlearning,1,876
0.01692047377326565,5502.0,0,1608.0,1661.0,qlearning,1,877
0.020048115477145148,4640.0,4,1386.0,1405.0,qlearning,1,878
0.01902587519025875,4973.0,3,1421.8,1484.0,qlearning,1,879
0.01733102253032929,5362.0,0,1486.8,1545.0,qlearning,1,880
0.019801980198019802,4827.0,9,1316.4,1319.0,qlearning,1,881
0.018288222384784197,5070.0,2,1290.8,1295.0,qlearning,1,882
0.020088388911209322,4700.0,2,1317.0,1371.0,qlearning,1,883
0.019135093761959432,4883.0,0,1322.0,1346.0,qlearning,1,884
0.01772421127259837,5369.0,6,1405.4,1410.0,qlearning,1,885
0.021123785382340516,4481.0,4,1218.0,1250.0,qlearning,1,886
0.017391304347826087,5527.0,6,1579.0,1618.0,qlearning,1,887
0.01845699520118125,5140.0,2,1363.6,1384.0,qlearning,1,888
0.019485580670303974,4884.0,8,1284.6,1314.0,qlearning,1,889
0.01924557351809084,4843.0,0,1361.0,1383.0,qlearning,1,890
0.01774937877174299,5336.0,7,1670.1999999999998,1774.0,qlearning,1,891
0.0169664065151001,5596.0,4,1603.2,1664.0,qlearning,1,892
0.016490765171503958,5831.0,7,1620.0,1625.0,qlearning,1,893
0.01804402742692169,5299.0,9,1400.4,1422.0,qlearning,1,894
0.01867762420620097,5146.0,8,1299.0,1309.0,qlearning,1,895
0.020970873786407766,4807.4,0,1305.8,1311.0,qlearning,1,896
0.017889087656529516,5292.0,8,1391.0,1424.0,qlearning,1,897
0.022851919561243144,3988.0,0,1035.4,1039.0,qlearning,1,898
0.01734304543877905,5508.0,5,1430.6,1440.0,qlearning,1,899
0.01656726308813784,5738.0,0,1650.2,1665.0,qlearning,1,900
0.017711654268508677,5313.0,0,1639.8,1734.0,qlearning,1,901
0.018195050946142648,5293.0,7,1393.2,1407.0,qlearning,1,902
0.018608113137327874,5066.0,2,1320.0,1330.0,qlearning,1,903
0.01887504718761797,4940.0,0,1282.0,1300.0,qlearning,1,904
0.016795431642593214,5571.0,0,1532.8,1550.0,qlearning,1,905
0.01737921445950643,5426.0,0,1497.3999999999999,1534.0,qlearning,1,906
0.016244314489928524,5928.0,8,1558.8,1559.0,qlearning,1,907
0.01849112426035503,5270.0,12,1491.8,1553.0,qlearning,1,908
0.019265721555797893,5184.3,4,1605.3999999999999,1665.0,qlearning,1,909
0.017164435290078956,5473.0,0,1487.8,1489.0,qlearning,1,910
0.016361256544502618,5809.0,3,1460.4,1464.0,qlearning,1,911
0.01885369532428356,4951.0,3,1299.6,1304.0,qlearning,1,912
0.018261504747991233,5098.0,2,1489.0,1533.0,qlearning,1,913
0.020182787509520184,4914.3,6,1263.6,1284.0,qlearning,1,914
0.01749475157452764,5353.0,1,1509.8,1538.0,qlearning,1,915
0.017111567419575632,5542.7,0,1594.8,1643.0,qlearning,1,916
0.019623233908948195,4813.0,0,1346.2,1376.0,qlearning,1,917
0.017743080198722498,5238.0,0,1497.6,1571.0,qlearning,1,918
0.016097875080489377,5879.0,6,1504.6,1505.0,qlearning,1,919
0.016835016835016835,5717.0,7,1616.2,1640.0,qlearning,1,920
0.016318537859007835,5740.0,0,1604.4,1626.0,qlearning,1,921
0.018839487565938208,5040.0,0,1402.2,1432.0,qlearning,1,922
0.016377333770062234,5783.0,3,1610.0,1635.0,qlearning,1,923
0.018129079042784626,5228.0,4,1457.0,1487.0,qlearning,1,924
0.0187125748502994,5061.0,5,1378.8,1416.0,qlearning,1,925
0.01722949689869056,5506.0,3,1572.0,1602.0,qlearning,1,926
0.01675603217158177,5760.0,0,1513.8,1524.0,qlearning,1,927
0.018050541516245487,5277.0,5,1559.3999999999999,1629.0,qlearning,1,928
0.02013693113169553,4628.0,2,1290.6,1319.0,qlearning,1,929
0.016700066800267203,5600.0,0,1487.6,1489.0,qlearning,1,930
0.016217969510217322,5803.0,6,1548.6,1579.0,qlearning,1,931
0.01815541031227306,5075.0,0,1421.8,1450.0,qlearning,1,932
0.017205781142463867,5494.0,0,1427.6,1454.0,qlearning,1,933
0.01615508885298869,6007.0,11,1801.3999999999999,1880.0,qlearning,1,934
0.018375597206909223,5314.0,11,1467.2,1491.0,qlearning,1,935
0.018436578171091445,5121.0,3,1323.8,1342.0,qlearning,1,936
0.017439832577607256,5391.0,1,1597.2,1642.0,qlearning,1,937
0.01644195988161789,5754.0,0,1651.3999999999999,1684.0,qlearning,1,938
0.01588310038119441,5963.0,3,1550.4,1558.0,qlearning,1,939
0.018201674554058973,5201.0,2,1406.6,1443.0,qlearning,1,940
0.017562346329469618,5446.0,3,1527.8,1540.0,qlearning,1,941
0.01669449081803005,5747.0,7,1589.8,1610.0,qlearning,1,942
0.01752541184717841,5428.0,4,1407.4,1409.0,qlearning,1,943
0.016297262059973925,5898.0,8,1665.0,1738.0,qlearning,1,944
0.01752541184717841,5468.0,6,1469.0,1496.0,qlearning,1,945
0.01859427296392711,5095.0,9,1293.8,1325.0,qlearning,1,946
0.01749475157452764,5453.0,5,1573.1999999999998,1653.0,qlearning,1,947
0.018719580681392737,5034.0,4,1333.6,1358.0,qlearning,1,948
0.019011406844106463,5047.0,7,1370.6,1387.0,qlearning,1,949
0.01771793054571226,5296.0,0,1481.6,1525.0,qlearning,1,950
0.017152658662092625,5407.0,0,1473.4,1491.0,qlearning,1,951
0.018005041411595247,5376.0,8,1444.6,1447.0,qlearning,1,952
0.01853911753800519,5106.0,4,1293.0,1296.0,qlearning,1,953
0.01855976243504083,5015.0,3,1337.4,1356.0,qlearning,1,954
0.017170329670329672,5641.0,10,1498.6,1524.0,qlearning,1,955
0.018194301407483692,5538.3,5,1720.8,1798.0,qlearning,1,956
0.023464998044583497,4752.0,0,1298.8,1312.0,qlearning,1,957
0.017094017094017096,5482.0,0,1526.8,1547.0,qlearning,1,958
0.018846588767433094,4868.0,0,1542.0,1631.0,qlearning,1,959
0.016366612111292964,5867.0,3,1644.3999999999999,1691.0,qlearning,1,960
0.020798668885191347,4360.0,0,1138.2,1139.0,qlearning,1,961
0.018168604651162792,5356.0,12,1435.8,1443.0,qlearning,1,962
0.016744809109176157,5694.0,9,1564.0,1589.0,qlearning,1,963
0.020008003201280513,4670.0,0,1306.4,1330.0,qlearning,1,964
0.018268176835951774,5211.0,2,1395.2,1434.0,qlearning,1,965
0.017295053614666205,5389.0,0,1338.8,1349.0,qlearning,1,966
0.015586034912718205,6113.0,3,1658.0,1727.0,qlearning,1,967
0.024871355060034305,4406.8,6,1307.0,1354.0,qlearning,1,968
0.018642803877703208,5091.0,3,1457.2,1465.0,qlearning,1,969
0.01731301939058172,5418.0,0,1528.0,1595.0,qlearning,1,970
0.01818181818181818,5232.0,2,1416.6,1479.0,qlearning,1,971
0.017618040873854827,5283.0,0,1602.1999999999998,1715.0,qlearning,1,972
0.01804402742692169,5199.0,0,1475.8,1518.0,qlearning,1,973
0.02035002035002035,4606.0,6,1252.0,1260.0,qlearning,1,974
0.018601190476190476,5153.0,8,1475.8,1525.0,qlearning,1,975
0.01644736842105263,5767.0,3,1559.2,1605.0,qlearning,1,976
0.015239256324291375,6234.0,5,1752.2,1784.0,qlearning,1,977
0.019470404984423675,4783.0,0,1299.4,1305.0,qlearning,1,978
0.016025641025641024,5967.0,5,1731.3999999999999,1801.0,qlearning,1,979
0.01755001755001755,5465.0,5,1494.8,1513.0,qlearning,1,980
0.01671681711802073,5659.0,0,1625.4,1653.0,qlearning,1,981
0.014943215780035863,6344.0,0,1582.0,1595.0,qlearning,1,982
0.017307026652821047,5480.0,4,1556.2,1592.0,qlearning,1,983
0.0300187617260788,4970.0,2,1588.6,1704.0,qlearning,1,984
0.01768033946251768,5233.0,0,1500.2,1526.0,qlearning,1,985
0.01590836780146357,6133.0,9,1591.6,1595.0,qlearning,1,986
0.01725327812284334,5433.0,0,1522.0,1547.0,qlearning,1,987
0.016600265604249667,5801.0,12,1505.2,1546.0,qlearning,1,988
0.017780938833570414,5306.0,3,1437.0,1437.0,qlearning,1,989
0.01731301939058172,5508.0,0,1464.2,1488.0,qlearning,1,990
0.017439832577607256,5481.0,6,1546.8,1590.0,qlearning,1,991
0.018573551263001486,5046.0,0,1327.0,1338.0,qlearning,1,992
0.017869907076483203,5358.0,3,1521.3999999999999,1552.0,qlearning,1,993
0.01996007984031936,4622.0,0,1271.3999999999999,1316.0,qlearning,1,994
0.0175561797752809,5343.0,4,1476.3999999999999,1521.0,qlearning,1,995
0.02041649652919559,4635.0,6,1302.4,1309.0,qlearning,1,996
0.01589825119236884,5812.0,0,1589.3999999999999,1625.0,qlearning,1,997
0.017768301350390904,5355.0,6,1428.6,1447.0,qlearning,1,998
0.018261504747991233,5268.0,10,1524.6,1610.0,qlearning,1,999
0.018288222384784197,5155.0,3,1338.4,1365.0,qlearning,2,0
0.01928268414963363,4753.0,0,1343.6,1358.0,qlearning,2,1
0.016223231667748216,5796.0,0,1660.6,1671.0,qlearning,2,2
0.018115942028985508,5182.0,3,1522.0,1588.0,qlearning,2,3
0.019823788546255508,5265.4,9,1444.52,1510.4,qlearning,2,4
0.017117425539198903,5524.0,2,1630.8,1663.0,qlearning,2,5
0.020771513353115726,5079.6,0,1504.2,1529.0,qlearning,2,6
0.018063583815028903,5413.0,10,1592.3999999999999,1673.0,qlearning,2,7
0.01750700280112045,5314.0,0,1461.2,1462.0,qlearning,2,8
0.016113438607798906,5898.0,4,1715.3999999999999,1764.0,qlearning,2,9
0.01876172607879925,5047.0,2,1405.6,1469.0,qlearning,2,10
0.018063583815028903,5148.0,0,1422.8,1425.0,qlearning,2,11
0.01667778519012675,5653.0,0,1544.0,1571.0,qlearning,2,12
0.01864975755315181,5024.0,0,1275.6,1291.0,qlearning,2,13
0.01918649270913277,4984.0,6,1359.8,1409.0,qlearning,2,14
0.018063583815028903,5198.0,0,1504.0,1555.0,qlearning,2,15
0.01950078003120125,4990.0,11,1460.8,1492.0,qlearning,2,16
0.016377333770062234,5953.0,7,1646.6,1683.0,qlearning,2,17
0.018096272167933407,5273.0,6,1434.0,1490.0,qlearning,2,18
0.0177999288002848,5265.0,0,1452.0,1454.0,qlearning,2,19
0.01707650273224044,5453.0,1,1479.3999999999999,1515.0,qlearning,2,20
0.017476406850751487,5404.0,5,1489.2,1505.0,qlearning,2,21
0.01721170395869191,5642.0,6,1489.8,1549.0,qlearning,2,22
0.017998560115190784,5308.0,7,1351.0,1362.0,qlearning,2,23
0.017661603673613566,5239.0,0,1483.6,1503.0,qlearning,2,24
0.020840336134453782,5663.2,4,1469.0,1472.0,qlearning,2,25
0.01878612716763006,5413.2,11,1374.4,1383.0,qlearning,2,26
0.01659475605708596,5668.0,0,1326.6,1328.0,qlearning,2,27
0.01707067258449983,5510.0,0,1439.2,1459.0,qlearning,2,28
0.018846588767433094,4988.0,1,1408.6,1432.0,qlearning,2,29
0.017959770114942528,5270.0,5,1566.0,1611.0,qlearning,2,30
0.01677289500167729,5849.0,13,1582.0,1591.0,qlearning,2,31
0.021045485403937542,5470.2,0,1531.8,1590.0,qlearning,2,32
0.01676727028839705,5651.0,0,1521.2,1558.0,qlearning,2,33
0.017399868680236377,5749.3,3,1615.2,1643.0,qlearning,2,34
0.01736714136853074,5520.0,4,1542.8,1548.0,qlearning,2,35
0.018573551263001486,5046.0,0,1320.8,1343.0,qlearning,2,36
0.022612085769980507,4757.8,0,1233.6,1263.0,qlearning,2,37
0.0195160031225605,4876.0,5,1279.4,1304.0,qlearning,2,38
0.01668335001668335,5751.0,6,1498.2,1551.0,qlearning,2,39
0.01763668430335097,5317.0,2,1387.4,1403.0,qlearning,2,40
0.02053388090349076,4547.0,0,1347.2,1385.0,qlearning,2,41
0.017373175816539264,5438.0,3,1495.4,1511.0,qlearning,2,42
0.0205761316872428,4597.0,3,1199.2,1232.0,qlearning,2,43
0.016302575806977502,5731.0,0,1628.4,1651.0,qlearning,2,44
0.022736181889455115,4794.8,5,1383.36,1444.0,qlearning,2,45
0.017844396859386154,5266.0,0,1307.6,1330.0,qlearning,2,46
0.019470404984423675,4878.1,6,1268.2,1270.0,qlearning,2,47
0.01567398119122257,5972.0,0,1632.8,1685.0,qlearning,2,48
0.018953752843062926,4968.0,0,1483.3999999999999,1556.0,qlearning,2,49
0.01718213058419244,5442.0,0,1559.0,1594.0,qlearning,2,50
0.01849796522382538,5068.0,0,1293.0,1321.0,qlearning,2,51
0.01937984496124031,4862.0,4,1340.4,1356.0,qlearning,2,52
0.016297262059973925,5903.0,8,1536.6,1548.0,qlearning,2,53
0.016638935108153077,5747.0,8,1395.2,1427.0,qlearning,2,54
0.01824817518248175,5167.0,3,1391.3999999999999,1448.0,qlearning,2,55
0.021666044079193127,5086.8,4,1466.8,1514.0,qlearning,2,56
0.018525115781973637,5221.2,0,1404.76,1408.2,qlearning,2,57
0.01670564650851988,5583.0,1,1434.6,1439.0,qlearning,2,58
0.015518311607697082,5986.0,0,1623.2,1635.0,qlearning,2,59
0.019546520719311962,4783.0,1,1227.4,1237.0,qlearning,2,60
0.017439832577607256,5431.0,3,1520.6,1546.0,qlearning,2,61
0.017934002869440458,5338.0,4,1600.8,1671.0,qlearning,2,62
0.02040816326530612,4497.0,0,1231.0,1268.0,qlearning,2,63
0.0175561797752809,5443.0,6,1486.4,1497.0,qlearning,2,64
0.017537706068046298,5309.0,4,1407.4,1426.0,qlearning,2,65
0.018076644974692697,5204.0,3,1325.8,1332.0,qlearning,2,66
0.020627062706270627,4535.0,4,1278.0,1287.0,qlearning,2,67
0.018656716417910446,5112.0,0,1353.4,1369.0,qlearning,2,68
0.01588310038119441,6028.0,8,1597.0,1616.0,qlearning,2,69
0.017699115044247787,5262.0,0,1371.0,1388.0,qlearning,2,70
0.017787264318747775,5229.0,2,1425.0,1434.0,qlearning,2,71
0.01849112426035503,5070.0,2,1405.0,1472.0,qlearning,2,72
0.017283097131005877,5443.0,0,1526.0,1558.0,qlearning,2,73
0.01858736059479554,5007.0,1,1386.0,1397.0,qlearning,2,74
0.017307026652821047,5470.0,4,1605.3999999999999,1662.0,qlearning,2,75
0.017587055926837847,5303.0,0,1518.3999999999999,1574.0,qlearning,2,76
0.017587055926837847,5453.0,4,1451.0,1460.0,qlearning,2,77
0.019477989871445268,4821.0,4,1327.6,1380.0,qlearning,2,78
0.016420361247947456,5832.0,7,1589.4,1604.0,qlearning,2,79
0.01658374792703151,5847.0,8,1537.2,1549.0,qlearning,2,80
0.01988834612700628,5459.7,4,1674.1999999999998,1767.0,qlearning,2,81
0.019171779141104295,4863.0,4,1298.0,1307.0,qlearning,2,82
0.017649135192375574,5473.0,8,1483.2,1502.0,qlearning,2,83
0.018195050946142648,5213.0,3,1394.6,1400.0,qlearning,2,84
0.019223375624759707,4784.0,0,1273.0,1307.0,qlearning,2,85
0.01840264998159735,5096.0,5,1332.2,1355.0,qlearning,2,86
0.01750087504375219,5406.0,2,1427.4,1448.0,qlearning,2,87
0.017176228100309172,5459.0,0,1477.2,1495.0,qlearning,2,88
0.017605633802816902,5522.0,8,1548.2,1594.0,qlearning,2,89
0.01740341106856944,5433.0,6,1609.3999999999999,1661.0,qlearning,2,90
0.016561775422325273,5625.0,0,1581.3999999999999,1652.0,qlearning,2,91
0.0191131498470948,4939.0,3,1230.2,1236.0,qlearning,2,92
0.01718213058419244,5622.0,7,1529.1999999999998,1600.0,qlearning,2,93
0.017599436818021823,5249.0,0,1309.4,1314.0,qlearning,2,94
0.01904761904761905,4912.0,0,1446.4,1466.0,qlearning,2,95
0.018691588785046728,5082.0,5,1430.3999999999999,1485.0,qlearning,2,96
0.01973943939992104,4698.0,4,1369.2,1415.0,qlearning,2,97
0.0193596425912137,5134.2,4,1377.24,1398.0,qlearning,2,98
0.019692792437967704,4685.0,0,1184.3999999999999,1216.0,qlearning,2,99
0.0175561797752809,5433.0,5,1410.2,1429.0,qlearning,2,100
0.015634771732332707,6008.0,0,1745.6,1762.0,qlearning,2,101
0.018917896329928113,4913.0,0,1530.8,1601.0,qlearning,2,102
0.021056977704376548,4606.1,7,1313.2,1319.0,qlearning,2,103
0.01804402742692169,5249.0,3,1421.6,1460.0,qlearning,2,104
0.018214936247723135,5152.0,0,1334.0,1345.0,qlearning,2,105
0.018698578908002993,4960.0,0,1376.0,1382.0,qlearning,2,106
0.01563966218329684,6081.0,0,1755.8,1801.0,qlearning,2,107
0.018031013342949875,5163.0,0,1676.0,1682.0,qlearning,2,108
0.03259312320916905,5293.3,5,1736.6,1834.0,qlearning,2,109
0.017105713308244955,5468.0,3,1683.6,1723.0,qlearning,2,110
0.01649620587264929,5694.0,0,1541.2,1572.0,qlearning,2,111
0.01817520901490367,5214.0,3,1533.8,1616.0,qlearning,2,112
0.0187125748502994,5066.0,7,1285.0,1295.0,qlearning,2,113
0.018511662347278787,5104.0,4,1400.8,1420.0,qlearning,2,114
0.018628912071535022,5040.0,0,1338.2,1347.0,qlearning,2,115
0.0178826895565093,5324.0,4,1364.4,1371.0,qlearning,2,116
0.017053206002728513,5566.0,4,1577.4,1585.0,qlearning,2,117
0.015360983102918587,6182.0,4,1884.0,1961.0,qlearning,2,118
0.017452006980802792,5327.0,4,1403.8,1427.0,qlearning,2,119
0.016202203499675955,5849.0,0,1577.8,1587.0,qlearning,2,120
0.0191131498470948,5009.0,10,1363.4,1375.0,qlearning,2,121
0.01753155680224404,5291.0,0,1446.2,1462.0,qlearning,2,122
0.018214936247723135,5132.0,2,1482.2,1536.0,qlearning,2,123
0.016700066800267203,5795.0,11,1574.6,1609.0,qlearning,2,124
0.017761989342806393,5292.0,4,1432.8,1435.0,qlearning,2,125
0.01946282600233554,4775.0,0,1311.0,1338.0,qlearning,2,126
0.01603592046183451,5938.0,7,1674.6,1692.0,qlearning,2,127
0.015683814303638646,5988.0,0,1820.0,1865.0,qlearning,2,128
0.017793594306049824,5382.0,7,1717.0,1801.0,qlearning,2,129
0.01734906315058987,5501.0,4,1603.0,1648.0,qlearning,2,130
0.01643655489809336,5586.0,0,1562.0,1578.0,qlearning,2,131
0.016655562958027982,5841.0,11,1612.2,1640.0,qlearning,2,132
0.0169664065151001,5606.0,5,1634.6,1704.0,qlearning,2,133
0.019083969465648856,5172.0,14,1363.4,1367.0,qlearning,2,134
0.018301610541727673,5141.0,0,1462.0,1508.0,qlearning,2,135
0.017452006980802792,5347.0,0,1560.0,1620.0,qlearning,2,136
0.017599436818021823,5464.0,7,1367.4,1375.0,qlearning,2,137
0.01585288522511097,5950.0,0,1606.8,1661.0,qlearning,2,138
0.025587828492392807,5553.4,9,1609.6,1645.0,qlearning,2,139
0.018241517694272163,5089.0,0,1386.4,1413.0,qlearning,2,140
0.01846381093057607,5078.0,4,1399.0,1408.0,qlearning,2,141
0.01928268414963363,4993.0,9,1382.3999999999999,1414.0,qlearning,2,142
0.019319938176197836,4938.0,4,1373.2,1408.0,qlearning,2,143
0.01755001755001755,5405.0,3,1332.0,1342.0,qlearning,2,144
0.0202757502027575,4774.0,11,1385.0,1406.0,qlearning,2,145
0.01672800267648043,5755.0,3,1612.2,1633.0,qlearning,2,146
0.01763046544428773,5369.0,0,1428.6,1439.0,qlearning,2,147
0.01775568181818182,5214.0,0,1301.4,1303.0,qlearning,2,148
0.017476406850751487,5444.0,5,1482.8,1502.0,qlearning,2,149
0.017624250969333802,5341.0,0,1416.0,1438.0,qlearning,2,150
0.017562346329469618,5351.0,4,1457.8,1460.0,qlearning,2,151
0.018050541516245487,5167.0,0,1350.8,1369.0,qlearning,2,152
0.018018018018018018,5277.0,0,1447.8,1512.0,qlearning,2,153
0.018733608092918696,5045.0,5,1503.8,1561.0,qlearning,2,154
0.019342359767891684,5022.0,15,1313.6,1322.0,qlearning,2,155
0.01722949689869056,5571.0,5,1575.0,1585.0,qlearning,2,156
0.01840264998159735,5171.0,4,1444.0,1453.0,qlearning,2,157
0.0170299727520436,5654.0,6,1541.6,1564.0,qlearning,2,158
0.018960940462646948,4966.0,0,1514.3999999999999,1555.0,qlearning,2,159
0.015748031496062992,6097.0,6,1707.6,1766.0,qlearning,2,160
0.017337031900138695,5515.0,6,1324.0,1326.0,qlearning,2,161
0.015605493133583021,6135.0,5,1696.6,1755.0,qlearning,2,162
0.020876826722338204,4472.0,5,1164.2,1198.0,qlearning,2,163
0.019319938176197836,4763.0,0,1278.8,1285.0,qlearning,2,164
0.018168604651162792,5131.0,0,1439.8,1487.0,qlearning,2,165
0.017439832577607256,5326.0,0,1493.8,1543.0,qlearning,2,166
0.016479894528675015,5755.0,0,1730.2,1780.0,qlearning,2,167
0.016286644951140065,5862.0,6,1588.8,1611.0,qlearning,2,168
0.0188821752265861,5183.0,14,1383.2,1390.0,qlearning,2,169
0.018018018018018018,5192.0,1,1303.6,1305.0,qlearning,2,170
0.01794043774668102,5258.8,0,1505.6,1533.0,qlearning,2,171
0.01830831197363603,5219.0,3,1445.3999999999999,1485.0,qlearning,2,172
0.01817520901490367,5104.0,1,1386.8,1427.0,qlearning,2,173
0.01973164956590371,4785.0,0,1262.0,1268.0,qlearning,2,174
0.017611835153222965,5315.0,0,1432.2,1454.0,qlearning,2,175
0.018109380659181457,5129.0,0,1361.8,1377.0,qlearning,2,176
0.01773049645390071,5257.0,0,1334.4,1351.0,qlearning,2,177
0.017844396859386154,5366.0,4,1443.2,1473.0,qlearning,2,178
0.022696323195642305,4008.0,0,1023.2,1030.0,qlearning,2,179
0.01749475157452764,5288.0,0,1509.8,1568.0,qlearning,2,180
0.020729092208720514,5363.9,6,1415.4,1418.0,qlearning,2,181
0.01621271076523995,5935.0,5,1525.3999999999999,1558.0,qlearning,2,182
0.019054878048780487,4935.0,3,1528.3999999999999,1600.0,qlearning,2,183
0.01824817518248175,5177.0,3,1418.2,1436.0,qlearning,2,184
0.01775568181818182,5364.0,7,1601.8,1698.0,qlearning,2,185
0.017458100558659217,5340.0,0,1499.0,1540.0,qlearning,2,186
0.016463615409944024,5741.0,1,1516.8,1526.0,qlearning,2,187
0.016015374759769378,5951.0,3,1614.4,1621.0,qlearning,2,188
0.01661681621801263,5675.0,0,1481.8,1497.0,qlearning,2,189
0.0178826895565093,5379.0,4,1501.4,1524.0,qlearning,2,190
0.017966223499820338,5388.0,6,1487.6,1500.0,qlearning,2,191
0.01721170395869191,5457.0,0,1355.4,1369.0,qlearning,2,192
0.020088388911209322,4685.0,6,1292.4,1309.0,qlearning,2,193
0.018109380659181457,5274.0,2,1409.6,1462.0,qlearning,2,194
0.017780938833570414,5396.0,9,1345.8,1359.0,qlearning,2,195
0.018656716417910446,5052.0,4,1402.2,1414.0,qlearning,2,196
0.01794043774668102,5366.0,7,1476.6,1504.0,qlearning,2,197
0.019164430816404752,4880.0,0,1329.2,1332.0,qlearning,2,198
0.01805706031058144,5080.0,0,1477.3999999999999,1542.0,qlearning,2,199
0.019904458598726114,4726.0,4,1425.6,1459.0,qlearning,2,200
0.021137586471944657,4971.5,8,1355.4,1363.0,qlearning,2,201
0.020161290322580645,4812.0,10,1316.0,1353.0,qlearning,2,202
0.020319303338171262,5179.6,4,1374.4,1377.0,qlearning,2,203
0.01650709805216243,5815.0,5,1402.6,1407.0,qlearning,2,204
0.01921598770176787,4961.0,8,1433.6,1537.0,qlearning,2,205
0.018221574344023325,5205.0,2,1445.4,1471.0,qlearning,2,206
0.019561815336463225,4939.0,10,1272.8,1280.0,qlearning,2,207
0.017844396859386154,5271.0,3,1482.8,1511.0,qlearning,2,208
0.017780938833570414,5296.0,0,1376.4,1394.0,qlearning,2,209
0.015304560759106214,6196.0,0,1801.4,1813.0,qlearning,2,210
0.018281535648994516,4992.0,0,1385.8,1407.0,qlearning,2,211
0.01656726308813784,5698.0,0,1644.4,1666.0,qlearning,2,212
0.020193861066235864,4684.0,4,1259.0,1290.0,qlearning,2,213
0.02043318348998774,4576.0,5,1244.2,1248.0,qlearning,2,214
0.01805706031058144,5215.0,0,1488.3999999999999,1518.0,qlearning,2,215
0.018691588785046728,4992.0,0,1271.4,1272.0,qlearning,2,216
0.018747656542932135,4981.0,0,1492.6,1538.0,qlearning,2,217
0.01675041876046901,5637.0,0,1626.6,1671.0,qlearning,2,218
0.018335166850018333,5111.0,0,1322.8,1346.0,qlearning,2,219
0.018670649738610903,4918.0,0,1376.8,1427.0,qlearning,2,220
0.01737921445950643,5406.0,0,1454.6,1465.0,qlearning,2,221
0.01859427296392711,5100.0,2,1483.8,1522.0,qlearning,2,222
0.01725327812284334,5433.0,0,1454.0,1482.0,qlearning,2,223
0.01707650273224044,5553.0,5,1491.3999999999999,1543.0,qlearning,2,224
0.020333468889792598,4620.0,3,1183.4,1203.0,qlearning,2,225
0.017806267806267807,5323.0,0,1541.0,1620.0,qlearning,2,226
0.01734304543877905,5528.0,8,1505.0,1538.0,qlearning,2,227
0.01818181818181818,5172.0,6,1490.3999999999999,1528.0,qlearning,2,228
0.021853146853146852,4343.0,3,1118.8,1122.0,qlearning,2,229
0.01763668430335097,5392.0,2,1533.0,1563.0,qlearning,2,230
0.0178826895565093,5329.0,5,1447.8,1474.0,qlearning,2,231
0.017337031900138695,5325.0,0,1514.8,1552.0,qlearning,2,232
0.016931933626820182,5618.0,3,1480.4,1498.0,qlearning,2,233
0.018214936247723135,5132.0,0,1426.0,1460.0,qlearning,2,234
0.01849796522382538,5133.0,5,1336.6,1346.0,qlearning,2,235
0.01886080724254998,5004.0,3,1298.0,1325.0,qlearning,2,236
0.01733102253032929,5432.0,5,1483.2,1491.0,qlearning,2,237
0.016072002571520413,5924.0,4,1663.8,1700.0,qlearning,2,238
0.01904036557501904,4924.0,3,1457.0,1517.0,qlearning,2,239
0.019417475728155338,4852.0,1,1206.6,1236.0,qlearning,2,240
0.01626545217957059,5845.0,0,1579.4,1592.0,qlearning,2,241
0.01746419839329375,5388.0,2,1428.8,1441.0,qlearning,2,242
0.017277125086385625,5425.0,0,1596.8,1607.0,qlearning,2,243
0.018628912071535022,5320.0,12,1414.8,1416.0,qlearning,2,244
0.016523463317911435,5674.0,0,1598.2,1645.0,qlearning,2,245
0.015913430935709738,5936.0,0,1690.6,1743.0,qlearning,2,246
0.028469750889679714,4698.0,0,1115.76,1117.2,qlearning,2,247
0.017152658662092625,5467.0,0,1505.8,1540.0,qlearning,2,248
0.017674089784376106,5350.0,4,1559.3999999999999,1624.0,qlearning,2,249
0.018083182640144666,5092.0,0,1365.0,1369.0,qlearning,2,250
0.018996960486322188,5086.0,7,1395.8,1424.0,qlearning,2,251
0.017780938833570414,5336.0,0,1296.4,1299.0,qlearning,2,252
0.019149751053236307,4899.0,4,1298.6,1313.0,qlearning,2,253
0.016960651289009497,5518.0,0,1457.6,1460.0,qlearning,2,254
0.01868460388639761,5069.0,0,1352.8,1413.0,qlearning,2,255
0.018201674554058973,5356.0,11,1623.6,1664.0,qlearning,2,256
0.018375597206909223,5149.0,5,1489.3999999999999,1564.0,qlearning,2,257
0.017064846416382253,5592.0,3,1479.6,1484.0,qlearning,2,258
0.017787264318747775,5299.0,0,1430.2,1461.0,qlearning,2,259
0.017391304347826087,5482.0,2,1509.3999999999999,1541.0,qlearning,2,260
0.018518518518518517,5127.0,4,1479.3999999999999,1535.0,qlearning,2,261
0.018719580681392737,5014.0,3,1358.8,1369.0,qlearning,2,262
0.018201674554058973,5276.0,8,1626.8,1735.0,qlearning,2,263
0.01547029702970297,6141.0,0,1659.8,1720.0,qlearning,2,264
0.019011406844106463,4857.0,0,1459.0,1538.0,qlearning,2,265
0.018409425625920472,5144.0,5,1402.6,1413.0,qlearning,2,266
0.019623233908948195,4838.0,7,1272.6,1275.0,qlearning,2,267
0.016778523489932886,5667.0,2,1595.6,1680.0,qlearning,2,268
0.01730103806228374,5542.0,5,1593.2,1609.0,qlearning,2,269
0.017205781142463867,5589.0,4,1529.2,1576.0,qlearning,2,270
0.0170299727520436,5554.0,5,1506.8,1512.0,qlearning,2,271
0.018511662347278787,5059.0,0,1527.1999999999998,1607.0,qlearning,2,272
0.017355085039916694,5404.0,0,1609.3999999999999,1648.0,qlearning,2,273
0.01763668430335097,5352.0,6,1590.6,1628.0,qlearning,2,274
0.018076644974692697,5389.0,7,1574.0,1671.0,qlearning,2,275
0.020024028834601523,4781.0,7,1455.8,1539.0,qlearning,2,276
0.018011527377521614,5129.0,0,1414.4,1415.0,qlearning,2,277
0.0171939477303989,5468.0,0,1493.4,1500.0,qlearning,2,278
0.01832172957127153,5170.0,2,1399.6,1419.0,qlearning,2,279
0.017111567419575632,5456.0,0,1424.6,1452.0,qlearning,2,280
0.01656726308813784,5723.0,2,1514.0,1521.0,qlearning,2,281
0.018162005085361425,5218.0,0,1409.3999999999999,1439.0,qlearning,2,282
0.017265193370165747,5524.0,9,1506.3999999999999,1549.0,qlearning,2,283
0.018005041411595247,5266.0,0,1416.2,1463.0,qlearning,2,284
0.01791472590469366,5299.0,5,1417.8,1426.0,qlearning,2,285
0.016914749661705007,5539.0,0,1385.6,1392.0,qlearning,2,286
0.017397355601948505,5480.0,3,1592.6,1673.0,qlearning,2,287
0.018102824040550327,5261.0,4,1424.6,1455.0,qlearning,2,288
0.017605633802816902,5302.0,0,1474.8,1544.0,qlearning,2,289
0.01723543605653223,5499.0,4,1484.2,1489.0,qlearning,2,290
0.01740341106856944,5438.0,6,1461.0,1489.0,qlearning,2,291
0.01725327812284334,5543.0,3,1441.8,1443.0,qlearning,2,292
0.01697216564833673,5534.0,0,1458.2,1501.0,qlearning,2,293
0.01673360107095047,5553.0,0,1497.8,1501.0,qlearning,2,294
0.019230769230769232,4842.0,0,1300.0,1319.0,qlearning,2,295
0.01675041876046901,5602.0,2,1677.2,1735.0,qlearning,2,296
0.017711654268508677,5453.0,11,1453.2,1466.0,qlearning,2,297
0.016377333770062234,5708.0,0,1778.0,1879.0,qlearning,2,298
0.020567667626491155,4524.0,0,1179.6,1212.0,qlearning,2,299
0.01787629603146228,5336.0,6,1517.0,1560.0,qlearning,2,300
0.015708451146716932,6063.0,3,1486.0,1490.0,qlearning,2,301
0.016233766233766232,5807.0,4,1541.0,1569.0,qlearning,2,302
0.01721170395869191,5467.0,0,1677.0,1719.0,qlearning,2,303
0.018429782528566162,5128.0,6,1339.0,1351.0,qlearning,2,304
0.01723543605653223,5424.0,0,1538.0,1562.0,qlearning,2,305
0.01885369532428356,4931.0,0,1317.2,1322.0,qlearning,2,306
0.018726591760299626,5047.0,4,1566.8,1587.0,qlearning,2,307
0.018982536066818528,4935.0,0,1380.0,1388.0,qlearning,2,308
0.020333468889792598,4615.0,0,1192.4,1218.0,qlearning,2,309
0.01845018450184502,5062.0,3,1492.8,1548.0,qlearning,2,310
0.01855287569573284,5082.0,0,1352.8,1353.0,qlearning,2,311
0.018628912071535022,5225.0,9,1448.2,1489.0,qlearning,2,312
0.017482517482517484,5512.0,8,1481.2,1498.0,qlearning,2,313
0.018946570670708603,4905.0,0,1358.3999999999999,1409.0,qlearning,2,314
0.019708316909735908,4736.0,0,1264.6,1266.0,qlearning,2,315
0.028368794326241134,4745.2,4,1369.24,1372.0,qlearning,2,316
0.01920860545524395,4873.0,0,1527.8,1604.0,qlearning,2,317
0.017705382436260624,5305.0,0,1407.6,1432.0,qlearning,2,318
0.015328019619865114,6266.0,2,1601.8,1622.0,qlearning,2,319
0.016863406408094434,5632.0,3,1423.2,1431.0,qlearning,2,320
0.017482517482517484,5312.0,1,1440.6,1470.0,qlearning,2,321
0.01804402742692169,5204.0,5,1403.0,1417.0,qlearning,2,322
0.01742767514813524,5510.0,6,1478.0,1508.0,qlearning,2,323
0.01592863969417012,6030.0,7,1692.6,1728.0,qlearning,2,324
0.01768033946251768,5373.0,0,1589.2,1627.0,qlearning,2,325
0.017543859649122806,5322.0,0,1387.4,1401.0,qlearning,2,326
0.018726591760299626,4977.0,0,1303.4,1326.0,qlearning,2,327
0.0169664065151001,5696.0,6,1620.6,1666.0,qlearning,2,328
0.01934984520123839,4905.0,3,1278.8,1301.0,qlearning,2,329
0.018005041411595247,5336.0,12,1467.0,1483.0,qlearning,2,330
0.0165892501658925,5600.0,3,1455.0,1486.0,qlearning,2,331
0.017806267806267807,5253.0,2,1419.2,1479.0,qlearning,2,332
0.01719986240110079,5566.0,2,1538.2,1560.0,qlearning,2,333
0.016170763260025874,5916.0,0,1530.4,1548.0,qlearning,2,334
0.017111567419575632,5626.0,7,1636.0,1669.0,qlearning,2,335
0.01972386587771203,4772.0,3,1451.6,1504.0,qlearning,2,336
0.018409425625920472,5139.0,2,1405.6,1419.0,qlearning,2,337
0.01927525057825752,4810.0,2,1323.4,1344.0,qlearning,2,338
0.017439832577607256,5481.0,6,1402.6,1404.0,qlearning,2,339
0.01866368047779022,5000.0,0,1281.2,1296.0,qlearning,2,340
0.018335166850018333,5241.0,10,1358.6,1359.0,qlearning,2,341
0.016638935108153077,5672.0,3,1546.6,1595.0,qlearning,2,342
0.015683814303638646,6153.0,9,1676.4,1689.0,qlearning,2,343
0.023543033577769202,4820.1,2,1358.2,1368.0,qlearning,2,344
0.016818028927009756,5668.0,4,1495.4,1520.0,qlearning,2,345
0.01840264998159735,5126.0,3,1372.3999999999999,1416.0,qlearning,2,346
0.01787629603146228,5191.0,0,1512.2,1536.0,qlearning,2,347
0.016700066800267203,5715.0,4,1674.4,1702.0,qlearning,2,348
0.018429782528566162,5198.0,8,1442.2,1447.0,qlearning,2,349
0.017006802721088437,5692.0,5,1593.3999999999999,1633.0,qlearning,2,350
0.017844396859386154,5336.0,5,1518.8,1549.0,qlearning,2,351
0.018050541516245487,5152.0,0,1403.2,1432.0,qlearning,2,352
0.01659475605708596,5578.0,0,1470.6,1472.0,qlearning,2,353
0.01888848528877588,5208.2,3,1319.6,1328.0,qlearning,2,354
0.016818028927009756,5663.0,1,1498.4,1520.0,qlearning,2,355
0.01856665428889714,5043.0,2,1415.0,1434.0,qlearning,2,356
0.01832172957127153,5275.0,5,1393.6,1420.0,qlearning,2,357
0.015479876160990712,6177.0,4,1640.6,1676.0,qlearning,2,358
0.01614987080103359,5919.0,5,1633.2,1642.0,qlearning,2,359
0.017458100558659217,5305.0,0,1692.3999999999999,1814.0,qlearning,2,360
0.018511662347278787,5094.0,3,1626.6,1736.0,qlearning,2,361
0.01667778519012675,5748.0,5,1549.3999999999999,1584.0,qlearning,2,362
0.017001020061203673,5624.0,3,1457.2,1471.0,qlearning,2,363
0.017319016279875303,5406.0,0,1497.4,1503.0,qlearning,2,364
0.018931710615280595,5553.6,0,1484.0,1490.0,qlearning,2,365
0.018846588767433094,4993.0,0,1374.2,1409.0,qlearning,2,366
0.01650709805216243,5765.0,0,1568.2,1597.0,qlearning,2,367
0.01750700280112045,5464.0,0,1641.0,1708.0,qlearning,2,368
0.017458100558659217,5470.0,8,1431.4,1450.0,qlearning,2,369
0.01815541031227306,5175.0,0,1493.0,1515.0,qlearning,2,370
0.016202203499675955,5939.0,5,1554.2,1598.0,qlearning,2,371
0.016139444803098774,6013.0,9,1594.4,1607.0,qlearning,2,372
0.017711654268508677,5408.0,4,1347.8,1362.0,qlearning,2,373
0.018281535648994516,5147.0,0,1303.4,1321.0,qlearning,2,374
0.018628912071535022,5020.0,0,1495.0,1556.0,qlearning,2,375
0.0167897918065816,5593.0,0,1646.3999999999999,1733.0,qlearning,2,376
0.01928268414963363,4788.0,0,1371.3999999999999,1411.0,qlearning,2,377
0.01853911753800519,5241.0,6,1365.3999999999999,1396.0,qlearning,2,378
0.01773049645390071,5302.0,2,1438.6,1472.0,qlearning,2,379
0.018031013342949875,5168.0,3,1419.8,1422.0,qlearning,2,380
0.016886187098953058,5619.0,5,1417.3999999999999,1454.0,qlearning,2,381
0.01781895937277263,5224.0,0,1622.0,1681.0,qlearning,2,382
0.016627868307283005,5721.0,3,1580.2,1616.0,qlearning,2,383
0.015586034912718205,6218.0,7,1659.8,1670.0,qlearning,2,384
0.017041581458759374,5630.0,7,1506.3999999999999,1547.0,qlearning,2,385
0.016627868307283005,5736.0,6,1570.0,1600.0,qlearning,2,386
0.0186219739292365,5062.0,4,1479.8,1539.0,qlearning,2,387
0.016286644951140065,5757.0,0,1481.0,1499.0,qlearning,2,388
0.01838235294117647,5042.0,0,1476.8,1555.0,qlearning,2,389
0.018201674554058973,5116.0,0,1428.4,1442.0,qlearning,2,390
0.016474464579901153,5767.0,4,1573.4,1597.0,qlearning,2,391
0.01893939393939394,5082.0,7,1574.1999999999998,1655.0,qlearning,2,392
0.016605778811026237,5729.0,5,1592.8,1631.0,qlearning,2,393
0.019485580670303974,4839.0,4,1497.0,1539.0,qlearning,2,394
0.022411953041622197,5490.3,11,1560.0,1582.0,qlearning,2,395
0.018063583815028903,5308.0,3,1426.0,1474.0,qlearning,2,396
0.018573551263001486,5086.0,2,1367.3999999999999,1398.0,qlearning,2,397
0.02074688796680498,4562.0,4,1205.8,1210.0,qlearning,2,398
0.017188037126160193,5610.0,9,1523.8,1545.0,qlearning,2,399
0.0176678445229682,5477.0,8,1598.3999999999999,1630.0,qlearning,2,400
0.017857142857142856,5237.0,0,1400.6,1428.0,qlearning,2,401
0.018335166850018333,5131.0,0,1453.0,1454.0,qlearning,2,402
0.01771793054571226,5306.0,0,1372.0,1398.0,qlearning,2,403
0.018328445747800588,5133.0,4,1529.3999999999999,1586.0,qlearning,2,404
0.019179133103183737,5045.9,14,1283.6,1286.0,qlearning,2,405
0.017793594306049824,5232.0,0,1269.8,1289.0,qlearning,2,406
0.020910209102091022,4505.1,4,1162.6,1181.0,qlearning,2,407
0.016960651289009497,5843.0,15,1643.3999999999999,1677.0,qlearning,2,408
0.015620118712902219,6134.0,7,1789.3999999999999,1862.0,qlearning,2,409
0.017787264318747775,5309.0,3,1368.6,1396.0,qlearning,2,410
0.01870557426112982,5153.0,7,1378.6,1380.0,qlearning,2,411
0.016869095816464237,5620.0,3,1392.0,1393.0,qlearning,2,412
0.01668335001668335,5826.0,11,1693.6,1740.0,qlearning,2,413
0.01757469244288225,5412.0,7,1494.6,1561.0,qlearning,2,414
0.016276041666666668,5816.0,0,1546.2,1550.0,qlearning,2,415
0.02497883149872989,4452.2,4,1609.6,1735.0,qlearning,2,416
0.01654533421575116,5851.0,7,1641.3999999999999,1710.0,qlearning,2,417
0.01966955153422502,4696.0,0,1435.8,1465.0,qlearning,2,418
0.01576789656259855,5994.0,0,1619.2,1636.0,qlearning,2,419
0.016254876462938883,5759.0,0,1584.8,1621.0,qlearning,2,420
0.02051460361613352,5319.9,0,1431.2,1445.0,qlearning,2,421
0.01757469244288225,5452.0,3,1363.8,1380.0,qlearning,2,422
0.01790830945558739,5241.0,0,1377.0,1388.0,qlearning,2,423
0.01730103806228374,5602.0,8,1661.6,1701.0,qlearning,2,424
0.023700035373187125,5202.7,0,1515.2,1561.0,qlearning,2,425
0.016286644951140065,5792.0,3,1579.4,1588.0,qlearning,2,426
0.01585791309863622,5978.0,4,1799.3999999999999,1849.0,qlearning,2,427
0.018162005085361425,5348.0,7,1512.1999999999998,1593.0,qlearning,2,428
0.019584802193497845,4678.0,0,1275.0,1315.0,qlearning,2,429
0.016087516087516088,5773.0,1,1752.6,1857.0,qlearning,2,430
0.018375597206909223,5234.0,4,1474.6,1512.0,qlearning,2,431
0.021167415009621552,6024.6,4,1638.0,1666.0,qlearning,2,432
0.018867924528301886,4867.0,0,1341.3999999999999,1377.0,qlearning,2,433
0.017319016279875303,5501.0,3,1727.3999999999999,1831.0,qlearning,2,434
0.017593244194229415,5341.0,0,1369.2,1397.0,qlearning,2,435
0.017844396859386154,5276.0,5,1446.8,1527.0,qlearning,2,436
0.01881821603312006,4976.0,10,1321.6,1330.0,qlearning,2,437
0.01972386587771203,4677.0,0,1127.0,1129.0,qlearning,2,438
0.018050541516245487,5192.0,0,1405.0,1413.0,qlearning,2,439
0.01893939393939394,5067.0,7,1543.1999999999998,1649.0,qlearning,2,440
0.01707067258449983,5570.0,2,1564.3999999999999,1608.0,qlearning,2,441
0.015782828282828284,6078.0,7,1594.2,1619.0,qlearning,2,442
0.01614987080103359,5859.0,6,1532.8,1539.0,qlearning,2,443
0.01986491855383393,4666.0,0,1205.0,1219.0,qlearning,2,444
0.019004180919802355,4864.0,0,1388.2,1406.0,qlearning,2,445
0.016329196603527107,5731.0,0,1500.8,1515.0,qlearning,2,446
0.02482907520690896,5276.9,2,1496.8,1571.0,qlearning,2,447
0.017355085039916694,5494.0,0,1506.0,1530.0,qlearning,2,448
0.019485580670303974,4959.0,9,1270.8,1276.0,qlearning,2,449
0.0178826895565093,5209.0,0,1388.2,1401.0,qlearning,2,450
0.017397355601948505,5400.0,0,1380.4,1386.0,qlearning,2,451
0.019402405898331393,4911.0,7,1409.0,1438.0,qlearning,2,452
0.01845018450184502,5082.0,0,1423.8,1492.0,qlearning,2,453
0.0194325689856199,4993.0,7,1320.8,1347.0,qlearning,2,454
0.01751927119831815,5415.0,0,1520.3999999999999,1557.0,qlearning,2,455
0.016572754391779913,5786.0,8,1506.6,1508.0,qlearning,2,456
0.016339869281045753,5917.0,8,1563.2,1583.0,qlearning,2,457
0.016937669376693765,5571.0,2,1441.6,1449.0,qlearning,2,458
0.023410066328521262,4879.0,8,1442.04,1507.0,qlearning,2,459
0.01937984496124031,4897.0,5,1406.2,1418.0,qlearning,2,460
0.01893939393939394,5012.0,4,1331.4,1332.0,qlearning,2,461
0.0176678445229682,5252.0,0,1386.6,1402.0,qlearning,2,462
0.01972459992556755,5111.3,3,1446.0,1466.0,qlearning,2,463
0.017649135192375574,5473.0,6,1368.8,1380.0,qlearning,2,464
0.017170329670329672,5556.0,5,1622.2,1685.0,qlearning,2,465
0.01750087504375219,5381.0,0,1527.3999999999999,1580.0,qlearning,2,466
0.016869095816464237,5620.0,2,1725.6,1798.0,qlearning,2,467
0.01830831197363603,5184.0,6,1271.8,1272.0,qlearning,2,468
0.01866368047779022,5075.0,3,1477.8,1516.0,qlearning,2,469
0.018804061677322303,4965.0,0,1359.4,1386.0,qlearning,2,470
0.020350877192982456,5402.8,3,1498.0,1513.0,qlearning,2,471
0.0178826895565093,5269.0,4,1572.6,1604.0,qlearning,2,472
0.017283097131005877,5573.0,7,1517.8,1578.0,qlearning,2,473
0.018109380659181457,5244.0,6,1401.0,1420.0,qlearning,2,474
0.015586034912718205,6068.0,0,1762.2,1790.0,qlearning,2,475
0.015304560759106214,6306.0,8,1708.6,1760.0,qlearning,2,476
0.01960015680125441,4789.0,3,1231.2,1259.0,qlearning,2,477
0.01838235294117647,5037.0,0,1340.6,1360.0,qlearning,2,478
0.018254837531945966,5160.0,0,1380.4,1397.0,qlearning,2,479
0.016561775422325273,5770.0,7,1505.8,1509.0,qlearning,2,480
0.01722356183258698,5503.0,3,1548.6,1557.0,qlearning,2,481
0.01872399445214979,5370.4,3,1376.0,1376.0,qlearning,2,482
0.019692792437967704,4710.0,0,1329.0,1374.0,qlearning,2,483
0.020475020475020474,4596.0,0,1358.8,1371.0,qlearning,2,484
0.01654533421575116,5871.0,10,1633.8,1701.0,qlearning,2,485
0.01644736842105263,5702.0,0,1531.2,1564.0,qlearning,2,486
0.01668335001668335,5866.0,11,1500.6,1502.0,qlearning,2,487
0.019538882375928098,4855.0,7,1309.2,1329.0,qlearning,2,488
0.018368846436443792,5176.0,5,1403.4,1414.0,qlearning,2,489
0.02034174125305126,4738.0,10,1523.3999999999999,1627.0,qlearning,2,490
0.016744809109176157,5669.0,4,1581.8,1658.0,qlearning,2,491
0.016863406408094434,5577.0,0,1460.8,1481.0,qlearning,2,492
0.017927572606669058,5325.0,5,1443.0,1446.0,qlearning,2,493
0.019179133103183737,5031.0,12,1434.6,1439.0,qlearning,2,494
0.01839587932303164,5263.0,10,1366.2,1378.0,qlearning,2,495
0.017135023989033583,5543.0,1,1523.0,1577.0,qlearning,2,496
0.015913430935709738,5896.0,0,1803.1999999999998,1873.0,qlearning,2,497
0.017094017094017096,5612.0,6,1428.8,1455.0,qlearning,2,498
0.017433751743375175,5493.0,9,1427.4,1431.0,qlearning,2,499
0.024074074074074074,5013.5,0,1311.2,1313.0,qlearning,2,500
0.02028397565922921,4557.0,0,1217.6,1233.0,qlearning,2,501
0.018063583815028903,5258.0,5,1294.2,1297.0,qlearning,2,502
0.01592863969417012,5970.0,3,1590.2,1598.0,qlearning,2,503
0.01671681711802073,5644.0,0,1505.2,1535.0,qlearning,2,504
0.016650016650016652,5868.0,11,1579.6,1617.0,qlearning,2,505
0.019098548510313215,4843.0,0,1338.6,1339.0,qlearning,2,506
0.016840687100033683,5615.0,0,1670.2,1729.0,qlearning,2,507
0.01751927119831815,5360.0,0,1437.2,1439.0,qlearning,2,508
0.020508613617719443,4508.0,0,1161.4,1184.0,qlearning,2,509
0.0253016738030362,4686.5,0,1227.8,1228.0,qlearning,2,510
0.019387359441644048,4965.0,7,1388.0,1437.0,qlearning,2,511
0.01721170395869191,5517.0,0,1640.6,1721.0,qlearning,2,512
0.01752541184717841,5438.0,5,1605.6,1666.0,qlearning,2,513
0.022590361445783132,4920.0,0,1313.6,1319.0,qlearning,2,514
0.017605633802816902,5392.0,3,1510.8,1522.0,qlearning,2,515
0.017482517482517484,5282.0,0,1469.0,1470.0,qlearning,2,516
0.0170299727520436,5484.0,0,1503.6,1556.0,qlearning,2,517
0.02772573997751967,5067.4,5,1509.08,1612.0,qlearning,2,518
0.01823486506199854,5126.0,0,1516.8,1530.0,qlearning,2,519
0.018642803877703208,5086.0,1,1390.2,1398.0,qlearning,2,520
0.018341892883345562,5199.0,4,1507.2,1516.0,qlearning,2,521
0.017319016279875303,5571.0,8,1500.4,1518.0,qlearning,2,522
0.019880715705765408,4747.0,4,1358.2,1399.0,qlearning,2,523
0.016661112962345886,5644.0,0,1542.2,1558.0,qlearning,2,524
0.01849112426035503,5095.0,0,1398.6,1451.0,qlearning,2,525
0.019584802193497845,4753.0,0,1319.8,1364.0,qlearning,2,526
0.017711654268508677,5233.0,0,1521.6,1563.0,qlearning,2,527
0.019546520719311962,4938.0,13,1185.4,1189.0,qlearning,2,528
0.01847063169560399,5196.0,5,1273.0,1296.0,qlearning,2,529
0.01896813353566009,4979.0,3,1248.8,1256.0,qlearning,2,530
0.015441630636195183,6153.0,2,1582.2,1595.0,qlearning,2,531
0.019538882375928098,4970.0,9,1408.0,1440.0,qlearning,2,532
0.020615072659682324,5606.8,3,1590.0,1592.0,qlearning,2,533
0.017686593562079942,5186.0,0,1450.0,1499.0,qlearning,2,534
0.017605633802816902,5302.0,0,1485.2,1528.0,qlearning,2,535
0.0209819555182543,4413.0,0,1229.4,1256.0,qlearning,2,536
0.017146776406035666,5434.0,0,1488.8,1509.0,qlearning,2,537
0.016123831022250887,5844.0,0,1578.4,1590.0,qlearning,2,538
0.018162005085361425,5103.0,0,1384.4,1395.0,qlearning,2,539
0.017188037126160193,5400.0,0,1562.4,1577.0,qlearning,2,540
0.018261504747991233,5313.0,13,1497.6,1521.0,qlearning,2,541
0.015792798483891344,6094.0,5,1570.6,1577.0,qlearning,2,542
0.019164430816404752,4875.0,0,1343.8,1350.0,qlearning,2,543
0.02035002035002035,4606.0,5,1238.0,1247.0,qlearning,2,544
0.018375597206909223,5049.0,0,1427.2,1478.0,qlearning,2,545
0.016030779095864058,5910.0,0,1509.8,1521.0,qlearning,2,546
0.016801075268817203,5619.0,3,1530.8,1573.0,qlearning,2,547
0.016041065126724416,5856.0,0,1620.8,1652.0,qlearning,2,548
0.019546520719311962,4753.0,0,1397.3999999999999,1503.0,qlearning,2,549
0.01656726308813784,5648.0,0,1567.2,1591.0,qlearning,2,550
0.018910741301059002,5070.0,6,1288.6,1296.0,qlearning,2,551
0.016479894528675015,5675.0,0,1461.0,1463.0,qlearning,2,552
0.01749475157452764,5418.0,2,1407.2,1422.0,qlearning,2,553
0.020964360587002098,4392.0,0,1248.2,1275.0,qlearning,2,554
0.017953321364452424,5207.0,0,1478.3999999999999,1527.0,qlearning,2,555
0.016818028927009756,5693.0,8,1455.8,1463.0,qlearning,2,556
0.025274725274725275,5153.9,0,1401.2,1404.0,qlearning,2,557
0.018670649738610903,5108.0,5,1622.6,1731.0,qlearning,2,558
0.01845699520118125,5160.0,5,1497.0,1550.0,qlearning,2,559
0.01670564650851988,5778.0,7,1520.6,1563.0,qlearning,2,560
0.019661816751867872,4853.0,4,1341.2,1360.0,qlearning,2,561
0.01820830298616169,5339.0,10,1541.2,1584.0,qlearning,2,562
0.01864975755315181,5124.0,5,1350.2,1368.0,qlearning,2,563
0.018740629685157422,4943.0,0,1336.0,1342.0,qlearning,2,564
0.015862944162436547,6166.0,18,1705.2,1747.0,qlearning,2,565
0.0177886292291594,5486.1,6,1539.4,1546.0,qlearning,2,566
0.01722949689869056,5471.0,0,1496.8,1529.0,qlearning,2,567
0.018635855385762207,5173.0,8,1467.6,1476.0,qlearning,2,568
0.017985611510791366,5277.0,7,1584.1999999999998,1660.0,qlearning,2,569
0.019193857965451054,4937.0,5,1319.2,1354.0,qlearning,2,570
0.018982536066818528,4905.0,2,1271.2,1289.0,qlearning,2,571
0.01592863969417012,5925.0,3,1730.3999999999999,1841.0,qlearning,2,572
0.018608113137327874,5031.0,0,1408.8,1439.0,qlearning,2,573
0.018907563025210083,5389.4,5,1428.0,1439.0,qlearning,2,574
0.01921598770176787,4846.0,0,1298.2,1316.0,qlearning,2,575
0.018740629685157422,4988.0,0,1540.6,1572.0,qlearning,2,576
0.018341892883345562,5084.9,4,1434.2,1452.0,qlearning,2,577
0.018910741301059002,4900.0,0,1392.0,1419.0,qlearning,2,578
0.019149751053236307,4889.0,4,1473.8,1542.0,qlearning,2,579
0.017295053614666205,5564.0,5,1683.2,1707.0,qlearning,2,580
0.016512549537648614,5683.0,0,1625.8,1708.0,qlearning,2,581
0.01839587932303164,4993.0,0,1306.6,1318.0,qlearning,2,582
0.01464986815118664,6533.0,3,1842.0,1857.0,qlearning,2,583
0.017568517217146872,5314.0,0,1460.2,1505.0,qlearning,2,584
0.017265193370165747,5449.0,5,1660.8,1731.0,qlearning,2,585
0.01841620626151013,5077.0,3,1474.3999999999999,1524.0,qlearning,2,586
0.017674089784376106,5375.0,3,1825.8,1969.0,qlearning,2,587
0.018698578908002993,5000.0,0,1355.4,1372.0,qlearning,2,588
0.018789928598271326,5049.0,3,1443.6,1461.0,qlearning,2,589
0.016891891891891893,5562.0,1,1604.3999999999999,1677.0,qlearning,2,590
0.017117425539198903,5429.0,0,1597.0,1660.0,qlearning,2,591
0.015659254619480114,6078.0,7,1753.4,1764.0,qlearning,2,592
0.01621271076523995,5845.0,2,1563.4,1577.0,qlearning,2,593
0.01571832756994656,6019.0,0,1588.6,1604.0,qlearning,2,594
0.01557632398753894,6082.0,0,1673.6,1708.0,qlearning,2,595
0.01737921445950643,5351.0,0,1508.6,1555.0,qlearning,2,596
0.01632386549134835,5988.0,12,1540.4,1541.0,qlearning,2,597
0.016463615409944024,5701.0,0,1625.2,1676.0,qlearning,2,598
0.018733608092918696,4985.0,4,1377.4,1390.0,qlearning,2,599
0.020374898125509373,4580.0,0,1292.0,1334.0,qlearning,2,600
0.01694915254237288,5652.0,7,1492.3999999999999,1533.0,qlearning,2,601
0.017452006980802792,5422.0,4,1395.2,1397.0,qlearning,2,602
0.027263875365141188,5932.4,6,1769.0,1861.0,qlearning,2,603
0.021023403411344704,4834.3,11,1540.6,1637.0,qlearning,2,604
0.017844396859386154,5351.0,6,1527.3999999999999,1576.0,qlearning,2,605
0.021196063588190765,5036.6,2,1469.6,1551.0,qlearning,2,606
0.018601190476190476,5103.0,2,1374.6,1404.0,qlearning,2,607
0.016414970453053186,5749.0,0,1567.0,1602.0,qlearning,2,608
0.015257857796765334,6351.0,7,1739.4,1766.0,qlearning,2,609
0.018953752843062926,4984.3,4,1311.6,1323.0,qlearning,2,610
0.020042949176807445,5275.6,4,1603.0,1610.0,qlearning,2,611
0.01787629603146228,5346.0,5,1470.6,1481.0,qlearning,2,612
0.018018018018018018,5182.0,0,1366.8,1375.0,qlearning,2,613
0.01827485380116959,5244.0,3,1288.0,1291.0,qlearning,2,614
0.017476406850751487,5394.0,2,1535.6,1578.0,qlearning,2,615
0.01783166904422254,5225.0,0,1395.0,1434.0,qlearning,2,616
0.01808972503617945,5230.0,3,1363.8,1375.0,qlearning,2,617
0.01677289500167729,5639.0,0,1376.2,1383.0,qlearning,2,618
0.018782870022539443,4936.0,3,1365.8,1377.0,qlearning,2,619
0.01723543605653223,5524.0,7,1511.6,1546.0,qlearning,2,620
0.0178826895565093,5294.0,4,1534.0,1593.0,qlearning,2,621
0.019193857965451054,4972.0,3,1333.0,1355.0,qlearning,2,622
0.01885369532428356,4916.0,0,1444.6,1463.0,qlearning,2,623
0.018484288354898338,5142.0,8,1525.2,1560.0,qlearning,2,624
0.01677289500167729,5674.0,3,1593.3999999999999,1649.0,qlearning,2,625
0.017111567419575632,5501.0,0,1422.4,1430.0,qlearning,2,626
0.020894274968658588,4353.0,0,1377.0,1425.0,qlearning,2,627
0.018698578908002993,5065.0,1,1389.8,1440.0,qlearning,2,628
0.01699524133242692,5561.0,3,1684.6,1758.0,qlearning,2,629
0.01750700280112045,5389.0,0,1381.6,1394.0,qlearning,2,630
0.01697792869269949,5557.0,0,1547.4,1573.0,qlearning,2,631
0.021901007446342532,4378.1,6,1167.8,1173.0,qlearning,2,632
0.019569471624266144,4827.0,0,1331.4,1333.0,qlearning,2,633
0.016891891891891893,5787.0,13,1543.2,1598.0,qlearning,2,634
0.018254837531945966,5165.0,4,1297.6,1318.0,qlearning,2,635
0.018477457501847747,5134.0,7,1354.6,1402.0,qlearning,2,636
0.017979144192736426,5259.0,4,1452.3999999999999,1502.0,qlearning,2,637
0.018294914013904134,5163.0,3,1465.6,1502.0,qlearning,2,638
0.018545994065281898,5129.0,3,1361.0,1384.0,qlearning,2,639
0.018268176835951774,5146.0,1,1456.8,1483.0,qlearning,2,640
0.01638806948541462,5874.0,7,1648.8,1703.0,qlearning,2,641
0.017927572606669058,5200.0,0,1566.0,1619.0,qlearning,2,642
0.01893222264293828,4964.0,2,1277.2,1281.0,qlearning,2,643
0.017041581458759374,5540.0,1,1501.8,1558.0,qlearning,2,644
0.014788524105294291,6519.0,9,1749.8,1754.0,qlearning,2,645
0.018195050946142648,5123.0,0,1526.0,1599.0,qlearning,2,646
0.016645326504481434,6030.2,8,1659.6,1681.0,qlearning,2,647
0.017325017325017324,5554.0,7,1500.0,1544.0,qlearning,2,648
0.017439832577607256,5511.0,7,1461.0,1475.0,qlearning,2,649
0.016672224074691565,5550.0,1,1508.6,1519.0,qlearning,2,650
0.018422991893883568,5175.0,4,1404.3999999999999,1444.0,qlearning,2,651
0.015738117721120555,6126.0,5,1704.0,1757.0,qlearning,2,652
0.017024174327545116,5546.0,0,1518.4,1521.0,qlearning,2,653
0.02004008016032064,4667.0,0,1371.3999999999999,1449.0,qlearning,2,654
0.017768301350390904,5395.0,10,1542.0,1555.0,qlearning,2,655
0.01750087504375219,5416.0,7,1454.2,1504.0,qlearning,2,656
0.01746419839329375,5423.0,3,1473.6,1499.0,qlearning,2,657
0.01906857352401907,5261.2,13,1377.8,1395.0,qlearning,2,658
0.01906941266209001,4881.0,0,1343.8,1346.0,qlearning,2,659
0.01757469244288225,5387.0,7,1312.6,1321.0,qlearning,2,660
0.016490765171503958,5836.0,9,1686.3999999999999,1729.0,qlearning,2,661
0.0188821752265861,4883.0,0,1284.3999999999999,1319.0,qlearning,2,662
0.01937984496124031,4827.0,0,1282.8,1314.0,qlearning,2,663
0.017642907551164433,5400.0,5,1443.2,1482.0,qlearning,2,664
0.0169548999660902,5675.0,6,1575.8,1623.0,qlearning,2,665
0.025480059084194977,5079.9,0,1576.8,1656.0,qlearning,2,666
0.016561775422325273,5755.0,2,1751.8,1761.0,qlearning,2,667
0.016404199475065617,5803.0,4,1653.8,1737.0,qlearning,2,668
0.02066115702479339,4462.0,2,1109.8,1127.0,qlearning,2,669
0.017946877243359655,5284.0,3,1508.8,1536.0,qlearning,2,670
0.01594896331738437,5942.0,2,1576.6,1594.0,qlearning,2,671
0.026415094339622643,4408.3,0,1316.8,1369.0,qlearning,2,672
0.029468044393417527,4981.6,3,1312.4,1324.0,qlearning,2,673
0.019312475859405175,4830.0,0,1385.3999999999999,1425.0,qlearning,2,674
0.017780938833570414,5211.0,0,1279.4,1292.0,qlearning,2,675
0.021542438604049977,4344.0,0,1243.6,1283.0,qlearning,2,676
0.01849112426035503,5125.0,9,1467.2,1525.0,qlearning,2,677
0.016926201760324982,5495.0,0,1472.2,1476.0,qlearning,2,678
0.01733102253032929,5512.0,1,1442.2,1455.0,qlearning,2,679
0.01946282600233554,4800.0,0,1454.2,1490.0,qlearning,2,680
0.017265193370165747,5464.0,0,1459.4,1487.0,qlearning,2,681
0.0177999288002848,5210.0,0,1404.1999999999998,1473.0,qlearning,2,682
0.017959770114942528,5325.0,10,1514.1999999999998,1587.0,qlearning,2,683
0.016812373907195696,5515.0,0,1451.0,1451.0,qlearning,2,684
0.02305113160100587,4444.5,3,1347.2,1378.0,qlearning,2,685
0.0160926939169617,5971.0,5,1485.8,1498.0,qlearning,2,686
0.016339869281045753,5787.0,4,1595.8,1636.0,qlearning,2,687
0.01952362358453729,4764.0,0,1345.2,1347.0,qlearning,2,688
0.01904761904761905,4912.0,2,1362.3999999999999,1400.0,qlearning,2,689
0.017946877243359655,5179.0,1,1444.6,1477.0,qlearning,2,690
0.017433751743375175,5373.0,4,1608.0,1723.0,qlearning,2,691
0.017047391749062394,5548.0,0,1557.6,1580.0,qlearning,2,692
0.018429782528566162,5058.0,0,1376.8,1397.0,qlearning,2,693
0.02662037037037037,4834.7,0,1451.2,1496.0,qlearning,2,694
0.02039983680130559,4519.0,0,1170.2,1208.0,qlearning,2,695
0.017391304347826087,5377.0,4,1474.0,1485.0,qlearning,2,696
0.017568517217146872,5364.0,3,1423.8,1436.0,qlearning,2,697
0.01697216564833673,5509.0,0,1487.8,1531.0,qlearning,2,698
0.016020506247997435,5934.0,0,1649.3999999999999,1708.0,qlearning,2,699
0.0176678445229682,5272.0,0,1612.0,1694.0,qlearning,2,700
0.01688048615800135,5691.0,9,1715.1999999999998,1800.0,qlearning,2,701
0.01927525057825752,4785.0,0,1265.2,1269.0,qlearning,2,702
0.018484288354898338,5082.0,3,1325.2,1338.0,qlearning,2,703
0.01893222264293828,4959.0,4,1452.6,1490.0,qlearning,2,704
0.019952114924181964,4659.0,3,1343.4,1358.0,qlearning,2,705
0.017319016279875303,5506.0,3,1472.6,1544.0,qlearning,2,706
0.018953752843062926,4903.0,0,1288.0,1336.0,qlearning,2,707
0.022727272727272728,4898.0,0,1428.0,1456.0,qlearning,2,708
0.01723543605653223,5579.0,7,1641.0,1690.0,qlearning,2,709
0.02464788732394366,5439.9,3,1539.8,1587.0,qlearning,2,710
0.018037518037518036,5216.0,4,1423.8,1442.0,qlearning,2,711
0.016611295681063124,5627.0,0,1446.0,1452.0,qlearning,2,712
0.01824817518248175,5157.0,0,1459.0,1503.0,qlearning,2,713
0.016914749661705007,5689.0,5,1497.6,1498.0,qlearning,2,714
0.017699115044247787,5232.0,0,1491.0,1514.0,qlearning,2,715
0.018789928598271326,4859.0,0,1300.2,1308.0,qlearning,2,716
0.018719580681392737,5049.0,6,1461.6,1494.0,qlearning,2,717
0.019171779141104295,4873.0,3,1312.0,1335.0,qlearning,2,718
0.017488632388947184,5350.0,0,1387.8,1410.0,qlearning,2,719
0.01896813353566009,5019.0,8,1327.2,1377.0,qlearning,2,720
0.01841620626151013,5172.0,7,1428.8,1457.0,qlearning,2,721
0.01864975755315181,5124.0,7,1366.6,1374.0,qlearning,2,722
0.017985611510791366,5252.0,0,1425.6,1454.0,qlearning,2,723
0.019319938176197836,4778.0,0,1206.4,1210.0,qlearning,2,724
0.016485328058028353,5753.0,2,1547.3999999999999,1577.0,qlearning,2,725
0.016523463317911435,5719.0,4,1492.0,1527.0,qlearning,2,726
0.0178826895565093,5224.0,0,1555.0,1560.0,qlearning,2,727
0.018355359765051395,5125.0,0,1380.6,1386.0,qlearning,2,728
0.016260162601626018,5817.0,4,1593.2,1650.0,qlearning,2,729
0.01906941266209001,4816.0,0,1282.2,1316.0,qlearning,2,730
0.018301610541727673,5211.0,3,1283.4,1305.0,qlearning,2,731
0.017295053614666205,5434.0,6,1520.2,1586.0,qlearning,2,732
0.01960015680125441,4779.0,3,1260.4,1270.0,qlearning,2,733
0.0165016501650165,5817.0,6,1641.6,1682.0,qlearning,2,734
0.017188037126160193,5415.0,0,1437.2,1463.0,qlearning,2,735
0.018214936247723135,5147.0,6,1692.0,1779.0,qlearning,2,736
0.01822821728034998,5138.0,1,1365.8,1380.0,qlearning,2,737
0.01830831197363603,5114.0,0,1436.2,1465.0,qlearning,2,738
0.018733608092918696,4980.0,0,1437.1999999999998,1513.0,qlearning,2,739
0.016627868307283005,5741.0,5,1704.3999999999999,1784.0,qlearning,2,740
0.01984126984126984,4652.0,0,1235.2,1262.0,qlearning,2,741
0.017979144192736426,5214.0,4,1452.3999999999999,1486.0,qlearning,2,742
0.01771793054571226,5416.0,6,1542.6,1600.0,qlearning,2,743
0.019342359767891684,4872.0,5,1456.2,1482.0,qlearning,2,744
0.017470300489168415,5281.0,1,1333.8,1336.0,qlearning,2,745
0.018719580681392737,5039.0,0,1371.6,1382.0,qlearning,2,746
0.019004180919802355,4939.0,0,1543.3999999999999,1608.0,qlearning,2,747
0.017283097131005877,5548.0,8,1656.6,1695.0,qlearning,2,748
0.01858045336306206,5084.0,2,1370.4,1391.0,qlearning,2,749
0.0178826895565093,5359.0,8,1427.8,1459.0,qlearning,2,750
0.019179133103183737,4916.0,0,1391.2,1432.0,qlearning,2,751
0.018601190476190476,4988.0,0,1356.8,1373.0,qlearning,2,752
0.018288222384784197,5135.0,0,1441.0,1492.0,qlearning,2,753
0.0178826895565093,5309.0,6,1443.0,1491.0,qlearning,2,754
0.019447685725398678,4899.0,4,1347.3999999999999,1393.0,qlearning,2,755
0.019193857965451054,4962.0,4,1342.2,1391.0,qlearning,2,756
0.0189897455374098,5033.0,8,1292.8,1323.0,qlearning,2,757
0.019062142584826535,4823.0,0,1356.6,1363.0,qlearning,2,758
0.01607717041800643,6027.0,6,1495.8,1504.0,qlearning,2,759
0.01772421127259837,5199.0,0,1482.4,1505.0,qlearning,2,760
0.019477989871445268,4971.0,11,1413.8,1463.0,qlearning,2,761
0.019569471624266144,4707.0,0,1222.6,1228.0,qlearning,2,762
0.02013693113169553,4808.0,7,1229.6,1251.0,qlearning,2,763
0.017241379310344827,5452.2,0,1606.3999999999999,1649.0,qlearning,2,764
0.022432527164388365,5209.4,0,1581.1999999999998,1671.0,qlearning,2,765
0.02039983680130559,4639.2,6,1308.0,1313.0,qlearning,2,766
0.019394879751745538,4808.0,0,1321.8,1330.0,qlearning,2,767
0.01733102253032929,5432.0,4,1494.2,1507.0,qlearning,2,768
0.019230769230769232,5032.0,9,1506.0,1551.0,qlearning,2,769
0.016458196181698487,5708.0,0,1664.6,1683.0,qlearning,2,770
0.017780938833570414,5211.0,0,1492.6,1506.0,qlearning,2,771
0.017421602787456445,5317.0,0,1393.8,1419.0,qlearning,2,772
0.018867924528301886,4997.0,0,1456.1999999999998,1540.0,qlearning,2,773
0.020929259104227712,4510.0,0,1177.6,1193.0,qlearning,2,774
0.01885369532428356,4976.0,0,1386.0,1423.0,qlearning,2,775
0.018109380659181457,5214.0,2,1441.4,1468.0,qlearning,2,776
0.016600265604249667,5656.0,0,1433.4,1434.0,qlearning,2,777
0.017953321364452424,5312.0,4,1396.8,1408.0,qlearning,2,778
0.017295053614666205,5434.0,0,1531.3999999999999,1567.0,qlearning,2,779
0.02119460500963391,4867.5,0,1246.0,1262.0,qlearning,2,780
0.01567398119122257,6137.0,11,1745.8,1760.0,qlearning,2,781
0.020064205457463884,4726.0,3,1403.8,1435.0,qlearning,2,782
0.02043318348998774,4596.0,2,1224.4,1246.0,qlearning,2,783
0.01946282600233554,4815.0,3,1258.4,1280.0,qlearning,2,784
0.016739203213927016,5796.0,4,1630.6,1692.0,qlearning,2,785
0.01774937877174299,5246.0,0,1553.0,1596.0,qlearning,2,786
0.01946282600233554,4865.0,4,1372.8,1447.0,qlearning,2,787
0.01951951951951952,4880.2,0,1229.0,1231.0,qlearning,2,788
0.017397355601948505,5365.0,0,1524.0,1568.0,qlearning,2,789
0.021370670596904937,5085.8,0,1333.8,1339.0,qlearning,2,790
0.018281535648994516,5167.0,0,1348.2,1363.0,qlearning,2,791
0.017361111111111112,5392.0,0,1514.6,1543.0,qlearning,2,792
0.01853911753800519,5036.0,0,1492.0,1588.0,qlearning,2,793
0.016909029421711193,5656.0,7,1469.4,1482.0,qlearning,2,794
0.01867762420620097,4931.0,0,1290.2,1315.0,qlearning,2,795
0.017337031900138695,5495.0,7,1703.6,1820.0,qlearning,2,796
0.016414970453053186,5769.0,0,1643.0,1675.0,qlearning,2,797
0.018018018018018018,5222.0,0,1483.3999999999999,1522.0,qlearning,2,798
0.017674089784376106,5330.0,0,1509.8,1511.0,qlearning,2,799
0.01614465611882467,5886.0,5,1531.6,1534.0,qlearning,2,800
0.01855976243504083,5090.0,3,1418.8,1441.0,qlearning,2,801
0.01902587519025875,4948.0,4,1394.4,1398.0,qlearning,2,802
0.01858736059479554,5017.0,0,1387.2,1427.0,qlearning,2,803
0.016350555918901243,5888.0,2,1634.8,1642.0,qlearning,2,804
0.015964240102171137,6036.0,5,1563.8,1590.0,qlearning,2,805
0.018214936247723135,5152.0,2,1414.6,1455.0,qlearning,2,806
0.016361256544502618,5919.0,10,1549.8,1582.0,qlearning,2,807
0.01817520901490367,5244.0,5,1450.2,1480.0,qlearning,2,808
0.020080321285140562,4702.0,0,1395.3999999999999,1449.0,qlearning,2,809
0.01768033946251768,5383.0,6,1633.8,1662.0,qlearning,2,810
0.0202757502027575,4729.0,5,1322.8,1341.0,qlearning,2,811
0.02086677367576244,4661.2,0,1329.2,1394.0,qlearning,2,812
0.02032520325203252,4542.0,2,1304.4,1330.0,qlearning,2,813
0.017768301350390904,5350.0,3,1628.6,1650.0,qlearning,2,814
0.017979144192736426,5404.0,13,1576.0,1636.0,qlearning,2,815
0.01722356183258698,5408.0,0,1689.0,1782.0,qlearning,2,816
0.02351212343864805,5277.4,7,1419.8,1433.0,qlearning,2,817
0.017117425539198903,5579.0,2,1428.0,1433.0,qlearning,2,818
0.017415534656913968,5359.0,0,1490.2,1508.0,qlearning,2,819
0.019105846388995033,4906.0,0,1627.0,1768.0,qlearning,2,820
0.018096272167933407,5228.0,0,1392.4,1407.0,qlearning,2,821
0.01554726368159204,6169.0,4,1749.6,1801.0,qlearning,2,822
0.018294914013904134,5038.0,0,1383.2,1405.0,qlearning,2,823
0.01781895937277263,5279.0,0,1357.8,1375.0,qlearning,2,824
0.01994415636218588,4701.0,0,1308.3999999999999,1357.0,qlearning,2,825
0.01751927119831815,5375.0,0,1488.3999999999999,1530.0,qlearning,2,826
0.01768033946251768,5248.0,0,1484.8,1557.0,qlearning,2,827
0.017024174327545116,5676.0,4,1410.4,1417.0,qlearning,2,828
0.016015374759769378,5961.0,4,1570.0,1597.0,qlearning,2,829
0.017787264318747775,5314.0,3,1423.4,1432.0,qlearning,2,830
0.015422578655151141,6261.0,5,1810.6,1895.0,qlearning,2,831
0.018037518037518036,5301.0,5,1467.4,1473.0,qlearning,2,832
0.018525379770285292,5225.0,10,1449.6,1487.0,qlearning,2,833
0.017587055926837847,5293.0,0,1435.8,1441.0,qlearning,2,834
0.017164435290078956,5513.0,4,1518.3999999999999,1586.0,qlearning,2,835
0.017482517482517484,5427.0,7,1358.4,1366.0,qlearning,2,836
0.019305019305019305,4832.0,1,1314.0,1346.0,qlearning,2,837
0.01883308714918759,5018.1,0,1355.6,1370.0,qlearning,2,838
0.01877581674802854,5113.0,9,1450.2,1474.0,qlearning,2,839
0.018201674554058973,5111.0,0,1382.0,1410.0,qlearning,2,840
0.01868460388639761,4974.0,0,1362.4,1377.0,qlearning,2,841
0.017768301350390904,5300.0,6,1509.6,1557.0,qlearning,2,842
0.02044153720359771,4624.0,6,1273.8,1297.0,qlearning,2,843
0.01790830945558739,5251.0,4,1510.6,1530.0,qlearning,2,844
0.018201674554058973,5256.0,4,1430.0,1445.0,qlearning,2,845
0.016025641025641024,5997.0,4,1583.6,1603.0,qlearning,2,846
0.01914241960183767,4806.0,0,1245.4,1251.0,qlearning,2,847
0.016260162601626018,5812.0,0,1456.0,1464.0,qlearning,2,848
0.018214936247723135,5177.0,2,1534.2,1583.0,qlearning,2,849
0.01668335001668335,5716.0,0,1485.6,1495.0,qlearning,2,850
0.020458265139116204,4605.0,7,1261.8,1286.0,qlearning,2,851
0.016561775422325273,5755.0,7,1751.2,1754.0,qlearning,2,852
0.02364066193853428,4699.0,0,1374.8,1439.0,qlearning,2,853
0.01838235294117647,5302.0,8,1438.2,1458.0,qlearning,2,854
0.017047391749062394,5543.0,0,1473.6,1484.0,qlearning,2,855
0.03479576399394856,4864.2,0,1413.8,1492.0,qlearning,2,856
0.01965435445611657,5569.8,2,1474.56,1517.0,qlearning,2,857
0.017611835153222965,5480.0,4,1455.8,1496.0,qlearning,2,858
0.017064846416382253,5472.0,1,1463.4,1476.0,qlearning,2,859
0.017458100558659217,5270.0,0,1438.6,1482.0,qlearning,2,860
0.019098548510313215,4868.0,0,1286.6,1294.0,qlearning,2,861
0.01858045336306206,5124.0,6,1386.8,1393.0,qlearning,2,862
0.017277125086385625,5430.0,0,1345.2,1364.0,qlearning,2,863
0.014753614635585718,6485.0,6,1817.0,1840.0,qlearning,2,864
0.021604938271604937,4846.6,0,1243.8,1248.0,qlearning,2,865
0.01886080724254998,4944.0,0,1296.6,1334.0,qlearning,2,866
0.01855287569573284,5037.0,0,1361.4,1371.0,qlearning,2,867
0.019654088050314465,4855.0,6,1287.0,1304.0,qlearning,2,868
0.01675041876046901,5842.0,8,1715.8,1797.0,qlearning,2,869
0.01832172957127153,5200.0,4,1419.8,1432.0,qlearning,2,870
0.018168604651162792,5301.0,11,1600.1999999999998,1683.0,qlearning,2,871
0.018839487565938208,4845.0,0,1355.8,1410.0,qlearning,2,872
0.018135654697134566,5171.0,0,1454.8,1466.0,qlearning,2,873
0.017307026652821047,5480.0,4,1357.6,1372.0,qlearning,2,874
0.01656726308813784,5758.0,3,1579.2,1596.0,qlearning,2,875
0.018733608092918696,5050.0,2,1298.0,1318.0,qlearning,2,876
0.0167897918065816,5708.0,6,1517.0,1541.0,qlearning,2,877
0.017470300489168415,5411.0,0,1536.6,1568.0,qlearning,2,878
0.01953125,4762.0,2,1284.6,1317.0,qlearning,2,879
0.016329196603527107,5746.0,0,1531.2,1540.0,qlearning,2,880
0.01849112426035503,5300.0,14,1453.2,1478.0,qlearning,2,881
0.017568517217146872,5399.0,4,1671.3999999999999,1752.0,qlearning,2,882
0.01804402742692169,5294.0,3,1407.6,1413.0,qlearning,2,883
0.017593244194229415,5501.0,11,1438.0,1440.0,qlearning,2,884
0.017568517217146872,5249.0,0,1512.6,1538.0,qlearning,2,885
0.017793594306049824,5222.0,0,1419.8,1448.0,qlearning,2,886
0.018811136192626036,5163.0,9,1387.0,1446.0,qlearning,2,887
0.01790830945558739,5326.0,0,1565.3999999999999,1638.0,qlearning,2,888
0.01734304543877905,5508.0,6,1472.6,1524.0,qlearning,2,889
0.016452780519907863,5780.0,5,1633.6,1686.0,qlearning,2,890
0.019809825673534072,4700.0,0,1273.6,1302.0,qlearning,2,891
0.018070112034694615,5236.0,2,1679.0,1783.0,qlearning,2,892
0.018635855385762207,5078.0,3,1325.4,1346.0,qlearning,2,893
0.026146419951729685,4790.5,11,1454.3999999999999,1507.0,qlearning,2,894
0.0164257555847569,5830.0,3,1795.3999999999999,1926.0,qlearning,2,895
0.016943409013893594,5569.0,3,1374.0,1385.0,qlearning,2,896
0.01753155680224404,5341.0,0,1442.0,1462.0,qlearning,2,897
0.019936204146730464,4768.0,5,1322.0,1356.0,qlearning,2,898
0.017642907551164433,5475.0,9,1498.6,1542.0,qlearning,2,899
0.018162005085361425,5298.0,6,1569.8,1614.0,qlearning,2,900
0.017289073305670817,5436.0,0,1583.6,1627.0,qlearning,2,901
0.017985611510791366,5372.0,5,1425.4,1429.0,qlearning,2,902
0.017295053614666205,5459.0,3,1564.0,1596.0,qlearning,2,903
0.016778523489932886,5562.0,0,1602.0,1645.0,qlearning,2,904
0.01845018450184502,5112.0,3,1298.2,1305.0,qlearning,2,905
0.018443378827001106,5129.0,7,1544.2,1588.0,qlearning,2,906
0.017998560115190784,5293.0,7,1511.8,1555.0,qlearning,2,907
0.01707650273224044,5503.0,3,1453.6,1470.0,qlearning,2,908
0.02059773828756058,4579.1,0,1269.4,1292.0,qlearning,2,909
0.017761989342806393,5292.0,0,1385.6,1388.0,qlearning,2,910
0.018083182640144666,5272.0,6,1490.0,1546.0,qlearning,2,911
0.01914241960183767,4901.0,0,1346.4,1370.0,qlearning,2,912
0.021312872975277068,4374.0,0,1282.8,1304.0,qlearning,2,913
0.017391304347826087,5437.0,2,1462.6,1473.0,qlearning,2,914
0.020673813169984685,4931.4,3,1306.08,1309.0,qlearning,2,915
0.02010454362685967,4646.0,0,1313.0,1346.0,qlearning,2,916
0.024677296886864084,4972.1,5,1452.8,1485.0,qlearning,2,917
0.019638648860958365,4754.0,5,1202.2,1209.0,qlearning,2,918
0.01783166904422254,5260.0,0,1494.3999999999999,1528.0,qlearning,2,919
0.020032051282051284,4659.0,0,1348.1999999999998,1434.0,qlearning,2,920
0.018537243006403775,5691.5,4,1570.8,1624.0,qlearning,2,921
0.01667778519012675,5623.0,0,1522.3999999999999,1576.0,qlearning,2,922
0.019098548510313215,4998.0,4,1445.2,1469.0,qlearning,2,923
0.01849112426035503,5115.0,2,1363.8,1371.0,qlearning,2,924
0.016744809109176157,5764.0,13,1476.2,1486.0,qlearning,2,925
0.017439832577607256,5341.0,1,1350.0,1372.0,qlearning,2,926
0.017793594306049824,5297.0,4,1483.6,1546.0,qlearning,2,927
0.017982017982017984,5588.4,0,1581.2,1643.0,qlearning,2,928
0.017889087656529516,5247.0,0,1408.3999999999999,1464.0,qlearning,2,929
0.01866368047779022,5195.0,13,1500.6,1503.0,qlearning,2,930
0.017319016279875303,5556.0,10,1583.0,1642.0,qlearning,2,931
0.01699524133242692,5571.0,4,1584.8,1630.0,qlearning,2,932
0.019849146486701073,4650.0,0,1249.8,1300.0,qlearning,2,933
0.017035775127768313,5752.0,15,1490.8,1492.0,qlearning,2,934
0.017768301350390904,5325.0,4,1517.2,1536.0,qlearning,2,935
0.017934002869440458,5228.0,0,1493.4,1506.0,qlearning,2,936
0.02008336491095112,5000.3,6,1399.4,1415.0,qlearning,2,937
0.016,5887.0,0,1743.6,1836.0,qlearning,2,938
0.019305019305019305,5057.0,14,1421.8,1439.0,qlearning,2,939
0.017135023989033583,5598.0,8,1584.0,1656.0,qlearning,2,940
0.015969338869370808,5929.0,3,1504.0,1545.0,qlearning,2,941
0.017421602787456445,5592.0,17,1529.6,1556.0,qlearning,2,942
0.017152658662092625,5532.0,4,1628.3999999999999,1732.0,qlearning,2,943
0.016020506247997435,5994.0,5,1594.2,1630.0,qlearning,2,944
0.01721170395869191,5447.0,0,1593.8,1650.0,qlearning,2,945
0.01763046544428773,5419.0,3,1358.2,1359.0,qlearning,2,946
0.01746419839329375,5463.0,7,1570.2,1625.0,qlearning,2,947
0.017661603673613566,5279.0,0,1535.0,1582.0,qlearning,2,948
0.01876876876876877,5040.0,0,1333.8,1350.0,qlearning,2,949
0.01855976243504083,5120.0,0,1314.2,1326.0,qlearning,2,950
0.034375,4750.8,0,1325.6,1332.0,qlearning,2,951
0.01750700280112045,5534.0,11,1496.0,1512.0,qlearning,2,952
0.018294914013904134,5008.0,0,1373.2,1387.0,qlearning,2,953
0.017482517482517484,5472.0,6,1518.2,1537.0,qlearning,2,954
0.016666666666666666,5627.0,0,1471.4,1493.0,qlearning,2,955
0.01598976654940838,5966.0,3,1492.6,1502.0,qlearning,2,956
0.01774937877174299,5351.0,3,1395.6,1402.0,qlearning,2,957
0.018148820326678767,5257.0,7,1519.3999999999999,1577.0,qlearning,2,958
0.018832391713747645,5067.0,3,1441.3999999999999,1479.0,qlearning,2,959
0.015827793605571384,6050.0,4,1680.2,1710.0,qlearning,2,960
0.016239038648911984,5910.0,7,1638.3999999999999,1683.0,qlearning,2,961
0.02025111381125962,4560.0,0,1387.8,1438.0,qlearning,2,962
0.016490765171503958,5786.0,5,1615.0,1646.0,qlearning,2,963
0.01701837985023826,5548.0,3,1490.8,1504.0,qlearning,2,964
0.015659254619480114,6083.0,3,1781.2,1793.0,qlearning,2,965
0.019327406262079627,4881.0,4,1331.6,1366.0,qlearning,2,966
0.017452006980802792,5402.0,0,1374.0,1385.0,qlearning,2,967
0.018608113137327874,5021.0,3,1237.8,1240.0,qlearning,2,968
0.018601190476190476,5133.0,8,1321.4,1341.0,qlearning,2,969
0.015503875968992248,6162.0,2,1805.3999999999999,1842.0,qlearning,2,970
0.01755001755001755,5365.0,0,1361.6,1371.0,qlearning,2,971
0.027697395618023975,4431.7,0,1233.6,1263.0,qlearning,2,972
0.017170329670329672,5481.0,2,1374.4,1402.0,qlearning,2,973
0.01548467017652524,6210.0,3,1736.0,1794.0,qlearning,2,974
0.01680672268907563,5637.0,3,1393.6,1395.0,qlearning,2,975
0.017140898183064794,5686.0,12,1597.8,1605.0,qlearning,2,976
0.019312475859405175,4825.0,0,1342.2,1391.0,qlearning,2,977
0.01855976243504083,5215.0,7,1527.8,1572.0,qlearning,2,978
0.01740341106856944,5408.0,0,1558.3999999999999,1631.0,qlearning,2,979
0.017686593562079942,5397.2,3,1461.8,1485.0,qlearning,2,980
0.01876876876876877,5175.0,9,1631.2,1659.0,qlearning,2,981
0.017295053614666205,5509.0,8,1440.2,1453.0,qlearning,2,982
0.016874789065136685,5543.0,0,1485.6,1491.0,qlearning,2,983
0.01846381093057607,5058.0,0,1425.4,1427.0,qlearning,2,984
0.020762423417290673,5499.1,2,1500.6,1509.0,qlearning,2,985
0.01817520901490367,5259.0,4,1447.6,1510.0,qlearning,2,986
0.01763668430335097,5272.0,0,1457.6,1480.0,qlearning,2,987
0.017439832577607256,5311.0,0,1435.6,1440.0,qlearning,2,988
0.019157088122605363,4992.0,8,1347.3999999999999,1387.0,qlearning,2,989
0.017146776406035666,5489.0,2,1466.2,1478.0,qlearning,2,990
0.02636464909023394,5020.1,3,1302.8,1305.0,qlearning,2,991
0.02237136465324385,4112.0,0,1149.6,1172.0,qlearning,2,992
0.017562346329469618,5366.0,1,1454.0,1470.0,qlearning,2,993
0.01731301939058172,5538.0,7,1631.3999999999999,1686.0,qlearning,2,994
0.016139444803098774,6083.0,10,1706.2,1739.0,qlearning,2,995
0.019638648860958365,4729.0,0,1340.8,1396.0,qlearning,2,996
0.0199203187250996,4822.0,13,1298.4,1301.0,qlearning,2,997
0.025560361777428233,4724.5,2,1240.0,1263.0,qlearning,2,998
0.018635855385762207,5173.0,6,1391.0,1425.0,qlearning,2,999
